branch,trials,duration_seconds,trials_per_hour,gap_count,max_gap_seconds,improvement_pct_total
autocuda/optimize/2026-06-15-05-53-17-qr_v2/worker-0-brief-0,0,0,0.00,0,0,+0.00
autocuda/optimize/2026-06-15-05-53-17-qr_v2/worker-0-brief-1,0,0,0.00,0,0,+0.00
autocuda/optimize/2026-06-15-05-53-17-qr_v2/worker-0-brief-10,0,0,0.00,0,0,+0.00
autocuda/optimize/2026-06-15-05-53-17-qr_v2/worker-0-brief-11,0,0,0.00,0,0,+0.00
autocuda/optimize/2026-06-15-05-53-17-qr_v2/worker-0-brief-12,0,0,0.00,0,0,+0.00
autocuda/optimize/2026-06-15-05-53-17-qr_v2/worker-0-brief-13,0,0,0.00,0,0,+0.00
autocuda/optimize/2026-06-15-05-53-17-qr_v2/worker-0-brief-14,0,0,0.00,0,0,+0.00
autocuda/optimize/2026-06-15-05-53-17-qr_v2/worker-0-brief-15,0,0,0.00,0,0,+0.00
autocuda/optimize/2026-06-15-05-53-17-qr_v2/worker-0-brief-16,0,0,0.00,0,0,+0.00
autocuda/optimize/2026-06-15-05-53-17-qr_v2/worker-0-brief-17,0,0,0.00,0,0,+0.00
autocuda/optimize/2026-06-15-05-53-17-qr_v2/worker-0-brief-18,0,0,0.00,0,0,+0.00
autocuda/optimize/2026-06-15-05-53-17-qr_v2/worker-0-brief-19,0,0,0.00,0,0,+0.00
autocuda/optimize/2026-06-15-05-53-17-qr_v2/worker-0-brief-2,0,0,0.00,0,0,+0.00
autocuda/optimize/2026-06-15-05-53-17-qr_v2/worker-0-brief-20,0,0,0.00,0,0,+0.00
autocuda/optimize/2026-06-15-05-53-17-qr_v2/worker-0-brief-21,0,0,0.00,0,0,+0.00
autocuda/optimize/2026-06-15-05-53-17-qr_v2/worker-0-brief-22,0,0,0.00,0,0,+0.00
autocuda/optimize/2026-06-15-05-53-17-qr_v2/worker-0-brief-23,0,0,0.00,0,0,+0.00
autocuda/optimize/2026-06-15-05-53-17-qr_v2/worker-0-brief-24,0,0,0.00,0,0,+0.00
autocuda/optimize/2026-06-15-05-53-17-qr_v2/worker-0-brief-25,0,0,0.00,0,0,+0.00
autocuda/optimize/2026-06-15-05-53-17-qr_v2/worker-0-brief-26,0,0,0.00,0,0,+0.00
autocuda/optimize/2026-06-15-05-53-17-qr_v2/worker-0-brief-27,0,0,0.00,0,0,+0.00
autocuda/optimize/2026-06-15-05-53-17-qr_v2/worker-0-brief-28,0,0,0.00,0,0,+0.00
autocuda/optimize/2026-06-15-05-53-17-qr_v2/worker-0-brief-29,0,0,0.00,0,0,+0.00
autocuda/optimize/2026-06-15-05-53-17-qr_v2/worker-0-brief-3,0,0,0.00,0,0,+0.00
autocuda/optimize/2026-06-15-05-53-17-qr_v2/worker-0-brief-30,0,0,0.00,0,0,+0.00
autocuda/optimize/2026-06-15-05-53-17-qr_v2/worker-0-brief-31,0,0,0.00,0,0,+0.00
autocuda/optimize/2026-06-15-05-53-17-qr_v2/worker-0-brief-32,0,0,0.00,0,0,+0.00
autocuda/optimize/2026-06-15-05-53-17-qr_v2/worker-0-brief-33,0,0,0.00,0,0,+0.00
autocuda/optimize/2026-06-15-05-53-17-qr_v2/worker-0-brief-34,0,0,0.00,0,0,+0.00
autocuda/optimize/2026-06-15-05-53-17-qr_v2/worker-0-brief-35,0,0,0.00,0,0,+0.00
autocuda/optimize/2026-06-15-05-53-17-qr_v2/worker-0-brief-36,0,0,0.00,0,0,+0.00
autocuda/optimize/2026-06-15-05-53-17-qr_v2/worker-0-brief-37,0,0,0.00,0,0,+0.00
autocuda/optimize/2026-06-15-05-53-17-qr_v2/worker-0-brief-38,0,0,0.00,0,0,+0.00
autocuda/optimize/2026-06-15-05-53-17-qr_v2/worker-0-brief-39,0,0,0.00,0,0,+0.00
autocuda/optimize/2026-06-15-05-53-17-qr_v2/worker-0-brief-4,0,0,0.00,0,0,+0.00
autocuda/optimize/2026-06-15-05-53-17-qr_v2/worker-0-brief-40,0,0,0.00,0,0,+0.00
autocuda/optimize/2026-06-15-05-53-17-qr_v2/worker-0-brief-41,0,0,0.00,0,0,+0.00
autocuda/optimize/2026-06-15-05-53-17-qr_v2/worker-0-brief-42,0,0,0.00,0,0,+0.00
autocuda/optimize/2026-06-15-05-53-17-qr_v2/worker-0-brief-43,0,0,0.00,0,0,+0.00
autocuda/optimize/2026-06-15-05-53-17-qr_v2/worker-0-brief-44,0,0,0.00,0,0,+0.00
autocuda/optimize/2026-06-15-05-53-17-qr_v2/worker-0-brief-45,0,0,0.00,0,0,+0.00
autocuda/optimize/2026-06-15-05-53-17-qr_v2/worker-0-brief-46,0,0,0.00,0,0,+0.00
autocuda/optimize/2026-06-15-05-53-17-qr_v2/worker-0-brief-47,0,0,0.00,0,0,+0.00
autocuda/optimize/2026-06-15-05-53-17-qr_v2/worker-0-brief-48,0,0,0.00,0,0,+0.00
autocuda/optimize/2026-06-15-05-53-17-qr_v2/worker-0-brief-49,0,0,0.00,0,0,+0.00
autocuda/optimize/2026-06-15-05-53-17-qr_v2/worker-0-brief-5,0,0,0.00,0,0,+0.00
autocuda/optimize/2026-06-15-05-53-17-qr_v2/worker-0-brief-50,0,0,0.00,0,0,+0.00
autocuda/optimize/2026-06-15-05-53-17-qr_v2/worker-0-brief-51,0,0,0.00,0,0,+0.00
autocuda/optimize/2026-06-15-05-53-17-qr_v2/worker-0-brief-52,0,0,0.00,0,0,+0.00
autocuda/optimize/2026-06-15-05-53-17-qr_v2/worker-0-brief-53,0,0,0.00,0,0,+0.00
autocuda/optimize/2026-06-15-05-53-17-qr_v2/worker-0-brief-54,0,0,0.00,0,0,+0.00
autocuda/optimize/2026-06-15-05-53-17-qr_v2/worker-0-brief-55,0,0,0.00,0,0,+0.00
autocuda/optimize/2026-06-15-05-53-17-qr_v2/worker-0-brief-56,0,0,0.00,0,0,+0.00
autocuda/optimize/2026-06-15-05-53-17-qr_v2/worker-0-brief-57,0,0,0.00,0,0,+0.00
autocuda/optimize/2026-06-15-05-53-17-qr_v2/worker-0-brief-58,0,0,0.00,0,0,+0.00
autocuda/optimize/2026-06-15-05-53-17-qr_v2/worker-0-brief-59,0,0,0.00,0,0,+0.00
autocuda/optimize/2026-06-15-05-53-17-qr_v2/worker-0-brief-6,0,0,0.00,0,0,+0.00
autocuda/optimize/2026-06-15-05-53-17-qr_v2/worker-0-brief-60,0,0,0.00,0,0,+0.00
autocuda/optimize/2026-06-15-05-53-17-qr_v2/worker-0-brief-61,0,0,0.00,0,0,+0.00
autocuda/optimize/2026-06-15-05-53-17-qr_v2/worker-0-brief-62,0,0,0.00,0,0,+0.00
autocuda/optimize/2026-06-15-05-53-17-qr_v2/worker-0-brief-63,0,0,0.00,0,0,+0.00
autocuda/optimize/2026-06-15-05-53-17-qr_v2/worker-0-brief-64,0,0,0.00,0,0,+0.00
autocuda/optimize/2026-06-15-05-53-17-qr_v2/worker-0-brief-65,0,0,0.00,0,0,+0.00
autocuda/optimize/2026-06-15-05-53-17-qr_v2/worker-0-brief-66,0,0,0.00,0,0,+0.00
autocuda/optimize/2026-06-15-05-53-17-qr_v2/worker-0-brief-67,0,0,0.00,0,0,+0.00
autocuda/optimize/2026-06-15-05-53-17-qr_v2/worker-0-brief-68,0,0,0.00,0,0,+0.00
autocuda/optimize/2026-06-15-05-53-17-qr_v2/worker-0-brief-69,0,0,0.00,0,0,+0.00
autocuda/optimize/2026-06-15-05-53-17-qr_v2/worker-0-brief-7,0,0,0.00,0,0,+0.00
autocuda/optimize/2026-06-15-05-53-17-qr_v2/worker-0-brief-70,0,0,0.00,0,0,+0.00
autocuda/optimize/2026-06-15-05-53-17-qr_v2/worker-0-brief-71,0,0,0.00,0,0,+0.00
autocuda/optimize/2026-06-15-05-53-17-qr_v2/worker-0-brief-8,0,0,0.00,0,0,+0.00
autocuda/optimize/2026-06-15-05-53-17-qr_v2/worker-0-brief-9,0,0,0.00,0,0,+0.00
autocuda/optimize/2026-06-15-05-53-17-qr_v2/worker-1-brief-0,0,0,0.00,0,0,+0.00
autocuda/optimize/2026-06-15-05-53-17-qr_v2/worker-1-brief-1,0,0,0.00,0,0,+0.00
autocuda/optimize/2026-06-15-05-53-17-qr_v2/worker-1-brief-10,0,0,0.00,0,0,+0.00
autocuda/optimize/2026-06-15-05-53-17-qr_v2/worker-1-brief-11,0,0,0.00,0,0,+0.00
autocuda/optimize/2026-06-15-05-53-17-qr_v2/worker-1-brief-12,0,0,0.00,0,0,+0.00
autocuda/optimize/2026-06-15-05-53-17-qr_v2/worker-1-brief-13,0,0,0.00,0,0,+0.00
autocuda/optimize/2026-06-15-05-53-17-qr_v2/worker-1-brief-14,0,0,0.00,0,0,+0.00
autocuda/optimize/2026-06-15-05-53-17-qr_v2/worker-1-brief-15,0,0,0.00,0,0,+0.00
autocuda/optimize/2026-06-15-05-53-17-qr_v2/worker-1-brief-16,0,0,0.00,0,0,+0.00
autocuda/optimize/2026-06-15-05-53-17-qr_v2/worker-1-brief-17,0,0,0.00,0,0,+0.00
autocuda/optimize/2026-06-15-05-53-17-qr_v2/worker-1-brief-18,0,0,0.00,0,0,+0.00
autocuda/optimize/2026-06-15-05-53-17-qr_v2/worker-1-brief-19,0,0,0.00,0,0,+0.00
autocuda/optimize/2026-06-15-05-53-17-qr_v2/worker-1-brief-2,0,0,0.00,0,0,+0.00
autocuda/optimize/2026-06-15-05-53-17-qr_v2/worker-1-brief-20,0,0,0.00,0,0,+0.00
autocuda/optimize/2026-06-15-05-53-17-qr_v2/worker-1-brief-21,0,0,0.00,0,0,+0.00
autocuda/optimize/2026-06-15-05-53-17-qr_v2/worker-1-brief-22,0,0,0.00,0,0,+0.00
autocuda/optimize/2026-06-15-05-53-17-qr_v2/worker-1-brief-23,0,0,0.00,0,0,+0.00
autocuda/optimize/2026-06-15-05-53-17-qr_v2/worker-1-brief-24,0,0,0.00,0,0,+0.00
autocuda/optimize/2026-06-15-05-53-17-qr_v2/worker-1-brief-25,0,0,0.00,0,0,+0.00
autocuda/optimize/2026-06-15-05-53-17-qr_v2/worker-1-brief-26,0,0,0.00,0,0,+0.00
autocuda/optimize/2026-06-15-05-53-17-qr_v2/worker-1-brief-27,0,0,0.00,0,0,+0.00
autocuda/optimize/2026-06-15-05-53-17-qr_v2/worker-1-brief-28,0,0,0.00,0,0,+0.00
autocuda/optimize/2026-06-15-05-53-17-qr_v2/worker-1-brief-29,0,0,0.00,0,0,+0.00
autocuda/optimize/2026-06-15-05-53-17-qr_v2/worker-1-brief-3,0,0,0.00,0,0,+0.00
autocuda/optimize/2026-06-15-05-53-17-qr_v2/worker-1-brief-30,0,0,0.00,0,0,+0.00
autocuda/optimize/2026-06-15-05-53-17-qr_v2/worker-1-brief-31,0,0,0.00,0,0,+0.00
autocuda/optimize/2026-06-15-05-53-17-qr_v2/worker-1-brief-32,0,0,0.00,0,0,+0.00
autocuda/optimize/2026-06-15-05-53-17-qr_v2/worker-1-brief-33,0,0,0.00,0,0,+0.00
autocuda/optimize/2026-06-15-05-53-17-qr_v2/worker-1-brief-34,0,0,0.00,0,0,+0.00
autocuda/optimize/2026-06-15-05-53-17-qr_v2/worker-1-brief-35,0,0,0.00,0,0,+0.00
autocuda/optimize/2026-06-15-05-53-17-qr_v2/worker-1-brief-36,0,0,0.00,0,0,+0.00
autocuda/optimize/2026-06-15-05-53-17-qr_v2/worker-1-brief-37,0,0,0.00,0,0,+0.00
autocuda/optimize/2026-06-15-05-53-17-qr_v2/worker-1-brief-38,0,0,0.00,0,0,+0.00
autocuda/optimize/2026-06-15-05-53-17-qr_v2/worker-1-brief-39,0,0,0.00,0,0,+0.00
autocuda/optimize/2026-06-15-05-53-17-qr_v2/worker-1-brief-4,0,0,0.00,0,0,+0.00
autocuda/optimize/2026-06-15-05-53-17-qr_v2/worker-1-brief-40,0,0,0.00,0,0,+0.00
autocuda/optimize/2026-06-15-05-53-17-qr_v2/worker-1-brief-41,0,0,0.00,0,0,+0.00
autocuda/optimize/2026-06-15-05-53-17-qr_v2/worker-1-brief-42,0,0,0.00,0,0,+0.00
autocuda/optimize/2026-06-15-05-53-17-qr_v2/worker-1-brief-43,0,0,0.00,0,0,+0.00
autocuda/optimize/2026-06-15-05-53-17-qr_v2/worker-1-brief-44,0,0,0.00,0,0,+0.00
autocuda/optimize/2026-06-15-05-53-17-qr_v2/worker-1-brief-45,0,0,0.00,0,0,+0.00
autocuda/optimize/2026-06-15-05-53-17-qr_v2/worker-1-brief-46,0,0,0.00,0,0,+0.00
autocuda/optimize/2026-06-15-05-53-17-qr_v2/worker-1-brief-47,0,0,0.00,0,0,+0.00
autocuda/optimize/2026-06-15-05-53-17-qr_v2/worker-1-brief-48,0,0,0.00,0,0,+0.00
autocuda/optimize/2026-06-15-05-53-17-qr_v2/worker-1-brief-49,0,0,0.00,0,0,+0.00
autocuda/optimize/2026-06-15-05-53-17-qr_v2/worker-1-brief-5,0,0,0.00,0,0,+0.00
autocuda/optimize/2026-06-15-05-53-17-qr_v2/worker-1-brief-50,0,0,0.00,0,0,+0.00
autocuda/optimize/2026-06-15-05-53-17-qr_v2/worker-1-brief-51,0,0,0.00,0,0,+0.00
autocuda/optimize/2026-06-15-05-53-17-qr_v2/worker-1-brief-52,0,0,0.00,0,0,+0.00
autocuda/optimize/2026-06-15-05-53-17-qr_v2/worker-1-brief-53,0,0,0.00,0,0,+0.00
autocuda/optimize/2026-06-15-05-53-17-qr_v2/worker-1-brief-54,0,0,0.00,0,0,+0.00
autocuda/optimize/2026-06-15-05-53-17-qr_v2/worker-1-brief-55,0,0,0.00,0,0,+0.00
autocuda/optimize/2026-06-15-05-53-17-qr_v2/worker-1-brief-56,0,0,0.00,0,0,+0.00
autocuda/optimize/2026-06-15-05-53-17-qr_v2/worker-1-brief-57,0,0,0.00,0,0,+0.00
autocuda/optimize/2026-06-15-05-53-17-qr_v2/worker-1-brief-58,0,0,0.00,0,0,+0.00
autocuda/optimize/2026-06-15-05-53-17-qr_v2/worker-1-brief-59,0,0,0.00,0,0,+0.00
autocuda/optimize/2026-06-15-05-53-17-qr_v2/worker-1-brief-6,0,0,0.00,0,0,+0.00
autocuda/optimize/2026-06-15-05-53-17-qr_v2/worker-1-brief-60,0,0,0.00,0,0,+0.00
autocuda/optimize/2026-06-15-05-53-17-qr_v2/worker-1-brief-61,0,0,0.00,0,0,+0.00
autocuda/optimize/2026-06-15-05-53-17-qr_v2/worker-1-brief-62,0,0,0.00,0,0,+0.00
autocuda/optimize/2026-06-15-05-53-17-qr_v2/worker-1-brief-63,0,0,0.00,0,0,+0.00
autocuda/optimize/2026-06-15-05-53-17-qr_v2/worker-1-brief-64,0,0,0.00,0,0,+0.00
autocuda/optimize/2026-06-15-05-53-17-qr_v2/worker-1-brief-65,0,0,0.00,0,0,+0.00
autocuda/optimize/2026-06-15-05-53-17-qr_v2/worker-1-brief-66,0,0,0.00,0,0,+0.00
autocuda/optimize/2026-06-15-05-53-17-qr_v2/worker-1-brief-67,0,0,0.00,0,0,+0.00
autocuda/optimize/2026-06-15-05-53-17-qr_v2/worker-1-brief-68,0,0,0.00,0,0,+0.00
autocuda/optimize/2026-06-15-05-53-17-qr_v2/worker-1-brief-69,0,0,0.00,0,0,+0.00
autocuda/optimize/2026-06-15-05-53-17-qr_v2/worker-1-brief-7,0,0,0.00,0,0,+0.00
autocuda/optimize/2026-06-15-05-53-17-qr_v2/worker-1-brief-70,0,0,0.00,0,0,+0.00
autocuda/optimize/2026-06-15-05-53-17-qr_v2/worker-1-brief-71,0,0,0.00,0,0,+0.00
autocuda/optimize/2026-06-15-05-53-17-qr_v2/worker-1-brief-72,0,0,0.00,0,0,+0.00
autocuda/optimize/2026-06-15-05-53-17-qr_v2/worker-1-brief-73,0,0,0.00,0,0,+0.00
autocuda/optimize/2026-06-15-05-53-17-qr_v2/worker-1-brief-74,0,0,0.00,0,0,+0.00
autocuda/optimize/2026-06-15-05-53-17-qr_v2/worker-1-brief-8,0,0,0.00,0,0,+0.00
autocuda/optimize/2026-06-15-05-53-17-qr_v2/worker-1-brief-9,0,0,0.00,0,0,+0.00
autocuda/optimize/2026-06-15-05-53-17-qr_v2/worker-2-brief-0,0,0,0.00,0,0,+0.00
autocuda/optimize/2026-06-15-05-53-17-qr_v2/worker-2-brief-1,0,0,0.00,0,0,+0.00
autocuda/optimize/2026-06-15-05-53-17-qr_v2/worker-2-brief-10,0,0,0.00,0,0,+0.00
autocuda/optimize/2026-06-15-05-53-17-qr_v2/worker-2-brief-11,0,0,0.00,0,0,+0.00
autocuda/optimize/2026-06-15-05-53-17-qr_v2/worker-2-brief-12,0,0,0.00,0,0,+0.00
autocuda/optimize/2026-06-15-05-53-17-qr_v2/worker-2-brief-13,0,0,0.00,0,0,+0.00
autocuda/optimize/2026-06-15-05-53-17-qr_v2/worker-2-brief-14,0,0,0.00,0,0,+0.00
autocuda/optimize/2026-06-15-05-53-17-qr_v2/worker-2-brief-15,0,0,0.00,0,0,+0.00
autocuda/optimize/2026-06-15-05-53-17-qr_v2/worker-2-brief-16,0,0,0.00,0,0,+0.00
autocuda/optimize/2026-06-15-05-53-17-qr_v2/worker-2-brief-17,0,0,0.00,0,0,+0.00
autocuda/optimize/2026-06-15-05-53-17-qr_v2/worker-2-brief-18,0,0,0.00,0,0,+0.00
autocuda/optimize/2026-06-15-05-53-17-qr_v2/worker-2-brief-19,0,0,0.00,0,0,+0.00
autocuda/optimize/2026-06-15-05-53-17-qr_v2/worker-2-brief-2,0,0,0.00,0,0,+0.00
autocuda/optimize/2026-06-15-05-53-17-qr_v2/worker-2-brief-20,0,0,0.00,0,0,+0.00
autocuda/optimize/2026-06-15-05-53-17-qr_v2/worker-2-brief-21,0,0,0.00,0,0,+0.00
autocuda/optimize/2026-06-15-05-53-17-qr_v2/worker-2-brief-22,0,0,0.00,0,0,+0.00
autocuda/optimize/2026-06-15-05-53-17-qr_v2/worker-2-brief-23,0,0,0.00,0,0,+0.00
autocuda/optimize/2026-06-15-05-53-17-qr_v2/worker-2-brief-24,0,0,0.00,0,0,+0.00
autocuda/optimize/2026-06-15-05-53-17-qr_v2/worker-2-brief-25,0,0,0.00,0,0,+0.00
autocuda/optimize/2026-06-15-05-53-17-qr_v2/worker-2-brief-26,0,0,0.00,0,0,+0.00
autocuda/optimize/2026-06-15-05-53-17-qr_v2/worker-2-brief-27,0,0,0.00,0,0,+0.00
autocuda/optimize/2026-06-15-05-53-17-qr_v2/worker-2-brief-28,0,0,0.00,0,0,+0.00
autocuda/optimize/2026-06-15-05-53-17-qr_v2/worker-2-brief-29,0,0,0.00,0,0,+0.00
autocuda/optimize/2026-06-15-05-53-17-qr_v2/worker-2-brief-3,0,0,0.00,0,0,+0.00
autocuda/optimize/2026-06-15-05-53-17-qr_v2/worker-2-brief-30,0,0,0.00,0,0,+0.00
autocuda/optimize/2026-06-15-05-53-17-qr_v2/worker-2-brief-31,0,0,0.00,0,0,+0.00
autocuda/optimize/2026-06-15-05-53-17-qr_v2/worker-2-brief-32,0,0,0.00,0,0,+0.00
autocuda/optimize/2026-06-15-05-53-17-qr_v2/worker-2-brief-33,0,0,0.00,0,0,+0.00
autocuda/optimize/2026-06-15-05-53-17-qr_v2/worker-2-brief-34,0,0,0.00,0,0,+0.00
autocuda/optimize/2026-06-15-05-53-17-qr_v2/worker-2-brief-35,0,0,0.00,0,0,+0.00
autocuda/optimize/2026-06-15-05-53-17-qr_v2/worker-2-brief-36,0,0,0.00,0,0,+0.00
autocuda/optimize/2026-06-15-05-53-17-qr_v2/worker-2-brief-37,0,0,0.00,0,0,+0.00
autocuda/optimize/2026-06-15-05-53-17-qr_v2/worker-2-brief-38,0,0,0.00,0,0,+0.00
autocuda/optimize/2026-06-15-05-53-17-qr_v2/worker-2-brief-39,0,0,0.00,0,0,+0.00
autocuda/optimize/2026-06-15-05-53-17-qr_v2/worker-2-brief-4,0,0,0.00,0,0,+0.00
autocuda/optimize/2026-06-15-05-53-17-qr_v2/worker-2-brief-40,0,0,0.00,0,0,+0.00
autocuda/optimize/2026-06-15-05-53-17-qr_v2/worker-2-brief-41,0,0,0.00,0,0,+0.00
autocuda/optimize/2026-06-15-05-53-17-qr_v2/worker-2-brief-42,0,0,0.00,0,0,+0.00
autocuda/optimize/2026-06-15-05-53-17-qr_v2/worker-2-brief-43,0,0,0.00,0,0,+0.00
autocuda/optimize/2026-06-15-05-53-17-qr_v2/worker-2-brief-44,0,0,0.00,0,0,+0.00
autocuda/optimize/2026-06-15-05-53-17-qr_v2/worker-2-brief-45,0,0,0.00,0,0,+0.00
autocuda/optimize/2026-06-15-05-53-17-qr_v2/worker-2-brief-46,0,0,0.00,0,0,+0.00
autocuda/optimize/2026-06-15-05-53-17-qr_v2/worker-2-brief-47,0,0,0.00,0,0,+0.00
autocuda/optimize/2026-06-15-05-53-17-qr_v2/worker-2-brief-48,0,0,0.00,0,0,+0.00
autocuda/optimize/2026-06-15-05-53-17-qr_v2/worker-2-brief-49,0,0,0.00,0,0,+0.00
autocuda/optimize/2026-06-15-05-53-17-qr_v2/worker-2-brief-5,0,0,0.00,0,0,+0.00
autocuda/optimize/2026-06-15-05-53-17-qr_v2/worker-2-brief-50,0,0,0.00,0,0,+0.00
autocuda/optimize/2026-06-15-05-53-17-qr_v2/worker-2-brief-50-static-only,0,0,0.00,0,0,+0.00
autocuda/optimize/2026-06-15-05-53-17-qr_v2/worker-2-brief-51,0,0,0.00,0,0,+0.00
autocuda/optimize/2026-06-15-05-53-17-qr_v2/worker-2-brief-52,0,0,0.00,0,0,+0.00
autocuda/optimize/2026-06-15-05-53-17-qr_v2/worker-2-brief-53,0,0,0.00,0,0,+0.00
autocuda/optimize/2026-06-15-05-53-17-qr_v2/worker-2-brief-54,0,0,0.00,0,0,+0.00
autocuda/optimize/2026-06-15-05-53-17-qr_v2/worker-2-brief-55,0,0,0.00,0,0,+0.00
autocuda/optimize/2026-06-15-05-53-17-qr_v2/worker-2-brief-56,0,0,0.00,0,0,+0.00
autocuda/optimize/2026-06-15-05-53-17-qr_v2/worker-2-brief-57,0,0,0.00,0,0,+0.00
autocuda/optimize/2026-06-15-05-53-17-qr_v2/worker-2-brief-58,0,0,0.00,0,0,+0.00
autocuda/optimize/2026-06-15-05-53-17-qr_v2/worker-2-brief-59,0,0,0.00,0,0,+0.00
autocuda/optimize/2026-06-15-05-53-17-qr_v2/worker-2-brief-6,0,0,0.00,0,0,+0.00
autocuda/optimize/2026-06-15-05-53-17-qr_v2/worker-2-brief-60,0,0,0.00,0,0,+0.00
autocuda/optimize/2026-06-15-05-53-17-qr_v2/worker-2-brief-61,0,0,0.00,0,0,+0.00
autocuda/optimize/2026-06-15-05-53-17-qr_v2/worker-2-brief-62,0,0,0.00,0,0,+0.00
autocuda/optimize/2026-06-15-05-53-17-qr_v2/worker-2-brief-7,0,0,0.00,0,0,+0.00
autocuda/optimize/2026-06-15-05-53-17-qr_v2/worker-2-brief-8,0,0,0.00,0,0,+0.00
autocuda/optimize/2026-06-15-05-53-17-qr_v2/worker-2-brief-9,0,0,0.00,0,0,+0.00
autocuda/optimize/2026-06-15-05-53-17-qr_v2/worker-3-brief-0,0,0,0.00,0,0,+0.00
autocuda/optimize/2026-06-15-05-53-17-qr_v2/worker-3-brief-1,0,0,0.00,0,0,+0.00
autocuda/optimize/2026-06-15-05-53-17-qr_v2/worker-3-brief-10,0,0,0.00,0,0,+0.00
autocuda/optimize/2026-06-15-05-53-17-qr_v2/worker-3-brief-11,0,0,0.00,0,0,+0.00
autocuda/optimize/2026-06-15-05-53-17-qr_v2/worker-3-brief-12,0,0,0.00,0,0,+0.00
autocuda/optimize/2026-06-15-05-53-17-qr_v2/worker-3-brief-13,0,0,0.00,0,0,+0.00
autocuda/optimize/2026-06-15-05-53-17-qr_v2/worker-3-brief-14,0,0,0.00,0,0,+0.00
autocuda/optimize/2026-06-15-05-53-17-qr_v2/worker-3-brief-15,0,0,0.00,0,0,+0.00
autocuda/optimize/2026-06-15-05-53-17-qr_v2/worker-3-brief-16,0,0,0.00,0,0,+0.00
autocuda/optimize/2026-06-15-05-53-17-qr_v2/worker-3-brief-17,0,0,0.00,0,0,+0.00
autocuda/optimize/2026-06-15-05-53-17-qr_v2/worker-3-brief-18,0,0,0.00,0,0,+0.00
autocuda/optimize/2026-06-15-05-53-17-qr_v2/worker-3-brief-19,0,0,0.00,0,0,+0.00
autocuda/optimize/2026-06-15-05-53-17-qr_v2/worker-3-brief-2,0,0,0.00,0,0,+0.00
autocuda/optimize/2026-06-15-05-53-17-qr_v2/worker-3-brief-20,0,0,0.00,0,0,+0.00
autocuda/optimize/2026-06-15-05-53-17-qr_v2/worker-3-brief-21,0,0,0.00,0,0,+0.00
autocuda/optimize/2026-06-15-05-53-17-qr_v2/worker-3-brief-22,0,0,0.00,0,0,+0.00
autocuda/optimize/2026-06-15-05-53-17-qr_v2/worker-3-brief-23,0,0,0.00,0,0,+0.00
autocuda/optimize/2026-06-15-05-53-17-qr_v2/worker-3-brief-24,0,0,0.00,0,0,+0.00
autocuda/optimize/2026-06-15-05-53-17-qr_v2/worker-3-brief-25,0,0,0.00,0,0,+0.00
autocuda/optimize/2026-06-15-05-53-17-qr_v2/worker-3-brief-26,0,0,0.00,0,0,+0.00
autocuda/optimize/2026-06-15-05-53-17-qr_v2/worker-3-brief-27,0,0,0.00,0,0,+0.00
autocuda/optimize/2026-06-15-05-53-17-qr_v2/worker-3-brief-28,0,0,0.00,0,0,+0.00
autocuda/optimize/2026-06-15-05-53-17-qr_v2/worker-3-brief-29,0,0,0.00,0,0,+0.00
autocuda/optimize/2026-06-15-05-53-17-qr_v2/worker-3-brief-3,0,0,0.00,0,0,+0.00
autocuda/optimize/2026-06-15-05-53-17-qr_v2/worker-3-brief-30,0,0,0.00,0,0,+0.00
autocuda/optimize/2026-06-15-05-53-17-qr_v2/worker-3-brief-31,0,0,0.00,0,0,+0.00
autocuda/optimize/2026-06-15-05-53-17-qr_v2/worker-3-brief-32,0,0,0.00,0,0,+0.00
autocuda/optimize/2026-06-15-05-53-17-qr_v2/worker-3-brief-33,0,0,0.00,0,0,+0.00
autocuda/optimize/2026-06-15-05-53-17-qr_v2/worker-3-brief-34,0,0,0.00,0,0,+0.00
autocuda/optimize/2026-06-15-05-53-17-qr_v2/worker-3-brief-35,0,0,0.00,0,0,+0.00
autocuda/optimize/2026-06-15-05-53-17-qr_v2/worker-3-brief-36,0,0,0.00,0,0,+0.00
autocuda/optimize/2026-06-15-05-53-17-qr_v2/worker-3-brief-37,0,0,0.00,0,0,+0.00
autocuda/optimize/2026-06-15-05-53-17-qr_v2/worker-3-brief-38,0,0,0.00,0,0,+0.00
autocuda/optimize/2026-06-15-05-53-17-qr_v2/worker-3-brief-39,0,0,0.00,0,0,+0.00
autocuda/optimize/2026-06-15-05-53-17-qr_v2/worker-3-brief-4,0,0,0.00,0,0,+0.00
autocuda/optimize/2026-06-15-05-53-17-qr_v2/worker-3-brief-40,0,0,0.00,0,0,+0.00
autocuda/optimize/2026-06-15-05-53-17-qr_v2/worker-3-brief-41,0,0,0.00,0,0,+0.00
autocuda/optimize/2026-06-15-05-53-17-qr_v2/worker-3-brief-42,0,0,0.00,0,0,+0.00
autocuda/optimize/2026-06-15-05-53-17-qr_v2/worker-3-brief-43,0,0,0.00,0,0,+0.00
autocuda/optimize/2026-06-15-05-53-17-qr_v2/worker-3-brief-44,0,0,0.00,0,0,+0.00
autocuda/optimize/2026-06-15-05-53-17-qr_v2/worker-3-brief-45,0,0,0.00,0,0,+0.00
autocuda/optimize/2026-06-15-05-53-17-qr_v2/worker-3-brief-46,0,0,0.00,0,0,+0.00
autocuda/optimize/2026-06-15-05-53-17-qr_v2/worker-3-brief-47,0,0,0.00,0,0,+0.00
autocuda/optimize/2026-06-15-05-53-17-qr_v2/worker-3-brief-48,0,0,0.00,0,0,+0.00
autocuda/optimize/2026-06-15-05-53-17-qr_v2/worker-3-brief-49,0,0,0.00,0,0,+0.00
autocuda/optimize/2026-06-15-05-53-17-qr_v2/worker-3-brief-5,0,0,0.00,0,0,+0.00
autocuda/optimize/2026-06-15-05-53-17-qr_v2/worker-3-brief-50,0,0,0.00,0,0,+0.00
autocuda/optimize/2026-06-15-05-53-17-qr_v2/worker-3-brief-51,0,0,0.00,0,0,+0.00
autocuda/optimize/2026-06-15-05-53-17-qr_v2/worker-3-brief-52,0,0,0.00,0,0,+0.00
autocuda/optimize/2026-06-15-05-53-17-qr_v2/worker-3-brief-53,0,0,0.00,0,0,+0.00
autocuda/optimize/2026-06-15-05-53-17-qr_v2/worker-3-brief-54,0,0,0.00,0,0,+0.00
autocuda/optimize/2026-06-15-05-53-17-qr_v2/worker-3-brief-55,0,0,0.00,0,0,+0.00
autocuda/optimize/2026-06-15-05-53-17-qr_v2/worker-3-brief-56,0,0,0.00,0,0,+0.00
autocuda/optimize/2026-06-15-05-53-17-qr_v2/worker-3-brief-57,0,0,0.00,0,0,+0.00
autocuda/optimize/2026-06-15-05-53-17-qr_v2/worker-3-brief-58,0,0,0.00,0,0,+0.00
autocuda/optimize/2026-06-15-05-53-17-qr_v2/worker-3-brief-59,0,0,0.00,0,0,+0.00
autocuda/optimize/2026-06-15-05-53-17-qr_v2/worker-3-brief-6,0,0,0.00,0,0,+0.00
autocuda/optimize/2026-06-15-05-53-17-qr_v2/worker-3-brief-60,0,0,0.00,0,0,+0.00
autocuda/optimize/2026-06-15-05-53-17-qr_v2/worker-3-brief-61,0,0,0.00,0,0,+0.00
autocuda/optimize/2026-06-15-05-53-17-qr_v2/worker-3-brief-62,0,0,0.00,0,0,+0.00
autocuda/optimize/2026-06-15-05-53-17-qr_v2/worker-3-brief-63,0,0,0.00,0,0,+0.00
autocuda/optimize/2026-06-15-05-53-17-qr_v2/worker-3-brief-64,0,0,0.00,0,0,+0.00
autocuda/optimize/2026-06-15-05-53-17-qr_v2/worker-3-brief-64-d0dd-stack,0,0,0.00,0,0,+0.00
autocuda/optimize/2026-06-15-05-53-17-qr_v2/worker-3-brief-65,0,0,0.00,0,0,+0.00
autocuda/optimize/2026-06-15-05-53-17-qr_v2/worker-3-brief-66,0,0,0.00,0,0,+0.00
autocuda/optimize/2026-06-15-05-53-17-qr_v2/worker-3-brief-67,0,0,0.00,0,0,+0.00
autocuda/optimize/2026-06-15-05-53-17-qr_v2/worker-3-brief-68,0,0,0.00,0,0,+0.00
autocuda/optimize/2026-06-15-05-53-17-qr_v2/worker-3-brief-7,0,0,0.00,0,0,+0.00
autocuda/optimize/2026-06-15-05-53-17-qr_v2/worker-3-brief-8,0,0,0.00,0,0,+0.00
autocuda/optimize/2026-06-15-05-53-17-qr_v2/worker-3-brief-9,0,0,0.00,0,0,+0.00
autocuda/optimize/2026-06-15-05-53-17-qr_v2/worker-4-brief-0,0,0,0.00,0,0,+0.00
autocuda/optimize/2026-06-15-05-53-17-qr_v2/worker-4-brief-1,0,0,0.00,0,0,+0.00
autocuda/optimize/2026-06-15-05-53-17-qr_v2/worker-4-brief-10,0,0,0.00,0,0,+0.00
autocuda/optimize/2026-06-15-05-53-17-qr_v2/worker-4-brief-11,0,0,0.00,0,0,+0.00
autocuda/optimize/2026-06-15-05-53-17-qr_v2/worker-4-brief-12,0,0,0.00,0,0,+0.00
autocuda/optimize/2026-06-15-05-53-17-qr_v2/worker-4-brief-13,0,0,0.00,0,0,+0.00
autocuda/optimize/2026-06-15-05-53-17-qr_v2/worker-4-brief-14,0,0,0.00,0,0,+0.00
autocuda/optimize/2026-06-15-05-53-17-qr_v2/worker-4-brief-15,0,0,0.00,0,0,+0.00
autocuda/optimize/2026-06-15-05-53-17-qr_v2/worker-4-brief-16,0,0,0.00,0,0,+0.00
autocuda/optimize/2026-06-15-05-53-17-qr_v2/worker-4-brief-17,0,0,0.00,0,0,+0.00
autocuda/optimize/2026-06-15-05-53-17-qr_v2/worker-4-brief-18,0,0,0.00,0,0,+0.00
autocuda/optimize/2026-06-15-05-53-17-qr_v2/worker-4-brief-19,0,0,0.00,0,0,+0.00
autocuda/optimize/2026-06-15-05-53-17-qr_v2/worker-4-brief-2,0,0,0.00,0,0,+0.00
autocuda/optimize/2026-06-15-05-53-17-qr_v2/worker-4-brief-20,0,0,0.00,0,0,+0.00
autocuda/optimize/2026-06-15-05-53-17-qr_v2/worker-4-brief-21,0,0,0.00,0,0,+0.00
autocuda/optimize/2026-06-15-05-53-17-qr_v2/worker-4-brief-22,0,0,0.00,0,0,+0.00
autocuda/optimize/2026-06-15-05-53-17-qr_v2/worker-4-brief-23,0,0,0.00,0,0,+0.00
autocuda/optimize/2026-06-15-05-53-17-qr_v2/worker-4-brief-24,0,0,0.00,0,0,+0.00
autocuda/optimize/2026-06-15-05-53-17-qr_v2/worker-4-brief-25,0,0,0.00,0,0,+0.00
autocuda/optimize/2026-06-15-05-53-17-qr_v2/worker-4-brief-26,0,0,0.00,0,0,+0.00
autocuda/optimize/2026-06-15-05-53-17-qr_v2/worker-4-brief-27,0,0,0.00,0,0,+0.00
autocuda/optimize/2026-06-15-05-53-17-qr_v2/worker-4-brief-28,0,0,0.00,0,0,+0.00
autocuda/optimize/2026-06-15-05-53-17-qr_v2/worker-4-brief-29,0,0,0.00,0,0,+0.00
autocuda/optimize/2026-06-15-05-53-17-qr_v2/worker-4-brief-3,0,0,0.00,0,0,+0.00
autocuda/optimize/2026-06-15-05-53-17-qr_v2/worker-4-brief-30,0,0,0.00,0,0,+0.00
autocuda/optimize/2026-06-15-05-53-17-qr_v2/worker-4-brief-31,0,0,0.00,0,0,+0.00
autocuda/optimize/2026-06-15-05-53-17-qr_v2/worker-4-brief-32,0,0,0.00,0,0,+0.00
autocuda/optimize/2026-06-15-05-53-17-qr_v2/worker-4-brief-33,0,0,0.00,0,0,+0.00
autocuda/optimize/2026-06-15-05-53-17-qr_v2/worker-4-brief-34,0,0,0.00,0,0,+0.00
autocuda/optimize/2026-06-15-05-53-17-qr_v2/worker-4-brief-35,0,0,0.00,0,0,+0.00
autocuda/optimize/2026-06-15-05-53-17-qr_v2/worker-4-brief-36,0,0,0.00,0,0,+0.00
autocuda/optimize/2026-06-15-05-53-17-qr_v2/worker-4-brief-37,0,0,0.00,0,0,+0.00
autocuda/optimize/2026-06-15-05-53-17-qr_v2/worker-4-brief-38,0,0,0.00,0,0,+0.00
autocuda/optimize/2026-06-15-05-53-17-qr_v2/worker-4-brief-39,0,0,0.00,0,0,+0.00
autocuda/optimize/2026-06-15-05-53-17-qr_v2/worker-4-brief-4,0,0,0.00,0,0,+0.00
autocuda/optimize/2026-06-15-05-53-17-qr_v2/worker-4-brief-40,0,0,0.00,0,0,+0.00
autocuda/optimize/2026-06-15-05-53-17-qr_v2/worker-4-brief-41,0,0,0.00,0,0,+0.00
autocuda/optimize/2026-06-15-05-53-17-qr_v2/worker-4-brief-42,0,0,0.00,0,0,+0.00
autocuda/optimize/2026-06-15-05-53-17-qr_v2/worker-4-brief-43,0,0,0.00,0,0,+0.00
autocuda/optimize/2026-06-15-05-53-17-qr_v2/worker-4-brief-44,0,0,0.00,0,0,+0.00
autocuda/optimize/2026-06-15-05-53-17-qr_v2/worker-4-brief-45,0,0,0.00,0,0,+0.00
autocuda/optimize/2026-06-15-05-53-17-qr_v2/worker-4-brief-46,0,0,0.00,0,0,+0.00
autocuda/optimize/2026-06-15-05-53-17-qr_v2/worker-4-brief-47,0,0,0.00,0,0,+0.00
autocuda/optimize/2026-06-15-05-53-17-qr_v2/worker-4-brief-48,0,0,0.00,0,0,+0.00
autocuda/optimize/2026-06-15-05-53-17-qr_v2/worker-4-brief-49,0,0,0.00,0,0,+0.00
autocuda/optimize/2026-06-15-05-53-17-qr_v2/worker-4-brief-5,0,0,0.00,0,0,+0.00
autocuda/optimize/2026-06-15-05-53-17-qr_v2/worker-4-brief-50,0,0,0.00,0,0,+0.00
autocuda/optimize/2026-06-15-05-53-17-qr_v2/worker-4-brief-51,0,0,0.00,0,0,+0.00
autocuda/optimize/2026-06-15-05-53-17-qr_v2/worker-4-brief-52,0,0,0.00,0,0,+0.00
autocuda/optimize/2026-06-15-05-53-17-qr_v2/worker-4-brief-53,0,0,0.00,0,0,+0.00
autocuda/optimize/2026-06-15-05-53-17-qr_v2/worker-4-brief-54,0,0,0.00,0,0,+0.00
autocuda/optimize/2026-06-15-05-53-17-qr_v2/worker-4-brief-55,0,0,0.00,0,0,+0.00
autocuda/optimize/2026-06-15-05-53-17-qr_v2/worker-4-brief-56,0,0,0.00,0,0,+0.00
autocuda/optimize/2026-06-15-05-53-17-qr_v2/worker-4-brief-57,0,0,0.00,0,0,+0.00
autocuda/optimize/2026-06-15-05-53-17-qr_v2/worker-4-brief-6,0,0,0.00,0,0,+0.00
autocuda/optimize/2026-06-15-05-53-17-qr_v2/worker-4-brief-7,0,0,0.00,0,0,+0.00
autocuda/optimize/2026-06-15-05-53-17-qr_v2/worker-4-brief-8,0,0,0.00,0,0,+0.00
autocuda/optimize/2026-06-15-05-53-17-qr_v2/worker-4-brief-9,0,0,0.00,0,0,+0.00
autocuda/optimize/2026-06-15-05-53-17-qr_v2/worker-5-brief-0,0,0,0.00,0,0,+0.00
autocuda/optimize/2026-06-15-05-53-17-qr_v2/worker-5-brief-1,0,0,0.00,0,0,+0.00
autocuda/optimize/2026-06-15-05-53-17-qr_v2/worker-5-brief-10,0,0,0.00,0,0,+0.00
autocuda/optimize/2026-06-15-05-53-17-qr_v2/worker-5-brief-11,0,0,0.00,0,0,+0.00
autocuda/optimize/2026-06-15-05-53-17-qr_v2/worker-5-brief-12,0,0,0.00,0,0,+0.00
autocuda/optimize/2026-06-15-05-53-17-qr_v2/worker-5-brief-13,0,0,0.00,0,0,+0.00
autocuda/optimize/2026-06-15-05-53-17-qr_v2/worker-5-brief-14,0,0,0.00,0,0,+0.00
autocuda/optimize/2026-06-15-05-53-17-qr_v2/worker-5-brief-15,0,0,0.00,0,0,+0.00
autocuda/optimize/2026-06-15-05-53-17-qr_v2/worker-5-brief-16,0,0,0.00,0,0,+0.00
autocuda/optimize/2026-06-15-05-53-17-qr_v2/worker-5-brief-17,0,0,0.00,0,0,+0.00
autocuda/optimize/2026-06-15-05-53-17-qr_v2/worker-5-brief-18,0,0,0.00,0,0,+0.00
autocuda/optimize/2026-06-15-05-53-17-qr_v2/worker-5-brief-19,0,0,0.00,0,0,+0.00
autocuda/optimize/2026-06-15-05-53-17-qr_v2/worker-5-brief-2,0,0,0.00,0,0,+0.00
autocuda/optimize/2026-06-15-05-53-17-qr_v2/worker-5-brief-20,0,0,0.00,0,0,+0.00
autocuda/optimize/2026-06-15-05-53-17-qr_v2/worker-5-brief-21,0,0,0.00,0,0,+0.00
autocuda/optimize/2026-06-15-05-53-17-qr_v2/worker-5-brief-22,0,0,0.00,0,0,+0.00
autocuda/optimize/2026-06-15-05-53-17-qr_v2/worker-5-brief-23,0,0,0.00,0,0,+0.00
autocuda/optimize/2026-06-15-05-53-17-qr_v2/worker-5-brief-24,0,0,0.00,0,0,+0.00
autocuda/optimize/2026-06-15-05-53-17-qr_v2/worker-5-brief-25,0,0,0.00,0,0,+0.00
autocuda/optimize/2026-06-15-05-53-17-qr_v2/worker-5-brief-26,0,0,0.00,0,0,+0.00
autocuda/optimize/2026-06-15-05-53-17-qr_v2/worker-5-brief-27,0,0,0.00,0,0,+0.00
autocuda/optimize/2026-06-15-05-53-17-qr_v2/worker-5-brief-28,0,0,0.00,0,0,+0.00
autocuda/optimize/2026-06-15-05-53-17-qr_v2/worker-5-brief-29,0,0,0.00,0,0,+0.00
autocuda/optimize/2026-06-15-05-53-17-qr_v2/worker-5-brief-3,0,0,0.00,0,0,+0.00
autocuda/optimize/2026-06-15-05-53-17-qr_v2/worker-5-brief-30,0,0,0.00,0,0,+0.00
autocuda/optimize/2026-06-15-05-53-17-qr_v2/worker-5-brief-31,0,0,0.00,0,0,+0.00
autocuda/optimize/2026-06-15-05-53-17-qr_v2/worker-5-brief-32,0,0,0.00,0,0,+0.00
autocuda/optimize/2026-06-15-05-53-17-qr_v2/worker-5-brief-33,0,0,0.00,0,0,+0.00
autocuda/optimize/2026-06-15-05-53-17-qr_v2/worker-5-brief-34,0,0,0.00,0,0,+0.00
autocuda/optimize/2026-06-15-05-53-17-qr_v2/worker-5-brief-35,0,0,0.00,0,0,+0.00
autocuda/optimize/2026-06-15-05-53-17-qr_v2/worker-5-brief-36,0,0,0.00,0,0,+0.00
autocuda/optimize/2026-06-15-05-53-17-qr_v2/worker-5-brief-37,0,0,0.00,0,0,+0.00
autocuda/optimize/2026-06-15-05-53-17-qr_v2/worker-5-brief-38,0,0,0.00,0,0,+0.00
autocuda/optimize/2026-06-15-05-53-17-qr_v2/worker-5-brief-39,0,0,0.00,0,0,+0.00
autocuda/optimize/2026-06-15-05-53-17-qr_v2/worker-5-brief-4,0,0,0.00,0,0,+0.00
autocuda/optimize/2026-06-15-05-53-17-qr_v2/worker-5-brief-40,0,0,0.00,0,0,+0.00
autocuda/optimize/2026-06-15-05-53-17-qr_v2/worker-5-brief-41,0,0,0.00,0,0,+0.00
autocuda/optimize/2026-06-15-05-53-17-qr_v2/worker-5-brief-42,0,0,0.00,0,0,+0.00
autocuda/optimize/2026-06-15-05-53-17-qr_v2/worker-5-brief-43,0,0,0.00,0,0,+0.00
autocuda/optimize/2026-06-15-05-53-17-qr_v2/worker-5-brief-44,0,0,0.00,0,0,+0.00
autocuda/optimize/2026-06-15-05-53-17-qr_v2/worker-5-brief-45,0,0,0.00,0,0,+0.00
autocuda/optimize/2026-06-15-05-53-17-qr_v2/worker-5-brief-46,0,0,0.00,0,0,+0.00
autocuda/optimize/2026-06-15-05-53-17-qr_v2/worker-5-brief-47,0,0,0.00,0,0,+0.00
autocuda/optimize/2026-06-15-05-53-17-qr_v2/worker-5-brief-48,0,0,0.00,0,0,+0.00
autocuda/optimize/2026-06-15-05-53-17-qr_v2/worker-5-brief-49,0,0,0.00,0,0,+0.00
autocuda/optimize/2026-06-15-05-53-17-qr_v2/worker-5-brief-5,0,0,0.00,0,0,+0.00
autocuda/optimize/2026-06-15-05-53-17-qr_v2/worker-5-brief-50,0,0,0.00,0,0,+0.00
autocuda/optimize/2026-06-15-05-53-17-qr_v2/worker-5-brief-51,0,0,0.00,0,0,+0.00
autocuda/optimize/2026-06-15-05-53-17-qr_v2/worker-5-brief-52,0,0,0.00,0,0,+0.00
autocuda/optimize/2026-06-15-05-53-17-qr_v2/worker-5-brief-53,0,0,0.00,0,0,+0.00
autocuda/optimize/2026-06-15-05-53-17-qr_v2/worker-5-brief-54,0,0,0.00,0,0,+0.00
autocuda/optimize/2026-06-15-05-53-17-qr_v2/worker-5-brief-55,0,0,0.00,0,0,+0.00
autocuda/optimize/2026-06-15-05-53-17-qr_v2/worker-5-brief-56,0,0,0.00,0,0,+0.00
autocuda/optimize/2026-06-15-05-53-17-qr_v2/worker-5-brief-57,0,0,0.00,0,0,+0.00
autocuda/optimize/2026-06-15-05-53-17-qr_v2/worker-5-brief-58,0,0,0.00,0,0,+0.00
autocuda/optimize/2026-06-15-05-53-17-qr_v2/worker-5-brief-59,0,0,0.00,0,0,+0.00
autocuda/optimize/2026-06-15-05-53-17-qr_v2/worker-5-brief-6,0,0,0.00,0,0,+0.00
autocuda/optimize/2026-06-15-05-53-17-qr_v2/worker-5-brief-60,0,0,0.00,0,0,+0.00
autocuda/optimize/2026-06-15-05-53-17-qr_v2/worker-5-brief-61,0,0,0.00,0,0,+0.00
autocuda/optimize/2026-06-15-05-53-17-qr_v2/worker-5-brief-62,0,0,0.00,0,0,+0.00
autocuda/optimize/2026-06-15-05-53-17-qr_v2/worker-5-brief-63,0,0,0.00,0,0,+0.00
autocuda/optimize/2026-06-15-05-53-17-qr_v2/worker-5-brief-64,0,0,0.00,0,0,+0.00
autocuda/optimize/2026-06-15-05-53-17-qr_v2/worker-5-brief-7,0,0,0.00,0,0,+0.00
autocuda/optimize/2026-06-15-05-53-17-qr_v2/worker-5-brief-8,0,0,0.00,0,0,+0.00
autocuda/optimize/2026-06-15-05-53-17-qr_v2/worker-5-brief-9,0,0,0.00,0,0,+0.00
autocuda/optimize/2026-06-18-00-40-34-qr_v2/worker-0-brief-0,0,0,0.00,0,0,+0.00
autocuda/optimize/2026-06-18-00-40-34-qr_v2/worker-1-brief-0,0,0,0.00,0,0,+0.00
autocuda/optimize/2026-06-18-00-40-34-qr_v2/worker-2-brief-0,0,0,0.00,0,0,+0.00
autocuda/optimize/2026-06-18-00-40-34-qr_v2/worker-3-brief-0,0,0,0.00,0,0,+0.00
autocuda/optimize/2026-06-18-00-40-34-qr_v2/worker-4-brief-0,0,0,0.00,0,0,+0.00
autocuda/optimize/2026-06-18-00-40-34-qr_v2/worker-5-brief-0,0,0,0.00,0,0,+0.00
autocuda/optimize/2026-06-18-01-38-06-qr_v2/worker-0-brief-0,0,0,0.00,0,0,+0.00
autocuda/optimize/2026-06-18-01-38-06-qr_v2/worker-0-brief-1,0,0,0.00,0,0,+0.00
autocuda/optimize/2026-06-18-01-38-06-qr_v2/worker-0-brief-10,0,0,0.00,0,0,+0.00
autocuda/optimize/2026-06-18-01-38-06-qr_v2/worker-0-brief-11,0,0,0.00,0,0,+0.00
autocuda/optimize/2026-06-18-01-38-06-qr_v2/worker-0-brief-12,0,0,0.00,0,0,+0.00
autocuda/optimize/2026-06-18-01-38-06-qr_v2/worker-0-brief-13,0,0,0.00,0,0,+0.00
autocuda/optimize/2026-06-18-01-38-06-qr_v2/worker-0-brief-14,0,0,0.00,0,0,+0.00
autocuda/optimize/2026-06-18-01-38-06-qr_v2/worker-0-brief-15,0,0,0.00,0,0,+0.00
autocuda/optimize/2026-06-18-01-38-06-qr_v2/worker-0-brief-16,0,0,0.00,0,0,+0.00
autocuda/optimize/2026-06-18-01-38-06-qr_v2/worker-0-brief-17,0,0,0.00,0,0,+0.00
autocuda/optimize/2026-06-18-01-38-06-qr_v2/worker-0-brief-18,0,0,0.00,0,0,+0.00
autocuda/optimize/2026-06-18-01-38-06-qr_v2/worker-0-brief-19,0,0,0.00,0,0,+0.00
autocuda/optimize/2026-06-18-01-38-06-qr_v2/worker-0-brief-2,0,0,0.00,0,0,+0.00
autocuda/optimize/2026-06-18-01-38-06-qr_v2/worker-0-brief-20,0,0,0.00,0,0,+0.00
autocuda/optimize/2026-06-18-01-38-06-qr_v2/worker-0-brief-21,0,0,0.00,0,0,+0.00
autocuda/optimize/2026-06-18-01-38-06-qr_v2/worker-0-brief-22,0,0,0.00,0,0,+0.00
autocuda/optimize/2026-06-18-01-38-06-qr_v2/worker-0-brief-23,0,0,0.00,0,0,+0.00
autocuda/optimize/2026-06-18-01-38-06-qr_v2/worker-0-brief-24,0,0,0.00,0,0,+0.00
autocuda/optimize/2026-06-18-01-38-06-qr_v2/worker-0-brief-25,0,0,0.00,0,0,+0.00
autocuda/optimize/2026-06-18-01-38-06-qr_v2/worker-0-brief-26,0,0,0.00,0,0,+0.00
autocuda/optimize/2026-06-18-01-38-06-qr_v2/worker-0-brief-3,0,0,0.00,0,0,+0.00
autocuda/optimize/2026-06-18-01-38-06-qr_v2/worker-0-brief-4,0,0,0.00,0,0,+0.00
autocuda/optimize/2026-06-18-01-38-06-qr_v2/worker-0-brief-5,0,0,0.00,0,0,+0.00
autocuda/optimize/2026-06-18-01-38-06-qr_v2/worker-0-brief-6,0,0,0.00,0,0,+0.00
autocuda/optimize/2026-06-18-01-38-06-qr_v2/worker-0-brief-7,0,0,0.00,0,0,+0.00
autocuda/optimize/2026-06-18-01-38-06-qr_v2/worker-0-brief-8,0,0,0.00,0,0,+0.00
autocuda/optimize/2026-06-18-01-38-06-qr_v2/worker-0-brief-9,0,0,0.00,0,0,+0.00
autocuda/optimize/2026-06-18-01-38-06-qr_v2/worker-1-brief-0,0,0,0.00,0,0,+0.00
autocuda/optimize/2026-06-18-01-38-06-qr_v2/worker-1-brief-1,0,0,0.00,0,0,+0.00
autocuda/optimize/2026-06-18-01-38-06-qr_v2/worker-1-brief-10,0,0,0.00,0,0,+0.00
autocuda/optimize/2026-06-18-01-38-06-qr_v2/worker-1-brief-11,0,0,0.00,0,0,+0.00
autocuda/optimize/2026-06-18-01-38-06-qr_v2/worker-1-brief-12,0,0,0.00,0,0,+0.00
autocuda/optimize/2026-06-18-01-38-06-qr_v2/worker-1-brief-13,0,0,0.00,0,0,+0.00
autocuda/optimize/2026-06-18-01-38-06-qr_v2/worker-1-brief-14,0,0,0.00,0,0,+0.00
autocuda/optimize/2026-06-18-01-38-06-qr_v2/worker-1-brief-15,0,0,0.00,0,0,+0.00
autocuda/optimize/2026-06-18-01-38-06-qr_v2/worker-1-brief-16,0,0,0.00,0,0,+0.00
autocuda/optimize/2026-06-18-01-38-06-qr_v2/worker-1-brief-17,0,0,0.00,0,0,+0.00
autocuda/optimize/2026-06-18-01-38-06-qr_v2/worker-1-brief-18,0,0,0.00,0,0,+0.00
autocuda/optimize/2026-06-18-01-38-06-qr_v2/worker-1-brief-19,0,0,0.00,0,0,+0.00
autocuda/optimize/2026-06-18-01-38-06-qr_v2/worker-1-brief-2,0,0,0.00,0,0,+0.00
autocuda/optimize/2026-06-18-01-38-06-qr_v2/worker-1-brief-20,0,0,0.00,0,0,+0.00
autocuda/optimize/2026-06-18-01-38-06-qr_v2/worker-1-brief-21,0,0,0.00,0,0,+0.00
autocuda/optimize/2026-06-18-01-38-06-qr_v2/worker-1-brief-22,0,0,0.00,0,0,+0.00
autocuda/optimize/2026-06-18-01-38-06-qr_v2/worker-1-brief-23,0,0,0.00,0,0,+0.00
autocuda/optimize/2026-06-18-01-38-06-qr_v2/worker-1-brief-24,0,0,0.00,0,0,+0.00
autocuda/optimize/2026-06-18-01-38-06-qr_v2/worker-1-brief-25,0,0,0.00,0,0,+0.00
autocuda/optimize/2026-06-18-01-38-06-qr_v2/worker-1-brief-26,0,0,0.00,0,0,+0.00
autocuda/optimize/2026-06-18-01-38-06-qr_v2/worker-1-brief-3,0,0,0.00,0,0,+0.00
autocuda/optimize/2026-06-18-01-38-06-qr_v2/worker-1-brief-4,0,0,0.00,0,0,+0.00
autocuda/optimize/2026-06-18-01-38-06-qr_v2/worker-1-brief-5,0,0,0.00,0,0,+0.00
autocuda/optimize/2026-06-18-01-38-06-qr_v2/worker-1-brief-6,0,0,0.00,0,0,+0.00
autocuda/optimize/2026-06-18-01-38-06-qr_v2/worker-1-brief-7,0,0,0.00,0,0,+0.00
autocuda/optimize/2026-06-18-01-38-06-qr_v2/worker-1-brief-8,0,0,0.00,0,0,+0.00
autocuda/optimize/2026-06-18-01-38-06-qr_v2/worker-1-brief-9,0,0,0.00,0,0,+0.00
autocuda/optimize/2026-06-18-01-38-06-qr_v2/worker-2-brief-0,0,0,0.00,0,0,+0.00
autocuda/optimize/2026-06-18-01-38-06-qr_v2/worker-2-brief-1,0,0,0.00,0,0,+0.00
autocuda/optimize/2026-06-18-01-38-06-qr_v2/worker-2-brief-10,0,0,0.00,0,0,+0.00
autocuda/optimize/2026-06-18-01-38-06-qr_v2/worker-2-brief-11,0,0,0.00,0,0,+0.00
autocuda/optimize/2026-06-18-01-38-06-qr_v2/worker-2-brief-12,0,0,0.00,0,0,+0.00
autocuda/optimize/2026-06-18-01-38-06-qr_v2/worker-2-brief-13,0,0,0.00,0,0,+0.00
autocuda/optimize/2026-06-18-01-38-06-qr_v2/worker-2-brief-14,0,0,0.00,0,0,+0.00
autocuda/optimize/2026-06-18-01-38-06-qr_v2/worker-2-brief-15,0,0,0.00,0,0,+0.00
autocuda/optimize/2026-06-18-01-38-06-qr_v2/worker-2-brief-16,0,0,0.00,0,0,+0.00
autocuda/optimize/2026-06-18-01-38-06-qr_v2/worker-2-brief-17,0,0,0.00,0,0,+0.00
autocuda/optimize/2026-06-18-01-38-06-qr_v2/worker-2-brief-18,0,0,0.00,0,0,+0.00
autocuda/optimize/2026-06-18-01-38-06-qr_v2/worker-2-brief-19,0,0,0.00,0,0,+0.00
autocuda/optimize/2026-06-18-01-38-06-qr_v2/worker-2-brief-2,0,0,0.00,0,0,+0.00
autocuda/optimize/2026-06-18-01-38-06-qr_v2/worker-2-brief-3,0,0,0.00,0,0,+0.00
autocuda/optimize/2026-06-18-01-38-06-qr_v2/worker-2-brief-4,0,0,0.00,0,0,+0.00
autocuda/optimize/2026-06-18-01-38-06-qr_v2/worker-2-brief-5,0,0,0.00,0,0,+0.00
autocuda/optimize/2026-06-18-01-38-06-qr_v2/worker-2-brief-6,0,0,0.00,0,0,+0.00
autocuda/optimize/2026-06-18-01-38-06-qr_v2/worker-2-brief-7,0,0,0.00,0,0,+0.00
autocuda/optimize/2026-06-18-01-38-06-qr_v2/worker-2-brief-8,0,0,0.00,0,0,+0.00
autocuda/optimize/2026-06-18-01-38-06-qr_v2/worker-2-brief-9,0,0,0.00,0,0,+0.00
autocuda/optimize/2026-06-18-01-38-06-qr_v2/worker-3-brief-0,0,0,0.00,0,0,+0.00
autocuda/optimize/2026-06-18-01-38-06-qr_v2/worker-3-brief-1,0,0,0.00,0,0,+0.00
autocuda/optimize/2026-06-18-01-38-06-qr_v2/worker-3-brief-10,0,0,0.00,0,0,+0.00
autocuda/optimize/2026-06-18-01-38-06-qr_v2/worker-3-brief-11,0,0,0.00,0,0,+0.00
autocuda/optimize/2026-06-18-01-38-06-qr_v2/worker-3-brief-12,0,0,0.00,0,0,+0.00
autocuda/optimize/2026-06-18-01-38-06-qr_v2/worker-3-brief-13,0,0,0.00,0,0,+0.00
autocuda/optimize/2026-06-18-01-38-06-qr_v2/worker-3-brief-14,0,0,0.00,0,0,+0.00
autocuda/optimize/2026-06-18-01-38-06-qr_v2/worker-3-brief-15,0,0,0.00,0,0,+0.00
autocuda/optimize/2026-06-18-01-38-06-qr_v2/worker-3-brief-16,0,0,0.00,0,0,+0.00
autocuda/optimize/2026-06-18-01-38-06-qr_v2/worker-3-brief-17,0,0,0.00,0,0,+0.00
autocuda/optimize/2026-06-18-01-38-06-qr_v2/worker-3-brief-18,0,0,0.00,0,0,+0.00
autocuda/optimize/2026-06-18-01-38-06-qr_v2/worker-3-brief-19,0,0,0.00,0,0,+0.00
autocuda/optimize/2026-06-18-01-38-06-qr_v2/worker-3-brief-2,0,0,0.00,0,0,+0.00
autocuda/optimize/2026-06-18-01-38-06-qr_v2/worker-3-brief-20,0,0,0.00,0,0,+0.00
autocuda/optimize/2026-06-18-01-38-06-qr_v2/worker-3-brief-21,0,0,0.00,0,0,+0.00
autocuda/optimize/2026-06-18-01-38-06-qr_v2/worker-3-brief-22,0,0,0.00,0,0,+0.00
autocuda/optimize/2026-06-18-01-38-06-qr_v2/worker-3-brief-23,0,0,0.00,0,0,+0.00
autocuda/optimize/2026-06-18-01-38-06-qr_v2/worker-3-brief-24,0,0,0.00,0,0,+0.00
autocuda/optimize/2026-06-18-01-38-06-qr_v2/worker-3-brief-25,0,0,0.00,0,0,+0.00
autocuda/optimize/2026-06-18-01-38-06-qr_v2/worker-3-brief-26,0,0,0.00,0,0,+0.00
autocuda/optimize/2026-06-18-01-38-06-qr_v2/worker-3-brief-27,0,0,0.00,0,0,+0.00
autocuda/optimize/2026-06-18-01-38-06-qr_v2/worker-3-brief-28,0,0,0.00,0,0,+0.00
autocuda/optimize/2026-06-18-01-38-06-qr_v2/worker-3-brief-29,0,0,0.00,0,0,+0.00
autocuda/optimize/2026-06-18-01-38-06-qr_v2/worker-3-brief-3,0,0,0.00,0,0,+0.00
autocuda/optimize/2026-06-18-01-38-06-qr_v2/worker-3-brief-4,0,0,0.00,0,0,+0.00
autocuda/optimize/2026-06-18-01-38-06-qr_v2/worker-3-brief-5,0,0,0.00,0,0,+0.00
autocuda/optimize/2026-06-18-01-38-06-qr_v2/worker-3-brief-6,0,0,0.00,0,0,+0.00
autocuda/optimize/2026-06-18-01-38-06-qr_v2/worker-3-brief-7,0,0,0.00,0,0,+0.00
autocuda/optimize/2026-06-18-01-38-06-qr_v2/worker-3-brief-8,0,0,0.00,0,0,+0.00
autocuda/optimize/2026-06-18-01-38-06-qr_v2/worker-3-brief-9,0,0,0.00,0,0,+0.00
autocuda/optimize/2026-06-18-01-38-06-qr_v2/worker-4-brief-0,0,0,0.00,0,0,+0.00
autocuda/optimize/2026-06-18-01-38-06-qr_v2/worker-4-brief-1,0,0,0.00,0,0,+0.00
autocuda/optimize/2026-06-18-01-38-06-qr_v2/worker-4-brief-10,0,0,0.00,0,0,+0.00
autocuda/optimize/2026-06-18-01-38-06-qr_v2/worker-4-brief-11,0,0,0.00,0,0,+0.00
autocuda/optimize/2026-06-18-01-38-06-qr_v2/worker-4-brief-12,0,0,0.00,0,0,+0.00
autocuda/optimize/2026-06-18-01-38-06-qr_v2/worker-4-brief-13,0,0,0.00,0,0,+0.00
autocuda/optimize/2026-06-18-01-38-06-qr_v2/worker-4-brief-14,0,0,0.00,0,0,+0.00
autocuda/optimize/2026-06-18-01-38-06-qr_v2/worker-4-brief-15,0,0,0.00,0,0,+0.00
autocuda/optimize/2026-06-18-01-38-06-qr_v2/worker-4-brief-16,0,0,0.00,0,0,+0.00
autocuda/optimize/2026-06-18-01-38-06-qr_v2/worker-4-brief-17,0,0,0.00,0,0,+0.00
autocuda/optimize/2026-06-18-01-38-06-qr_v2/worker-4-brief-18,0,0,0.00,0,0,+0.00
autocuda/optimize/2026-06-18-01-38-06-qr_v2/worker-4-brief-19,0,0,0.00,0,0,+0.00
autocuda/optimize/2026-06-18-01-38-06-qr_v2/worker-4-brief-2,0,0,0.00,0,0,+0.00
autocuda/optimize/2026-06-18-01-38-06-qr_v2/worker-4-brief-20,0,0,0.00,0,0,+0.00
autocuda/optimize/2026-06-18-01-38-06-qr_v2/worker-4-brief-21,0,0,0.00,0,0,+0.00
autocuda/optimize/2026-06-18-01-38-06-qr_v2/worker-4-brief-22,0,0,0.00,0,0,+0.00
autocuda/optimize/2026-06-18-01-38-06-qr_v2/worker-4-brief-23,0,0,0.00,0,0,+0.00
autocuda/optimize/2026-06-18-01-38-06-qr_v2/worker-4-brief-24,0,0,0.00,0,0,+0.00
autocuda/optimize/2026-06-18-01-38-06-qr_v2/worker-4-brief-25,0,0,0.00,0,0,+0.00
autocuda/optimize/2026-06-18-01-38-06-qr_v2/worker-4-brief-26,0,0,0.00,0,0,+0.00
autocuda/optimize/2026-06-18-01-38-06-qr_v2/worker-4-brief-27,0,0,0.00,0,0,+0.00
autocuda/optimize/2026-06-18-01-38-06-qr_v2/worker-4-brief-28,0,0,0.00,0,0,+0.00
autocuda/optimize/2026-06-18-01-38-06-qr_v2/worker-4-brief-29,0,0,0.00,0,0,+0.00
autocuda/optimize/2026-06-18-01-38-06-qr_v2/worker-4-brief-3,0,0,0.00,0,0,+0.00
autocuda/optimize/2026-06-18-01-38-06-qr_v2/worker-4-brief-4,0,0,0.00,0,0,+0.00
autocuda/optimize/2026-06-18-01-38-06-qr_v2/worker-4-brief-5,0,0,0.00,0,0,+0.00
autocuda/optimize/2026-06-18-01-38-06-qr_v2/worker-4-brief-6,0,0,0.00,0,0,+0.00
autocuda/optimize/2026-06-18-01-38-06-qr_v2/worker-4-brief-7,0,0,0.00,0,0,+0.00
autocuda/optimize/2026-06-18-01-38-06-qr_v2/worker-4-brief-8,0,0,0.00,0,0,+0.00
autocuda/optimize/2026-06-18-01-38-06-qr_v2/worker-4-brief-9,0,0,0.00,0,0,+0.00
autocuda/optimize/2026-06-18-01-38-06-qr_v2/worker-5-brief-0,0,0,0.00,0,0,+0.00
autocuda/optimize/2026-06-18-01-38-06-qr_v2/worker-5-brief-1,0,0,0.00,0,0,+0.00
autocuda/optimize/2026-06-18-01-38-06-qr_v2/worker-5-brief-10,0,0,0.00,0,0,+0.00
autocuda/optimize/2026-06-18-01-38-06-qr_v2/worker-5-brief-11,0,0,0.00,0,0,+0.00
autocuda/optimize/2026-06-18-01-38-06-qr_v2/worker-5-brief-12,0,0,0.00,0,0,+0.00
autocuda/optimize/2026-06-18-01-38-06-qr_v2/worker-5-brief-13,0,0,0.00,0,0,+0.00
autocuda/optimize/2026-06-18-01-38-06-qr_v2/worker-5-brief-14,0,0,0.00,0,0,+0.00
autocuda/optimize/2026-06-18-01-38-06-qr_v2/worker-5-brief-15,0,0,0.00,0,0,+0.00
autocuda/optimize/2026-06-18-01-38-06-qr_v2/worker-5-brief-16,0,0,0.00,0,0,+0.00
autocuda/optimize/2026-06-18-01-38-06-qr_v2/worker-5-brief-17,0,0,0.00,0,0,+0.00
autocuda/optimize/2026-06-18-01-38-06-qr_v2/worker-5-brief-18,0,0,0.00,0,0,+0.00
autocuda/optimize/2026-06-18-01-38-06-qr_v2/worker-5-brief-19,0,0,0.00,0,0,+0.00
autocuda/optimize/2026-06-18-01-38-06-qr_v2/worker-5-brief-2,0,0,0.00,0,0,+0.00
autocuda/optimize/2026-06-18-01-38-06-qr_v2/worker-5-brief-20,0,0,0.00,0,0,+0.00
autocuda/optimize/2026-06-18-01-38-06-qr_v2/worker-5-brief-21,0,0,0.00,0,0,+0.00
autocuda/optimize/2026-06-18-01-38-06-qr_v2/worker-5-brief-22,0,0,0.00,0,0,+0.00
autocuda/optimize/2026-06-18-01-38-06-qr_v2/worker-5-brief-23,0,0,0.00,0,0,+0.00
autocuda/optimize/2026-06-18-01-38-06-qr_v2/worker-5-brief-3,0,0,0.00,0,0,+0.00
autocuda/optimize/2026-06-18-01-38-06-qr_v2/worker-5-brief-4,0,0,0.00,0,0,+0.00
autocuda/optimize/2026-06-18-01-38-06-qr_v2/worker-5-brief-5,0,0,0.00,0,0,+0.00
autocuda/optimize/2026-06-18-01-38-06-qr_v2/worker-5-brief-6,0,0,0.00,0,0,+0.00
autocuda/optimize/2026-06-18-01-38-06-qr_v2/worker-5-brief-7,0,0,0.00,0,0,+0.00
autocuda/optimize/2026-06-18-01-38-06-qr_v2/worker-5-brief-8,0,0,0.00,0,0,+0.00
autocuda/optimize/2026-06-18-01-38-06-qr_v2/worker-5-brief-9,0,0,0.00,0,0,+0.00
autocuda/optimize/2026-06-19-00-34-18-qr_v2/worker-0-brief-0,0,0,0.00,0,0,+0.00
autocuda/optimize/2026-06-19-00-34-18-qr_v2/worker-0-brief-1,0,0,0.00,0,0,+0.00
autocuda/optimize/2026-06-19-00-34-18-qr_v2/worker-0-brief-2,0,0,0.00,0,0,+0.00
autocuda/optimize/2026-06-19-00-34-18-qr_v2/worker-0-brief-3,0,0,0.00,0,0,+0.00
autocuda/optimize/2026-06-19-00-34-18-qr_v2/worker-1-brief-0,0,0,0.00,0,0,+0.00
autocuda/optimize/2026-06-19-00-34-18-qr_v2/worker-1-brief-1,0,0,0.00,0,0,+0.00
autocuda/optimize/2026-06-19-00-34-18-qr_v2/worker-1-brief-2,0,0,0.00,0,0,+0.00
autocuda/optimize/2026-06-19-00-34-18-qr_v2/worker-2-brief-0,0,0,0.00,0,0,+0.00
autocuda/optimize/2026-06-19-00-34-18-qr_v2/worker-2-brief-1,0,0,0.00,0,0,+0.00
autocuda/optimize/2026-06-19-00-34-18-qr_v2/worker-2-brief-2,0,0,0.00,0,0,+0.00
autocuda/optimize/2026-06-19-00-34-18-qr_v2/worker-2-brief-3,0,0,0.00,0,0,+0.00
autocuda/optimize/2026-06-19-00-34-18-qr_v2/worker-3-brief-0,0,0,0.00,0,0,+0.00
autocuda/optimize/2026-06-19-00-34-18-qr_v2/worker-3-brief-1,0,0,0.00,0,0,+0.00
autocuda/optimize/2026-06-19-00-34-18-qr_v2/worker-3-brief-2,0,0,0.00,0,0,+0.00
autocuda/optimize/2026-06-19-00-34-18-qr_v2/worker-3-brief-3,0,0,0.00,0,0,+0.00
autocuda/optimize/2026-06-19-00-34-18-qr_v2/worker-4-brief-0,0,0,0.00,0,0,+0.00
autocuda/optimize/2026-06-19-00-34-18-qr_v2/worker-4-brief-1,0,0,0.00,0,0,+0.00
autocuda/optimize/2026-06-19-00-34-18-qr_v2/worker-4-brief-2,0,0,0.00,0,0,+0.00
autocuda/optimize/2026-06-19-04-54-07-qr_v2/worker-0-brief-0,0,0,0.00,0,0,+0.00
autocuda/optimize/2026-06-19-04-54-07-qr_v2/worker-0-brief-10,0,0,0.00,0,0,+0.00
autocuda/optimize/2026-06-19-04-54-07-qr_v2/worker-0-brief-11,0,0,0.00,0,0,+0.00
autocuda/optimize/2026-06-19-04-54-07-qr_v2/worker-0-brief-12,0,0,0.00,0,0,+0.00
autocuda/optimize/2026-06-19-04-54-07-qr_v2/worker-0-brief-2,0,0,0.00,0,0,+0.00
autocuda/optimize/2026-06-19-04-54-07-qr_v2/worker-0-brief-4,0,0,0.00,0,0,+0.00
autocuda/optimize/2026-06-19-04-54-07-qr_v2/worker-0-brief-5,0,0,0.00,0,0,+0.00
autocuda/optimize/2026-06-19-04-54-07-qr_v2/worker-0-brief-6,0,0,0.00,0,0,+0.00
autocuda/optimize/2026-06-19-04-54-07-qr_v2/worker-0-brief-7,0,0,0.00,0,0,+0.00
autocuda/optimize/2026-06-19-04-54-07-qr_v2/worker-0-brief-8,0,0,0.00,0,0,+0.00
autocuda/optimize/2026-06-19-04-54-07-qr_v2/worker-0-brief-9,0,0,0.00,0,0,+0.00
autocuda/optimize/2026-06-19-04-54-07-qr_v2/worker-1-brief-0,0,0,0.00,0,0,+0.00
autocuda/optimize/2026-06-19-04-54-07-qr_v2/worker-1-brief-10,0,0,0.00,0,0,+0.00
autocuda/optimize/2026-06-19-04-54-07-qr_v2/worker-1-brief-11,0,0,0.00,0,0,+0.00
autocuda/optimize/2026-06-19-04-54-07-qr_v2/worker-1-brief-2,0,0,0.00,0,0,+0.00
autocuda/optimize/2026-06-19-04-54-07-qr_v2/worker-1-brief-4,0,0,0.00,0,0,+0.00
autocuda/optimize/2026-06-19-04-54-07-qr_v2/worker-1-brief-5,0,0,0.00,0,0,+0.00
autocuda/optimize/2026-06-19-04-54-07-qr_v2/worker-1-brief-7,0,0,0.00,0,0,+0.00
autocuda/optimize/2026-06-19-04-54-07-qr_v2/worker-1-brief-8,0,0,0.00,0,0,+0.00
autocuda/optimize/2026-06-19-04-54-07-qr_v2/worker-1-brief-9,0,0,0.00,0,0,+0.00
autocuda/optimize/2026-06-19-04-54-07-qr_v2/worker-2-brief-0,0,0,0.00,0,0,+0.00
autocuda/optimize/2026-06-19-04-54-07-qr_v2/worker-2-brief-10,0,0,0.00,0,0,+0.00
autocuda/optimize/2026-06-19-04-54-07-qr_v2/worker-2-brief-11,0,0,0.00,0,0,+0.00
autocuda/optimize/2026-06-19-04-54-07-qr_v2/worker-2-brief-12,0,0,0.00,0,0,+0.00
autocuda/optimize/2026-06-19-04-54-07-qr_v2/worker-2-brief-2,0,0,0.00,0,0,+0.00
autocuda/optimize/2026-06-19-04-54-07-qr_v2/worker-2-brief-5,0,0,0.00,0,0,+0.00
autocuda/optimize/2026-06-19-04-54-07-qr_v2/worker-2-brief-6,0,0,0.00,0,0,+0.00
autocuda/optimize/2026-06-19-04-54-07-qr_v2/worker-2-brief-7,0,0,0.00,0,0,+0.00
autocuda/optimize/2026-06-19-04-54-07-qr_v2/worker-2-brief-9,0,0,0.00,0,0,+0.00
autocuda/optimize/2026-06-19-04-54-07-qr_v2/worker-3-brief-0,0,0,0.00,0,0,+0.00
autocuda/optimize/2026-06-19-04-54-07-qr_v2/worker-3-brief-10,0,0,0.00,0,0,+0.00
autocuda/optimize/2026-06-19-04-54-07-qr_v2/worker-3-brief-11,0,0,0.00,0,0,+0.00
autocuda/optimize/2026-06-19-04-54-07-qr_v2/worker-3-brief-13,0,0,0.00,0,0,+0.00
autocuda/optimize/2026-06-19-04-54-07-qr_v2/worker-3-brief-14,0,0,0.00,0,0,+0.00
autocuda/optimize/2026-06-19-04-54-07-qr_v2/worker-3-brief-15,0,0,0.00,0,0,+0.00
autocuda/optimize/2026-06-19-04-54-07-qr_v2/worker-3-brief-2,0,0,0.00,0,0,+0.00
autocuda/optimize/2026-06-19-04-54-07-qr_v2/worker-3-brief-4,0,0,0.00,0,0,+0.00
autocuda/optimize/2026-06-19-04-54-07-qr_v2/worker-3-brief-6,0,0,0.00,0,0,+0.00
autocuda/optimize/2026-06-19-04-54-07-qr_v2/worker-3-brief-7,0,0,0.00,0,0,+0.00
autocuda/optimize/2026-06-19-04-54-07-qr_v2/worker-3-brief-8,0,0,0.00,0,0,+0.00
autocuda/optimize/2026-06-19-04-54-07-qr_v2/worker-4-brief-0,0,0,0.00,0,0,+0.00
autocuda/optimize/2026-06-19-04-54-07-qr_v2/worker-4-brief-1,0,0,0.00,0,0,+0.00
autocuda/optimize/2026-06-19-04-54-07-qr_v2/worker-4-brief-10,0,0,0.00,0,0,+0.00
autocuda/optimize/2026-06-19-04-54-07-qr_v2/worker-4-brief-11,0,0,0.00,0,0,+0.00
autocuda/optimize/2026-06-19-04-54-07-qr_v2/worker-4-brief-13,0,0,0.00,0,0,+0.00
autocuda/optimize/2026-06-19-04-54-07-qr_v2/worker-4-brief-14,0,0,0.00,0,0,+0.00
autocuda/optimize/2026-06-19-04-54-07-qr_v2/worker-4-brief-15,0,0,0.00,0,0,+0.00
autocuda/optimize/2026-06-19-04-54-07-qr_v2/worker-4-brief-3,0,0,0.00,0,0,+0.00
autocuda/optimize/2026-06-19-04-54-07-qr_v2/worker-4-brief-5,0,0,0.00,0,0,+0.00
autocuda/optimize/2026-06-19-04-54-07-qr_v2/worker-4-brief-6,0,0,0.00,0,0,+0.00
autocuda/optimize/2026-06-19-04-54-07-qr_v2/worker-4-brief-8,0,0,0.00,0,0,+0.00
autocuda/optimize/2026-06-19-04-54-07-qr_v2/worker-4-brief-9,0,0,0.00,0,0,+0.00
autocuda/optimize/2026-06-19-04-54-07-qr_v2/worker-5-brief-0,0,0,0.00,0,0,+0.00
autocuda/optimize/2026-06-19-04-54-07-qr_v2/worker-5-brief-1,0,0,0.00,0,0,+0.00
autocuda/optimize/2026-06-19-04-54-07-qr_v2/worker-5-brief-10,0,0,0.00,0,0,+0.00
autocuda/optimize/2026-06-19-04-54-07-qr_v2/worker-5-brief-11,0,0,0.00,0,0,+0.00
autocuda/optimize/2026-06-19-04-54-07-qr_v2/worker-5-brief-12,0,0,0.00,0,0,+0.00
autocuda/optimize/2026-06-19-04-54-07-qr_v2/worker-5-brief-13,0,0,0.00,0,0,+0.00
autocuda/optimize/2026-06-19-04-54-07-qr_v2/worker-5-brief-14,0,0,0.00,0,0,+0.00
autocuda/optimize/2026-06-19-04-54-07-qr_v2/worker-5-brief-15,0,0,0.00,0,0,+0.00
autocuda/optimize/2026-06-19-04-54-07-qr_v2/worker-5-brief-2,0,0,0.00,0,0,+0.00
autocuda/optimize/2026-06-19-04-54-07-qr_v2/worker-5-brief-4,0,0,0.00,0,0,+0.00
autocuda/optimize/2026-06-19-04-54-07-qr_v2/worker-5-brief-6,0,0,0.00,0,0,+0.00
autocuda/optimize/2026-06-19-04-54-07-qr_v2/worker-5-brief-7,0,0,0.00,0,0,+0.00
autocuda/optimize/2026-06-19-04-54-07-qr_v2/worker-5-brief-8,0,0,0.00,0,0,+0.00
autocuda/optimize/2026-06-20-04-33-52-qr_v2_simplify/worker-0-brief-0,0,0,0.00,0,0,+0.00
autocuda/optimize/2026-06-20-04-33-52-qr_v2_simplify/worker-0-brief-1,0,0,0.00,0,0,+0.00
autocuda/optimize/2026-06-20-04-33-52-qr_v2_simplify/worker-0-brief-10,0,0,0.00,0,0,+0.00
autocuda/optimize/2026-06-20-04-33-52-qr_v2_simplify/worker-0-brief-11,0,0,0.00,0,0,+0.00
autocuda/optimize/2026-06-20-04-33-52-qr_v2_simplify/worker-0-brief-12,0,0,0.00,0,0,+0.00
autocuda/optimize/2026-06-20-04-33-52-qr_v2_simplify/worker-0-brief-13,0,0,0.00,0,0,+0.00
autocuda/optimize/2026-06-20-04-33-52-qr_v2_simplify/worker-0-brief-14,0,0,0.00,0,0,+0.00
autocuda/optimize/2026-06-20-04-33-52-qr_v2_simplify/worker-0-brief-15,0,0,0.00,0,0,+0.00
autocuda/optimize/2026-06-20-04-33-52-qr_v2_simplify/worker-0-brief-16,0,0,0.00,0,0,+0.00
autocuda/optimize/2026-06-20-04-33-52-qr_v2_simplify/worker-0-brief-2,0,0,0.00,0,0,+0.00
autocuda/optimize/2026-06-20-04-33-52-qr_v2_simplify/worker-0-brief-3,0,0,0.00,0,0,+0.00
autocuda/optimize/2026-06-20-04-33-52-qr_v2_simplify/worker-0-brief-4,0,0,0.00,0,0,+0.00
autocuda/optimize/2026-06-20-04-33-52-qr_v2_simplify/worker-0-brief-5,0,0,0.00,0,0,+0.00
autocuda/optimize/2026-06-20-04-33-52-qr_v2_simplify/worker-0-brief-6,0,0,0.00,0,0,+0.00
autocuda/optimize/2026-06-20-04-33-52-qr_v2_simplify/worker-0-brief-7,0,0,0.00,0,0,+0.00
autocuda/optimize/2026-06-20-04-33-52-qr_v2_simplify/worker-0-brief-8,0,0,0.00,0,0,+0.00
autocuda/optimize/2026-06-20-04-33-52-qr_v2_simplify/worker-0-brief-9,0,0,0.00,0,0,+0.00
autocuda/optimize/2026-06-20-04-33-52-qr_v2_simplify/worker-1-brief-0,0,0,0.00,0,0,+0.00
autocuda/optimize/2026-06-20-04-33-52-qr_v2_simplify/worker-1-brief-1,0,0,0.00,0,0,+0.00
autocuda/optimize/2026-06-20-04-33-52-qr_v2_simplify/worker-1-brief-10,0,0,0.00,0,0,+0.00
autocuda/optimize/2026-06-20-04-33-52-qr_v2_simplify/worker-1-brief-11,0,0,0.00,0,0,+0.00
autocuda/optimize/2026-06-20-04-33-52-qr_v2_simplify/worker-1-brief-12,0,0,0.00,0,0,+0.00
autocuda/optimize/2026-06-20-04-33-52-qr_v2_simplify/worker-1-brief-13,0,0,0.00,0,0,+0.00
autocuda/optimize/2026-06-20-04-33-52-qr_v2_simplify/worker-1-brief-13-refactor,0,0,0.00,0,0,+0.00
autocuda/optimize/2026-06-20-04-33-52-qr_v2_simplify/worker-1-brief-14,0,0,0.00,0,0,+0.00
autocuda/optimize/2026-06-20-04-33-52-qr_v2_simplify/worker-1-brief-15,0,0,0.00,0,0,+0.00
autocuda/optimize/2026-06-20-04-33-52-qr_v2_simplify/worker-1-brief-16,0,0,0.00,0,0,+0.00
autocuda/optimize/2026-06-20-04-33-52-qr_v2_simplify/worker-1-brief-17,0,0,0.00,0,0,+0.00
autocuda/optimize/2026-06-20-04-33-52-qr_v2_simplify/worker-1-brief-18,0,0,0.00,0,0,+0.00
autocuda/optimize/2026-06-20-04-33-52-qr_v2_simplify/worker-1-brief-19,0,0,0.00,0,0,+0.00
autocuda/optimize/2026-06-20-04-33-52-qr_v2_simplify/worker-1-brief-2,0,0,0.00,0,0,+0.00
autocuda/optimize/2026-06-20-04-33-52-qr_v2_simplify/worker-1-brief-3,0,0,0.00,0,0,+0.00
autocuda/optimize/2026-06-20-04-33-52-qr_v2_simplify/worker-1-brief-4,0,0,0.00,0,0,+0.00
autocuda/optimize/2026-06-20-04-33-52-qr_v2_simplify/worker-1-brief-5,0,0,0.00,0,0,+0.00
autocuda/optimize/2026-06-20-04-33-52-qr_v2_simplify/worker-1-brief-6,0,0,0.00,0,0,+0.00
autocuda/optimize/2026-06-20-04-33-52-qr_v2_simplify/worker-1-brief-7,0,0,0.00,0,0,+0.00
autocuda/optimize/2026-06-20-04-33-52-qr_v2_simplify/worker-1-brief-8,0,0,0.00,0,0,+0.00
autocuda/optimize/2026-06-20-04-33-52-qr_v2_simplify/worker-1-brief-9,0,0,0.00,0,0,+0.00
autocuda/optimize/2026-06-20-04-33-52-qr_v2_simplify/worker-1-combine-all5,0,0,0.00,0,0,+0.00
autocuda/optimize/2026-06-20-04-33-52-qr_v2_simplify/worker-1-combine-w4fold,0,0,0.00,0,0,+0.00
autocuda/optimize/2026-06-20-04-33-52-qr_v2_simplify/worker-2-brief-0,0,0,0.00,0,0,+0.00
autocuda/optimize/2026-06-20-04-33-52-qr_v2_simplify/worker-2-brief-1,0,0,0.00,0,0,+0.00
autocuda/optimize/2026-06-20-04-33-52-qr_v2_simplify/worker-2-brief-10,0,0,0.00,0,0,+0.00
autocuda/optimize/2026-06-20-04-33-52-qr_v2_simplify/worker-2-brief-11,0,0,0.00,0,0,+0.00
autocuda/optimize/2026-06-20-04-33-52-qr_v2_simplify/worker-2-brief-12,0,0,0.00,0,0,+0.00
autocuda/optimize/2026-06-20-04-33-52-qr_v2_simplify/worker-2-brief-13,0,0,0.00,0,0,+0.00
autocuda/optimize/2026-06-20-04-33-52-qr_v2_simplify/worker-2-brief-14,0,0,0.00,0,0,+0.00
autocuda/optimize/2026-06-20-04-33-52-qr_v2_simplify/worker-2-brief-15,0,0,0.00,0,0,+0.00
autocuda/optimize/2026-06-20-04-33-52-qr_v2_simplify/worker-2-brief-16,0,0,0.00,0,0,+0.00
autocuda/optimize/2026-06-20-04-33-52-qr_v2_simplify/worker-2-brief-17,0,0,0.00,0,0,+0.00
autocuda/optimize/2026-06-20-04-33-52-qr_v2_simplify/worker-2-brief-18,0,0,0.00,0,0,+0.00
autocuda/optimize/2026-06-20-04-33-52-qr_v2_simplify/worker-2-brief-19,0,0,0.00,0,0,+0.00
autocuda/optimize/2026-06-20-04-33-52-qr_v2_simplify/worker-2-brief-2,0,0,0.00,0,0,+0.00
autocuda/optimize/2026-06-20-04-33-52-qr_v2_simplify/worker-2-brief-3,0,0,0.00,0,0,+0.00
autocuda/optimize/2026-06-20-04-33-52-qr_v2_simplify/worker-2-brief-4,0,0,0.00,0,0,+0.00
autocuda/optimize/2026-06-20-04-33-52-qr_v2_simplify/worker-2-brief-5,0,0,0.00,0,0,+0.00
autocuda/optimize/2026-06-20-04-33-52-qr_v2_simplify/worker-2-brief-6,0,0,0.00,0,0,+0.00
autocuda/optimize/2026-06-20-04-33-52-qr_v2_simplify/worker-2-brief-7,0,0,0.00,0,0,+0.00
autocuda/optimize/2026-06-20-04-33-52-qr_v2_simplify/worker-2-brief-8,0,0,0.00,0,0,+0.00
autocuda/optimize/2026-06-20-04-33-52-qr_v2_simplify/worker-2-brief-9,0,0,0.00,0,0,+0.00
autocuda/optimize/2026-06-20-04-33-52-qr_v2_simplify/worker-3-brief-0,0,0,0.00,0,0,+0.00
autocuda/optimize/2026-06-20-04-33-52-qr_v2_simplify/worker-3-brief-1,0,0,0.00,0,0,+0.00
autocuda/optimize/2026-06-20-04-33-52-qr_v2_simplify/worker-3-brief-10,0,0,0.00,0,0,+0.00
autocuda/optimize/2026-06-20-04-33-52-qr_v2_simplify/worker-3-brief-11,0,0,0.00,0,0,+0.00
autocuda/optimize/2026-06-20-04-33-52-qr_v2_simplify/worker-3-brief-12,0,0,0.00,0,0,+0.00
autocuda/optimize/2026-06-20-04-33-52-qr_v2_simplify/worker-3-brief-13,0,0,0.00,0,0,+0.00
autocuda/optimize/2026-06-20-04-33-52-qr_v2_simplify/worker-3-brief-14,0,0,0.00,0,0,+0.00
autocuda/optimize/2026-06-20-04-33-52-qr_v2_simplify/worker-3-brief-16,0,0,0.00,0,0,+0.00
autocuda/optimize/2026-06-20-04-33-52-qr_v2_simplify/worker-3-brief-17,0,0,0.00,0,0,+0.00
autocuda/optimize/2026-06-20-04-33-52-qr_v2_simplify/worker-3-brief-18,0,0,0.00,0,0,+0.00
autocuda/optimize/2026-06-20-04-33-52-qr_v2_simplify/worker-3-brief-19,0,0,0.00,0,0,+0.00
autocuda/optimize/2026-06-20-04-33-52-qr_v2_simplify/worker-3-brief-2,0,0,0.00,0,0,+0.00
autocuda/optimize/2026-06-20-04-33-52-qr_v2_simplify/worker-3-brief-20,0,0,0.00,0,0,+0.00
autocuda/optimize/2026-06-20-04-33-52-qr_v2_simplify/worker-3-brief-21,0,0,0.00,0,0,+0.00
autocuda/optimize/2026-06-20-04-33-52-qr_v2_simplify/worker-3-brief-22,0,0,0.00,0,0,+0.00
autocuda/optimize/2026-06-20-04-33-52-qr_v2_simplify/worker-3-brief-23,0,0,0.00,0,0,+0.00
autocuda/optimize/2026-06-20-04-33-52-qr_v2_simplify/worker-3-brief-24,0,0,0.00,0,0,+0.00
autocuda/optimize/2026-06-20-04-33-52-qr_v2_simplify/worker-3-brief-3,0,0,0.00,0,0,+0.00
autocuda/optimize/2026-06-20-04-33-52-qr_v2_simplify/worker-3-brief-4,0,0,0.00,0,0,+0.00
autocuda/optimize/2026-06-20-04-33-52-qr_v2_simplify/worker-3-brief-5,0,0,0.00,0,0,+0.00
autocuda/optimize/2026-06-20-04-33-52-qr_v2_simplify/worker-3-brief-6,0,0,0.00,0,0,+0.00
autocuda/optimize/2026-06-20-04-33-52-qr_v2_simplify/worker-3-brief-7,0,0,0.00,0,0,+0.00
autocuda/optimize/2026-06-20-04-33-52-qr_v2_simplify/worker-3-brief-8,0,0,0.00,0,0,+0.00
autocuda/optimize/2026-06-20-04-33-52-qr_v2_simplify/worker-3-brief-9,0,0,0.00,0,0,+0.00
autocuda/optimize/2026-06-20-04-33-52-qr_v2_simplify/worker-4-brief-0,0,0,0.00,0,0,+0.00
autocuda/optimize/2026-06-20-04-33-52-qr_v2_simplify/worker-4-brief-1,0,0,0.00,0,0,+0.00
autocuda/optimize/2026-06-20-04-33-52-qr_v2_simplify/worker-4-brief-10,0,0,0.00,0,0,+0.00
autocuda/optimize/2026-06-20-04-33-52-qr_v2_simplify/worker-4-brief-11,0,0,0.00,0,0,+0.00
autocuda/optimize/2026-06-20-04-33-52-qr_v2_simplify/worker-4-brief-12,0,0,0.00,0,0,+0.00
autocuda/optimize/2026-06-20-04-33-52-qr_v2_simplify/worker-4-brief-13,0,0,0.00,0,0,+0.00
autocuda/optimize/2026-06-20-04-33-52-qr_v2_simplify/worker-4-brief-14,0,0,0.00,0,0,+0.00
autocuda/optimize/2026-06-20-04-33-52-qr_v2_simplify/worker-4-brief-15,0,0,0.00,0,0,+0.00
autocuda/optimize/2026-06-20-04-33-52-qr_v2_simplify/worker-4-brief-16,0,0,0.00,0,0,+0.00
autocuda/optimize/2026-06-20-04-33-52-qr_v2_simplify/worker-4-brief-17,0,0,0.00,0,0,+0.00
autocuda/optimize/2026-06-20-04-33-52-qr_v2_simplify/worker-4-brief-18,0,0,0.00,0,0,+0.00
autocuda/optimize/2026-06-20-04-33-52-qr_v2_simplify/worker-4-brief-19,0,0,0.00,0,0,+0.00
autocuda/optimize/2026-06-20-04-33-52-qr_v2_simplify/worker-4-brief-2,0,0,0.00,0,0,+0.00
autocuda/optimize/2026-06-20-04-33-52-qr_v2_simplify/worker-4-brief-20,0,0,0.00,0,0,+0.00
autocuda/optimize/2026-06-20-04-33-52-qr_v2_simplify/worker-4-brief-21,0,0,0.00,0,0,+0.00
autocuda/optimize/2026-06-20-04-33-52-qr_v2_simplify/worker-4-brief-22,0,0,0.00,0,0,+0.00
autocuda/optimize/2026-06-20-04-33-52-qr_v2_simplify/worker-4-brief-3,0,0,0.00,0,0,+0.00
autocuda/optimize/2026-06-20-04-33-52-qr_v2_simplify/worker-4-brief-4,0,0,0.00,0,0,+0.00
autocuda/optimize/2026-06-20-04-33-52-qr_v2_simplify/worker-4-brief-5,0,0,0.00,0,0,+0.00
autocuda/optimize/2026-06-20-04-33-52-qr_v2_simplify/worker-4-brief-6,0,0,0.00,0,0,+0.00
autocuda/optimize/2026-06-20-04-33-52-qr_v2_simplify/worker-4-brief-7,0,0,0.00,0,0,+0.00
autocuda/optimize/2026-06-20-04-33-52-qr_v2_simplify/worker-4-brief-8,0,0,0.00,0,0,+0.00
autocuda/optimize/2026-06-20-04-33-52-qr_v2_simplify/worker-4-brief-9,0,0,0.00,0,0,+0.00
autocuda/optimize/2026-06-20-04-33-52-qr_v2_simplify/worker-5-brief-0,0,0,0.00,0,0,+0.00
autocuda/optimize/2026-06-20-04-33-52-qr_v2_simplify/worker-5-brief-1,0,0,0.00,0,0,+0.00
autocuda/optimize/2026-06-20-04-33-52-qr_v2_simplify/worker-5-brief-10,0,0,0.00,0,0,+0.00
autocuda/optimize/2026-06-20-04-33-52-qr_v2_simplify/worker-5-brief-11,0,0,0.00,0,0,+0.00
autocuda/optimize/2026-06-20-04-33-52-qr_v2_simplify/worker-5-brief-12,0,0,0.00,0,0,+0.00
autocuda/optimize/2026-06-20-04-33-52-qr_v2_simplify/worker-5-brief-13,0,0,0.00,0,0,+0.00
autocuda/optimize/2026-06-20-04-33-52-qr_v2_simplify/worker-5-brief-15,0,0,0.00,0,0,+0.00
autocuda/optimize/2026-06-20-04-33-52-qr_v2_simplify/worker-5-brief-16,0,0,0.00,0,0,+0.00
autocuda/optimize/2026-06-20-04-33-52-qr_v2_simplify/worker-5-brief-17,0,0,0.00,0,0,+0.00
autocuda/optimize/2026-06-20-04-33-52-qr_v2_simplify/worker-5-brief-18,0,0,0.00,0,0,+0.00
autocuda/optimize/2026-06-20-04-33-52-qr_v2_simplify/worker-5-brief-19,0,0,0.00,0,0,+0.00
autocuda/optimize/2026-06-20-04-33-52-qr_v2_simplify/worker-5-brief-2,0,0,0.00,0,0,+0.00
autocuda/optimize/2026-06-20-04-33-52-qr_v2_simplify/worker-5-brief-20,0,0,0.00,0,0,+0.00
autocuda/optimize/2026-06-20-04-33-52-qr_v2_simplify/worker-5-brief-21,0,0,0.00,0,0,+0.00
autocuda/optimize/2026-06-20-04-33-52-qr_v2_simplify/worker-5-brief-22,0,0,0.00,0,0,+0.00
autocuda/optimize/2026-06-20-04-33-52-qr_v2_simplify/worker-5-brief-3,0,0,0.00,0,0,+0.00
autocuda/optimize/2026-06-20-04-33-52-qr_v2_simplify/worker-5-brief-4,0,0,0.00,0,0,+0.00
autocuda/optimize/2026-06-20-04-33-52-qr_v2_simplify/worker-5-brief-5,0,0,0.00,0,0,+0.00
autocuda/optimize/2026-06-20-04-33-52-qr_v2_simplify/worker-5-brief-6,0,0,0.00,0,0,+0.00
autocuda/optimize/2026-06-20-04-33-52-qr_v2_simplify/worker-5-brief-7,0,0,0.00,0,0,+0.00
autocuda/optimize/2026-06-20-04-33-52-qr_v2_simplify/worker-5-brief-8,0,0,0.00,0,0,+0.00
autocuda/optimize/2026-06-20-04-33-52-qr_v2_simplify/worker-5-brief-9,0,0,0.00,0,0,+0.00
autocuda/optimize/2026-06-20-20-26-49-qr_v2/worker-0-brief-0,0,0,0.00,0,0,+0.00
autocuda/optimize/2026-06-20-20-26-49-qr_v2/worker-0-brief-1,0,0,0.00,0,0,+0.00
autocuda/optimize/2026-06-20-20-26-49-qr_v2/worker-0-brief-10,0,0,0.00,0,0,+0.00
autocuda/optimize/2026-06-20-20-26-49-qr_v2/worker-0-brief-11,0,0,0.00,0,0,+0.00
autocuda/optimize/2026-06-20-20-26-49-qr_v2/worker-0-brief-12,0,0,0.00,0,0,+0.00
autocuda/optimize/2026-06-20-20-26-49-qr_v2/worker-0-brief-13,0,0,0.00,0,0,+0.00
autocuda/optimize/2026-06-20-20-26-49-qr_v2/worker-0-brief-14,0,0,0.00,0,0,+0.00
autocuda/optimize/2026-06-20-20-26-49-qr_v2/worker-0-brief-15,0,0,0.00,0,0,+0.00
autocuda/optimize/2026-06-20-20-26-49-qr_v2/worker-0-brief-16,0,0,0.00,0,0,+0.00
autocuda/optimize/2026-06-20-20-26-49-qr_v2/worker-0-brief-17,0,0,0.00,0,0,+0.00
autocuda/optimize/2026-06-20-20-26-49-qr_v2/worker-0-brief-18,0,0,0.00,0,0,+0.00
autocuda/optimize/2026-06-20-20-26-49-qr_v2/worker-0-brief-19,0,0,0.00,0,0,+0.00
autocuda/optimize/2026-06-20-20-26-49-qr_v2/worker-0-brief-2,0,0,0.00,0,0,+0.00
autocuda/optimize/2026-06-20-20-26-49-qr_v2/worker-0-brief-20,0,0,0.00,0,0,+0.00
autocuda/optimize/2026-06-20-20-26-49-qr_v2/worker-0-brief-21,0,0,0.00,0,0,+0.00
autocuda/optimize/2026-06-20-20-26-49-qr_v2/worker-0-brief-22,0,0,0.00,0,0,+0.00
autocuda/optimize/2026-06-20-20-26-49-qr_v2/worker-0-brief-23,0,0,0.00,0,0,+0.00
autocuda/optimize/2026-06-20-20-26-49-qr_v2/worker-0-brief-24,0,0,0.00,0,0,+0.00
autocuda/optimize/2026-06-20-20-26-49-qr_v2/worker-0-brief-25,0,0,0.00,0,0,+0.00
autocuda/optimize/2026-06-20-20-26-49-qr_v2/worker-0-brief-26,0,0,0.00,0,0,+0.00
autocuda/optimize/2026-06-20-20-26-49-qr_v2/worker-0-brief-27,0,0,0.00,0,0,+0.00
autocuda/optimize/2026-06-20-20-26-49-qr_v2/worker-0-brief-28,0,0,0.00,0,0,+0.00
autocuda/optimize/2026-06-20-20-26-49-qr_v2/worker-0-brief-3,0,0,0.00,0,0,+0.00
autocuda/optimize/2026-06-20-20-26-49-qr_v2/worker-0-brief-30,0,0,0.00,0,0,+0.00
autocuda/optimize/2026-06-20-20-26-49-qr_v2/worker-0-brief-31,0,0,0.00,0,0,+0.00
autocuda/optimize/2026-06-20-20-26-49-qr_v2/worker-0-brief-32,0,0,0.00,0,0,+0.00
autocuda/optimize/2026-06-20-20-26-49-qr_v2/worker-0-brief-33,0,0,0.00,0,0,+0.00
autocuda/optimize/2026-06-20-20-26-49-qr_v2/worker-0-brief-34,0,0,0.00,0,0,+0.00
autocuda/optimize/2026-06-20-20-26-49-qr_v2/worker-0-brief-35,0,0,0.00,0,0,+0.00
autocuda/optimize/2026-06-20-20-26-49-qr_v2/worker-0-brief-36,0,0,0.00,0,0,+0.00
autocuda/optimize/2026-06-20-20-26-49-qr_v2/worker-0-brief-37,0,0,0.00,0,0,+0.00
autocuda/optimize/2026-06-20-20-26-49-qr_v2/worker-0-brief-38,0,0,0.00,0,0,+0.00
autocuda/optimize/2026-06-20-20-26-49-qr_v2/worker-0-brief-39,0,0,0.00,0,0,+0.00
autocuda/optimize/2026-06-20-20-26-49-qr_v2/worker-0-brief-4,0,0,0.00,0,0,+0.00
autocuda/optimize/2026-06-20-20-26-49-qr_v2/worker-0-brief-40,0,0,0.00,0,0,+0.00
autocuda/optimize/2026-06-20-20-26-49-qr_v2/worker-0-brief-41,0,0,0.00,0,0,+0.00
autocuda/optimize/2026-06-20-20-26-49-qr_v2/worker-0-brief-42,0,0,0.00,0,0,+0.00
autocuda/optimize/2026-06-20-20-26-49-qr_v2/worker-0-brief-43,0,0,0.00,0,0,+0.00
autocuda/optimize/2026-06-20-20-26-49-qr_v2/worker-0-brief-44,0,0,0.00,0,0,+0.00
autocuda/optimize/2026-06-20-20-26-49-qr_v2/worker-0-brief-45,0,0,0.00,0,0,+0.00
autocuda/optimize/2026-06-20-20-26-49-qr_v2/worker-0-brief-46,0,0,0.00,0,0,+0.00
autocuda/optimize/2026-06-20-20-26-49-qr_v2/worker-0-brief-47,0,0,0.00,0,0,+0.00
autocuda/optimize/2026-06-20-20-26-49-qr_v2/worker-0-brief-48,0,0,0.00,0,0,+0.00
autocuda/optimize/2026-06-20-20-26-49-qr_v2/worker-0-brief-49,0,0,0.00,0,0,+0.00
autocuda/optimize/2026-06-20-20-26-49-qr_v2/worker-0-brief-5,0,0,0.00,0,0,+0.00
autocuda/optimize/2026-06-20-20-26-49-qr_v2/worker-0-brief-50,0,0,0.00,0,0,+0.00
autocuda/optimize/2026-06-20-20-26-49-qr_v2/worker-0-brief-51,0,0,0.00,0,0,+0.00
autocuda/optimize/2026-06-20-20-26-49-qr_v2/worker-0-brief-52,0,0,0.00,0,0,+0.00
autocuda/optimize/2026-06-20-20-26-49-qr_v2/worker-0-brief-53,0,0,0.00,0,0,+0.00
autocuda/optimize/2026-06-20-20-26-49-qr_v2/worker-0-brief-54,0,0,0.00,0,0,+0.00
autocuda/optimize/2026-06-20-20-26-49-qr_v2/worker-0-brief-55,0,0,0.00,0,0,+0.00
autocuda/optimize/2026-06-20-20-26-49-qr_v2/worker-0-brief-56,0,0,0.00,0,0,+0.00
autocuda/optimize/2026-06-20-20-26-49-qr_v2/worker-0-brief-57,0,0,0.00,0,0,+0.00
autocuda/optimize/2026-06-20-20-26-49-qr_v2/worker-0-brief-58,0,0,0.00,0,0,+0.00
autocuda/optimize/2026-06-20-20-26-49-qr_v2/worker-0-brief-59,0,0,0.00,0,0,+0.00
autocuda/optimize/2026-06-20-20-26-49-qr_v2/worker-0-brief-6,0,0,0.00,0,0,+0.00
autocuda/optimize/2026-06-20-20-26-49-qr_v2/worker-0-brief-60,0,0,0.00,0,0,+0.00
autocuda/optimize/2026-06-20-20-26-49-qr_v2/worker-0-brief-61,0,0,0.00,0,0,+0.00
autocuda/optimize/2026-06-20-20-26-49-qr_v2/worker-0-brief-62,0,0,0.00,0,0,+0.00
autocuda/optimize/2026-06-20-20-26-49-qr_v2/worker-0-brief-63,0,0,0.00,0,0,+0.00
autocuda/optimize/2026-06-20-20-26-49-qr_v2/worker-0-brief-64,0,0,0.00,0,0,+0.00
autocuda/optimize/2026-06-20-20-26-49-qr_v2/worker-0-brief-65,0,0,0.00,0,0,+0.00
autocuda/optimize/2026-06-20-20-26-49-qr_v2/worker-0-brief-7,0,0,0.00,0,0,+0.00
autocuda/optimize/2026-06-20-20-26-49-qr_v2/worker-0-brief-8,0,0,0.00,0,0,+0.00
autocuda/optimize/2026-06-20-20-26-49-qr_v2/worker-0-brief-9,0,0,0.00,0,0,+0.00
autocuda/optimize/2026-06-20-20-26-49-qr_v2/worker-1-brief-0,0,0,0.00,0,0,+0.00
autocuda/optimize/2026-06-20-20-26-49-qr_v2/worker-1-brief-1,0,0,0.00,0,0,+0.00
autocuda/optimize/2026-06-20-20-26-49-qr_v2/worker-1-brief-10,0,0,0.00,0,0,+0.00
autocuda/optimize/2026-06-20-20-26-49-qr_v2/worker-1-brief-11,0,0,0.00,0,0,+0.00
autocuda/optimize/2026-06-20-20-26-49-qr_v2/worker-1-brief-12,0,0,0.00,0,0,+0.00
autocuda/optimize/2026-06-20-20-26-49-qr_v2/worker-1-brief-13,0,0,0.00,0,0,+0.00
autocuda/optimize/2026-06-20-20-26-49-qr_v2/worker-1-brief-14,0,0,0.00,0,0,+0.00
autocuda/optimize/2026-06-20-20-26-49-qr_v2/worker-1-brief-15,0,0,0.00,0,0,+0.00
autocuda/optimize/2026-06-20-20-26-49-qr_v2/worker-1-brief-16,0,0,0.00,0,0,+0.00
autocuda/optimize/2026-06-20-20-26-49-qr_v2/worker-1-brief-17,0,0,0.00,0,0,+0.00
autocuda/optimize/2026-06-20-20-26-49-qr_v2/worker-1-brief-18,0,0,0.00,0,0,+0.00
autocuda/optimize/2026-06-20-20-26-49-qr_v2/worker-1-brief-19,0,0,0.00,0,0,+0.00
autocuda/optimize/2026-06-20-20-26-49-qr_v2/worker-1-brief-2,0,0,0.00,0,0,+0.00
autocuda/optimize/2026-06-20-20-26-49-qr_v2/worker-1-brief-20,0,0,0.00,0,0,+0.00
autocuda/optimize/2026-06-20-20-26-49-qr_v2/worker-1-brief-21,0,0,0.00,0,0,+0.00
autocuda/optimize/2026-06-20-20-26-49-qr_v2/worker-1-brief-22,0,0,0.00,0,0,+0.00
autocuda/optimize/2026-06-20-20-26-49-qr_v2/worker-1-brief-23,0,0,0.00,0,0,+0.00
autocuda/optimize/2026-06-20-20-26-49-qr_v2/worker-1-brief-24,0,0,0.00,0,0,+0.00
autocuda/optimize/2026-06-20-20-26-49-qr_v2/worker-1-brief-25,0,0,0.00,0,0,+0.00
autocuda/optimize/2026-06-20-20-26-49-qr_v2/worker-1-brief-26,0,0,0.00,0,0,+0.00
autocuda/optimize/2026-06-20-20-26-49-qr_v2/worker-1-brief-28,0,0,0.00,0,0,+0.00
autocuda/optimize/2026-06-20-20-26-49-qr_v2/worker-1-brief-29,0,0,0.00,0,0,+0.00
autocuda/optimize/2026-06-20-20-26-49-qr_v2/worker-1-brief-3,0,0,0.00,0,0,+0.00
autocuda/optimize/2026-06-20-20-26-49-qr_v2/worker-1-brief-30,0,0,0.00,0,0,+0.00
autocuda/optimize/2026-06-20-20-26-49-qr_v2/worker-1-brief-31,0,0,0.00,0,0,+0.00
autocuda/optimize/2026-06-20-20-26-49-qr_v2/worker-1-brief-32,0,0,0.00,0,0,+0.00
autocuda/optimize/2026-06-20-20-26-49-qr_v2/worker-1-brief-33,0,0,0.00,0,0,+0.00
autocuda/optimize/2026-06-20-20-26-49-qr_v2/worker-1-brief-34,0,0,0.00,0,0,+0.00
autocuda/optimize/2026-06-20-20-26-49-qr_v2/worker-1-brief-35,0,0,0.00,0,0,+0.00
autocuda/optimize/2026-06-20-20-26-49-qr_v2/worker-1-brief-36,0,0,0.00,0,0,+0.00
autocuda/optimize/2026-06-20-20-26-49-qr_v2/worker-1-brief-37,0,0,0.00,0,0,+0.00
autocuda/optimize/2026-06-20-20-26-49-qr_v2/worker-1-brief-38,0,0,0.00,0,0,+0.00
autocuda/optimize/2026-06-20-20-26-49-qr_v2/worker-1-brief-39,0,0,0.00,0,0,+0.00
autocuda/optimize/2026-06-20-20-26-49-qr_v2/worker-1-brief-4,0,0,0.00,0,0,+0.00
autocuda/optimize/2026-06-20-20-26-49-qr_v2/worker-1-brief-40,0,0,0.00,0,0,+0.00
autocuda/optimize/2026-06-20-20-26-49-qr_v2/worker-1-brief-41,0,0,0.00,0,0,+0.00
autocuda/optimize/2026-06-20-20-26-49-qr_v2/worker-1-brief-42,0,0,0.00,0,0,+0.00
autocuda/optimize/2026-06-20-20-26-49-qr_v2/worker-1-brief-43,0,0,0.00,0,0,+0.00
autocuda/optimize/2026-06-20-20-26-49-qr_v2/worker-1-brief-44,0,0,0.00,0,0,+0.00
autocuda/optimize/2026-06-20-20-26-49-qr_v2/worker-1-brief-45,0,0,0.00,0,0,+0.00
autocuda/optimize/2026-06-20-20-26-49-qr_v2/worker-1-brief-46,0,0,0.00,0,0,+0.00
autocuda/optimize/2026-06-20-20-26-49-qr_v2/worker-1-brief-47,0,0,0.00,0,0,+0.00
autocuda/optimize/2026-06-20-20-26-49-qr_v2/worker-1-brief-48,0,0,0.00,0,0,+0.00
autocuda/optimize/2026-06-20-20-26-49-qr_v2/worker-1-brief-49,0,0,0.00,0,0,+0.00
autocuda/optimize/2026-06-20-20-26-49-qr_v2/worker-1-brief-5,0,0,0.00,0,0,+0.00
autocuda/optimize/2026-06-20-20-26-49-qr_v2/worker-1-brief-50,0,0,0.00,0,0,+0.00
autocuda/optimize/2026-06-20-20-26-49-qr_v2/worker-1-brief-51,0,0,0.00,0,0,+0.00
autocuda/optimize/2026-06-20-20-26-49-qr_v2/worker-1-brief-52,0,0,0.00,0,0,+0.00
autocuda/optimize/2026-06-20-20-26-49-qr_v2/worker-1-brief-53,0,0,0.00,0,0,+0.00
autocuda/optimize/2026-06-20-20-26-49-qr_v2/worker-1-brief-6,0,0,0.00,0,0,+0.00
autocuda/optimize/2026-06-20-20-26-49-qr_v2/worker-1-brief-7,0,0,0.00,0,0,+0.00
autocuda/optimize/2026-06-20-20-26-49-qr_v2/worker-1-brief-8,0,0,0.00,0,0,+0.00
autocuda/optimize/2026-06-20-20-26-49-qr_v2/worker-1-brief-9,0,0,0.00,0,0,+0.00
autocuda/optimize/2026-06-20-20-26-49-qr_v2/worker-2-brief-0,0,0,0.00,0,0,+0.00
autocuda/optimize/2026-06-20-20-26-49-qr_v2/worker-2-brief-1,0,0,0.00,0,0,+0.00
autocuda/optimize/2026-06-20-20-26-49-qr_v2/worker-2-brief-10,0,0,0.00,0,0,+0.00
autocuda/optimize/2026-06-20-20-26-49-qr_v2/worker-2-brief-11,0,0,0.00,0,0,+0.00
autocuda/optimize/2026-06-20-20-26-49-qr_v2/worker-2-brief-12,0,0,0.00,0,0,+0.00
autocuda/optimize/2026-06-20-20-26-49-qr_v2/worker-2-brief-13,0,0,0.00,0,0,+0.00
autocuda/optimize/2026-06-20-20-26-49-qr_v2/worker-2-brief-14,0,0,0.00,0,0,+0.00
autocuda/optimize/2026-06-20-20-26-49-qr_v2/worker-2-brief-15,0,0,0.00,0,0,+0.00
autocuda/optimize/2026-06-20-20-26-49-qr_v2/worker-2-brief-16,0,0,0.00,0,0,+0.00
autocuda/optimize/2026-06-20-20-26-49-qr_v2/worker-2-brief-17,0,0,0.00,0,0,+0.00
autocuda/optimize/2026-06-20-20-26-49-qr_v2/worker-2-brief-18,0,0,0.00,0,0,+0.00
autocuda/optimize/2026-06-20-20-26-49-qr_v2/worker-2-brief-19,0,0,0.00,0,0,+0.00
autocuda/optimize/2026-06-20-20-26-49-qr_v2/worker-2-brief-2,0,0,0.00,0,0,+0.00
autocuda/optimize/2026-06-20-20-26-49-qr_v2/worker-2-brief-20,0,0,0.00,0,0,+0.00
autocuda/optimize/2026-06-20-20-26-49-qr_v2/worker-2-brief-21,0,0,0.00,0,0,+0.00
autocuda/optimize/2026-06-20-20-26-49-qr_v2/worker-2-brief-22,0,0,0.00,0,0,+0.00
autocuda/optimize/2026-06-20-20-26-49-qr_v2/worker-2-brief-23,0,0,0.00,0,0,+0.00
autocuda/optimize/2026-06-20-20-26-49-qr_v2/worker-2-brief-24,0,0,0.00,0,0,+0.00
autocuda/optimize/2026-06-20-20-26-49-qr_v2/worker-2-brief-25,0,0,0.00,0,0,+0.00
autocuda/optimize/2026-06-20-20-26-49-qr_v2/worker-2-brief-26,0,0,0.00,0,0,+0.00
autocuda/optimize/2026-06-20-20-26-49-qr_v2/worker-2-brief-27,0,0,0.00,0,0,+0.00
autocuda/optimize/2026-06-20-20-26-49-qr_v2/worker-2-brief-28,0,0,0.00,0,0,+0.00
autocuda/optimize/2026-06-20-20-26-49-qr_v2/worker-2-brief-29,0,0,0.00,0,0,+0.00
autocuda/optimize/2026-06-20-20-26-49-qr_v2/worker-2-brief-3,0,0,0.00,0,0,+0.00
autocuda/optimize/2026-06-20-20-26-49-qr_v2/worker-2-brief-30,0,0,0.00,0,0,+0.00
autocuda/optimize/2026-06-20-20-26-49-qr_v2/worker-2-brief-31,0,0,0.00,0,0,+0.00
autocuda/optimize/2026-06-20-20-26-49-qr_v2/worker-2-brief-32,0,0,0.00,0,0,+0.00
autocuda/optimize/2026-06-20-20-26-49-qr_v2/worker-2-brief-33,0,0,0.00,0,0,+0.00
autocuda/optimize/2026-06-20-20-26-49-qr_v2/worker-2-brief-34,0,0,0.00,0,0,+0.00
autocuda/optimize/2026-06-20-20-26-49-qr_v2/worker-2-brief-35,0,0,0.00,0,0,+0.00
autocuda/optimize/2026-06-20-20-26-49-qr_v2/worker-2-brief-36,0,0,0.00,0,0,+0.00
autocuda/optimize/2026-06-20-20-26-49-qr_v2/worker-2-brief-37,0,0,0.00,0,0,+0.00
autocuda/optimize/2026-06-20-20-26-49-qr_v2/worker-2-brief-38,0,0,0.00,0,0,+0.00
autocuda/optimize/2026-06-20-20-26-49-qr_v2/worker-2-brief-39,0,0,0.00,0,0,+0.00
autocuda/optimize/2026-06-20-20-26-49-qr_v2/worker-2-brief-4,0,0,0.00,0,0,+0.00
autocuda/optimize/2026-06-20-20-26-49-qr_v2/worker-2-brief-40,0,0,0.00,0,0,+0.00
autocuda/optimize/2026-06-20-20-26-49-qr_v2/worker-2-brief-41,0,0,0.00,0,0,+0.00
autocuda/optimize/2026-06-20-20-26-49-qr_v2/worker-2-brief-42,0,0,0.00,0,0,+0.00
autocuda/optimize/2026-06-20-20-26-49-qr_v2/worker-2-brief-43,0,0,0.00,0,0,+0.00
autocuda/optimize/2026-06-20-20-26-49-qr_v2/worker-2-brief-44,0,0,0.00,0,0,+0.00
autocuda/optimize/2026-06-20-20-26-49-qr_v2/worker-2-brief-45,0,0,0.00,0,0,+0.00
autocuda/optimize/2026-06-20-20-26-49-qr_v2/worker-2-brief-46,0,0,0.00,0,0,+0.00
autocuda/optimize/2026-06-20-20-26-49-qr_v2/worker-2-brief-47,0,0,0.00,0,0,+0.00
autocuda/optimize/2026-06-20-20-26-49-qr_v2/worker-2-brief-48,0,0,0.00,0,0,+0.00
autocuda/optimize/2026-06-20-20-26-49-qr_v2/worker-2-brief-49,0,0,0.00,0,0,+0.00
autocuda/optimize/2026-06-20-20-26-49-qr_v2/worker-2-brief-5,0,0,0.00,0,0,+0.00
autocuda/optimize/2026-06-20-20-26-49-qr_v2/worker-2-brief-50,0,0,0.00,0,0,+0.00
autocuda/optimize/2026-06-20-20-26-49-qr_v2/worker-2-brief-51,0,0,0.00,0,0,+0.00
autocuda/optimize/2026-06-20-20-26-49-qr_v2/worker-2-brief-52,0,0,0.00,0,0,+0.00
autocuda/optimize/2026-06-20-20-26-49-qr_v2/worker-2-brief-53,0,0,0.00,0,0,+0.00
autocuda/optimize/2026-06-20-20-26-49-qr_v2/worker-2-brief-54,0,0,0.00,0,0,+0.00
autocuda/optimize/2026-06-20-20-26-49-qr_v2/worker-2-brief-55,0,0,0.00,0,0,+0.00
autocuda/optimize/2026-06-20-20-26-49-qr_v2/worker-2-brief-56,0,0,0.00,0,0,+0.00
autocuda/optimize/2026-06-20-20-26-49-qr_v2/worker-2-brief-57,0,0,0.00,0,0,+0.00
autocuda/optimize/2026-06-20-20-26-49-qr_v2/worker-2-brief-58,0,0,0.00,0,0,+0.00
autocuda/optimize/2026-06-20-20-26-49-qr_v2/worker-2-brief-59,0,0,0.00,0,0,+0.00
autocuda/optimize/2026-06-20-20-26-49-qr_v2/worker-2-brief-6,0,0,0.00,0,0,+0.00
autocuda/optimize/2026-06-20-20-26-49-qr_v2/worker-2-brief-60,0,0,0.00,0,0,+0.00
autocuda/optimize/2026-06-20-20-26-49-qr_v2/worker-2-brief-61,0,0,0.00,0,0,+0.00
autocuda/optimize/2026-06-20-20-26-49-qr_v2/worker-2-brief-62,0,0,0.00,0,0,+0.00
autocuda/optimize/2026-06-20-20-26-49-qr_v2/worker-2-brief-63,0,0,0.00,0,0,+0.00
autocuda/optimize/2026-06-20-20-26-49-qr_v2/worker-2-brief-64,0,0,0.00,0,0,+0.00
autocuda/optimize/2026-06-20-20-26-49-qr_v2/worker-2-brief-65,0,0,0.00,0,0,+0.00
autocuda/optimize/2026-06-20-20-26-49-qr_v2/worker-2-brief-66,0,0,0.00,0,0,+0.00
autocuda/optimize/2026-06-20-20-26-49-qr_v2/worker-2-brief-67,0,0,0.00,0,0,+0.00
autocuda/optimize/2026-06-20-20-26-49-qr_v2/worker-2-brief-68,0,0,0.00,0,0,+0.00
autocuda/optimize/2026-06-20-20-26-49-qr_v2/worker-2-brief-69,0,0,0.00,0,0,+0.00
autocuda/optimize/2026-06-20-20-26-49-qr_v2/worker-2-brief-7,0,0,0.00,0,0,+0.00
autocuda/optimize/2026-06-20-20-26-49-qr_v2/worker-2-brief-70,0,0,0.00,0,0,+0.00
autocuda/optimize/2026-06-20-20-26-49-qr_v2/worker-2-brief-8,0,0,0.00,0,0,+0.00
autocuda/optimize/2026-06-20-20-26-49-qr_v2/worker-2-brief-9,0,0,0.00,0,0,+0.00
autocuda/optimize/2026-06-20-20-26-49-qr_v2/worker-3-brief-0,0,0,0.00,0,0,+0.00
autocuda/optimize/2026-06-20-20-26-49-qr_v2/worker-3-brief-1,0,0,0.00,0,0,+0.00
autocuda/optimize/2026-06-20-20-26-49-qr_v2/worker-3-brief-10,0,0,0.00,0,0,+0.00
autocuda/optimize/2026-06-20-20-26-49-qr_v2/worker-3-brief-11,0,0,0.00,0,0,+0.00
autocuda/optimize/2026-06-20-20-26-49-qr_v2/worker-3-brief-12,0,0,0.00,0,0,+0.00
autocuda/optimize/2026-06-20-20-26-49-qr_v2/worker-3-brief-13,0,0,0.00,0,0,+0.00
autocuda/optimize/2026-06-20-20-26-49-qr_v2/worker-3-brief-14,0,0,0.00,0,0,+0.00
autocuda/optimize/2026-06-20-20-26-49-qr_v2/worker-3-brief-15,0,0,0.00,0,0,+0.00
autocuda/optimize/2026-06-20-20-26-49-qr_v2/worker-3-brief-16,0,0,0.00,0,0,+0.00
autocuda/optimize/2026-06-20-20-26-49-qr_v2/worker-3-brief-17,0,0,0.00,0,0,+0.00
autocuda/optimize/2026-06-20-20-26-49-qr_v2/worker-3-brief-18,0,0,0.00,0,0,+0.00
autocuda/optimize/2026-06-20-20-26-49-qr_v2/worker-3-brief-19,0,0,0.00,0,0,+0.00
autocuda/optimize/2026-06-20-20-26-49-qr_v2/worker-3-brief-2,0,0,0.00,0,0,+0.00
autocuda/optimize/2026-06-20-20-26-49-qr_v2/worker-3-brief-20,0,0,0.00,0,0,+0.00
autocuda/optimize/2026-06-20-20-26-49-qr_v2/worker-3-brief-21,0,0,0.00,0,0,+0.00
autocuda/optimize/2026-06-20-20-26-49-qr_v2/worker-3-brief-22,0,0,0.00,0,0,+0.00
autocuda/optimize/2026-06-20-20-26-49-qr_v2/worker-3-brief-23,0,0,0.00,0,0,+0.00
autocuda/optimize/2026-06-20-20-26-49-qr_v2/worker-3-brief-24,0,0,0.00,0,0,+0.00
autocuda/optimize/2026-06-20-20-26-49-qr_v2/worker-3-brief-25,0,0,0.00,0,0,+0.00
autocuda/optimize/2026-06-20-20-26-49-qr_v2/worker-3-brief-26,0,0,0.00,0,0,+0.00
autocuda/optimize/2026-06-20-20-26-49-qr_v2/worker-3-brief-27,0,0,0.00,0,0,+0.00
autocuda/optimize/2026-06-20-20-26-49-qr_v2/worker-3-brief-28,0,0,0.00,0,0,+0.00
autocuda/optimize/2026-06-20-20-26-49-qr_v2/worker-3-brief-29,0,0,0.00,0,0,+0.00
autocuda/optimize/2026-06-20-20-26-49-qr_v2/worker-3-brief-3,0,0,0.00,0,0,+0.00
autocuda/optimize/2026-06-20-20-26-49-qr_v2/worker-3-brief-30,0,0,0.00,0,0,+0.00
autocuda/optimize/2026-06-20-20-26-49-qr_v2/worker-3-brief-31,0,0,0.00,0,0,+0.00
autocuda/optimize/2026-06-20-20-26-49-qr_v2/worker-3-brief-32,0,0,0.00,0,0,+0.00
autocuda/optimize/2026-06-20-20-26-49-qr_v2/worker-3-brief-33,0,0,0.00,0,0,+0.00
autocuda/optimize/2026-06-20-20-26-49-qr_v2/worker-3-brief-34,0,0,0.00,0,0,+0.00
autocuda/optimize/2026-06-20-20-26-49-qr_v2/worker-3-brief-35,0,0,0.00,0,0,+0.00
autocuda/optimize/2026-06-20-20-26-49-qr_v2/worker-3-brief-36,0,0,0.00,0,0,+0.00
autocuda/optimize/2026-06-20-20-26-49-qr_v2/worker-3-brief-37,0,0,0.00,0,0,+0.00
autocuda/optimize/2026-06-20-20-26-49-qr_v2/worker-3-brief-38,0,0,0.00,0,0,+0.00
autocuda/optimize/2026-06-20-20-26-49-qr_v2/worker-3-brief-39,0,0,0.00,0,0,+0.00
autocuda/optimize/2026-06-20-20-26-49-qr_v2/worker-3-brief-4,0,0,0.00,0,0,+0.00
autocuda/optimize/2026-06-20-20-26-49-qr_v2/worker-3-brief-40,0,0,0.00,0,0,+0.00
autocuda/optimize/2026-06-20-20-26-49-qr_v2/worker-3-brief-41,0,0,0.00,0,0,+0.00
autocuda/optimize/2026-06-20-20-26-49-qr_v2/worker-3-brief-42,0,0,0.00,0,0,+0.00
autocuda/optimize/2026-06-20-20-26-49-qr_v2/worker-3-brief-43,0,0,0.00,0,0,+0.00
autocuda/optimize/2026-06-20-20-26-49-qr_v2/worker-3-brief-44,0,0,0.00,0,0,+0.00
autocuda/optimize/2026-06-20-20-26-49-qr_v2/worker-3-brief-45,0,0,0.00,0,0,+0.00
autocuda/optimize/2026-06-20-20-26-49-qr_v2/worker-3-brief-46,0,0,0.00,0,0,+0.00
autocuda/optimize/2026-06-20-20-26-49-qr_v2/worker-3-brief-47,0,0,0.00,0,0,+0.00
autocuda/optimize/2026-06-20-20-26-49-qr_v2/worker-3-brief-48,0,0,0.00,0,0,+0.00
autocuda/optimize/2026-06-20-20-26-49-qr_v2/worker-3-brief-5,0,0,0.00,0,0,+0.00
autocuda/optimize/2026-06-20-20-26-49-qr_v2/worker-3-brief-6,0,0,0.00,0,0,+0.00
autocuda/optimize/2026-06-20-20-26-49-qr_v2/worker-3-brief-7,0,0,0.00,0,0,+0.00
autocuda/optimize/2026-06-20-20-26-49-qr_v2/worker-3-brief-8,0,0,0.00,0,0,+0.00
autocuda/optimize/2026-06-20-20-26-49-qr_v2/worker-3-brief-9,0,0,0.00,0,0,+0.00
autocuda/optimize/2026-06-20-22-03-57-qr_v2/worker-0-brief-0,0,0,0.00,0,0,+0.00
autocuda/optimize/2026-06-20-22-03-57-qr_v2/worker-0-brief-1,0,0,0.00,0,0,+0.00
autocuda/optimize/2026-06-20-22-03-57-qr_v2/worker-0-brief-10,0,0,0.00,0,0,+0.00
autocuda/optimize/2026-06-20-22-03-57-qr_v2/worker-0-brief-12,0,0,0.00,0,0,+0.00
autocuda/optimize/2026-06-20-22-03-57-qr_v2/worker-0-brief-13,0,0,0.00,0,0,+0.00
autocuda/optimize/2026-06-20-22-03-57-qr_v2/worker-0-brief-14,0,0,0.00,0,0,+0.00
autocuda/optimize/2026-06-20-22-03-57-qr_v2/worker-0-brief-15,0,0,0.00,0,0,+0.00
autocuda/optimize/2026-06-20-22-03-57-qr_v2/worker-0-brief-16,0,0,0.00,0,0,+0.00
autocuda/optimize/2026-06-20-22-03-57-qr_v2/worker-0-brief-17,0,0,0.00,0,0,+0.00
autocuda/optimize/2026-06-20-22-03-57-qr_v2/worker-0-brief-18,0,0,0.00,0,0,+0.00
autocuda/optimize/2026-06-20-22-03-57-qr_v2/worker-0-brief-19,0,0,0.00,0,0,+0.00
autocuda/optimize/2026-06-20-22-03-57-qr_v2/worker-0-brief-2,0,0,0.00,0,0,+0.00
autocuda/optimize/2026-06-20-22-03-57-qr_v2/worker-0-brief-20,0,0,0.00,0,0,+0.00
autocuda/optimize/2026-06-20-22-03-57-qr_v2/worker-0-brief-21,0,0,0.00,0,0,+0.00
autocuda/optimize/2026-06-20-22-03-57-qr_v2/worker-0-brief-22,0,0,0.00,0,0,+0.00
autocuda/optimize/2026-06-20-22-03-57-qr_v2/worker-0-brief-23,0,0,0.00,0,0,+0.00
autocuda/optimize/2026-06-20-22-03-57-qr_v2/worker-0-brief-24,0,0,0.00,0,0,+0.00
autocuda/optimize/2026-06-20-22-03-57-qr_v2/worker-0-brief-25,0,0,0.00,0,0,+0.00
autocuda/optimize/2026-06-20-22-03-57-qr_v2/worker-0-brief-26,0,0,0.00,0,0,+0.00
autocuda/optimize/2026-06-20-22-03-57-qr_v2/worker-0-brief-27,0,0,0.00,0,0,+0.00
autocuda/optimize/2026-06-20-22-03-57-qr_v2/worker-0-brief-29,0,0,0.00,0,0,+0.00
autocuda/optimize/2026-06-20-22-03-57-qr_v2/worker-0-brief-3,0,0,0.00,0,0,+0.00
autocuda/optimize/2026-06-20-22-03-57-qr_v2/worker-0-brief-36,0,0,0.00,0,0,+0.00
autocuda/optimize/2026-06-20-22-03-57-qr_v2/worker-0-brief-37,0,0,0.00,0,0,+0.00
autocuda/optimize/2026-06-20-22-03-57-qr_v2/worker-0-brief-39,0,0,0.00,0,0,+0.00
autocuda/optimize/2026-06-20-22-03-57-qr_v2/worker-0-brief-4,0,0,0.00,0,0,+0.00
autocuda/optimize/2026-06-20-22-03-57-qr_v2/worker-0-brief-40,0,0,0.00,0,0,+0.00
autocuda/optimize/2026-06-20-22-03-57-qr_v2/worker-0-brief-41,0,0,0.00,0,0,+0.00
autocuda/optimize/2026-06-20-22-03-57-qr_v2/worker-0-brief-42,0,0,0.00,0,0,+0.00
autocuda/optimize/2026-06-20-22-03-57-qr_v2/worker-0-brief-43,0,0,0.00,0,0,+0.00
autocuda/optimize/2026-06-20-22-03-57-qr_v2/worker-0-brief-45,0,0,0.00,0,0,+0.00
autocuda/optimize/2026-06-20-22-03-57-qr_v2/worker-0-brief-46,0,0,0.00,0,0,+0.00
autocuda/optimize/2026-06-20-22-03-57-qr_v2/worker-0-brief-47,0,0,0.00,0,0,+0.00
autocuda/optimize/2026-06-20-22-03-57-qr_v2/worker-0-brief-48,0,0,0.00,0,0,+0.00
autocuda/optimize/2026-06-20-22-03-57-qr_v2/worker-0-brief-49,0,0,0.00,0,0,+0.00
autocuda/optimize/2026-06-20-22-03-57-qr_v2/worker-0-brief-5,0,0,0.00,0,0,+0.00
autocuda/optimize/2026-06-20-22-03-57-qr_v2/worker-0-brief-50,0,0,0.00,0,0,+0.00
autocuda/optimize/2026-06-20-22-03-57-qr_v2/worker-0-brief-51,0,0,0.00,0,0,+0.00
autocuda/optimize/2026-06-20-22-03-57-qr_v2/worker-0-brief-52,0,0,0.00,0,0,+0.00
autocuda/optimize/2026-06-20-22-03-57-qr_v2/worker-0-brief-53,0,0,0.00,0,0,+0.00
autocuda/optimize/2026-06-20-22-03-57-qr_v2/worker-0-brief-54,0,0,0.00,0,0,+0.00
autocuda/optimize/2026-06-20-22-03-57-qr_v2/worker-0-brief-55,0,0,0.00,0,0,+0.00
autocuda/optimize/2026-06-20-22-03-57-qr_v2/worker-0-brief-6,0,0,0.00,0,0,+0.00
autocuda/optimize/2026-06-20-22-03-57-qr_v2/worker-0-brief-7,0,0,0.00,0,0,+0.00
autocuda/optimize/2026-06-20-22-03-57-qr_v2/worker-0-brief-8,0,0,0.00,0,0,+0.00
autocuda/optimize/2026-06-20-22-03-57-qr_v2/worker-0-brief-9,0,0,0.00,0,0,+0.00
autocuda/optimize/2026-06-20-22-03-57-qr_v2/worker-1-brief-0,0,0,0.00,0,0,+0.00
autocuda/optimize/2026-06-20-22-03-57-qr_v2/worker-1-brief-1,0,0,0.00,0,0,+0.00
autocuda/optimize/2026-06-20-22-03-57-qr_v2/worker-1-brief-10,0,0,0.00,0,0,+0.00
autocuda/optimize/2026-06-20-22-03-57-qr_v2/worker-1-brief-12,0,0,0.00,0,0,+0.00
autocuda/optimize/2026-06-20-22-03-57-qr_v2/worker-1-brief-13,0,0,0.00,0,0,+0.00
autocuda/optimize/2026-06-20-22-03-57-qr_v2/worker-1-brief-14,0,0,0.00,0,0,+0.00
autocuda/optimize/2026-06-20-22-03-57-qr_v2/worker-1-brief-15,0,0,0.00,0,0,+0.00
autocuda/optimize/2026-06-20-22-03-57-qr_v2/worker-1-brief-16,0,0,0.00,0,0,+0.00
autocuda/optimize/2026-06-20-22-03-57-qr_v2/worker-1-brief-17,0,0,0.00,0,0,+0.00
autocuda/optimize/2026-06-20-22-03-57-qr_v2/worker-1-brief-18,0,0,0.00,0,0,+0.00
autocuda/optimize/2026-06-20-22-03-57-qr_v2/worker-1-brief-19,0,0,0.00,0,0,+0.00
autocuda/optimize/2026-06-20-22-03-57-qr_v2/worker-1-brief-2,0,0,0.00,0,0,+0.00
autocuda/optimize/2026-06-20-22-03-57-qr_v2/worker-1-brief-20,0,0,0.00,0,0,+0.00
autocuda/optimize/2026-06-20-22-03-57-qr_v2/worker-1-brief-21,0,0,0.00,0,0,+0.00
autocuda/optimize/2026-06-20-22-03-57-qr_v2/worker-1-brief-22,0,0,0.00,0,0,+0.00
autocuda/optimize/2026-06-20-22-03-57-qr_v2/worker-1-brief-23,0,0,0.00,0,0,+0.00
autocuda/optimize/2026-06-20-22-03-57-qr_v2/worker-1-brief-25,0,0,0.00,0,0,+0.00
autocuda/optimize/2026-06-20-22-03-57-qr_v2/worker-1-brief-26,0,0,0.00,0,0,+0.00
autocuda/optimize/2026-06-20-22-03-57-qr_v2/worker-1-brief-28,0,0,0.00,0,0,+0.00
autocuda/optimize/2026-06-20-22-03-57-qr_v2/worker-1-brief-3,0,0,0.00,0,0,+0.00
autocuda/optimize/2026-06-20-22-03-57-qr_v2/worker-1-brief-31,0,0,0.00,0,0,+0.00
autocuda/optimize/2026-06-20-22-03-57-qr_v2/worker-1-brief-35,0,0,0.00,0,0,+0.00
autocuda/optimize/2026-06-20-22-03-57-qr_v2/worker-1-brief-36,0,0,0.00,0,0,+0.00
autocuda/optimize/2026-06-20-22-03-57-qr_v2/worker-1-brief-37,0,0,0.00,0,0,+0.00
autocuda/optimize/2026-06-20-22-03-57-qr_v2/worker-1-brief-38,0,0,0.00,0,0,+0.00
autocuda/optimize/2026-06-20-22-03-57-qr_v2/worker-1-brief-39,0,0,0.00,0,0,+0.00
autocuda/optimize/2026-06-20-22-03-57-qr_v2/worker-1-brief-4,0,0,0.00,0,0,+0.00
autocuda/optimize/2026-06-20-22-03-57-qr_v2/worker-1-brief-40,0,0,0.00,0,0,+0.00
autocuda/optimize/2026-06-20-22-03-57-qr_v2/worker-1-brief-41,0,0,0.00,0,0,+0.00
autocuda/optimize/2026-06-20-22-03-57-qr_v2/worker-1-brief-42,0,0,0.00,0,0,+0.00
autocuda/optimize/2026-06-20-22-03-57-qr_v2/worker-1-brief-43,0,0,0.00,0,0,+0.00
autocuda/optimize/2026-06-20-22-03-57-qr_v2/worker-1-brief-44,0,0,0.00,0,0,+0.00
autocuda/optimize/2026-06-20-22-03-57-qr_v2/worker-1-brief-45,0,0,0.00,0,0,+0.00
autocuda/optimize/2026-06-20-22-03-57-qr_v2/worker-1-brief-46,0,0,0.00,0,0,+0.00
autocuda/optimize/2026-06-20-22-03-57-qr_v2/worker-1-brief-47,0,0,0.00,0,0,+0.00
autocuda/optimize/2026-06-20-22-03-57-qr_v2/worker-1-brief-48,0,0,0.00,0,0,+0.00
autocuda/optimize/2026-06-20-22-03-57-qr_v2/worker-1-brief-49,0,0,0.00,0,0,+0.00
autocuda/optimize/2026-06-20-22-03-57-qr_v2/worker-1-brief-5,0,0,0.00,0,0,+0.00
autocuda/optimize/2026-06-20-22-03-57-qr_v2/worker-1-brief-50,0,0,0.00,0,0,+0.00
autocuda/optimize/2026-06-20-22-03-57-qr_v2/worker-1-brief-51,0,0,0.00,0,0,+0.00
autocuda/optimize/2026-06-20-22-03-57-qr_v2/worker-1-brief-52,0,0,0.00,0,0,+0.00
autocuda/optimize/2026-06-20-22-03-57-qr_v2/worker-1-brief-53,0,0,0.00,0,0,+0.00
autocuda/optimize/2026-06-20-22-03-57-qr_v2/worker-1-brief-6,0,0,0.00,0,0,+0.00
autocuda/optimize/2026-06-20-22-03-57-qr_v2/worker-1-brief-7,0,0,0.00,0,0,+0.00
autocuda/optimize/2026-06-20-22-03-57-qr_v2/worker-1-brief-8,0,0,0.00,0,0,+0.00
autocuda/optimize/2026-06-20-22-03-57-qr_v2/worker-1-brief-9,0,0,0.00,0,0,+0.00
autocuda/optimize/2026-06-20-22-03-57-qr_v2/worker-2-brief-0,0,0,0.00,0,0,+0.00
autocuda/optimize/2026-06-20-22-03-57-qr_v2/worker-2-brief-1,0,0,0.00,0,0,+0.00
autocuda/optimize/2026-06-20-22-03-57-qr_v2/worker-2-brief-10,0,0,0.00,0,0,+0.00
autocuda/optimize/2026-06-20-22-03-57-qr_v2/worker-2-brief-12,0,0,0.00,0,0,+0.00
autocuda/optimize/2026-06-20-22-03-57-qr_v2/worker-2-brief-13,0,0,0.00,0,0,+0.00
autocuda/optimize/2026-06-20-22-03-57-qr_v2/worker-2-brief-15,0,0,0.00,0,0,+0.00
autocuda/optimize/2026-06-20-22-03-57-qr_v2/worker-2-brief-17,0,0,0.00,0,0,+0.00
autocuda/optimize/2026-06-20-22-03-57-qr_v2/worker-2-brief-18,0,0,0.00,0,0,+0.00
autocuda/optimize/2026-06-20-22-03-57-qr_v2/worker-2-brief-19,0,0,0.00,0,0,+0.00
autocuda/optimize/2026-06-20-22-03-57-qr_v2/worker-2-brief-2,0,0,0.00,0,0,+0.00
autocuda/optimize/2026-06-20-22-03-57-qr_v2/worker-2-brief-20,0,0,0.00,0,0,+0.00
autocuda/optimize/2026-06-20-22-03-57-qr_v2/worker-2-brief-21,0,0,0.00,0,0,+0.00
autocuda/optimize/2026-06-20-22-03-57-qr_v2/worker-2-brief-22,0,0,0.00,0,0,+0.00
autocuda/optimize/2026-06-20-22-03-57-qr_v2/worker-2-brief-23,0,0,0.00,0,0,+0.00
autocuda/optimize/2026-06-20-22-03-57-qr_v2/worker-2-brief-24,0,0,0.00,0,0,+0.00
autocuda/optimize/2026-06-20-22-03-57-qr_v2/worker-2-brief-25,0,0,0.00,0,0,+0.00
autocuda/optimize/2026-06-20-22-03-57-qr_v2/worker-2-brief-26,0,0,0.00,0,0,+0.00
autocuda/optimize/2026-06-20-22-03-57-qr_v2/worker-2-brief-27,0,0,0.00,0,0,+0.00
autocuda/optimize/2026-06-20-22-03-57-qr_v2/worker-2-brief-28,0,0,0.00,0,0,+0.00
autocuda/optimize/2026-06-20-22-03-57-qr_v2/worker-2-brief-29,0,0,0.00,0,0,+0.00
autocuda/optimize/2026-06-20-22-03-57-qr_v2/worker-2-brief-3,0,0,0.00,0,0,+0.00
autocuda/optimize/2026-06-20-22-03-57-qr_v2/worker-2-brief-30,0,0,0.00,0,0,+0.00
autocuda/optimize/2026-06-20-22-03-57-qr_v2/worker-2-brief-31,0,0,0.00,0,0,+0.00
autocuda/optimize/2026-06-20-22-03-57-qr_v2/worker-2-brief-32,0,0,0.00,0,0,+0.00
autocuda/optimize/2026-06-20-22-03-57-qr_v2/worker-2-brief-34,0,0,0.00,0,0,+0.00
autocuda/optimize/2026-06-20-22-03-57-qr_v2/worker-2-brief-39,0,0,0.00,0,0,+0.00
autocuda/optimize/2026-06-20-22-03-57-qr_v2/worker-2-brief-4,0,0,0.00,0,0,+0.00
autocuda/optimize/2026-06-20-22-03-57-qr_v2/worker-2-brief-42,0,0,0.00,0,0,+0.00
autocuda/optimize/2026-06-20-22-03-57-qr_v2/worker-2-brief-46,0,0,0.00,0,0,+0.00
autocuda/optimize/2026-06-20-22-03-57-qr_v2/worker-2-brief-48,0,0,0.00,0,0,+0.00
autocuda/optimize/2026-06-20-22-03-57-qr_v2/worker-2-brief-49,0,0,0.00,0,0,+0.00
autocuda/optimize/2026-06-20-22-03-57-qr_v2/worker-2-brief-5,0,0,0.00,0,0,+0.00
autocuda/optimize/2026-06-20-22-03-57-qr_v2/worker-2-brief-50,0,0,0.00,0,0,+0.00
autocuda/optimize/2026-06-20-22-03-57-qr_v2/worker-2-brief-51,0,0,0.00,0,0,+0.00
autocuda/optimize/2026-06-20-22-03-57-qr_v2/worker-2-brief-52,0,0,0.00,0,0,+0.00
autocuda/optimize/2026-06-20-22-03-57-qr_v2/worker-2-brief-53,0,0,0.00,0,0,+0.00
autocuda/optimize/2026-06-20-22-03-57-qr_v2/worker-2-brief-54,0,0,0.00,0,0,+0.00
autocuda/optimize/2026-06-20-22-03-57-qr_v2/worker-2-brief-55,0,0,0.00,0,0,+0.00
autocuda/optimize/2026-06-20-22-03-57-qr_v2/worker-2-brief-56,0,0,0.00,0,0,+0.00
autocuda/optimize/2026-06-20-22-03-57-qr_v2/worker-2-brief-57,0,0,0.00,0,0,+0.00
autocuda/optimize/2026-06-20-22-03-57-qr_v2/worker-2-brief-58,0,0,0.00,0,0,+0.00
autocuda/optimize/2026-06-20-22-03-57-qr_v2/worker-2-brief-59,0,0,0.00,0,0,+0.00
autocuda/optimize/2026-06-20-22-03-57-qr_v2/worker-2-brief-63,0,0,0.00,0,0,+0.00
autocuda/optimize/2026-06-20-22-03-57-qr_v2/worker-2-brief-67,0,0,0.00,0,0,+0.00
autocuda/optimize/2026-06-20-22-03-57-qr_v2/worker-2-brief-69,0,0,0.00,0,0,+0.00
autocuda/optimize/2026-06-20-22-03-57-qr_v2/worker-2-brief-7,0,0,0.00,0,0,+0.00
autocuda/optimize/2026-06-20-22-03-57-qr_v2/worker-2-brief-8,0,0,0.00,0,0,+0.00
autocuda/optimize/2026-06-20-22-03-57-qr_v2/worker-2-brief-9,0,0,0.00,0,0,+0.00
autocuda/optimize/2026-06-20-22-03-57-qr_v2/worker-3-brief-0,0,0,0.00,0,0,+0.00
autocuda/optimize/2026-06-20-22-03-57-qr_v2/worker-3-brief-1,0,0,0.00,0,0,+0.00
autocuda/optimize/2026-06-20-22-03-57-qr_v2/worker-3-brief-10,0,0,0.00,0,0,+0.00
autocuda/optimize/2026-06-20-22-03-57-qr_v2/worker-3-brief-12,0,0,0.00,0,0,+0.00
autocuda/optimize/2026-06-20-22-03-57-qr_v2/worker-3-brief-13,0,0,0.00,0,0,+0.00
autocuda/optimize/2026-06-20-22-03-57-qr_v2/worker-3-brief-15,0,0,0.00,0,0,+0.00
autocuda/optimize/2026-06-20-22-03-57-qr_v2/worker-3-brief-16,0,0,0.00,0,0,+0.00
autocuda/optimize/2026-06-20-22-03-57-qr_v2/worker-3-brief-17,0,0,0.00,0,0,+0.00
autocuda/optimize/2026-06-20-22-03-57-qr_v2/worker-3-brief-18,0,0,0.00,0,0,+0.00
autocuda/optimize/2026-06-20-22-03-57-qr_v2/worker-3-brief-19,0,0,0.00,0,0,+0.00
autocuda/optimize/2026-06-20-22-03-57-qr_v2/worker-3-brief-2,0,0,0.00,0,0,+0.00
autocuda/optimize/2026-06-20-22-03-57-qr_v2/worker-3-brief-20,0,0,0.00,0,0,+0.00
autocuda/optimize/2026-06-20-22-03-57-qr_v2/worker-3-brief-21,0,0,0.00,0,0,+0.00
autocuda/optimize/2026-06-20-22-03-57-qr_v2/worker-3-brief-22,0,0,0.00,0,0,+0.00
autocuda/optimize/2026-06-20-22-03-57-qr_v2/worker-3-brief-23,0,0,0.00,0,0,+0.00
autocuda/optimize/2026-06-20-22-03-57-qr_v2/worker-3-brief-24,0,0,0.00,0,0,+0.00
autocuda/optimize/2026-06-20-22-03-57-qr_v2/worker-3-brief-25,0,0,0.00,0,0,+0.00
autocuda/optimize/2026-06-20-22-03-57-qr_v2/worker-3-brief-26,0,0,0.00,0,0,+0.00
autocuda/optimize/2026-06-20-22-03-57-qr_v2/worker-3-brief-27,0,0,0.00,0,0,+0.00
autocuda/optimize/2026-06-20-22-03-57-qr_v2/worker-3-brief-28,0,0,0.00,0,0,+0.00
autocuda/optimize/2026-06-20-22-03-57-qr_v2/worker-3-brief-29,0,0,0.00,0,0,+0.00
autocuda/optimize/2026-06-20-22-03-57-qr_v2/worker-3-brief-3,0,0,0.00,0,0,+0.00
autocuda/optimize/2026-06-20-22-03-57-qr_v2/worker-3-brief-30,0,0,0.00,0,0,+0.00
autocuda/optimize/2026-06-20-22-03-57-qr_v2/worker-3-brief-31,0,0,0.00,0,0,+0.00
autocuda/optimize/2026-06-20-22-03-57-qr_v2/worker-3-brief-33,0,0,0.00,0,0,+0.00
autocuda/optimize/2026-06-20-22-03-57-qr_v2/worker-3-brief-36,0,0,0.00,0,0,+0.00
autocuda/optimize/2026-06-20-22-03-57-qr_v2/worker-3-brief-4,0,0,0.00,0,0,+0.00
autocuda/optimize/2026-06-20-22-03-57-qr_v2/worker-3-brief-40,0,0,0.00,0,0,+0.00
autocuda/optimize/2026-06-20-22-03-57-qr_v2/worker-3-brief-41,0,0,0.00,0,0,+0.00
autocuda/optimize/2026-06-20-22-03-57-qr_v2/worker-3-brief-42,0,0,0.00,0,0,+0.00
autocuda/optimize/2026-06-20-22-03-57-qr_v2/worker-3-brief-43,0,0,0.00,0,0,+0.00
autocuda/optimize/2026-06-20-22-03-57-qr_v2/worker-3-brief-44,0,0,0.00,0,0,+0.00
autocuda/optimize/2026-06-20-22-03-57-qr_v2/worker-3-brief-45,0,0,0.00,0,0,+0.00
autocuda/optimize/2026-06-20-22-03-57-qr_v2/worker-3-brief-46,0,0,0.00,0,0,+0.00
autocuda/optimize/2026-06-20-22-03-57-qr_v2/worker-3-brief-47,0,0,0.00,0,0,+0.00
autocuda/optimize/2026-06-20-22-03-57-qr_v2/worker-3-brief-48,0,0,0.00,0,0,+0.00
autocuda/optimize/2026-06-20-22-03-57-qr_v2/worker-3-brief-49,0,0,0.00,0,0,+0.00
autocuda/optimize/2026-06-20-22-03-57-qr_v2/worker-3-brief-5,0,0,0.00,0,0,+0.00
autocuda/optimize/2026-06-20-22-03-57-qr_v2/worker-3-brief-50,0,0,0.00,0,0,+0.00
autocuda/optimize/2026-06-20-22-03-57-qr_v2/worker-3-brief-51,0,0,0.00,0,0,+0.00
autocuda/optimize/2026-06-20-22-03-57-qr_v2/worker-3-brief-52,0,0,0.00,0,0,+0.00
autocuda/optimize/2026-06-20-22-03-57-qr_v2/worker-3-brief-53,0,0,0.00,0,0,+0.00
autocuda/optimize/2026-06-20-22-03-57-qr_v2/worker-3-brief-54,0,0,0.00,0,0,+0.00
autocuda/optimize/2026-06-20-22-03-57-qr_v2/worker-3-brief-56,0,0,0.00,0,0,+0.00
autocuda/optimize/2026-06-20-22-03-57-qr_v2/worker-3-brief-58,0,0,0.00,0,0,+0.00
autocuda/optimize/2026-06-20-22-03-57-qr_v2/worker-3-brief-59,0,0,0.00,0,0,+0.00
autocuda/optimize/2026-06-20-22-03-57-qr_v2/worker-3-brief-6,0,0,0.00,0,0,+0.00
autocuda/optimize/2026-06-20-22-03-57-qr_v2/worker-3-brief-7,0,0,0.00,0,0,+0.00
autocuda/optimize/2026-06-20-22-03-57-qr_v2/worker-3-brief-8,0,0,0.00,0,0,+0.00
autocuda/optimize/2026-06-20-22-03-57-qr_v2/worker-3-brief-9,0,0,0.00,0,0,+0.00
autocuda/optimize/2026-06-20-22-03-57-qr_v2/worker-4-brief-0,0,0,0.00,0,0,+0.00
autocuda/optimize/2026-06-20-22-03-57-qr_v2/worker-4-brief-1,0,0,0.00,0,0,+0.00
autocuda/optimize/2026-06-20-22-03-57-qr_v2/worker-4-brief-10,0,0,0.00,0,0,+0.00
autocuda/optimize/2026-06-20-22-03-57-qr_v2/worker-4-brief-12,0,0,0.00,0,0,+0.00
autocuda/optimize/2026-06-20-22-03-57-qr_v2/worker-4-brief-14,0,0,0.00,0,0,+0.00
autocuda/optimize/2026-06-20-22-03-57-qr_v2/worker-4-brief-16,0,0,0.00,0,0,+0.00
autocuda/optimize/2026-06-20-22-03-57-qr_v2/worker-4-brief-17,0,0,0.00,0,0,+0.00
autocuda/optimize/2026-06-20-22-03-57-qr_v2/worker-4-brief-18,0,0,0.00,0,0,+0.00
autocuda/optimize/2026-06-20-22-03-57-qr_v2/worker-4-brief-19,0,0,0.00,0,0,+0.00
autocuda/optimize/2026-06-20-22-03-57-qr_v2/worker-4-brief-2,0,0,0.00,0,0,+0.00
autocuda/optimize/2026-06-20-22-03-57-qr_v2/worker-4-brief-20,0,0,0.00,0,0,+0.00
autocuda/optimize/2026-06-20-22-03-57-qr_v2/worker-4-brief-21,0,0,0.00,0,0,+0.00
autocuda/optimize/2026-06-20-22-03-57-qr_v2/worker-4-brief-22,0,0,0.00,0,0,+0.00
autocuda/optimize/2026-06-20-22-03-57-qr_v2/worker-4-brief-23,0,0,0.00,0,0,+0.00
autocuda/optimize/2026-06-20-22-03-57-qr_v2/worker-4-brief-24,0,0,0.00,0,0,+0.00
autocuda/optimize/2026-06-20-22-03-57-qr_v2/worker-4-brief-25,0,0,0.00,0,0,+0.00
autocuda/optimize/2026-06-20-22-03-57-qr_v2/worker-4-brief-26,0,0,0.00,0,0,+0.00
autocuda/optimize/2026-06-20-22-03-57-qr_v2/worker-4-brief-27,0,0,0.00,0,0,+0.00
autocuda/optimize/2026-06-20-22-03-57-qr_v2/worker-4-brief-28,0,0,0.00,0,0,+0.00
autocuda/optimize/2026-06-20-22-03-57-qr_v2/worker-4-brief-29,0,0,0.00,0,0,+0.00
autocuda/optimize/2026-06-20-22-03-57-qr_v2/worker-4-brief-3,0,0,0.00,0,0,+0.00
autocuda/optimize/2026-06-20-22-03-57-qr_v2/worker-4-brief-31,0,0,0.00,0,0,+0.00
autocuda/optimize/2026-06-20-22-03-57-qr_v2/worker-4-brief-4,0,0,0.00,0,0,+0.00
autocuda/optimize/2026-06-20-22-03-57-qr_v2/worker-4-brief-40,0,0,0.00,0,0,+0.00
autocuda/optimize/2026-06-20-22-03-57-qr_v2/worker-4-brief-44,0,0,0.00,0,0,+0.00
autocuda/optimize/2026-06-20-22-03-57-qr_v2/worker-4-brief-45,0,0,0.00,0,0,+0.00
autocuda/optimize/2026-06-20-22-03-57-qr_v2/worker-4-brief-47,0,0,0.00,0,0,+0.00
autocuda/optimize/2026-06-20-22-03-57-qr_v2/worker-4-brief-48,0,0,0.00,0,0,+0.00
autocuda/optimize/2026-06-20-22-03-57-qr_v2/worker-4-brief-5,0,0,0.00,0,0,+0.00
autocuda/optimize/2026-06-20-22-03-57-qr_v2/worker-4-brief-50,0,0,0.00,0,0,+0.00
autocuda/optimize/2026-06-20-22-03-57-qr_v2/worker-4-brief-51,0,0,0.00,0,0,+0.00
autocuda/optimize/2026-06-20-22-03-57-qr_v2/worker-4-brief-52,0,0,0.00,0,0,+0.00
autocuda/optimize/2026-06-20-22-03-57-qr_v2/worker-4-brief-53,0,0,0.00,0,0,+0.00
autocuda/optimize/2026-06-20-22-03-57-qr_v2/worker-4-brief-54,0,0,0.00,0,0,+0.00
autocuda/optimize/2026-06-20-22-03-57-qr_v2/worker-4-brief-55,0,0,0.00,0,0,+0.00
autocuda/optimize/2026-06-20-22-03-57-qr_v2/worker-4-brief-56,0,0,0.00,0,0,+0.00
autocuda/optimize/2026-06-20-22-03-57-qr_v2/worker-4-brief-57,0,0,0.00,0,0,+0.00
autocuda/optimize/2026-06-20-22-03-57-qr_v2/worker-4-brief-58,0,0,0.00,0,0,+0.00
autocuda/optimize/2026-06-20-22-03-57-qr_v2/worker-4-brief-59,0,0,0.00,0,0,+0.00
autocuda/optimize/2026-06-20-22-03-57-qr_v2/worker-4-brief-6,0,0,0.00,0,0,+0.00
autocuda/optimize/2026-06-20-22-03-57-qr_v2/worker-4-brief-60,0,0,0.00,0,0,+0.00
autocuda/optimize/2026-06-20-22-03-57-qr_v2/worker-4-brief-7,0,0,0.00,0,0,+0.00
autocuda/optimize/2026-06-20-22-03-57-qr_v2/worker-4-brief-8,0,0,0.00,0,0,+0.00
autocuda/optimize/2026-06-20-22-03-57-qr_v2/worker-4-brief-9,0,0,0.00,0,0,+0.00
autocuda/optimize/2026-06-20-22-03-57-qr_v2/worker-5-brief-0,0,0,0.00,0,0,+0.00
autocuda/optimize/2026-06-20-22-03-57-qr_v2/worker-5-brief-1,0,0,0.00,0,0,+0.00
autocuda/optimize/2026-06-20-22-03-57-qr_v2/worker-5-brief-10,0,0,0.00,0,0,+0.00
autocuda/optimize/2026-06-20-22-03-57-qr_v2/worker-5-brief-11,0,0,0.00,0,0,+0.00
autocuda/optimize/2026-06-20-22-03-57-qr_v2/worker-5-brief-12,0,0,0.00,0,0,+0.00
autocuda/optimize/2026-06-20-22-03-57-qr_v2/worker-5-brief-16,0,0,0.00,0,0,+0.00
autocuda/optimize/2026-06-20-22-03-57-qr_v2/worker-5-brief-17,0,0,0.00,0,0,+0.00
autocuda/optimize/2026-06-20-22-03-57-qr_v2/worker-5-brief-18,0,0,0.00,0,0,+0.00
autocuda/optimize/2026-06-20-22-03-57-qr_v2/worker-5-brief-19,0,0,0.00,0,0,+0.00
autocuda/optimize/2026-06-20-22-03-57-qr_v2/worker-5-brief-2,0,0,0.00,0,0,+0.00
autocuda/optimize/2026-06-20-22-03-57-qr_v2/worker-5-brief-20,0,0,0.00,0,0,+0.00
autocuda/optimize/2026-06-20-22-03-57-qr_v2/worker-5-brief-21,0,0,0.00,0,0,+0.00
autocuda/optimize/2026-06-20-22-03-57-qr_v2/worker-5-brief-22,0,0,0.00,0,0,+0.00
autocuda/optimize/2026-06-20-22-03-57-qr_v2/worker-5-brief-23,0,0,0.00,0,0,+0.00
autocuda/optimize/2026-06-20-22-03-57-qr_v2/worker-5-brief-24,0,0,0.00,0,0,+0.00
autocuda/optimize/2026-06-20-22-03-57-qr_v2/worker-5-brief-25,0,0,0.00,0,0,+0.00
autocuda/optimize/2026-06-20-22-03-57-qr_v2/worker-5-brief-26,0,0,0.00,0,0,+0.00
autocuda/optimize/2026-06-20-22-03-57-qr_v2/worker-5-brief-28,0,0,0.00,0,0,+0.00
autocuda/optimize/2026-06-20-22-03-57-qr_v2/worker-5-brief-3,0,0,0.00,0,0,+0.00
autocuda/optimize/2026-06-20-22-03-57-qr_v2/worker-5-brief-30,0,0,0.00,0,0,+0.00
autocuda/optimize/2026-06-20-22-03-57-qr_v2/worker-5-brief-31,0,0,0.00,0,0,+0.00
autocuda/optimize/2026-06-20-22-03-57-qr_v2/worker-5-brief-34,0,0,0.00,0,0,+0.00
autocuda/optimize/2026-06-20-22-03-57-qr_v2/worker-5-brief-35,0,0,0.00,0,0,+0.00
autocuda/optimize/2026-06-20-22-03-57-qr_v2/worker-5-brief-36,0,0,0.00,0,0,+0.00
autocuda/optimize/2026-06-20-22-03-57-qr_v2/worker-5-brief-38,0,0,0.00,0,0,+0.00
autocuda/optimize/2026-06-20-22-03-57-qr_v2/worker-5-brief-39,0,0,0.00,0,0,+0.00
autocuda/optimize/2026-06-20-22-03-57-qr_v2/worker-5-brief-4,0,0,0.00,0,0,+0.00
autocuda/optimize/2026-06-20-22-03-57-qr_v2/worker-5-brief-40,0,0,0.00,0,0,+0.00
autocuda/optimize/2026-06-20-22-03-57-qr_v2/worker-5-brief-41,0,0,0.00,0,0,+0.00
autocuda/optimize/2026-06-20-22-03-57-qr_v2/worker-5-brief-42,0,0,0.00,0,0,+0.00
autocuda/optimize/2026-06-20-22-03-57-qr_v2/worker-5-brief-43,0,0,0.00,0,0,+0.00
autocuda/optimize/2026-06-20-22-03-57-qr_v2/worker-5-brief-44,0,0,0.00,0,0,+0.00
autocuda/optimize/2026-06-20-22-03-57-qr_v2/worker-5-brief-45,0,0,0.00,0,0,+0.00
autocuda/optimize/2026-06-20-22-03-57-qr_v2/worker-5-brief-46,0,0,0.00,0,0,+0.00
autocuda/optimize/2026-06-20-22-03-57-qr_v2/worker-5-brief-47,0,0,0.00,0,0,+0.00
autocuda/optimize/2026-06-20-22-03-57-qr_v2/worker-5-brief-48,0,0,0.00,0,0,+0.00
autocuda/optimize/2026-06-20-22-03-57-qr_v2/worker-5-brief-49,0,0,0.00,0,0,+0.00
autocuda/optimize/2026-06-20-22-03-57-qr_v2/worker-5-brief-5,0,0,0.00,0,0,+0.00
autocuda/optimize/2026-06-20-22-03-57-qr_v2/worker-5-brief-50,0,0,0.00,0,0,+0.00
autocuda/optimize/2026-06-20-22-03-57-qr_v2/worker-5-brief-51,0,0,0.00,0,0,+0.00
autocuda/optimize/2026-06-20-22-03-57-qr_v2/worker-5-brief-52,0,0,0.00,0,0,+0.00
autocuda/optimize/2026-06-20-22-03-57-qr_v2/worker-5-brief-53,0,0,0.00,0,0,+0.00
autocuda/optimize/2026-06-20-22-03-57-qr_v2/worker-5-brief-56,0,0,0.00,0,0,+0.00
autocuda/optimize/2026-06-20-22-03-57-qr_v2/worker-5-brief-57,0,0,0.00,0,0,+0.00
autocuda/optimize/2026-06-20-22-03-57-qr_v2/worker-5-brief-6,0,0,0.00,0,0,+0.00
autocuda/optimize/2026-06-20-22-03-57-qr_v2/worker-5-brief-7,0,0,0.00,0,0,+0.00
autocuda/optimize/2026-06-20-22-03-57-qr_v2/worker-5-brief-8,0,0,0.00,0,0,+0.00
autocuda/optimize/2026-06-20-22-03-57-qr_v2/worker-5-brief-9,0,0,0.00,0,0,+0.00
autocuda/optimize/2026-06-22-09-10-03-qr_v2/worker-0-brief-0,0,0,0.00,0,0,+0.00
autocuda/optimize/2026-06-22-09-10-03-qr_v2/worker-0-brief-1,0,0,0.00,0,0,+0.00
autocuda/optimize/2026-06-22-09-10-03-qr_v2/worker-0-brief-11,0,0,0.00,0,0,+0.00
autocuda/optimize/2026-06-22-09-10-03-qr_v2/worker-0-brief-12,0,0,0.00,0,0,+0.00
autocuda/optimize/2026-06-22-09-10-03-qr_v2/worker-0-brief-14,0,0,0.00,0,0,+0.00
autocuda/optimize/2026-06-22-09-10-03-qr_v2/worker-0-brief-15,0,0,0.00,0,0,+0.00
autocuda/optimize/2026-06-22-09-10-03-qr_v2/worker-0-brief-16,0,0,0.00,0,0,+0.00
autocuda/optimize/2026-06-22-09-10-03-qr_v2/worker-0-brief-17,0,0,0.00,0,0,+0.00
autocuda/optimize/2026-06-22-09-10-03-qr_v2/worker-0-brief-19,0,0,0.00,0,0,+0.00
autocuda/optimize/2026-06-22-09-10-03-qr_v2/worker-0-brief-21,0,0,0.00,0,0,+0.00
autocuda/optimize/2026-06-22-09-10-03-qr_v2/worker-0-brief-22,0,0,0.00,0,0,+0.00
autocuda/optimize/2026-06-22-09-10-03-qr_v2/worker-0-brief-23,0,0,0.00,0,0,+0.00
autocuda/optimize/2026-06-22-09-10-03-qr_v2/worker-0-brief-26,0,0,0.00,0,0,+0.00
autocuda/optimize/2026-06-22-09-10-03-qr_v2/worker-0-brief-27,0,0,0.00,0,0,+0.00
autocuda/optimize/2026-06-22-09-10-03-qr_v2/worker-0-brief-28,0,0,0.00,0,0,+0.00
autocuda/optimize/2026-06-22-09-10-03-qr_v2/worker-0-brief-29,0,0,0.00,0,0,+0.00
autocuda/optimize/2026-06-22-09-10-03-qr_v2/worker-0-brief-3,0,0,0.00,0,0,+0.00
autocuda/optimize/2026-06-22-09-10-03-qr_v2/worker-0-brief-30,0,0,0.00,0,0,+0.00
autocuda/optimize/2026-06-22-09-10-03-qr_v2/worker-0-brief-31,0,0,0.00,0,0,+0.00
autocuda/optimize/2026-06-22-09-10-03-qr_v2/worker-0-brief-32,0,0,0.00,0,0,+0.00
autocuda/optimize/2026-06-22-09-10-03-qr_v2/worker-0-brief-33,0,0,0.00,0,0,+0.00
autocuda/optimize/2026-06-22-09-10-03-qr_v2/worker-0-brief-34,0,0,0.00,0,0,+0.00
autocuda/optimize/2026-06-22-09-10-03-qr_v2/worker-0-brief-35,0,0,0.00,0,0,+0.00
autocuda/optimize/2026-06-22-09-10-03-qr_v2/worker-0-brief-36,0,0,0.00,0,0,+0.00
autocuda/optimize/2026-06-22-09-10-03-qr_v2/worker-0-brief-37,0,0,0.00,0,0,+0.00
autocuda/optimize/2026-06-22-09-10-03-qr_v2/worker-0-brief-38,0,0,0.00,0,0,+0.00
autocuda/optimize/2026-06-22-09-10-03-qr_v2/worker-0-brief-4,0,0,0.00,0,0,+0.00
autocuda/optimize/2026-06-22-09-10-03-qr_v2/worker-0-brief-40,0,0,0.00,0,0,+0.00
autocuda/optimize/2026-06-22-09-10-03-qr_v2/worker-0-brief-41,0,0,0.00,0,0,+0.00
autocuda/optimize/2026-06-22-09-10-03-qr_v2/worker-0-brief-42,0,0,0.00,0,0,+0.00
autocuda/optimize/2026-06-22-09-10-03-qr_v2/worker-0-brief-43,0,0,0.00,0,0,+0.00
autocuda/optimize/2026-06-22-09-10-03-qr_v2/worker-0-brief-44,0,0,0.00,0,0,+0.00
autocuda/optimize/2026-06-22-09-10-03-qr_v2/worker-0-brief-45,0,0,0.00,0,0,+0.00
autocuda/optimize/2026-06-22-09-10-03-qr_v2/worker-0-brief-46,0,0,0.00,0,0,+0.00
autocuda/optimize/2026-06-22-09-10-03-qr_v2/worker-0-brief-47,0,0,0.00,0,0,+0.00
autocuda/optimize/2026-06-22-09-10-03-qr_v2/worker-0-brief-48,0,0,0.00,0,0,+0.00
autocuda/optimize/2026-06-22-09-10-03-qr_v2/worker-0-brief-49,0,0,0.00,0,0,+0.00
autocuda/optimize/2026-06-22-09-10-03-qr_v2/worker-0-brief-5,0,0,0.00,0,0,+0.00
autocuda/optimize/2026-06-22-09-10-03-qr_v2/worker-0-brief-50,0,0,0.00,0,0,+0.00
autocuda/optimize/2026-06-22-09-10-03-qr_v2/worker-0-brief-51,0,0,0.00,0,0,+0.00
autocuda/optimize/2026-06-22-09-10-03-qr_v2/worker-0-brief-52,0,0,0.00,0,0,+0.00
autocuda/optimize/2026-06-22-09-10-03-qr_v2/worker-0-brief-53,0,0,0.00,0,0,+0.00
autocuda/optimize/2026-06-22-09-10-03-qr_v2/worker-0-brief-54,0,0,0.00,0,0,+0.00
autocuda/optimize/2026-06-22-09-10-03-qr_v2/worker-0-brief-56,0,0,0.00,0,0,+0.00
autocuda/optimize/2026-06-22-09-10-03-qr_v2/worker-0-brief-57,0,0,0.00,0,0,+0.00
autocuda/optimize/2026-06-22-09-10-03-qr_v2/worker-0-brief-7,0,0,0.00,0,0,+0.00
autocuda/optimize/2026-06-22-09-10-03-qr_v2/worker-0-brief-9,0,0,0.00,0,0,+0.00
autocuda/optimize/2026-06-22-09-10-03-qr_v2/worker-1-brief-0,0,0,0.00,0,0,+0.00
autocuda/optimize/2026-06-22-09-10-03-qr_v2/worker-1-brief-1,0,0,0.00,0,0,+0.00
autocuda/optimize/2026-06-22-09-10-03-qr_v2/worker-1-brief-10,0,0,0.00,0,0,+0.00
autocuda/optimize/2026-06-22-09-10-03-qr_v2/worker-1-brief-11,0,0,0.00,0,0,+0.00
autocuda/optimize/2026-06-22-09-10-03-qr_v2/worker-1-brief-12,0,0,0.00,0,0,+0.00
autocuda/optimize/2026-06-22-09-10-03-qr_v2/worker-1-brief-13,0,0,0.00,0,0,+0.00
autocuda/optimize/2026-06-22-09-10-03-qr_v2/worker-1-brief-14,0,0,0.00,0,0,+0.00
autocuda/optimize/2026-06-22-09-10-03-qr_v2/worker-1-brief-15,0,0,0.00,0,0,+0.00
autocuda/optimize/2026-06-22-09-10-03-qr_v2/worker-1-brief-17,0,0,0.00,0,0,+0.00
autocuda/optimize/2026-06-22-09-10-03-qr_v2/worker-1-brief-18,0,0,0.00,0,0,+0.00
autocuda/optimize/2026-06-22-09-10-03-qr_v2/worker-1-brief-19,0,0,0.00,0,0,+0.00
autocuda/optimize/2026-06-22-09-10-03-qr_v2/worker-1-brief-2,0,0,0.00,0,0,+0.00
autocuda/optimize/2026-06-22-09-10-03-qr_v2/worker-1-brief-22,0,0,0.00,0,0,+0.00
autocuda/optimize/2026-06-22-09-10-03-qr_v2/worker-1-brief-23,0,0,0.00,0,0,+0.00
autocuda/optimize/2026-06-22-09-10-03-qr_v2/worker-1-brief-24,0,0,0.00,0,0,+0.00
autocuda/optimize/2026-06-22-09-10-03-qr_v2/worker-1-brief-25,0,0,0.00,0,0,+0.00
autocuda/optimize/2026-06-22-09-10-03-qr_v2/worker-1-brief-26,0,0,0.00,0,0,+0.00
autocuda/optimize/2026-06-22-09-10-03-qr_v2/worker-1-brief-27,0,0,0.00,0,0,+0.00
autocuda/optimize/2026-06-22-09-10-03-qr_v2/worker-1-brief-28,0,0,0.00,0,0,+0.00
autocuda/optimize/2026-06-22-09-10-03-qr_v2/worker-1-brief-29,0,0,0.00,0,0,+0.00
autocuda/optimize/2026-06-22-09-10-03-qr_v2/worker-1-brief-3,0,0,0.00,0,0,+0.00
autocuda/optimize/2026-06-22-09-10-03-qr_v2/worker-1-brief-30,0,0,0.00,0,0,+0.00
autocuda/optimize/2026-06-22-09-10-03-qr_v2/worker-1-brief-31,0,0,0.00,0,0,+0.00
autocuda/optimize/2026-06-22-09-10-03-qr_v2/worker-1-brief-32,0,0,0.00,0,0,+0.00
autocuda/optimize/2026-06-22-09-10-03-qr_v2/worker-1-brief-33,0,0,0.00,0,0,+0.00
autocuda/optimize/2026-06-22-09-10-03-qr_v2/worker-1-brief-34,0,0,0.00,0,0,+0.00
autocuda/optimize/2026-06-22-09-10-03-qr_v2/worker-1-brief-35,0,0,0.00,0,0,+0.00
autocuda/optimize/2026-06-22-09-10-03-qr_v2/worker-1-brief-36,0,0,0.00,0,0,+0.00
autocuda/optimize/2026-06-22-09-10-03-qr_v2/worker-1-brief-37,0,0,0.00,0,0,+0.00
autocuda/optimize/2026-06-22-09-10-03-qr_v2/worker-1-brief-38,0,0,0.00,0,0,+0.00
autocuda/optimize/2026-06-22-09-10-03-qr_v2/worker-1-brief-39,0,0,0.00,0,0,+0.00
autocuda/optimize/2026-06-22-09-10-03-qr_v2/worker-1-brief-4,0,0,0.00,0,0,+0.00
autocuda/optimize/2026-06-22-09-10-03-qr_v2/worker-1-brief-40,0,0,0.00,0,0,+0.00
autocuda/optimize/2026-06-22-09-10-03-qr_v2/worker-1-brief-41,0,0,0.00,0,0,+0.00
autocuda/optimize/2026-06-22-09-10-03-qr_v2/worker-1-brief-42,0,0,0.00,0,0,+0.00
autocuda/optimize/2026-06-22-09-10-03-qr_v2/worker-1-brief-43,0,0,0.00,0,0,+0.00
autocuda/optimize/2026-06-22-09-10-03-qr_v2/worker-1-brief-44,0,0,0.00,0,0,+0.00
autocuda/optimize/2026-06-22-09-10-03-qr_v2/worker-1-brief-45,0,0,0.00,0,0,+0.00
autocuda/optimize/2026-06-22-09-10-03-qr_v2/worker-1-brief-46,0,0,0.00,0,0,+0.00
autocuda/optimize/2026-06-22-09-10-03-qr_v2/worker-1-brief-47,0,0,0.00,0,0,+0.00
autocuda/optimize/2026-06-22-09-10-03-qr_v2/worker-1-brief-48,0,0,0.00,0,0,+0.00
autocuda/optimize/2026-06-22-09-10-03-qr_v2/worker-1-brief-49,0,0,0.00,0,0,+0.00
autocuda/optimize/2026-06-22-09-10-03-qr_v2/worker-1-brief-5,0,0,0.00,0,0,+0.00
autocuda/optimize/2026-06-22-09-10-03-qr_v2/worker-1-brief-50,0,0,0.00,0,0,+0.00
autocuda/optimize/2026-06-22-09-10-03-qr_v2/worker-1-brief-51,0,0,0.00,0,0,+0.00
autocuda/optimize/2026-06-22-09-10-03-qr_v2/worker-1-brief-52,0,0,0.00,0,0,+0.00
autocuda/optimize/2026-06-22-09-10-03-qr_v2/worker-1-brief-53,0,0,0.00,0,0,+0.00
autocuda/optimize/2026-06-22-09-10-03-qr_v2/worker-1-brief-54,0,0,0.00,0,0,+0.00
autocuda/optimize/2026-06-22-09-10-03-qr_v2/worker-1-brief-55,0,0,0.00,0,0,+0.00
autocuda/optimize/2026-06-22-09-10-03-qr_v2/worker-1-brief-8,0,0,0.00,0,0,+0.00
autocuda/optimize/2026-06-22-09-10-03-qr_v2/worker-2-brief-0,0,0,0.00,0,0,+0.00
autocuda/optimize/2026-06-22-09-10-03-qr_v2/worker-2-brief-1,0,0,0.00,0,0,+0.00
autocuda/optimize/2026-06-22-09-10-03-qr_v2/worker-2-brief-10,0,0,0.00,0,0,+0.00
autocuda/optimize/2026-06-22-09-10-03-qr_v2/worker-2-brief-11,0,0,0.00,0,0,+0.00
autocuda/optimize/2026-06-22-09-10-03-qr_v2/worker-2-brief-13,0,0,0.00,0,0,+0.00
autocuda/optimize/2026-06-22-09-10-03-qr_v2/worker-2-brief-15,0,0,0.00,0,0,+0.00
autocuda/optimize/2026-06-22-09-10-03-qr_v2/worker-2-brief-16,0,0,0.00,0,0,+0.00
autocuda/optimize/2026-06-22-09-10-03-qr_v2/worker-2-brief-18,0,0,0.00,0,0,+0.00
autocuda/optimize/2026-06-22-09-10-03-qr_v2/worker-2-brief-19,0,0,0.00,0,0,+0.00
autocuda/optimize/2026-06-22-09-10-03-qr_v2/worker-2-brief-21,0,0,0.00,0,0,+0.00
autocuda/optimize/2026-06-22-09-10-03-qr_v2/worker-2-brief-22,0,0,0.00,0,0,+0.00
autocuda/optimize/2026-06-22-09-10-03-qr_v2/worker-2-brief-23,0,0,0.00,0,0,+0.00
autocuda/optimize/2026-06-22-09-10-03-qr_v2/worker-2-brief-25,0,0,0.00,0,0,+0.00
autocuda/optimize/2026-06-22-09-10-03-qr_v2/worker-2-brief-27,0,0,0.00,0,0,+0.00
autocuda/optimize/2026-06-22-09-10-03-qr_v2/worker-2-brief-3,0,0,0.00,0,0,+0.00
autocuda/optimize/2026-06-22-09-10-03-qr_v2/worker-2-brief-33,0,0,0.00,0,0,+0.00
autocuda/optimize/2026-06-22-09-10-03-qr_v2/worker-2-brief-35,0,0,0.00,0,0,+0.00
autocuda/optimize/2026-06-22-09-10-03-qr_v2/worker-2-brief-36,0,0,0.00,0,0,+0.00
autocuda/optimize/2026-06-22-09-10-03-qr_v2/worker-2-brief-37,0,0,0.00,0,0,+0.00
autocuda/optimize/2026-06-22-09-10-03-qr_v2/worker-2-brief-39,0,0,0.00,0,0,+0.00
autocuda/optimize/2026-06-22-09-10-03-qr_v2/worker-2-brief-4,0,0,0.00,0,0,+0.00
autocuda/optimize/2026-06-22-09-10-03-qr_v2/worker-2-brief-40,0,0,0.00,0,0,+0.00
autocuda/optimize/2026-06-22-09-10-03-qr_v2/worker-2-brief-41,0,0,0.00,0,0,+0.00
autocuda/optimize/2026-06-22-09-10-03-qr_v2/worker-2-brief-42,0,0,0.00,0,0,+0.00
autocuda/optimize/2026-06-22-09-10-03-qr_v2/worker-2-brief-43,0,0,0.00,0,0,+0.00
autocuda/optimize/2026-06-22-09-10-03-qr_v2/worker-2-brief-44,0,0,0.00,0,0,+0.00
autocuda/optimize/2026-06-22-09-10-03-qr_v2/worker-2-brief-45,0,0,0.00,0,0,+0.00
autocuda/optimize/2026-06-22-09-10-03-qr_v2/worker-2-brief-46,0,0,0.00,0,0,+0.00
autocuda/optimize/2026-06-22-09-10-03-qr_v2/worker-2-brief-47,0,0,0.00,0,0,+0.00
autocuda/optimize/2026-06-22-09-10-03-qr_v2/worker-2-brief-48,0,0,0.00,0,0,+0.00
autocuda/optimize/2026-06-22-09-10-03-qr_v2/worker-2-brief-49,0,0,0.00,0,0,+0.00
autocuda/optimize/2026-06-22-09-10-03-qr_v2/worker-2-brief-5,0,0,0.00,0,0,+0.00
autocuda/optimize/2026-06-22-09-10-03-qr_v2/worker-2-brief-50,0,0,0.00,0,0,+0.00
autocuda/optimize/2026-06-22-09-10-03-qr_v2/worker-2-brief-51,0,0,0.00,0,0,+0.00
autocuda/optimize/2026-06-22-09-10-03-qr_v2/worker-2-brief-52,0,0,0.00,0,0,+0.00
autocuda/optimize/2026-06-22-09-10-03-qr_v2/worker-2-brief-53,0,0,0.00,0,0,+0.00
autocuda/optimize/2026-06-22-09-10-03-qr_v2/worker-2-brief-54,0,0,0.00,0,0,+0.00
autocuda/optimize/2026-06-22-09-10-03-qr_v2/worker-2-brief-55,0,0,0.00,0,0,+0.00
autocuda/optimize/2026-06-22-09-10-03-qr_v2/worker-2-brief-57,0,0,0.00,0,0,+0.00
autocuda/optimize/2026-06-22-09-10-03-qr_v2/worker-2-brief-58,0,0,0.00,0,0,+0.00
autocuda/optimize/2026-06-22-09-10-03-qr_v2/worker-2-brief-59,0,0,0.00,0,0,+0.00
autocuda/optimize/2026-06-22-09-10-03-qr_v2/worker-2-brief-60,0,0,0.00,0,0,+0.00
autocuda/optimize/2026-06-22-09-10-03-qr_v2/worker-2-brief-61,0,0,0.00,0,0,+0.00
autocuda/optimize/2026-06-22-09-10-03-qr_v2/worker-2-brief-62,0,0,0.00,0,0,+0.00
autocuda/optimize/2026-06-22-09-10-03-qr_v2/worker-2-brief-63,0,0,0.00,0,0,+0.00
autocuda/optimize/2026-06-22-09-10-03-qr_v2/worker-2-brief-64,0,0,0.00,0,0,+0.00
autocuda/optimize/2026-06-22-09-10-03-qr_v2/worker-2-brief-65,0,0,0.00,0,0,+0.00
autocuda/optimize/2026-06-22-09-10-03-qr_v2/worker-2-brief-66,0,0,0.00,0,0,+0.00
autocuda/optimize/2026-06-22-09-10-03-qr_v2/worker-2-brief-67,0,0,0.00,0,0,+0.00
autocuda/optimize/2026-06-22-09-10-03-qr_v2/worker-2-brief-68,0,0,0.00,0,0,+0.00
autocuda/optimize/2026-06-22-09-10-03-qr_v2/worker-2-brief-69,0,0,0.00,0,0,+0.00
autocuda/optimize/2026-06-22-09-10-03-qr_v2/worker-2-brief-70,0,0,0.00,0,0,+0.00
autocuda/optimize/2026-06-22-09-10-03-qr_v2/worker-2-brief-8,0,0,0.00,0,0,+0.00
autocuda/optimize/2026-06-22-09-10-03-qr_v2/worker-2-brief-9,0,0,0.00,0,0,+0.00
autocuda/optimize/2026-06-22-09-10-03-qr_v2/worker-3-brief-0,0,0,0.00,0,0,+0.00
autocuda/optimize/2026-06-22-09-10-03-qr_v2/worker-3-brief-1,0,0,0.00,0,0,+0.00
autocuda/optimize/2026-06-22-09-10-03-qr_v2/worker-3-brief-10,0,0,0.00,0,0,+0.00
autocuda/optimize/2026-06-22-09-10-03-qr_v2/worker-3-brief-11,0,0,0.00,0,0,+0.00
autocuda/optimize/2026-06-22-09-10-03-qr_v2/worker-3-brief-12,0,0,0.00,0,0,+0.00
autocuda/optimize/2026-06-22-09-10-03-qr_v2/worker-3-brief-13,0,0,0.00,0,0,+0.00
autocuda/optimize/2026-06-22-09-10-03-qr_v2/worker-3-brief-14,0,0,0.00,0,0,+0.00
autocuda/optimize/2026-06-22-09-10-03-qr_v2/worker-3-brief-15,0,0,0.00,0,0,+0.00
autocuda/optimize/2026-06-22-09-10-03-qr_v2/worker-3-brief-16,0,0,0.00,0,0,+0.00
autocuda/optimize/2026-06-22-09-10-03-qr_v2/worker-3-brief-17,0,0,0.00,0,0,+0.00
autocuda/optimize/2026-06-22-09-10-03-qr_v2/worker-3-brief-18,0,0,0.00,0,0,+0.00
autocuda/optimize/2026-06-22-09-10-03-qr_v2/worker-3-brief-19,0,0,0.00,0,0,+0.00
autocuda/optimize/2026-06-22-09-10-03-qr_v2/worker-3-brief-2,0,0,0.00,0,0,+0.00
autocuda/optimize/2026-06-22-09-10-03-qr_v2/worker-3-brief-20,0,0,0.00,0,0,+0.00
autocuda/optimize/2026-06-22-09-10-03-qr_v2/worker-3-brief-3,0,0,0.00,0,0,+0.00
autocuda/optimize/2026-06-22-09-10-03-qr_v2/worker-3-brief-4,0,0,0.00,0,0,+0.00
autocuda/optimize/2026-06-22-09-10-03-qr_v2/worker-3-brief-5,0,0,0.00,0,0,+0.00
autocuda/optimize/2026-06-22-09-10-03-qr_v2/worker-3-brief-6,0,0,0.00,0,0,+0.00
autocuda/optimize/2026-06-22-09-10-03-qr_v2/worker-3-brief-7,0,0,0.00,0,0,+0.00
autocuda/optimize/2026-06-22-09-10-03-qr_v2/worker-3-brief-8,0,0,0.00,0,0,+0.00
autocuda/optimize/2026-06-22-09-10-03-qr_v2/worker-3-brief-9,0,0,0.00,0,0,+0.00
autocuda/optimize/2026-06-23-17-54-06-qr_v2/worker-0-brief-0,0,0,0.00,0,0,+0.00
autocuda/optimize/2026-06-23-17-54-06-qr_v2/worker-0-brief-1,0,0,0.00,0,0,+0.00
autocuda/optimize/2026-06-23-17-54-06-qr_v2/worker-0-brief-10,0,0,0.00,0,0,+0.00
autocuda/optimize/2026-06-23-17-54-06-qr_v2/worker-0-brief-11,0,0,0.00,0,0,+0.00
autocuda/optimize/2026-06-23-17-54-06-qr_v2/worker-0-brief-2,0,0,0.00,0,0,+0.00
autocuda/optimize/2026-06-23-17-54-06-qr_v2/worker-0-brief-3,0,0,0.00,0,0,+0.00
autocuda/optimize/2026-06-23-17-54-06-qr_v2/worker-0-brief-4,0,0,0.00,0,0,+0.00
autocuda/optimize/2026-06-23-17-54-06-qr_v2/worker-0-brief-5,0,0,0.00,0,0,+0.00
autocuda/optimize/2026-06-23-17-54-06-qr_v2/worker-0-brief-6,0,0,0.00,0,0,+0.00
autocuda/optimize/2026-06-23-17-54-06-qr_v2/worker-0-brief-7,0,0,0.00,0,0,+0.00
autocuda/optimize/2026-06-23-17-54-06-qr_v2/worker-0-brief-8,0,0,0.00,0,0,+0.00
autocuda/optimize/2026-06-23-17-54-06-qr_v2/worker-0-brief-9,0,0,0.00,0,0,+0.00
autocuda/optimize/2026-06-23-17-54-06-qr_v2/worker-1-brief-0,0,0,0.00,0,0,+0.00
autocuda/optimize/2026-06-23-17-54-06-qr_v2/worker-1-brief-1,0,0,0.00,0,0,+0.00
autocuda/optimize/2026-06-23-17-54-06-qr_v2/worker-1-brief-10,0,0,0.00,0,0,+0.00
autocuda/optimize/2026-06-23-17-54-06-qr_v2/worker-1-brief-12,0,0,0.00,0,0,+0.00
autocuda/optimize/2026-06-23-17-54-06-qr_v2/worker-1-brief-13,0,0,0.00,0,0,+0.00
autocuda/optimize/2026-06-23-17-54-06-qr_v2/worker-1-brief-2,0,0,0.00,0,0,+0.00
autocuda/optimize/2026-06-23-17-54-06-qr_v2/worker-1-brief-3,0,0,0.00,0,0,+0.00
autocuda/optimize/2026-06-23-17-54-06-qr_v2/worker-1-brief-4,0,0,0.00,0,0,+0.00
autocuda/optimize/2026-06-23-17-54-06-qr_v2/worker-1-brief-5,0,0,0.00,0,0,+0.00
autocuda/optimize/2026-06-23-17-54-06-qr_v2/worker-1-brief-6,0,0,0.00,0,0,+0.00
autocuda/optimize/2026-06-23-17-54-06-qr_v2/worker-1-brief-7,0,0,0.00,0,0,+0.00
autocuda/optimize/2026-06-23-17-54-06-qr_v2/worker-1-brief-8,0,0,0.00,0,0,+0.00
autocuda/optimize/2026-06-23-17-54-06-qr_v2/worker-1-brief-9,0,0,0.00,0,0,+0.00
autocuda/optimize/2026-06-23-17-54-06-qr_v2/worker-2-brief-0,0,0,0.00,0,0,+0.00
autocuda/optimize/2026-06-23-17-54-06-qr_v2/worker-2-brief-1,0,0,0.00,0,0,+0.00
autocuda/optimize/2026-06-23-17-54-06-qr_v2/worker-2-brief-10,0,0,0.00,0,0,+0.00
autocuda/optimize/2026-06-23-17-54-06-qr_v2/worker-2-brief-11,0,0,0.00,0,0,+0.00
autocuda/optimize/2026-06-23-17-54-06-qr_v2/worker-2-brief-12,0,0,0.00,0,0,+0.00
autocuda/optimize/2026-06-23-17-54-06-qr_v2/worker-2-brief-13,0,0,0.00,0,0,+0.00
autocuda/optimize/2026-06-23-17-54-06-qr_v2/worker-2-brief-14,0,0,0.00,0,0,+0.00
autocuda/optimize/2026-06-23-17-54-06-qr_v2/worker-2-brief-2,0,0,0.00,0,0,+0.00
autocuda/optimize/2026-06-23-17-54-06-qr_v2/worker-2-brief-3,0,0,0.00,0,0,+0.00
autocuda/optimize/2026-06-23-17-54-06-qr_v2/worker-2-brief-4,0,0,0.00,0,0,+0.00
autocuda/optimize/2026-06-23-17-54-06-qr_v2/worker-2-brief-5,0,0,0.00,0,0,+0.00
autocuda/optimize/2026-06-23-17-54-06-qr_v2/worker-2-brief-6,0,0,0.00,0,0,+0.00
autocuda/optimize/2026-06-23-17-54-06-qr_v2/worker-2-brief-7,0,0,0.00,0,0,+0.00
autocuda/optimize/2026-06-23-17-54-06-qr_v2/worker-2-brief-8,0,0,0.00,0,0,+0.00
autocuda/optimize/2026-06-23-17-54-06-qr_v2/worker-2-brief-9,0,0,0.00,0,0,+0.00
autocuda/optimize/2026-06-23-17-54-06-qr_v2/worker-3-brief-0,0,0,0.00,0,0,+0.00
autocuda/optimize/2026-06-23-17-54-06-qr_v2/worker-3-brief-1,0,0,0.00,0,0,+0.00
autocuda/optimize/2026-06-23-17-54-06-qr_v2/worker-3-brief-10,0,0,0.00,0,0,+0.00
autocuda/optimize/2026-06-23-17-54-06-qr_v2/worker-3-brief-11,0,0,0.00,0,0,+0.00
autocuda/optimize/2026-06-23-17-54-06-qr_v2/worker-3-brief-12,0,0,0.00,0,0,+0.00
autocuda/optimize/2026-06-23-17-54-06-qr_v2/worker-3-brief-13,0,0,0.00,0,0,+0.00
autocuda/optimize/2026-06-23-17-54-06-qr_v2/worker-3-brief-2,0,0,0.00,0,0,+0.00
autocuda/optimize/2026-06-23-17-54-06-qr_v2/worker-3-brief-3,0,0,0.00,0,0,+0.00
autocuda/optimize/2026-06-23-17-54-06-qr_v2/worker-3-brief-4,0,0,0.00,0,0,+0.00
autocuda/optimize/2026-06-23-17-54-06-qr_v2/worker-3-brief-5,0,0,0.00,0,0,+0.00
autocuda/optimize/2026-06-23-17-54-06-qr_v2/worker-3-brief-6,0,0,0.00,0,0,+0.00
autocuda/optimize/2026-06-23-17-54-06-qr_v2/worker-3-brief-7,0,0,0.00,0,0,+0.00
autocuda/optimize/2026-06-23-17-54-06-qr_v2/worker-3-brief-8,0,0,0.00,0,0,+0.00
autocuda/optimize/2026-06-23-17-54-06-qr_v2/worker-3-brief-9,0,0,0.00,0,0,+0.00
autocuda/optimize/2026-06-23-17-54-06-qr_v2/worker-4-brief-0,0,0,0.00,0,0,+0.00
autocuda/optimize/2026-06-23-17-54-06-qr_v2/worker-4-brief-1,0,0,0.00,0,0,+0.00
autocuda/optimize/2026-06-23-17-54-06-qr_v2/worker-4-brief-10,0,0,0.00,0,0,+0.00
autocuda/optimize/2026-06-23-17-54-06-qr_v2/worker-4-brief-12-combine,0,0,0.00,0,0,+0.00
autocuda/optimize/2026-06-23-17-54-06-qr_v2/worker-4-brief-13,0,0,0.00,0,0,+0.00
autocuda/optimize/2026-06-23-17-54-06-qr_v2/worker-4-brief-14,0,0,0.00,0,0,+0.00
autocuda/optimize/2026-06-23-17-54-06-qr_v2/worker-4-brief-2,0,0,0.00,0,0,+0.00
autocuda/optimize/2026-06-23-17-54-06-qr_v2/worker-4-brief-3,0,0,0.00,0,0,+0.00
autocuda/optimize/2026-06-23-17-54-06-qr_v2/worker-4-brief-4,0,0,0.00,0,0,+0.00
autocuda/optimize/2026-06-23-17-54-06-qr_v2/worker-4-brief-5,0,0,0.00,0,0,+0.00
autocuda/optimize/2026-06-23-17-54-06-qr_v2/worker-4-brief-7,0,0,0.00,0,0,+0.00
autocuda/optimize/2026-06-23-17-54-06-qr_v2/worker-4-brief-8,0,0,0.00,0,0,+0.00
autocuda/optimize/2026-06-23-17-54-06-qr_v2/worker-4-brief-9,0,0,0.00,0,0,+0.00
autocuda/optimize/2026-06-23-17-54-06-qr_v2/worker-4-combine,0,0,0.00,0,0,+0.00
autocuda/optimize/2026-06-23-17-54-06-qr_v2/worker-4-combine-v2,0,0,0.00,0,0,+0.00
autocuda/optimize/2026-06-23-17-54-06-qr_v2/worker-4-final-4way,0,0,0.00,0,0,+0.00
autocuda/optimize/2026-06-23-17-54-06-qr_v2/worker-5-brief-0,0,0,0.00,0,0,+0.00
autocuda/optimize/2026-06-23-17-54-06-qr_v2/worker-5-brief-1,0,0,0.00,0,0,+0.00
autocuda/optimize/2026-06-23-17-54-06-qr_v2/worker-5-brief-2,0,0,0.00,0,0,+0.00
autocuda/optimize/2026-06-23-17-54-06-qr_v2/worker-5-brief-3,0,0,0.00,0,0,+0.00
autocuda/optimize/2026-06-23-17-54-06-qr_v2/worker-5-brief-4,0,0,0.00,0,0,+0.00
autocuda/optimize/2026-06-23-17-54-06-qr_v2/worker-5-brief-5,0,0,0.00,0,0,+0.00
autocuda/optimize/2026-06-23-17-54-06-qr_v2/worker-5-brief-6,0,0,0.00,0,0,+0.00
autocuda/optimize/2026-06-23-17-54-06-qr_v2/worker-5-brief-7,0,0,0.00,0,0,+0.00
autocuda/optimize/2026-06-23-17-54-06-qr_v2/worker-5-brief-8,0,0,0.00,0,0,+0.00
autocuda/optimize/2026-06-23-17-54-06-qr_v2/worker-5-brief-9,0,0,0.00,0,0,+0.00
autocuda/optimize/2026-06-24-20-40-28-qr_v2/worker-0-brief-0,0,0,0.00,0,0,+0.00
autocuda/optimize/2026-06-24-20-40-28-qr_v2/worker-0-brief-1,0,0,0.00,0,0,+0.00
autocuda/optimize/2026-06-24-20-40-28-qr_v2/worker-0-brief-10,0,0,0.00,0,0,+0.00
autocuda/optimize/2026-06-24-20-40-28-qr_v2/worker-0-brief-11,0,0,0.00,0,0,+0.00
autocuda/optimize/2026-06-24-20-40-28-qr_v2/worker-0-brief-12,0,0,0.00,0,0,+0.00
autocuda/optimize/2026-06-24-20-40-28-qr_v2/worker-0-brief-13,0,0,0.00,0,0,+0.00
autocuda/optimize/2026-06-24-20-40-28-qr_v2/worker-0-brief-14,0,0,0.00,0,0,+0.00
autocuda/optimize/2026-06-24-20-40-28-qr_v2/worker-0-brief-2,0,0,0.00,0,0,+0.00
autocuda/optimize/2026-06-24-20-40-28-qr_v2/worker-0-brief-3,0,0,0.00,0,0,+0.00
autocuda/optimize/2026-06-24-20-40-28-qr_v2/worker-0-brief-4,0,0,0.00,0,0,+0.00
autocuda/optimize/2026-06-24-20-40-28-qr_v2/worker-0-brief-5,0,0,0.00,0,0,+0.00
autocuda/optimize/2026-06-24-20-40-28-qr_v2/worker-0-brief-6,0,0,0.00,0,0,+0.00
autocuda/optimize/2026-06-24-20-40-28-qr_v2/worker-0-brief-7,0,0,0.00,0,0,+0.00
autocuda/optimize/2026-06-24-20-40-28-qr_v2/worker-0-brief-8,0,0,0.00,0,0,+0.00
autocuda/optimize/2026-06-24-20-40-28-qr_v2/worker-0-brief-9,0,0,0.00,0,0,+0.00
autocuda/optimize/2026-06-24-20-40-28-qr_v2/worker-1-brief-0,0,0,0.00,0,0,+0.00
autocuda/optimize/2026-06-24-20-40-28-qr_v2/worker-1-brief-1,0,0,0.00,0,0,+0.00
autocuda/optimize/2026-06-24-20-40-28-qr_v2/worker-1-brief-2,0,0,0.00,0,0,+0.00
autocuda/optimize/2026-06-24-20-40-28-qr_v2/worker-1-brief-3,0,0,0.00,0,0,+0.00
autocuda/optimize/2026-06-24-20-40-28-qr_v2/worker-1-brief-4,0,0,0.00,0,0,+0.00
autocuda/optimize/2026-06-24-20-40-28-qr_v2/worker-1-brief-5,0,0,0.00,0,0,+0.00
autocuda/optimize/2026-06-24-20-40-28-qr_v2/worker-1-brief-6,0,0,0.00,0,0,+0.00
autocuda/optimize/2026-06-24-20-40-28-qr_v2/worker-2-brief-0,0,0,0.00,0,0,+0.00
autocuda/optimize/2026-06-24-20-40-28-qr_v2/worker-2-brief-1,0,0,0.00,0,0,+0.00
autocuda/optimize/2026-06-24-20-40-28-qr_v2/worker-2-brief-10,0,0,0.00,0,0,+0.00
autocuda/optimize/2026-06-24-20-40-28-qr_v2/worker-2-brief-2,0,0,0.00,0,0,+0.00
autocuda/optimize/2026-06-24-20-40-28-qr_v2/worker-2-brief-3,0,0,0.00,0,0,+0.00
autocuda/optimize/2026-06-24-20-40-28-qr_v2/worker-2-brief-4,0,0,0.00,0,0,+0.00
autocuda/optimize/2026-06-24-20-40-28-qr_v2/worker-2-brief-5,0,0,0.00,0,0,+0.00
autocuda/optimize/2026-06-24-20-40-28-qr_v2/worker-2-brief-6,0,0,0.00,0,0,+0.00
autocuda/optimize/2026-06-24-20-40-28-qr_v2/worker-2-brief-7,0,0,0.00,0,0,+0.00
autocuda/optimize/2026-06-24-20-40-28-qr_v2/worker-2-brief-8,0,0,0.00,0,0,+0.00
autocuda/optimize/2026-06-24-20-40-28-qr_v2/worker-3-brief-0,0,0,0.00,0,0,+0.00
autocuda/optimize/2026-06-24-20-40-28-qr_v2/worker-3-brief-1,0,0,0.00,0,0,+0.00
autocuda/optimize/2026-06-24-20-40-28-qr_v2/worker-3-brief-2,0,0,0.00,0,0,+0.00
autocuda/optimize/2026-06-24-20-40-28-qr_v2/worker-3-brief-3,0,0,0.00,0,0,+0.00
autocuda/optimize/2026-06-24-20-40-28-qr_v2/worker-3-brief-4,0,0,0.00,0,0,+0.00
autocuda/optimize/2026-06-24-20-40-28-qr_v2/worker-3-brief-5,0,0,0.00,0,0,+0.00
autocuda/optimize/2026-06-24-20-40-28-qr_v2/worker-3-brief-6,0,0,0.00,0,0,+0.00
autocuda/optimize/2026-06-24-20-40-28-qr_v2/worker-3-brief-7,0,0,0.00,0,0,+0.00
autocuda/optimize/2026-06-24-20-40-28-qr_v2/worker-3-brief-9,0,0,0.00,0,0,+0.00
autocuda/optimize/2026-06-24-21-01-44-qr_v2_simplify/worker-0-brief-0,0,0,0.00,0,0,+0.00
autocuda/optimize/2026-06-24-21-01-44-qr_v2_simplify/worker-0-brief-1,0,0,0.00,0,0,+0.00
autocuda/optimize/2026-06-24-21-01-44-qr_v2_simplify/worker-0-brief-2,0,0,0.00,0,0,+0.00
autocuda/optimize/2026-06-24-21-01-44-qr_v2_simplify/worker-0-brief-3,0,0,0.00,0,0,+0.00
autocuda/optimize/2026-06-24-21-01-44-qr_v2_simplify/worker-1-brief-0,0,0,0.00,0,0,+0.00
autocuda/optimize/2026-06-24-21-01-44-qr_v2_simplify/worker-1-brief-1,0,0,0.00,0,0,+0.00
autocuda/optimize/2026-06-24-21-01-44-qr_v2_simplify/worker-2-brief-0,0,0,0.00,0,0,+0.00
autocuda/optimize/2026-06-24-21-01-44-qr_v2_simplify/worker-2-brief-1,0,0,0.00,0,0,+0.00
autocuda/optimize/2026-06-24-21-01-44-qr_v2_simplify/worker-2-brief-2,0,0,0.00,0,0,+0.00
autocuda/optimize/2026-06-24-21-01-44-qr_v2_simplify/worker-3-brief-0,0,0,0.00,0,0,+0.00
autocuda/optimize/2026-06-24-21-01-44-qr_v2_simplify/worker-3-brief-1,0,0,0.00,0,0,+0.00
autocuda/optimize/2026-06-24-21-01-44-qr_v2_simplify/worker-3-brief-2,0,0,0.00,0,0,+0.00
autocuda/optimize/2026-06-24-21-01-44-qr_v2_simplify/worker-3-brief-3,0,0,0.00,0,0,+0.00
autocuda/optimize/2026-06-24-21-01-44-qr_v2_simplify/worker-4-brief-0,0,0,0.00,0,0,+0.00
autocuda/optimize/2026-06-24-21-01-44-qr_v2_simplify/worker-4-brief-1,0,0,0.00,0,0,+0.00
autocuda/optimize/2026-06-24-21-01-44-qr_v2_simplify/worker-5-brief-0,0,0,0.00,0,0,+0.00
autocuda/optimize/2026-06-24-21-01-44-qr_v2_simplify/worker-5-brief-1,0,0,0.00,0,0,+0.00
autocuda/optimize/2026-06-25-02-02-25-qr_v2/worker-0-brief-0,0,0,0.00,0,0,+0.00
autocuda/optimize/2026-06-25-02-02-25-qr_v2/worker-0-brief-1,0,0,0.00,0,0,+0.00
autocuda/optimize/2026-06-25-02-02-25-qr_v2/worker-0-brief-10,0,0,0.00,0,0,+0.00
autocuda/optimize/2026-06-25-02-02-25-qr_v2/worker-0-brief-11,0,0,0.00,0,0,+0.00
autocuda/optimize/2026-06-25-02-02-25-qr_v2/worker-0-brief-2,0,0,0.00,0,0,+0.00
autocuda/optimize/2026-06-25-02-02-25-qr_v2/worker-0-brief-3,0,0,0.00,0,0,+0.00
autocuda/optimize/2026-06-25-02-02-25-qr_v2/worker-0-brief-5,0,0,0.00,0,0,+0.00
autocuda/optimize/2026-06-25-02-02-25-qr_v2/worker-0-brief-6,0,0,0.00,0,0,+0.00
autocuda/optimize/2026-06-25-02-02-25-qr_v2/worker-0-brief-7,0,0,0.00,0,0,+0.00
autocuda/optimize/2026-06-25-02-02-25-qr_v2/worker-0-brief-8,0,0,0.00,0,0,+0.00
autocuda/optimize/2026-06-25-02-02-25-qr_v2/worker-0-brief-9,0,0,0.00,0,0,+0.00
autocuda/optimize/2026-06-25-02-02-25-qr_v2/worker-1-brief-0,0,0,0.00,0,0,+0.00
autocuda/optimize/2026-06-25-02-02-25-qr_v2/worker-1-brief-1,0,0,0.00,0,0,+0.00
autocuda/optimize/2026-06-25-02-02-25-qr_v2/worker-1-brief-2,0,0,0.00,0,0,+0.00
autocuda/optimize/2026-06-25-02-02-25-qr_v2/worker-1-brief-3,0,0,0.00,0,0,+0.00
autocuda/optimize/2026-06-25-02-02-25-qr_v2/worker-1-brief-4,0,0,0.00,0,0,+0.00
autocuda/optimize/2026-06-25-02-02-25-qr_v2/worker-1-brief-5,0,0,0.00,0,0,+0.00
autocuda/optimize/2026-06-25-02-02-25-qr_v2/worker-1-brief-6,0,0,0.00,0,0,+0.00
autocuda/optimize/2026-06-25-02-02-25-qr_v2/worker-1-brief-7,0,0,0.00,0,0,+0.00
autocuda/optimize/2026-06-25-02-02-25-qr_v2/worker-1-brief-8,0,0,0.00,0,0,+0.00
autocuda/optimize/2026-06-25-02-02-25-qr_v2/worker-1-brief-9,0,0,0.00,0,0,+0.00
autocuda/optimize/2026-06-25-02-02-25-qr_v2/worker-2-brief-0,0,0,0.00,0,0,+0.00
autocuda/optimize/2026-06-25-02-02-25-qr_v2/worker-2-brief-1,0,0,0.00,0,0,+0.00
autocuda/optimize/2026-06-25-02-02-25-qr_v2/worker-2-brief-2,0,0,0.00,0,0,+0.00
autocuda/optimize/2026-06-25-02-02-25-qr_v2/worker-2-brief-3,0,0,0.00,0,0,+0.00
autocuda/optimize/2026-06-25-02-02-25-qr_v2/worker-2-brief-4,0,0,0.00,0,0,+0.00
autocuda/optimize/2026-06-25-02-02-25-qr_v2/worker-2-brief-5,0,0,0.00,0,0,+0.00
autocuda/optimize/2026-06-25-02-02-25-qr_v2/worker-2-brief-6,0,0,0.00,0,0,+0.00
autocuda/optimize/2026-06-25-02-02-25-qr_v2/worker-2-brief-7,0,0,0.00,0,0,+0.00
autocuda/optimize/2026-06-25-02-02-25-qr_v2/worker-2-brief-8,0,0,0.00,0,0,+0.00
autocuda/optimize/2026-06-25-02-02-25-qr_v2/worker-2-brief-9,0,0,0.00,0,0,+0.00
autocuda/optimize/2026-06-25-02-02-25-qr_v2/worker-3-brief-0,0,0,0.00,0,0,+0.00
autocuda/optimize/2026-06-25-02-02-25-qr_v2/worker-3-brief-1,0,0,0.00,0,0,+0.00
autocuda/optimize/2026-06-25-02-02-25-qr_v2/worker-3-brief-2,0,0,0.00,0,0,+0.00
autocuda/optimize/2026-06-25-02-02-25-qr_v2/worker-3-brief-3,0,0,0.00,0,0,+0.00
autocuda/optimize/2026-06-25-02-02-25-qr_v2/worker-3-brief-5,0,0,0.00,0,0,+0.00
autocuda/optimize/2026-06-25-02-02-25-qr_v2/worker-3-brief-6,0,0,0.00,0,0,+0.00
autocuda/optimize/2026-06-25-02-02-25-qr_v2/worker-3-brief-7,0,0,0.00,0,0,+0.00
autocuda/optimize/2026-06-25-02-02-25-qr_v2/worker-4-brief-0,0,0,0.00,0,0,+0.00
autocuda/optimize/2026-06-25-02-02-25-qr_v2/worker-4-brief-1,0,0,0.00,0,0,+0.00
autocuda/optimize/2026-06-25-02-02-25-qr_v2/worker-4-brief-2,0,0,0.00,0,0,+0.00
autocuda/optimize/2026-06-25-02-02-25-qr_v2/worker-4-brief-4,0,0,0.00,0,0,+0.00
autocuda/optimize/2026-06-25-02-02-25-qr_v2/worker-4-brief-5,0,0,0.00,0,0,+0.00
autocuda/optimize/2026-06-25-02-02-25-qr_v2/worker-4-brief-6,0,0,0.00,0,0,+0.00
autocuda/optimize/2026-06-25-02-02-25-qr_v2/worker-4-brief-7,0,0,0.00,0,0,+0.00
autocuda/optimize/2026-06-25-02-02-25-qr_v2/worker-4-brief-8,0,0,0.00,0,0,+0.00
autocuda/optimize/2026-06-25-02-02-25-qr_v2/worker-4-brief-9,0,0,0.00,0,0,+0.00
autocuda/optimize/2026-06-25-02-02-25-qr_v2/worker-5-brief-0,0,0,0.00,0,0,+0.00
autocuda/optimize/2026-06-25-02-02-25-qr_v2/worker-5-brief-1,0,0,0.00,0,0,+0.00
autocuda/optimize/2026-06-25-02-02-25-qr_v2/worker-5-brief-2,0,0,0.00,0,0,+0.00
autocuda/optimize/2026-06-25-02-02-25-qr_v2/worker-5-brief-3,0,0,0.00,0,0,+0.00
autocuda/optimize/2026-06-25-02-02-25-qr_v2/worker-5-brief-4,0,0,0.00,0,0,+0.00
autocuda/optimize/2026-06-25-02-02-25-qr_v2/worker-5-brief-5,0,0,0.00,0,0,+0.00
autocuda/optimize/2026-06-25-02-02-25-qr_v2/worker-5-brief-6,0,0,0.00,0,0,+0.00
autocuda/optimize/2026-06-25-02-02-25-qr_v2/worker-5-brief-7,0,0,0.00,0,0,+0.00
autocuda/optimize/2026-06-25-02-02-25-qr_v2/worker-5-brief-8,0,0,0.00,0,0,+0.00
autocuda/optimize/2026-06-25-02-02-25-qr_v2/worker-5-brief-9,0,0,0.00,0,0,+0.00
autocuda/optimize/2026-06-25-08-42-00-qr_v2_simplify/worker-0-brief-0,0,0,0.00,0,0,+0.00
autocuda/optimize/2026-06-25-08-42-00-qr_v2_simplify/worker-0-brief-1,0,0,0.00,0,0,+0.00
autocuda/optimize/2026-06-25-08-42-00-qr_v2_simplify/worker-0-brief-10,0,0,0.00,0,0,+0.00
autocuda/optimize/2026-06-25-08-42-00-qr_v2_simplify/worker-0-brief-11,0,0,0.00,0,0,+0.00
autocuda/optimize/2026-06-25-08-42-00-qr_v2_simplify/worker-0-brief-12,0,0,0.00,0,0,+0.00
autocuda/optimize/2026-06-25-08-42-00-qr_v2_simplify/worker-0-brief-13,0,0,0.00,0,0,+0.00
autocuda/optimize/2026-06-25-08-42-00-qr_v2_simplify/worker-0-brief-14,0,0,0.00,0,0,+0.00
autocuda/optimize/2026-06-25-08-42-00-qr_v2_simplify/worker-0-brief-15,0,0,0.00,0,0,+0.00
autocuda/optimize/2026-06-25-08-42-00-qr_v2_simplify/worker-0-brief-16,0,0,0.00,0,0,+0.00
autocuda/optimize/2026-06-25-08-42-00-qr_v2_simplify/worker-0-brief-17,0,0,0.00,0,0,+0.00
autocuda/optimize/2026-06-25-08-42-00-qr_v2_simplify/worker-0-brief-18,0,0,0.00,0,0,+0.00
autocuda/optimize/2026-06-25-08-42-00-qr_v2_simplify/worker-0-brief-2,0,0,0.00,0,0,+0.00
autocuda/optimize/2026-06-25-08-42-00-qr_v2_simplify/worker-0-brief-3,0,0,0.00,0,0,+0.00
autocuda/optimize/2026-06-25-08-42-00-qr_v2_simplify/worker-0-brief-4,0,0,0.00,0,0,+0.00
autocuda/optimize/2026-06-25-08-42-00-qr_v2_simplify/worker-0-brief-5,0,0,0.00,0,0,+0.00
autocuda/optimize/2026-06-25-08-42-00-qr_v2_simplify/worker-0-brief-6,0,0,0.00,0,0,+0.00
autocuda/optimize/2026-06-25-08-42-00-qr_v2_simplify/worker-0-brief-7,0,0,0.00,0,0,+0.00
autocuda/optimize/2026-06-25-08-42-00-qr_v2_simplify/worker-0-brief-8,0,0,0.00,0,0,+0.00
autocuda/optimize/2026-06-25-08-42-00-qr_v2_simplify/worker-0-brief-9,0,0,0.00,0,0,+0.00
autocuda/optimize/2026-06-25-08-42-00-qr_v2_simplify/worker-1-brief-0,0,0,0.00,0,0,+0.00
autocuda/optimize/2026-06-25-08-42-00-qr_v2_simplify/worker-1-brief-1,0,0,0.00,0,0,+0.00
autocuda/optimize/2026-06-25-08-42-00-qr_v2_simplify/worker-1-brief-10,0,0,0.00,0,0,+0.00
autocuda/optimize/2026-06-25-08-42-00-qr_v2_simplify/worker-1-brief-11,0,0,0.00,0,0,+0.00
autocuda/optimize/2026-06-25-08-42-00-qr_v2_simplify/worker-1-brief-12,0,0,0.00,0,0,+0.00
autocuda/optimize/2026-06-25-08-42-00-qr_v2_simplify/worker-1-brief-13,0,0,0.00,0,0,+0.00
autocuda/optimize/2026-06-25-08-42-00-qr_v2_simplify/worker-1-brief-14,0,0,0.00,0,0,+0.00
autocuda/optimize/2026-06-25-08-42-00-qr_v2_simplify/worker-1-brief-2,0,0,0.00,0,0,+0.00
autocuda/optimize/2026-06-25-08-42-00-qr_v2_simplify/worker-1-brief-3,0,0,0.00,0,0,+0.00
autocuda/optimize/2026-06-25-08-42-00-qr_v2_simplify/worker-1-brief-4,0,0,0.00,0,0,+0.00
autocuda/optimize/2026-06-25-08-42-00-qr_v2_simplify/worker-1-brief-5,0,0,0.00,0,0,+0.00
autocuda/optimize/2026-06-25-08-42-00-qr_v2_simplify/worker-1-brief-6,0,0,0.00,0,0,+0.00
autocuda/optimize/2026-06-25-08-42-00-qr_v2_simplify/worker-1-brief-7,0,0,0.00,0,0,+0.00
autocuda/optimize/2026-06-25-08-42-00-qr_v2_simplify/worker-1-brief-8,0,0,0.00,0,0,+0.00
autocuda/optimize/2026-06-25-08-42-00-qr_v2_simplify/worker-1-brief-9,0,0,0.00,0,0,+0.00
autocuda/optimize/2026-06-25-08-42-00-qr_v2_simplify/worker-2-brief-0,0,0,0.00,0,0,+0.00
autocuda/optimize/2026-06-25-08-42-00-qr_v2_simplify/worker-2-brief-1,0,0,0.00,0,0,+0.00
autocuda/optimize/2026-06-25-08-42-00-qr_v2_simplify/worker-2-brief-10,0,0,0.00,0,0,+0.00
autocuda/optimize/2026-06-25-08-42-00-qr_v2_simplify/worker-2-brief-11,0,0,0.00,0,0,+0.00
autocuda/optimize/2026-06-25-08-42-00-qr_v2_simplify/worker-2-brief-12,0,0,0.00,0,0,+0.00
autocuda/optimize/2026-06-25-08-42-00-qr_v2_simplify/worker-2-brief-13,0,0,0.00,0,0,+0.00
autocuda/optimize/2026-06-25-08-42-00-qr_v2_simplify/worker-2-brief-14,0,0,0.00,0,0,+0.00
autocuda/optimize/2026-06-25-08-42-00-qr_v2_simplify/worker-2-brief-2,0,0,0.00,0,0,+0.00
autocuda/optimize/2026-06-25-08-42-00-qr_v2_simplify/worker-2-brief-3,0,0,0.00,0,0,+0.00
autocuda/optimize/2026-06-25-08-42-00-qr_v2_simplify/worker-2-brief-4,0,0,0.00,0,0,+0.00
autocuda/optimize/2026-06-25-08-42-00-qr_v2_simplify/worker-2-brief-5,0,0,0.00,0,0,+0.00
autocuda/optimize/2026-06-25-08-42-00-qr_v2_simplify/worker-2-brief-6,0,0,0.00,0,0,+0.00
autocuda/optimize/2026-06-25-08-42-00-qr_v2_simplify/worker-2-brief-7,0,0,0.00,0,0,+0.00
autocuda/optimize/2026-06-25-08-42-00-qr_v2_simplify/worker-2-brief-8,0,0,0.00,0,0,+0.00
autocuda/optimize/2026-06-25-08-42-00-qr_v2_simplify/worker-2-brief-9,0,0,0.00,0,0,+0.00
autocuda/optimize/2026-06-25-22-03-01-qr_v2/worker-0-brief-0,0,0,0.00,0,0,+0.00
autocuda/optimize/2026-06-25-22-03-01-qr_v2/worker-0-brief-1,0,0,0.00,0,0,+0.00
autocuda/optimize/2026-06-25-22-03-01-qr_v2/worker-0-brief-10,0,0,0.00,0,0,+0.00
autocuda/optimize/2026-06-25-22-03-01-qr_v2/worker-0-brief-11,0,0,0.00,0,0,+0.00
autocuda/optimize/2026-06-25-22-03-01-qr_v2/worker-0-brief-12,0,0,0.00,0,0,+0.00
autocuda/optimize/2026-06-25-22-03-01-qr_v2/worker-0-brief-13,0,0,0.00,0,0,+0.00
autocuda/optimize/2026-06-25-22-03-01-qr_v2/worker-0-brief-14,0,0,0.00,0,0,+0.00
autocuda/optimize/2026-06-25-22-03-01-qr_v2/worker-0-brief-15,0,0,0.00,0,0,+0.00
autocuda/optimize/2026-06-25-22-03-01-qr_v2/worker-0-brief-16,0,0,0.00,0,0,+0.00
autocuda/optimize/2026-06-25-22-03-01-qr_v2/worker-0-brief-17,0,0,0.00,0,0,+0.00
autocuda/optimize/2026-06-25-22-03-01-qr_v2/worker-0-brief-18,0,0,0.00,0,0,+0.00
autocuda/optimize/2026-06-25-22-03-01-qr_v2/worker-0-brief-2,0,0,0.00,0,0,+0.00
autocuda/optimize/2026-06-25-22-03-01-qr_v2/worker-0-brief-3,0,0,0.00,0,0,+0.00
autocuda/optimize/2026-06-25-22-03-01-qr_v2/worker-0-brief-4,0,0,0.00,0,0,+0.00
autocuda/optimize/2026-06-25-22-03-01-qr_v2/worker-0-brief-5,0,0,0.00,0,0,+0.00
autocuda/optimize/2026-06-25-22-03-01-qr_v2/worker-0-brief-6,0,0,0.00,0,0,+0.00
autocuda/optimize/2026-06-25-22-03-01-qr_v2/worker-0-brief-7,0,0,0.00,0,0,+0.00
autocuda/optimize/2026-06-25-22-03-01-qr_v2/worker-0-brief-8,0,0,0.00,0,0,+0.00
autocuda/optimize/2026-06-25-22-03-01-qr_v2/worker-0-brief-9,0,0,0.00,0,0,+0.00
autocuda/optimize/2026-06-25-22-03-01-qr_v2/worker-1-brief-0,0,0,0.00,0,0,+0.00
autocuda/optimize/2026-06-25-22-03-01-qr_v2/worker-1-brief-1,0,0,0.00,0,0,+0.00
autocuda/optimize/2026-06-25-22-03-01-qr_v2/worker-1-brief-10,0,0,0.00,0,0,+0.00
autocuda/optimize/2026-06-25-22-03-01-qr_v2/worker-1-brief-11,0,0,0.00,0,0,+0.00
autocuda/optimize/2026-06-25-22-03-01-qr_v2/worker-1-brief-12,0,0,0.00,0,0,+0.00
autocuda/optimize/2026-06-25-22-03-01-qr_v2/worker-1-brief-13,0,0,0.00,0,0,+0.00
autocuda/optimize/2026-06-25-22-03-01-qr_v2/worker-1-brief-14,0,0,0.00,0,0,+0.00
autocuda/optimize/2026-06-25-22-03-01-qr_v2/worker-1-brief-15,0,0,0.00,0,0,+0.00
autocuda/optimize/2026-06-25-22-03-01-qr_v2/worker-1-brief-16,0,0,0.00,0,0,+0.00
autocuda/optimize/2026-06-25-22-03-01-qr_v2/worker-1-brief-17,0,0,0.00,0,0,+0.00
autocuda/optimize/2026-06-25-22-03-01-qr_v2/worker-1-brief-18,0,0,0.00,0,0,+0.00
autocuda/optimize/2026-06-25-22-03-01-qr_v2/worker-1-brief-19,0,0,0.00,0,0,+0.00
autocuda/optimize/2026-06-25-22-03-01-qr_v2/worker-1-brief-2,0,0,0.00,0,0,+0.00
autocuda/optimize/2026-06-25-22-03-01-qr_v2/worker-1-brief-20,0,0,0.00,0,0,+0.00
autocuda/optimize/2026-06-25-22-03-01-qr_v2/worker-1-brief-21,0,0,0.00,0,0,+0.00
autocuda/optimize/2026-06-25-22-03-01-qr_v2/worker-1-brief-22,0,0,0.00,0,0,+0.00
autocuda/optimize/2026-06-25-22-03-01-qr_v2/worker-1-brief-3,0,0,0.00,0,0,+0.00
autocuda/optimize/2026-06-25-22-03-01-qr_v2/worker-1-brief-4,0,0,0.00,0,0,+0.00
autocuda/optimize/2026-06-25-22-03-01-qr_v2/worker-1-brief-5,0,0,0.00,0,0,+0.00
autocuda/optimize/2026-06-25-22-03-01-qr_v2/worker-1-brief-6,0,0,0.00,0,0,+0.00
autocuda/optimize/2026-06-25-22-03-01-qr_v2/worker-1-brief-7,0,0,0.00,0,0,+0.00
autocuda/optimize/2026-06-25-22-03-01-qr_v2/worker-1-brief-8,0,0,0.00,0,0,+0.00
autocuda/optimize/2026-06-25-22-03-01-qr_v2/worker-1-brief-9,0,0,0.00,0,0,+0.00
autocuda/optimize/2026-06-25-22-03-01-qr_v2/worker-2-brief-0,0,0,0.00,0,0,+0.00
autocuda/optimize/2026-06-25-22-03-01-qr_v2/worker-2-brief-1,0,0,0.00,0,0,+0.00
autocuda/optimize/2026-06-25-22-03-01-qr_v2/worker-2-brief-10,0,0,0.00,0,0,+0.00
autocuda/optimize/2026-06-25-22-03-01-qr_v2/worker-2-brief-11,0,0,0.00,0,0,+0.00
autocuda/optimize/2026-06-25-22-03-01-qr_v2/worker-2-brief-12,0,0,0.00,0,0,+0.00
autocuda/optimize/2026-06-25-22-03-01-qr_v2/worker-2-brief-13,0,0,0.00,0,0,+0.00
autocuda/optimize/2026-06-25-22-03-01-qr_v2/worker-2-brief-15,0,0,0.00,0,0,+0.00
autocuda/optimize/2026-06-25-22-03-01-qr_v2/worker-2-brief-16,0,0,0.00,0,0,+0.00
autocuda/optimize/2026-06-25-22-03-01-qr_v2/worker-2-brief-17,0,0,0.00,0,0,+0.00
autocuda/optimize/2026-06-25-22-03-01-qr_v2/worker-2-brief-18,0,0,0.00,0,0,+0.00
autocuda/optimize/2026-06-25-22-03-01-qr_v2/worker-2-brief-19,0,0,0.00,0,0,+0.00
autocuda/optimize/2026-06-25-22-03-01-qr_v2/worker-2-brief-2,0,0,0.00,0,0,+0.00
autocuda/optimize/2026-06-25-22-03-01-qr_v2/worker-2-brief-20,0,0,0.00,0,0,+0.00
autocuda/optimize/2026-06-25-22-03-01-qr_v2/worker-2-brief-21,0,0,0.00,0,0,+0.00
autocuda/optimize/2026-06-25-22-03-01-qr_v2/worker-2-brief-22,0,0,0.00,0,0,+0.00
autocuda/optimize/2026-06-25-22-03-01-qr_v2/worker-2-brief-23,0,0,0.00,0,0,+0.00
autocuda/optimize/2026-06-25-22-03-01-qr_v2/worker-2-brief-24,0,0,0.00,0,0,+0.00
autocuda/optimize/2026-06-25-22-03-01-qr_v2/worker-2-brief-25,0,0,0.00,0,0,+0.00
autocuda/optimize/2026-06-25-22-03-01-qr_v2/worker-2-brief-3,0,0,0.00,0,0,+0.00
autocuda/optimize/2026-06-25-22-03-01-qr_v2/worker-2-brief-4,0,0,0.00,0,0,+0.00
autocuda/optimize/2026-06-25-22-03-01-qr_v2/worker-2-brief-5,0,0,0.00,0,0,+0.00
autocuda/optimize/2026-06-25-22-03-01-qr_v2/worker-2-brief-6,0,0,0.00,0,0,+0.00
autocuda/optimize/2026-06-25-22-03-01-qr_v2/worker-2-brief-7,0,0,0.00,0,0,+0.00
autocuda/optimize/2026-06-25-22-03-01-qr_v2/worker-2-brief-8,0,0,0.00,0,0,+0.00
autocuda/optimize/2026-06-25-22-03-01-qr_v2/worker-2-brief-9,0,0,0.00,0,0,+0.00
autocuda/optimize/2026-06-25-23-41-18-qr_v2/worker-0-brief-0,0,0,0.00,0,0,+0.00
autocuda/optimize/2026-06-25-23-41-18-qr_v2/worker-0-brief-1,0,0,0.00,0,0,+0.00
autocuda/optimize/2026-06-25-23-41-18-qr_v2/worker-0-brief-2,0,0,0.00,0,0,+0.00
autocuda/optimize/2026-06-25-23-41-18-qr_v2/worker-0-brief-3,0,0,0.00,0,0,+0.00
autocuda/optimize/2026-06-25-23-41-18-qr_v2/worker-0-brief-4,0,0,0.00,0,0,+0.00
autocuda/optimize/2026-06-25-23-41-18-qr_v2/worker-0-brief-5,0,0,0.00,0,0,+0.00
autocuda/optimize/2026-06-25-23-41-18-qr_v2/worker-0-brief-6,0,0,0.00,0,0,+0.00
autocuda/optimize/2026-06-25-23-41-18-qr_v2/worker-0-brief-7,0,0,0.00,0,0,+0.00
autocuda/optimize/2026-06-25-23-41-18-qr_v2/worker-0-brief-8,0,0,0.00,0,0,+0.00
autocuda/optimize/2026-06-25-23-41-18-qr_v2/worker-0-brief-9,0,0,0.00,0,0,+0.00
autocuda/optimize/2026-06-25-23-41-18-qr_v2/worker-1-brief-0,0,0,0.00,0,0,+0.00
autocuda/optimize/2026-06-25-23-41-18-qr_v2/worker-1-brief-1,0,0,0.00,0,0,+0.00
autocuda/optimize/2026-06-25-23-41-18-qr_v2/worker-1-brief-2,0,0,0.00,0,0,+0.00
autocuda/optimize/2026-06-25-23-41-18-qr_v2/worker-1-brief-3,0,0,0.00,0,0,+0.00
autocuda/optimize/2026-06-25-23-41-18-qr_v2/worker-1-brief-4,0,0,0.00,0,0,+0.00
autocuda/optimize/2026-06-25-23-41-18-qr_v2/worker-1-brief-5,0,0,0.00,0,0,+0.00
autocuda/optimize/2026-06-25-23-41-18-qr_v2/worker-1-brief-6,0,0,0.00,0,0,+0.00
autocuda/optimize/2026-06-25-23-41-18-qr_v2/worker-1-brief-7,0,0,0.00,0,0,+0.00
autocuda/optimize/2026-06-25-23-41-18-qr_v2/worker-2-brief-0,0,0,0.00,0,0,+0.00
autocuda/optimize/2026-06-25-23-41-18-qr_v2/worker-2-brief-1,0,0,0.00,0,0,+0.00
autocuda/optimize/2026-06-25-23-41-18-qr_v2/worker-2-brief-2,0,0,0.00,0,0,+0.00
autocuda/optimize/2026-06-25-23-41-18-qr_v2/worker-3-brief-0,0,0,0.00,0,0,+0.00
autocuda/optimize/2026-06-25-23-41-18-qr_v2/worker-3-brief-1,0,0,0.00,0,0,+0.00
autocuda/optimize/2026-06-25-23-41-18-qr_v2/worker-3-brief-2,0,0,0.00,0,0,+0.00
autocuda/optimize/2026-06-25-23-41-18-qr_v2/worker-3-brief-3,0,0,0.00,0,0,+0.00
autocuda/optimize/2026-06-25-23-41-18-qr_v2/worker-3-brief-4,0,0,0.00,0,0,+0.00
autocuda/optimize/2026-06-25-23-41-18-qr_v2/worker-3-brief-5,0,0,0.00,0,0,+0.00
autocuda/optimize/2026-06-25-23-41-18-qr_v2/worker-3-brief-6,0,0,0.00,0,0,+0.00
autocuda/optimize/2026-06-25-23-41-18-qr_v2/worker-3-brief-7,0,0,0.00,0,0,+0.00
autocuda/optimize/2026-06-25-23-41-18-qr_v2/worker-3-brief-8,0,0,0.00,0,0,+0.00
autocuda/optimize/2026-06-25-23-41-18-qr_v2/worker-4-brief-0,0,0,0.00,0,0,+0.00
autocuda/optimize/2026-06-25-23-41-18-qr_v2/worker-4-brief-1,0,0,0.00,0,0,+0.00
autocuda/optimize/2026-06-25-23-41-18-qr_v2/worker-4-brief-2,0,0,0.00,0,0,+0.00
autocuda/optimize/2026-06-25-23-41-18-qr_v2/worker-4-brief-3,0,0,0.00,0,0,+0.00
autocuda/optimize/2026-06-25-23-41-18-qr_v2/worker-4-brief-4,0,0,0.00,0,0,+0.00
autocuda/optimize/2026-06-25-23-41-18-qr_v2/worker-4-brief-5b,0,0,0.00,0,0,+0.00
autocuda/optimize/2026-06-25-23-41-18-qr_v2/worker-4-brief-6,0,0,0.00,0,0,+0.00
autocuda/optimize/2026-06-25-23-41-18-qr_v2/worker-4-brief-6b,0,0,0.00,0,0,+0.00
autocuda/optimize/2026-06-25-23-41-18-qr_v2/worker-4-brief-7,0,0,0.00,0,0,+0.00
autocuda/optimize/2026-06-25-23-41-18-qr_v2/worker-4-brief-7b,0,0,0.00,0,0,+0.00
autocuda/optimize/2026-06-25-23-41-18-qr_v2/worker-4-brief-8,0,0,0.00,0,0,+0.00
autocuda/optimize/2026-06-25-23-41-18-qr_v2/worker-4-brief-8b,0,0,0.00,0,0,+0.00
autocuda/optimize/2026-06-25-23-41-18-qr_v2/worker-4-brief-9,0,0,0.00,0,0,+0.00
autocuda/optimize/2026-06-25-23-41-18-qr_v2/worker-4-brief-9b,0,0,0.00,0,0,+0.00
autocuda/optimize/2026-06-25-23-41-18-qr_v2/worker-5-brief-0,0,0,0.00,0,0,+0.00
autocuda/optimize/2026-06-25-23-41-18-qr_v2/worker-5-brief-1,0,0,0.00,0,0,+0.00
autocuda/optimize/2026-06-25-23-41-18-qr_v2/worker-5-brief-10,0,0,0.00,0,0,+0.00
autocuda/optimize/2026-06-25-23-41-18-qr_v2/worker-5-brief-11,0,0,0.00,0,0,+0.00
autocuda/optimize/2026-06-25-23-41-18-qr_v2/worker-5-brief-12,0,0,0.00,0,0,+0.00
autocuda/optimize/2026-06-25-23-41-18-qr_v2/worker-5-brief-14,0,0,0.00,0,0,+0.00
autocuda/optimize/2026-06-25-23-41-18-qr_v2/worker-5-brief-2,0,0,0.00,0,0,+0.00
autocuda/optimize/2026-06-25-23-41-18-qr_v2/worker-5-brief-3,0,0,0.00,0,0,+0.00
autocuda/optimize/2026-06-25-23-41-18-qr_v2/worker-5-brief-4,0,0,0.00,0,0,+0.00
autocuda/optimize/2026-06-25-23-41-18-qr_v2/worker-5-brief-5,0,0,0.00,0,0,+0.00
autocuda/optimize/2026-06-25-23-41-18-qr_v2/worker-5-brief-6,0,0,0.00,0,0,+0.00
autocuda/optimize/2026-06-25-23-41-18-qr_v2/worker-5-brief-7,0,0,0.00,0,0,+0.00
autocuda/optimize/2026-06-25-23-41-18-qr_v2/worker-5-brief-8,0,0,0.00,0,0,+0.00
autocuda/optimize/2026-06-25-23-41-18-qr_v2/worker-5-brief-9,0,0,0.00,0,0,+0.00
autocuda/optimize/2026-06-29-06-40-42-qr_v2/brief-0,9,5271,5.46,4,866,+0.00
autocuda/optimize/2026-06-29-06-40-42-qr_v2/brief-1,7,5633,3.83,4,1676,+0.00
autocuda/optimize/2026-06-29-06-40-42-qr_v2/brief-10,9,5816,4.95,1,5796,+0.00
autocuda/optimize/2026-06-29-06-40-42-qr_v2/brief-11,13,9820,4.40,6,2075,+0.00
autocuda/optimize/2026-06-29-06-40-42-qr_v2/brief-12,7,8357,2.58,4,4694,+0.00
autocuda/optimize/2026-06-29-06-40-42-qr_v2/brief-13,13,10195,4.24,7,2058,+0.00
autocuda/optimize/2026-06-29-06-40-42-qr_v2/brief-14,9,5036,5.72,4,1415,+0.00
autocuda/optimize/2026-06-29-06-40-42-qr_v2/brief-15,6,6873,2.62,4,3917,+0.00
autocuda/optimize/2026-06-29-06-40-42-qr_v2/brief-16,2,1030,3.50,1,1030,+0.00
autocuda/optimize/2026-06-29-06-40-42-qr_v2/brief-17,0,0,0.00,0,0,+0.00
autocuda/optimize/2026-06-29-06-40-42-qr_v2/brief-2,12,10651,3.72,8,2060,+0.00
autocuda/optimize/2026-06-29-06-40-42-qr_v2/brief-3,16,15950,3.39,10,2501,+0.00
autocuda/optimize/2026-06-29-06-40-42-qr_v2/brief-4,8,3095,8.14,2,2260,+0.00
autocuda/optimize/2026-06-29-06-40-42-qr_v2/brief-5,16,12359,4.37,10,1596,+0.00
autocuda/optimize/2026-06-29-06-40-42-qr_v2/brief-6,7,8313,2.60,4,2986,+0.00
autocuda/optimize/2026-06-29-06-40-42-qr_v2/brief-7,7,4806,4.49,3,2422,+0.00
autocuda/optimize/2026-06-29-06-40-42-qr_v2/brief-8,9,6805,4.23,4,2037,+0.00
autocuda/optimize/2026-06-29-06-40-42-qr_v2/brief-9,10,6820,4.75,6,1213,+0.00
autocuda/optimize/2026-06-24-03-03-06-qrv2_kernel_languages_96364acw1/worker-0-brief-0,0,0,0.00,0,0,+0.00
autocuda/optimize/2026-06-24-03-03-06-qrv2_kernel_languages_96364acw1/worker-0-brief-1,0,0,0.00,0,0,+0.00
autocuda/optimize/2026-06-24-03-03-06-qrv2_kernel_languages_96364acw1/worker-0-brief-2,0,0,0.00,0,0,+0.00
autocuda/optimize/2026-06-24-03-03-06-qrv2_kernel_languages_96364acw1/worker-0-brief-3,0,0,0.00,0,0,+0.00
autocuda/optimize/2026-06-24-03-03-06-qrv2_kernel_languages_96364acw1/worker-0-brief-4,0,0,0.00,0,0,+0.00
autocuda/optimize/2026-06-24-03-03-06-qrv2_kernel_languages_96364acw1/worker-0-brief-5,0,0,0.00,0,0,+0.00
autocuda/optimize/2026-06-24-03-03-06-qrv2_kernel_languages_96364acw1/worker-0-brief-6,0,0,0.00,0,0,+0.00
autocuda/optimize/2026-06-24-03-03-06-qrv2_kernel_languages_96364acw1/worker-0-brief-7,0,0,0.00,0,0,+0.00
autocuda/optimize/2026-06-24-03-03-06-qrv2_kernel_languages_96364acw1/worker-1-brief-0,0,0,0.00,0,0,+0.00
autocuda/optimize/2026-06-24-03-03-06-qrv2_kernel_languages_96364acw1/worker-1-brief-1,0,0,0.00,0,0,+0.00
autocuda/optimize/2026-06-24-03-03-06-qrv2_kernel_languages_96364acw1/worker-1-brief-2,0,0,0.00,0,0,+0.00
autocuda/optimize/2026-06-24-03-03-06-qrv2_kernel_languages_96364acw1/worker-1-brief-3,0,0,0.00,0,0,+0.00
autocuda/optimize/2026-06-24-03-03-06-qrv2_kernel_languages_96364acw1/worker-1-brief-4,0,0,0.00,0,0,+0.00
autocuda/optimize/2026-06-24-03-03-06-qrv2_kernel_languages_96364acw1/worker-1-brief-5,0,0,0.00,0,0,+0.00
autocuda/optimize/2026-06-24-03-03-06-qrv2_kernel_languages_96364acw1/worker-1-brief-6,0,0,0.00,0,0,+0.00
autocuda/optimize/2026-06-24-03-03-06-qrv2_kernel_languages_96364acw1/worker-1-brief-7,0,0,0.00,0,0,+0.00
autocuda/optimize/2026-06-24-03-03-06-qrv2_kernel_languages_96364acw1/worker-1-brief-8,0,0,0.00,0,0,+0.00
autocuda/optimize/2026-06-24-03-03-06-qrv2_kernel_languages_96364acw1/worker-2-brief-0,0,0,0.00,0,0,+0.00
autocuda/optimize/2026-06-24-03-03-06-qrv2_kernel_languages_96364acw1/worker-2-brief-1,0,0,0.00,0,0,+0.00
autocuda/optimize/2026-06-24-03-03-06-qrv2_kernel_languages_96364acw1/worker-2-brief-2,0,0,0.00,0,0,+0.00
autocuda/optimize/2026-06-24-03-03-06-qrv2_kernel_languages_96364acw1/worker-2-brief-3,0,0,0.00,0,0,+0.00
autocuda/optimize/2026-06-24-03-03-06-qrv2_kernel_languages_96364acw1/worker-2-brief-4,0,0,0.00,0,0,+0.00
autocuda/optimize/2026-06-24-03-03-06-qrv2_kernel_languages_96364acw1/worker-2-brief-5,0,0,0.00,0,0,+0.00
autocuda/optimize/2026-06-24-03-03-06-qrv2_kernel_languages_96364acw1/worker-2-brief-6,0,0,0.00,0,0,+0.00
autocuda/optimize/2026-06-24-03-03-06-qrv2_kernel_languages_96364acw1/worker-2-brief-7,0,0,0.00,0,0,+0.00
autocuda/optimize/2026-06-24-03-03-08-qrv2_kernel_languages_q651pl8jg/worker-0-brief-0,0,0,0.00,0,0,+0.00
autocuda/optimize/2026-06-24-03-03-08-qrv2_kernel_languages_q651pl8jg/worker-0-brief-1,0,0,0.00,0,0,+0.00
autocuda/optimize/2026-06-24-03-03-08-qrv2_kernel_languages_q651pl8jg/worker-0-brief-10,0,0,0.00,0,0,+0.00
autocuda/optimize/2026-06-24-03-03-08-qrv2_kernel_languages_q651pl8jg/worker-0-brief-11,0,0,0.00,0,0,+0.00
autocuda/optimize/2026-06-24-03-03-08-qrv2_kernel_languages_q651pl8jg/worker-0-brief-12,0,0,0.00,0,0,+0.00
autocuda/optimize/2026-06-24-03-03-08-qrv2_kernel_languages_q651pl8jg/worker-0-brief-2,0,0,0.00,0,0,+0.00
autocuda/optimize/2026-06-24-03-03-08-qrv2_kernel_languages_q651pl8jg/worker-0-brief-3,0,0,0.00,0,0,+0.00
autocuda/optimize/2026-06-24-03-03-08-qrv2_kernel_languages_q651pl8jg/worker-0-brief-4,0,0,0.00,0,0,+0.00
autocuda/optimize/2026-06-24-03-03-08-qrv2_kernel_languages_q651pl8jg/worker-0-brief-5,0,0,0.00,0,0,+0.00
autocuda/optimize/2026-06-24-03-03-08-qrv2_kernel_languages_q651pl8jg/worker-0-brief-6,0,0,0.00,0,0,+0.00
autocuda/optimize/2026-06-24-03-03-08-qrv2_kernel_languages_q651pl8jg/worker-0-brief-7,0,0,0.00,0,0,+0.00
autocuda/optimize/2026-06-24-03-03-08-qrv2_kernel_languages_q651pl8jg/worker-0-brief-8,0,0,0.00,0,0,+0.00
autocuda/optimize/2026-06-24-03-03-08-qrv2_kernel_languages_q651pl8jg/worker-0-brief-9,0,0,0.00,0,0,+0.00
autocuda/optimize/2026-06-24-03-03-08-qrv2_kernel_languages_q651pl8jg/worker-1-brief-0,0,0,0.00,0,0,+0.00
autocuda/optimize/2026-06-24-03-03-08-qrv2_kernel_languages_q651pl8jg/worker-1-brief-1,0,0,0.00,0,0,+0.00
autocuda/optimize/2026-06-24-03-03-08-qrv2_kernel_languages_q651pl8jg/worker-1-brief-2,0,0,0.00,0,0,+0.00
autocuda/optimize/2026-06-24-03-03-08-qrv2_kernel_languages_q651pl8jg/worker-1-brief-3,0,0,0.00,0,0,+0.00
autocuda/optimize/2026-06-24-03-03-08-qrv2_kernel_languages_q651pl8jg/worker-1-brief-4,0,0,0.00,0,0,+0.00
autocuda/optimize/2026-06-24-03-03-08-qrv2_kernel_languages_q651pl8jg/worker-1-brief-5,0,0,0.00,0,0,+0.00
autocuda/optimize/2026-06-24-03-03-08-qrv2_kernel_languages_q651pl8jg/worker-1-brief-6,0,0,0.00,0,0,+0.00
autocuda/optimize/2026-06-24-03-03-08-qrv2_kernel_languages_q651pl8jg/worker-1-brief-7,0,0,0.00,0,0,+0.00
autocuda/optimize/2026-06-24-03-03-08-qrv2_kernel_languages_q651pl8jg/worker-1-brief-8,0,0,0.00,0,0,+0.00
autocuda/optimize/2026-06-24-03-03-08-qrv2_kernel_languages_q651pl8jg/worker-1-brief-9,0,0,0.00,0,0,+0.00
autocuda/optimize/2026-06-24-03-03-08-qrv2_kernel_languages_q651pl8jg/worker-2-brief-0,0,0,0.00,0,0,+0.00
autocuda/optimize/2026-06-24-03-03-08-qrv2_kernel_languages_q651pl8jg/worker-2-brief-1,0,0,0.00,0,0,+0.00
autocuda/optimize/2026-06-24-03-03-08-qrv2_kernel_languages_q651pl8jg/worker-2-brief-2,0,0,0.00,0,0,+0.00
autocuda/optimize/2026-06-24-03-03-08-qrv2_kernel_languages_q651pl8jg/worker-2-brief-3,0,0,0.00,0,0,+0.00
autocuda/optimize/2026-06-24-03-03-08-qrv2_kernel_languages_q651pl8jg/worker-2-brief-4,0,0,0.00,0,0,+0.00
autocuda/optimize/2026-06-24-03-03-08-qrv2_kernel_languages_q651pl8jg/worker-2-brief-5,0,0,0.00,0,0,+0.00
autocuda/optimize/2026-06-24-03-03-08-qrv2_kernel_languages_q651pl8jg/worker-2-brief-6,0,0,0.00,0,0,+0.00
autocuda/optimize/2026-06-24-03-03-08-qrv2_kernel_languages_q651pl8jg/worker-2-brief-7,0,0,0.00,0,0,+0.00
autocuda/optimize/2026-06-24-03-03-08-qrv2_kernel_languages_q651pl8jg/worker-2-brief-8,0,0,0.00,0,0,+0.00
autocuda/optimize/2026-06-24-03-03-44-qrv2_kernel_languages_vcp095s3n/worker-0-brief-0,0,0,0.00,0,0,+0.00
autocuda/optimize/2026-06-24-03-03-44-qrv2_kernel_languages_vcp095s3n/worker-0-brief-1,0,0,0.00,0,0,+0.00
autocuda/optimize/2026-06-24-03-03-44-qrv2_kernel_languages_vcp095s3n/worker-0-brief-2,0,0,0.00,0,0,+0.00
autocuda/optimize/2026-06-24-03-03-44-qrv2_kernel_languages_vcp095s3n/worker-0-brief-3,0,0,0.00,0,0,+0.00
autocuda/optimize/2026-06-24-03-03-44-qrv2_kernel_languages_vcp095s3n/worker-0-brief-4,0,0,0.00,0,0,+0.00
autocuda/optimize/2026-06-24-03-03-44-qrv2_kernel_languages_vcp095s3n/worker-0-brief-5,0,0,0.00,0,0,+0.00
autocuda/optimize/2026-06-24-03-03-44-qrv2_kernel_languages_vcp095s3n/worker-0-brief-6,0,0,0.00,0,0,+0.00
autocuda/optimize/2026-06-24-03-03-44-qrv2_kernel_languages_vcp095s3n/worker-0-brief-7,0,0,0.00,0,0,+0.00
autocuda/optimize/2026-06-24-03-03-44-qrv2_kernel_languages_vcp095s3n/worker-1-brief-0,0,0,0.00,0,0,+0.00
autocuda/optimize/2026-06-24-03-03-44-qrv2_kernel_languages_vcp095s3n/worker-1-brief-1,0,0,0.00,0,0,+0.00
autocuda/optimize/2026-06-24-03-03-44-qrv2_kernel_languages_vcp095s3n/worker-1-brief-2,0,0,0.00,0,0,+0.00
autocuda/optimize/2026-06-24-03-03-44-qrv2_kernel_languages_vcp095s3n/worker-1-brief-3,0,0,0.00,0,0,+0.00
autocuda/optimize/2026-06-24-03-03-44-qrv2_kernel_languages_vcp095s3n/worker-1-brief-4,0,0,0.00,0,0,+0.00
autocuda/optimize/2026-06-24-03-03-44-qrv2_kernel_languages_vcp095s3n/worker-1-brief-5,0,0,0.00,0,0,+0.00
autocuda/optimize/2026-06-24-03-03-44-qrv2_kernel_languages_vcp095s3n/worker-1-brief-6,0,0,0.00,0,0,+0.00
autocuda/optimize/2026-06-24-03-03-44-qrv2_kernel_languages_vcp095s3n/worker-2-brief-1,0,0,0.00,0,0,+0.00
autocuda/optimize/2026-06-24-03-03-44-qrv2_kernel_languages_vcp095s3n/worker-2-brief-10,0,0,0.00,0,0,+0.00
autocuda/optimize/2026-06-24-03-03-44-qrv2_kernel_languages_vcp095s3n/worker-2-brief-2,0,0,0.00,0,0,+0.00
autocuda/optimize/2026-06-24-03-03-44-qrv2_kernel_languages_vcp095s3n/worker-2-brief-3,0,0,0.00,0,0,+0.00
autocuda/optimize/2026-06-24-03-03-44-qrv2_kernel_languages_vcp095s3n/worker-2-brief-4,0,0,0.00,0,0,+0.00
autocuda/optimize/2026-06-24-03-03-44-qrv2_kernel_languages_vcp095s3n/worker-2-brief-5,0,0,0.00,0,0,+0.00
autocuda/optimize/2026-06-24-03-03-44-qrv2_kernel_languages_vcp095s3n/worker-2-brief-6,0,0,0.00,0,0,+0.00
autocuda/optimize/2026-06-24-03-03-44-qrv2_kernel_languages_vcp095s3n/worker-2-brief-7,0,0,0.00,0,0,+0.00
autocuda/optimize/2026-06-24-03-03-44-qrv2_kernel_languages_vcp095s3n/worker-2-brief-8,0,0,0.00,0,0,+0.00
autocuda/optimize/2026-06-24-03-03-44-qrv2_kernel_languages_vcp095s3n/worker-2-brief-9,0,0,0.00,0,0,+0.00
autocuda/optimize/2026-06-24-03-04-02-qrv2_kernel_languages_yxiwb80jg/worker-0-brief-0,0,0,0.00,0,0,+0.00
autocuda/optimize/2026-06-24-03-04-02-qrv2_kernel_languages_yxiwb80jg/worker-0-brief-1,0,0,0.00,0,0,+0.00
autocuda/optimize/2026-06-24-03-04-02-qrv2_kernel_languages_yxiwb80jg/worker-0-brief-2,0,0,0.00,0,0,+0.00
autocuda/optimize/2026-06-24-03-04-02-qrv2_kernel_languages_yxiwb80jg/worker-0-brief-3,0,0,0.00,0,0,+0.00
autocuda/optimize/2026-06-24-03-04-02-qrv2_kernel_languages_yxiwb80jg/worker-0-brief-4,0,0,0.00,0,0,+0.00
autocuda/optimize/2026-06-24-03-04-02-qrv2_kernel_languages_yxiwb80jg/worker-0-brief-5,0,0,0.00,0,0,+0.00
autocuda/optimize/2026-06-24-03-04-02-qrv2_kernel_languages_yxiwb80jg/worker-0-brief-6,0,0,0.00,0,0,+0.00
autocuda/optimize/2026-06-24-03-04-02-qrv2_kernel_languages_yxiwb80jg/worker-1-brief-0,0,0,0.00,0,0,+0.00
autocuda/optimize/2026-06-24-03-04-02-qrv2_kernel_languages_yxiwb80jg/worker-1-brief-1,0,0,0.00,0,0,+0.00
autocuda/optimize/2026-06-24-03-04-02-qrv2_kernel_languages_yxiwb80jg/worker-1-brief-2,0,0,0.00,0,0,+0.00
autocuda/optimize/2026-06-24-03-04-02-qrv2_kernel_languages_yxiwb80jg/worker-1-brief-3,0,0,0.00,0,0,+0.00
autocuda/optimize/2026-06-24-03-04-02-qrv2_kernel_languages_yxiwb80jg/worker-1-brief-4,0,0,0.00,0,0,+0.00
autocuda/optimize/2026-06-24-03-04-02-qrv2_kernel_languages_yxiwb80jg/worker-1-brief-5,0,0,0.00,0,0,+0.00
autocuda/optimize/2026-06-24-03-04-02-qrv2_kernel_languages_yxiwb80jg/worker-1-brief-6,0,0,0.00,0,0,+0.00
autocuda/optimize/2026-06-24-03-04-02-qrv2_kernel_languages_yxiwb80jg/worker-1-brief-7,0,0,0.00,0,0,+0.00
autocuda/optimize/2026-06-24-03-04-02-qrv2_kernel_languages_yxiwb80jg/worker-2-brief-0,0,0,0.00,0,0,+0.00
autocuda/optimize/2026-06-24-03-04-02-qrv2_kernel_languages_yxiwb80jg/worker-2-brief-1,0,0,0.00,0,0,+0.00
autocuda/optimize/2026-06-24-03-04-02-qrv2_kernel_languages_yxiwb80jg/worker-2-brief-2,0,0,0.00,0,0,+0.00
autocuda/optimize/2026-06-24-03-04-02-qrv2_kernel_languages_yxiwb80jg/worker-2-brief-3,0,0,0.00,0,0,+0.00
autocuda/optimize/2026-06-24-03-04-02-qrv2_kernel_languages_yxiwb80jg/worker-2-brief-4,0,0,0.00,0,0,+0.00
autocuda/optimize/2026-06-24-03-04-02-qrv2_kernel_languages_yxiwb80jg/worker-2-brief-5,0,0,0.00,0,0,+0.00
autocuda/optimize/2026-06-24-03-04-02-qrv2_kernel_languages_yxiwb80jg/worker-2-brief-6,0,0,0.00,0,0,+0.00
autocuda/optimize/2026-06-24-03-43-38-qrv2_kernel_languages_ohzemi9pv/worker-0-brief-0,0,0,0.00,0,0,+0.00
autocuda/optimize/2026-06-24-03-43-38-qrv2_kernel_languages_ohzemi9pv/worker-0-brief-1,0,0,0.00,0,0,+0.00
autocuda/optimize/2026-06-24-03-43-38-qrv2_kernel_languages_ohzemi9pv/worker-0-brief-2,0,0,0.00,0,0,+0.00
autocuda/optimize/2026-06-24-03-43-38-qrv2_kernel_languages_ohzemi9pv/worker-0-brief-3,0,0,0.00,0,0,+0.00
autocuda/optimize/2026-06-24-03-43-38-qrv2_kernel_languages_ohzemi9pv/worker-0-brief-4,0,0,0.00,0,0,+0.00
autocuda/optimize/2026-06-24-03-43-38-qrv2_kernel_languages_ohzemi9pv/worker-0-brief-5,0,0,0.00,0,0,+0.00
autocuda/optimize/2026-06-24-03-43-38-qrv2_kernel_languages_ohzemi9pv/worker-0-brief-6,0,0,0.00,0,0,+0.00
autocuda/optimize/2026-06-24-03-43-38-qrv2_kernel_languages_ohzemi9pv/worker-1-brief-0,0,0,0.00,0,0,+0.00
autocuda/optimize/2026-06-24-03-43-38-qrv2_kernel_languages_ohzemi9pv/worker-1-brief-1,0,0,0.00,0,0,+0.00
autocuda/optimize/2026-06-24-03-43-38-qrv2_kernel_languages_ohzemi9pv/worker-1-brief-2,0,0,0.00,0,0,+0.00
autocuda/optimize/2026-06-24-03-43-38-qrv2_kernel_languages_ohzemi9pv/worker-1-brief-3,0,0,0.00,0,0,+0.00
autocuda/optimize/2026-06-24-03-43-38-qrv2_kernel_languages_ohzemi9pv/worker-1-brief-4,0,0,0.00,0,0,+0.00
autocuda/optimize/2026-06-24-03-43-38-qrv2_kernel_languages_ohzemi9pv/worker-1-brief-5,0,0,0.00,0,0,+0.00
autocuda/optimize/2026-06-24-03-43-38-qrv2_kernel_languages_ohzemi9pv/worker-1-brief-6,0,0,0.00,0,0,+0.00
autocuda/optimize/2026-06-24-03-43-38-qrv2_kernel_languages_ohzemi9pv/worker-1-brief-7,0,0,0.00,0,0,+0.00
autocuda/optimize/2026-06-24-03-43-38-qrv2_kernel_languages_ohzemi9pv/worker-1-brief-8,0,0,0.00,0,0,+0.00
autocuda/optimize/2026-06-24-03-43-38-qrv2_kernel_languages_ohzemi9pv/worker-2-brief-0,0,0,0.00,0,0,+0.00
autocuda/optimize/2026-06-24-03-43-38-qrv2_kernel_languages_ohzemi9pv/worker-2-brief-1,0,0,0.00,0,0,+0.00
autocuda/optimize/2026-06-24-03-43-38-qrv2_kernel_languages_ohzemi9pv/worker-2-brief-2,0,0,0.00,0,0,+0.00
autocuda/optimize/2026-06-24-03-43-38-qrv2_kernel_languages_ohzemi9pv/worker-2-brief-3,0,0,0.00,0,0,+0.00
autocuda/optimize/2026-06-24-03-43-38-qrv2_kernel_languages_ohzemi9pv/worker-2-brief-4,0,0,0.00,0,0,+0.00
autocuda/optimize/2026-06-24-03-43-38-qrv2_kernel_languages_ohzemi9pv/worker-2-brief-5,0,0,0.00,0,0,+0.00
autocuda/optimize/2026-06-24-03-43-38-qrv2_kernel_languages_ohzemi9pv/worker-2-brief-6,0,0,0.00,0,0,+0.00
autocuda/optimize/2026-06-24-03-43-38-qrv2_kernel_languages_ohzemi9pv/worker-2-brief-7,0,0,0.00,0,0,+0.00
autocuda/optimize/2026-06-24-03-46-49-qrv2_kernel_languages_t5sr96or9/worker-0-brief-0,0,0,0.00,0,0,+0.00
autocuda/optimize/2026-06-24-03-46-49-qrv2_kernel_languages_t5sr96or9/worker-0-brief-1,0,0,0.00,0,0,+0.00
autocuda/optimize/2026-06-24-03-46-49-qrv2_kernel_languages_t5sr96or9/worker-0-brief-2,0,0,0.00,0,0,+0.00
autocuda/optimize/2026-06-24-03-46-49-qrv2_kernel_languages_t5sr96or9/worker-0-brief-3,0,0,0.00,0,0,+0.00
autocuda/optimize/2026-06-24-03-46-49-qrv2_kernel_languages_t5sr96or9/worker-0-brief-4,0,0,0.00,0,0,+0.00
autocuda/optimize/2026-06-24-03-46-49-qrv2_kernel_languages_t5sr96or9/worker-0-brief-5,0,0,0.00,0,0,+0.00
autocuda/optimize/2026-06-24-03-46-49-qrv2_kernel_languages_t5sr96or9/worker-0-brief-6,0,0,0.00,0,0,+0.00
autocuda/optimize/2026-06-24-03-46-49-qrv2_kernel_languages_t5sr96or9/worker-0-brief-7,0,0,0.00,0,0,+0.00
autocuda/optimize/2026-06-24-03-46-49-qrv2_kernel_languages_t5sr96or9/worker-0-brief-8,0,0,0.00,0,0,+0.00
autocuda/optimize/2026-06-24-03-46-49-qrv2_kernel_languages_t5sr96or9/worker-1-brief-0,0,0,0.00,0,0,+0.00
autocuda/optimize/2026-06-24-03-46-49-qrv2_kernel_languages_t5sr96or9/worker-1-brief-1,0,0,0.00,0,0,+0.00
autocuda/optimize/2026-06-24-03-46-49-qrv2_kernel_languages_t5sr96or9/worker-1-brief-2,0,0,0.00,0,0,+0.00
autocuda/optimize/2026-06-24-03-46-49-qrv2_kernel_languages_t5sr96or9/worker-1-brief-3,0,0,0.00,0,0,+0.00
autocuda/optimize/2026-06-24-03-46-49-qrv2_kernel_languages_t5sr96or9/worker-1-brief-4,0,0,0.00,0,0,+0.00
autocuda/optimize/2026-06-24-03-46-49-qrv2_kernel_languages_t5sr96or9/worker-1-brief-5,0,0,0.00,0,0,+0.00
autocuda/optimize/2026-06-24-03-46-49-qrv2_kernel_languages_t5sr96or9/worker-1-brief-6,0,0,0.00,0,0,+0.00
autocuda/optimize/2026-06-24-03-46-49-qrv2_kernel_languages_t5sr96or9/worker-1-brief-7,0,0,0.00,0,0,+0.00
autocuda/optimize/2026-06-24-03-46-49-qrv2_kernel_languages_t5sr96or9/worker-1-brief-8,0,0,0.00,0,0,+0.00
autocuda/optimize/2026-06-24-03-46-49-qrv2_kernel_languages_t5sr96or9/worker-2-brief-0,0,0,0.00,0,0,+0.00
autocuda/optimize/2026-06-24-03-46-49-qrv2_kernel_languages_t5sr96or9/worker-2-brief-1,0,0,0.00,0,0,+0.00
autocuda/optimize/2026-06-24-03-46-49-qrv2_kernel_languages_t5sr96or9/worker-2-brief-2,0,0,0.00,0,0,+0.00
autocuda/optimize/2026-06-24-03-46-49-qrv2_kernel_languages_t5sr96or9/worker-2-brief-3,0,0,0.00,0,0,+0.00
autocuda/optimize/2026-06-24-03-46-49-qrv2_kernel_languages_t5sr96or9/worker-2-brief-4,0,0,0.00,0,0,+0.00
autocuda/optimize/2026-06-24-03-46-49-qrv2_kernel_languages_t5sr96or9/worker-2-brief-5,0,0,0.00,0,0,+0.00
autocuda/optimize/2026-06-24-03-46-49-qrv2_kernel_languages_t5sr96or9/worker-2-brief-6,0,0,0.00,0,0,+0.00
autocuda/optimize/2026-06-24-09-37-38-qrv2_kernel_languages_5hrpmgplj/worker-0-brief-0,0,0,0.00,0,0,+0.00
autocuda/optimize/2026-06-24-09-37-38-qrv2_kernel_languages_5hrpmgplj/worker-0-brief-1,0,0,0.00,0,0,+0.00
autocuda/optimize/2026-06-24-09-37-38-qrv2_kernel_languages_5hrpmgplj/worker-0-brief-10,0,0,0.00,0,0,+0.00
autocuda/optimize/2026-06-24-09-37-38-qrv2_kernel_languages_5hrpmgplj/worker-0-brief-2,0,0,0.00,0,0,+0.00
autocuda/optimize/2026-06-24-09-37-38-qrv2_kernel_languages_5hrpmgplj/worker-0-brief-3,0,0,0.00,0,0,+0.00
autocuda/optimize/2026-06-24-09-37-38-qrv2_kernel_languages_5hrpmgplj/worker-0-brief-4,0,0,0.00,0,0,+0.00
autocuda/optimize/2026-06-24-09-37-38-qrv2_kernel_languages_5hrpmgplj/worker-0-brief-5,0,0,0.00,0,0,+0.00
autocuda/optimize/2026-06-24-09-37-38-qrv2_kernel_languages_5hrpmgplj/worker-0-brief-6,0,0,0.00,0,0,+0.00
autocuda/optimize/2026-06-24-09-37-38-qrv2_kernel_languages_5hrpmgplj/worker-0-brief-7,0,0,0.00,0,0,+0.00
autocuda/optimize/2026-06-24-09-37-38-qrv2_kernel_languages_5hrpmgplj/worker-0-brief-8,0,0,0.00,0,0,+0.00
autocuda/optimize/2026-06-24-09-37-38-qrv2_kernel_languages_5hrpmgplj/worker-0-brief-9,0,0,0.00,0,0,+0.00
autocuda/optimize/2026-06-24-09-37-38-qrv2_kernel_languages_5hrpmgplj/worker-1-brief-0,0,0,0.00,0,0,+0.00
autocuda/optimize/2026-06-24-09-37-38-qrv2_kernel_languages_5hrpmgplj/worker-1-brief-1,0,0,0.00,0,0,+0.00
autocuda/optimize/2026-06-24-09-37-38-qrv2_kernel_languages_5hrpmgplj/worker-1-brief-10,0,0,0.00,0,0,+0.00
autocuda/optimize/2026-06-24-09-37-38-qrv2_kernel_languages_5hrpmgplj/worker-1-brief-11,0,0,0.00,0,0,+0.00
autocuda/optimize/2026-06-24-09-37-38-qrv2_kernel_languages_5hrpmgplj/worker-1-brief-12,0,0,0.00,0,0,+0.00
autocuda/optimize/2026-06-24-09-37-38-qrv2_kernel_languages_5hrpmgplj/worker-1-brief-13,0,0,0.00,0,0,+0.00
autocuda/optimize/2026-06-24-09-37-38-qrv2_kernel_languages_5hrpmgplj/worker-1-brief-14,0,0,0.00,0,0,+0.00
autocuda/optimize/2026-06-24-09-37-38-qrv2_kernel_languages_5hrpmgplj/worker-1-brief-2,0,0,0.00,0,0,+0.00
autocuda/optimize/2026-06-24-09-37-38-qrv2_kernel_languages_5hrpmgplj/worker-1-brief-3,0,0,0.00,0,0,+0.00
autocuda/optimize/2026-06-24-09-37-38-qrv2_kernel_languages_5hrpmgplj/worker-1-brief-4,0,0,0.00,0,0,+0.00
autocuda/optimize/2026-06-24-09-37-38-qrv2_kernel_languages_5hrpmgplj/worker-1-brief-5,0,0,0.00,0,0,+0.00
autocuda/optimize/2026-06-24-09-37-38-qrv2_kernel_languages_5hrpmgplj/worker-1-brief-6,0,0,0.00,0,0,+0.00
autocuda/optimize/2026-06-24-09-37-38-qrv2_kernel_languages_5hrpmgplj/worker-1-brief-7,0,0,0.00,0,0,+0.00
autocuda/optimize/2026-06-24-09-37-38-qrv2_kernel_languages_5hrpmgplj/worker-1-brief-8,0,0,0.00,0,0,+0.00
autocuda/optimize/2026-06-24-09-37-38-qrv2_kernel_languages_5hrpmgplj/worker-1-brief-9,0,0,0.00,0,0,+0.00
autocuda/optimize/2026-06-24-09-37-38-qrv2_kernel_languages_5hrpmgplj/worker-2-brief-0,0,0,0.00,0,0,+0.00
autocuda/optimize/2026-06-24-09-37-38-qrv2_kernel_languages_5hrpmgplj/worker-2-brief-1,0,0,0.00,0,0,+0.00
autocuda/optimize/2026-06-24-09-37-38-qrv2_kernel_languages_5hrpmgplj/worker-2-brief-10,0,0,0.00,0,0,+0.00
autocuda/optimize/2026-06-24-09-37-38-qrv2_kernel_languages_5hrpmgplj/worker-2-brief-11,0,0,0.00,0,0,+0.00
autocuda/optimize/2026-06-24-09-37-38-qrv2_kernel_languages_5hrpmgplj/worker-2-brief-12,0,0,0.00,0,0,+0.00
autocuda/optimize/2026-06-24-09-37-38-qrv2_kernel_languages_5hrpmgplj/worker-2-brief-13,0,0,0.00,0,0,+0.00
autocuda/optimize/2026-06-24-09-37-38-qrv2_kernel_languages_5hrpmgplj/worker-2-brief-2,0,0,0.00,0,0,+0.00
autocuda/optimize/2026-06-24-09-37-38-qrv2_kernel_languages_5hrpmgplj/worker-2-brief-3,0,0,0.00,0,0,+0.00
autocuda/optimize/2026-06-24-09-37-38-qrv2_kernel_languages_5hrpmgplj/worker-2-brief-4,0,0,0.00,0,0,+0.00
autocuda/optimize/2026-06-24-09-37-38-qrv2_kernel_languages_5hrpmgplj/worker-2-brief-5,0,0,0.00,0,0,+0.00
autocuda/optimize/2026-06-24-09-37-38-qrv2_kernel_languages_5hrpmgplj/worker-2-brief-6,0,0,0.00,0,0,+0.00
autocuda/optimize/2026-06-24-09-37-38-qrv2_kernel_languages_5hrpmgplj/worker-2-brief-7,0,0,0.00,0,0,+0.00
autocuda/optimize/2026-06-24-09-37-38-qrv2_kernel_languages_5hrpmgplj/worker-2-brief-8,0,0,0.00,0,0,+0.00
autocuda/optimize/2026-06-24-09-37-38-qrv2_kernel_languages_5hrpmgplj/worker-2-brief-9,0,0,0.00,0,0,+0.00
autocuda/optimize/2026-06-24-09-37-40-qrv2_kernel_languages_p9y2rr1gw/worker-0-brief-0,0,0,0.00,0,0,+0.00
autocuda/optimize/2026-06-24-09-37-40-qrv2_kernel_languages_p9y2rr1gw/worker-0-brief-1,0,0,0.00,0,0,+0.00
autocuda/optimize/2026-06-24-09-37-40-qrv2_kernel_languages_p9y2rr1gw/worker-0-brief-10,0,0,0.00,0,0,+0.00
autocuda/optimize/2026-06-24-09-37-40-qrv2_kernel_languages_p9y2rr1gw/worker-0-brief-11,0,0,0.00,0,0,+0.00
autocuda/optimize/2026-06-24-09-37-40-qrv2_kernel_languages_p9y2rr1gw/worker-0-brief-12,0,0,0.00,0,0,+0.00
autocuda/optimize/2026-06-24-09-37-40-qrv2_kernel_languages_p9y2rr1gw/worker-0-brief-13,0,0,0.00,0,0,+0.00
autocuda/optimize/2026-06-24-09-37-40-qrv2_kernel_languages_p9y2rr1gw/worker-0-brief-14,0,0,0.00,0,0,+0.00
autocuda/optimize/2026-06-24-09-37-40-qrv2_kernel_languages_p9y2rr1gw/worker-0-brief-15,0,0,0.00,0,0,+0.00
autocuda/optimize/2026-06-24-09-37-40-qrv2_kernel_languages_p9y2rr1gw/worker-0-brief-16,0,0,0.00,0,0,+0.00
autocuda/optimize/2026-06-24-09-37-40-qrv2_kernel_languages_p9y2rr1gw/worker-0-brief-17,0,0,0.00,0,0,+0.00
autocuda/optimize/2026-06-24-09-37-40-qrv2_kernel_languages_p9y2rr1gw/worker-0-brief-18,0,0,0.00,0,0,+0.00
autocuda/optimize/2026-06-24-09-37-40-qrv2_kernel_languages_p9y2rr1gw/worker-0-brief-19,0,0,0.00,0,0,+0.00
autocuda/optimize/2026-06-24-09-37-40-qrv2_kernel_languages_p9y2rr1gw/worker-0-brief-2,0,0,0.00,0,0,+0.00
autocuda/optimize/2026-06-24-09-37-40-qrv2_kernel_languages_p9y2rr1gw/worker-0-brief-3,0,0,0.00,0,0,+0.00
autocuda/optimize/2026-06-24-09-37-40-qrv2_kernel_languages_p9y2rr1gw/worker-0-brief-4,0,0,0.00,0,0,+0.00
autocuda/optimize/2026-06-24-09-37-40-qrv2_kernel_languages_p9y2rr1gw/worker-0-brief-5,0,0,0.00,0,0,+0.00
autocuda/optimize/2026-06-24-09-37-40-qrv2_kernel_languages_p9y2rr1gw/worker-0-brief-7,0,0,0.00,0,0,+0.00
autocuda/optimize/2026-06-24-09-37-40-qrv2_kernel_languages_p9y2rr1gw/worker-0-brief-8,0,0,0.00,0,0,+0.00
autocuda/optimize/2026-06-24-09-37-40-qrv2_kernel_languages_p9y2rr1gw/worker-0-brief-9,0,0,0.00,0,0,+0.00
autocuda/optimize/2026-06-24-09-37-40-qrv2_kernel_languages_p9y2rr1gw/worker-1-brief-0,0,0,0.00,0,0,+0.00
autocuda/optimize/2026-06-24-09-37-40-qrv2_kernel_languages_p9y2rr1gw/worker-1-brief-1,0,0,0.00,0,0,+0.00
autocuda/optimize/2026-06-24-09-37-40-qrv2_kernel_languages_p9y2rr1gw/worker-1-brief-10,0,0,0.00,0,0,+0.00
autocuda/optimize/2026-06-24-09-37-40-qrv2_kernel_languages_p9y2rr1gw/worker-1-brief-11,0,0,0.00,0,0,+0.00
autocuda/optimize/2026-06-24-09-37-40-qrv2_kernel_languages_p9y2rr1gw/worker-1-brief-12,0,0,0.00,0,0,+0.00
autocuda/optimize/2026-06-24-09-37-40-qrv2_kernel_languages_p9y2rr1gw/worker-1-brief-13,0,0,0.00,0,0,+0.00
autocuda/optimize/2026-06-24-09-37-40-qrv2_kernel_languages_p9y2rr1gw/worker-1-brief-14,0,0,0.00,0,0,+0.00
autocuda/optimize/2026-06-24-09-37-40-qrv2_kernel_languages_p9y2rr1gw/worker-1-brief-15,0,0,0.00,0,0,+0.00
autocuda/optimize/2026-06-24-09-37-40-qrv2_kernel_languages_p9y2rr1gw/worker-1-brief-16,0,0,0.00,0,0,+0.00
autocuda/optimize/2026-06-24-09-37-40-qrv2_kernel_languages_p9y2rr1gw/worker-1-brief-17,0,0,0.00,0,0,+0.00
autocuda/optimize/2026-06-24-09-37-40-qrv2_kernel_languages_p9y2rr1gw/worker-1-brief-18,0,0,0.00,0,0,+0.00
autocuda/optimize/2026-06-24-09-37-40-qrv2_kernel_languages_p9y2rr1gw/worker-1-brief-2,0,0,0.00,0,0,+0.00
autocuda/optimize/2026-06-24-09-37-40-qrv2_kernel_languages_p9y2rr1gw/worker-1-brief-3,0,0,0.00,0,0,+0.00
autocuda/optimize/2026-06-24-09-37-40-qrv2_kernel_languages_p9y2rr1gw/worker-1-brief-4,0,0,0.00,0,0,+0.00
autocuda/optimize/2026-06-24-09-37-40-qrv2_kernel_languages_p9y2rr1gw/worker-1-brief-5,0,0,0.00,0,0,+0.00
autocuda/optimize/2026-06-24-09-37-40-qrv2_kernel_languages_p9y2rr1gw/worker-1-brief-6,0,0,0.00,0,0,+0.00
autocuda/optimize/2026-06-24-09-37-40-qrv2_kernel_languages_p9y2rr1gw/worker-1-brief-7,0,0,0.00,0,0,+0.00
autocuda/optimize/2026-06-24-09-37-40-qrv2_kernel_languages_p9y2rr1gw/worker-1-brief-8,0,0,0.00,0,0,+0.00
autocuda/optimize/2026-06-24-09-37-40-qrv2_kernel_languages_p9y2rr1gw/worker-1-brief-9,0,0,0.00,0,0,+0.00
autocuda/optimize/2026-06-24-09-37-40-qrv2_kernel_languages_p9y2rr1gw/worker-2-brief-1,0,0,0.00,0,0,+0.00
autocuda/optimize/2026-06-24-09-37-40-qrv2_kernel_languages_p9y2rr1gw/worker-2-brief-10,0,0,0.00,0,0,+0.00
autocuda/optimize/2026-06-24-09-37-40-qrv2_kernel_languages_p9y2rr1gw/worker-2-brief-11,0,0,0.00,0,0,+0.00
autocuda/optimize/2026-06-24-09-37-40-qrv2_kernel_languages_p9y2rr1gw/worker-2-brief-12,0,0,0.00,0,0,+0.00
autocuda/optimize/2026-06-24-09-37-40-qrv2_kernel_languages_p9y2rr1gw/worker-2-brief-13,0,0,0.00,0,0,+0.00
autocuda/optimize/2026-06-24-09-37-40-qrv2_kernel_languages_p9y2rr1gw/worker-2-brief-14,0,0,0.00,0,0,+0.00
autocuda/optimize/2026-06-24-09-37-40-qrv2_kernel_languages_p9y2rr1gw/worker-2-brief-15,0,0,0.00,0,0,+0.00
autocuda/optimize/2026-06-24-09-37-40-qrv2_kernel_languages_p9y2rr1gw/worker-2-brief-16,0,0,0.00,0,0,+0.00
autocuda/optimize/2026-06-24-09-37-40-qrv2_kernel_languages_p9y2rr1gw/worker-2-brief-17,0,0,0.00,0,0,+0.00
autocuda/optimize/2026-06-24-09-37-40-qrv2_kernel_languages_p9y2rr1gw/worker-2-brief-18,0,0,0.00,0,0,+0.00
autocuda/optimize/2026-06-24-09-37-40-qrv2_kernel_languages_p9y2rr1gw/worker-2-brief-2,0,0,0.00,0,0,+0.00
autocuda/optimize/2026-06-24-09-37-40-qrv2_kernel_languages_p9y2rr1gw/worker-2-brief-3,0,0,0.00,0,0,+0.00
autocuda/optimize/2026-06-24-09-37-40-qrv2_kernel_languages_p9y2rr1gw/worker-2-brief-4,0,0,0.00,0,0,+0.00
autocuda/optimize/2026-06-24-09-37-40-qrv2_kernel_languages_p9y2rr1gw/worker-2-brief-5,0,0,0.00,0,0,+0.00
autocuda/optimize/2026-06-24-09-37-40-qrv2_kernel_languages_p9y2rr1gw/worker-2-brief-6,0,0,0.00,0,0,+0.00
autocuda/optimize/2026-06-24-09-37-40-qrv2_kernel_languages_p9y2rr1gw/worker-2-brief-7,0,0,0.00,0,0,+0.00
autocuda/optimize/2026-06-24-09-37-40-qrv2_kernel_languages_p9y2rr1gw/worker-2-brief-8,0,0,0.00,0,0,+0.00
autocuda/optimize/2026-06-24-09-37-40-qrv2_kernel_languages_p9y2rr1gw/worker-2-brief-9,0,0,0.00,0,0,+0.00
autocuda/optimize/2026-06-24-09-37-42-qrv2_kernel_languages_pcevwrpue/worker-0-brief-0,0,0,0.00,0,0,+0.00
autocuda/optimize/2026-06-24-09-37-42-qrv2_kernel_languages_pcevwrpue/worker-0-brief-1,0,0,0.00,0,0,+0.00
autocuda/optimize/2026-06-24-09-37-42-qrv2_kernel_languages_pcevwrpue/worker-0-brief-2,0,0,0.00,0,0,+0.00
autocuda/optimize/2026-06-24-09-37-42-qrv2_kernel_languages_pcevwrpue/worker-0-brief-3,0,0,0.00,0,0,+0.00
autocuda/optimize/2026-06-24-09-37-42-qrv2_kernel_languages_pcevwrpue/worker-0-brief-4,0,0,0.00,0,0,+0.00
autocuda/optimize/2026-06-24-09-37-42-qrv2_kernel_languages_pcevwrpue/worker-0-brief-5,0,0,0.00,0,0,+0.00
autocuda/optimize/2026-06-24-09-37-42-qrv2_kernel_languages_pcevwrpue/worker-0-brief-6,0,0,0.00,0,0,+0.00
autocuda/optimize/2026-06-24-09-37-42-qrv2_kernel_languages_pcevwrpue/worker-0-brief-7,0,0,0.00,0,0,+0.00
autocuda/optimize/2026-06-24-09-37-42-qrv2_kernel_languages_pcevwrpue/worker-0-brief-8,0,0,0.00,0,0,+0.00
autocuda/optimize/2026-06-24-09-37-42-qrv2_kernel_languages_pcevwrpue/worker-1-brief-0,0,0,0.00,0,0,+0.00
autocuda/optimize/2026-06-24-09-37-42-qrv2_kernel_languages_pcevwrpue/worker-1-brief-1,0,0,0.00,0,0,+0.00
autocuda/optimize/2026-06-24-09-37-42-qrv2_kernel_languages_pcevwrpue/worker-1-brief-2,0,0,0.00,0,0,+0.00
autocuda/optimize/2026-06-24-09-37-42-qrv2_kernel_languages_pcevwrpue/worker-1-brief-3,0,0,0.00,0,0,+0.00
autocuda/optimize/2026-06-24-09-37-42-qrv2_kernel_languages_pcevwrpue/worker-1-brief-4,0,0,0.00,0,0,+0.00
autocuda/optimize/2026-06-24-09-37-42-qrv2_kernel_languages_pcevwrpue/worker-1-brief-5,0,0,0.00,0,0,+0.00
autocuda/optimize/2026-06-24-09-37-42-qrv2_kernel_languages_pcevwrpue/worker-1-brief-6,0,0,0.00,0,0,+0.00
autocuda/optimize/2026-06-24-09-37-42-qrv2_kernel_languages_pcevwrpue/worker-1-brief-7,0,0,0.00,0,0,+0.00
autocuda/optimize/2026-06-24-09-37-42-qrv2_kernel_languages_pcevwrpue/worker-1-brief-8,0,0,0.00,0,0,+0.00
autocuda/optimize/2026-06-24-09-37-42-qrv2_kernel_languages_pcevwrpue/worker-1-brief-9,0,0,0.00,0,0,+0.00
autocuda/optimize/2026-06-24-09-37-42-qrv2_kernel_languages_pcevwrpue/worker-2-brief-0,0,0,0.00,0,0,+0.00
autocuda/optimize/2026-06-24-09-37-42-qrv2_kernel_languages_pcevwrpue/worker-2-brief-1,0,0,0.00,0,0,+0.00
autocuda/optimize/2026-06-24-09-37-42-qrv2_kernel_languages_pcevwrpue/worker-2-brief-2,0,0,0.00,0,0,+0.00
autocuda/optimize/2026-06-24-09-37-42-qrv2_kernel_languages_pcevwrpue/worker-2-brief-3,0,0,0.00,0,0,+0.00
autocuda/optimize/2026-06-24-09-37-42-qrv2_kernel_languages_pcevwrpue/worker-2-brief-4,0,0,0.00,0,0,+0.00
autocuda/optimize/2026-06-24-09-37-42-qrv2_kernel_languages_pcevwrpue/worker-2-brief-5,0,0,0.00,0,0,+0.00
autocuda/optimize/2026-06-24-09-38-11-qrv2_kernel_languages_ask3necgb/worker-0-brief-0,0,0,0.00,0,0,+0.00
autocuda/optimize/2026-06-24-09-38-11-qrv2_kernel_languages_ask3necgb/worker-0-brief-1,0,0,0.00,0,0,+0.00
autocuda/optimize/2026-06-24-09-38-11-qrv2_kernel_languages_ask3necgb/worker-0-brief-10,0,0,0.00,0,0,+0.00
autocuda/optimize/2026-06-24-09-38-11-qrv2_kernel_languages_ask3necgb/worker-0-brief-11,0,0,0.00,0,0,+0.00
autocuda/optimize/2026-06-24-09-38-11-qrv2_kernel_languages_ask3necgb/worker-0-brief-12,0,0,0.00,0,0,+0.00
autocuda/optimize/2026-06-24-09-38-11-qrv2_kernel_languages_ask3necgb/worker-0-brief-13,0,0,0.00,0,0,+0.00
autocuda/optimize/2026-06-24-09-38-11-qrv2_kernel_languages_ask3necgb/worker-0-brief-2,0,0,0.00,0,0,+0.00
autocuda/optimize/2026-06-24-09-38-11-qrv2_kernel_languages_ask3necgb/worker-0-brief-3,0,0,0.00,0,0,+0.00
autocuda/optimize/2026-06-24-09-38-11-qrv2_kernel_languages_ask3necgb/worker-0-brief-4,0,0,0.00,0,0,+0.00
autocuda/optimize/2026-06-24-09-38-11-qrv2_kernel_languages_ask3necgb/worker-0-brief-5,0,0,0.00,0,0,+0.00
autocuda/optimize/2026-06-24-09-38-11-qrv2_kernel_languages_ask3necgb/worker-0-brief-6,0,0,0.00,0,0,+0.00
autocuda/optimize/2026-06-24-09-38-11-qrv2_kernel_languages_ask3necgb/worker-0-brief-7,0,0,0.00,0,0,+0.00
autocuda/optimize/2026-06-24-09-38-11-qrv2_kernel_languages_ask3necgb/worker-0-brief-8,0,0,0.00,0,0,+0.00
autocuda/optimize/2026-06-24-09-38-11-qrv2_kernel_languages_ask3necgb/worker-0-brief-9,0,0,0.00,0,0,+0.00
autocuda/optimize/2026-06-24-09-38-11-qrv2_kernel_languages_ask3necgb/worker-1-brief-0,0,0,0.00,0,0,+0.00
autocuda/optimize/2026-06-24-09-38-11-qrv2_kernel_languages_ask3necgb/worker-1-brief-1,0,0,0.00,0,0,+0.00
autocuda/optimize/2026-06-24-09-38-11-qrv2_kernel_languages_ask3necgb/worker-1-brief-2,0,0,0.00,0,0,+0.00
autocuda/optimize/2026-06-24-09-38-11-qrv2_kernel_languages_ask3necgb/worker-1-brief-3,0,0,0.00,0,0,+0.00
autocuda/optimize/2026-06-24-09-38-11-qrv2_kernel_languages_ask3necgb/worker-1-brief-4,0,0,0.00,0,0,+0.00
autocuda/optimize/2026-06-24-09-38-11-qrv2_kernel_languages_ask3necgb/worker-1-brief-5,0,0,0.00,0,0,+0.00
autocuda/optimize/2026-06-24-09-38-11-qrv2_kernel_languages_ask3necgb/worker-1-brief-6,0,0,0.00,0,0,+0.00
autocuda/optimize/2026-06-24-09-38-11-qrv2_kernel_languages_ask3necgb/worker-1-brief-7,0,0,0.00,0,0,+0.00
autocuda/optimize/2026-06-24-09-38-11-qrv2_kernel_languages_ask3necgb/worker-1-brief-8,0,0,0.00,0,0,+0.00
autocuda/optimize/2026-06-24-09-38-11-qrv2_kernel_languages_ask3necgb/worker-1-brief-9,0,0,0.00,0,0,+0.00
autocuda/optimize/2026-06-24-09-38-11-qrv2_kernel_languages_ask3necgb/worker-2-brief-0,0,0,0.00,0,0,+0.00
autocuda/optimize/2026-06-24-09-38-11-qrv2_kernel_languages_ask3necgb/worker-2-brief-1,0,0,0.00,0,0,+0.00
autocuda/optimize/2026-06-24-09-38-11-qrv2_kernel_languages_ask3necgb/worker-2-brief-10,0,0,0.00,0,0,+0.00
autocuda/optimize/2026-06-24-09-38-11-qrv2_kernel_languages_ask3necgb/worker-2-brief-11,0,0,0.00,0,0,+0.00
autocuda/optimize/2026-06-24-09-38-11-qrv2_kernel_languages_ask3necgb/worker-2-brief-12,0,0,0.00,0,0,+0.00
autocuda/optimize/2026-06-24-09-38-11-qrv2_kernel_languages_ask3necgb/worker-2-brief-13,0,0,0.00,0,0,+0.00
autocuda/optimize/2026-06-24-09-38-11-qrv2_kernel_languages_ask3necgb/worker-2-brief-14,0,0,0.00,0,0,+0.00
autocuda/optimize/2026-06-24-09-38-11-qrv2_kernel_languages_ask3necgb/worker-2-brief-2,0,0,0.00,0,0,+0.00
autocuda/optimize/2026-06-24-09-38-11-qrv2_kernel_languages_ask3necgb/worker-2-brief-3,0,0,0.00,0,0,+0.00
autocuda/optimize/2026-06-24-09-38-11-qrv2_kernel_languages_ask3necgb/worker-2-brief-4,0,0,0.00,0,0,+0.00
autocuda/optimize/2026-06-24-09-38-11-qrv2_kernel_languages_ask3necgb/worker-2-brief-5,0,0,0.00,0,0,+0.00
autocuda/optimize/2026-06-24-09-38-11-qrv2_kernel_languages_ask3necgb/worker-2-brief-6,0,0,0.00,0,0,+0.00
autocuda/optimize/2026-06-24-09-38-11-qrv2_kernel_languages_ask3necgb/worker-2-brief-7,0,0,0.00,0,0,+0.00
autocuda/optimize/2026-06-24-09-38-11-qrv2_kernel_languages_ask3necgb/worker-2-brief-8,0,0,0.00,0,0,+0.00
autocuda/optimize/2026-06-24-09-38-11-qrv2_kernel_languages_ask3necgb/worker-2-brief-9,0,0,0.00,0,0,+0.00
autocuda/optimize/2026-06-24-09-38-12-qrv2_kernel_languages_ptv6z9eog/worker-0-brief-0,0,0,0.00,0,0,+0.00
autocuda/optimize/2026-06-24-09-38-12-qrv2_kernel_languages_ptv6z9eog/worker-0-brief-1,0,0,0.00,0,0,+0.00
autocuda/optimize/2026-06-24-09-38-12-qrv2_kernel_languages_ptv6z9eog/worker-0-brief-10,0,0,0.00,0,0,+0.00
autocuda/optimize/2026-06-24-09-38-12-qrv2_kernel_languages_ptv6z9eog/worker-0-brief-11,0,0,0.00,0,0,+0.00
autocuda/optimize/2026-06-24-09-38-12-qrv2_kernel_languages_ptv6z9eog/worker-0-brief-12,0,0,0.00,0,0,+0.00
autocuda/optimize/2026-06-24-09-38-12-qrv2_kernel_languages_ptv6z9eog/worker-0-brief-13,0,0,0.00,0,0,+0.00
autocuda/optimize/2026-06-24-09-38-12-qrv2_kernel_languages_ptv6z9eog/worker-0-brief-14,0,0,0.00,0,0,+0.00
autocuda/optimize/2026-06-24-09-38-12-qrv2_kernel_languages_ptv6z9eog/worker-0-brief-15,0,0,0.00,0,0,+0.00
autocuda/optimize/2026-06-24-09-38-12-qrv2_kernel_languages_ptv6z9eog/worker-0-brief-2,0,0,0.00,0,0,+0.00
autocuda/optimize/2026-06-24-09-38-12-qrv2_kernel_languages_ptv6z9eog/worker-0-brief-3,0,0,0.00,0,0,+0.00
autocuda/optimize/2026-06-24-09-38-12-qrv2_kernel_languages_ptv6z9eog/worker-0-brief-4,0,0,0.00,0,0,+0.00
autocuda/optimize/2026-06-24-09-38-12-qrv2_kernel_languages_ptv6z9eog/worker-0-brief-5,0,0,0.00,0,0,+0.00
autocuda/optimize/2026-06-24-09-38-12-qrv2_kernel_languages_ptv6z9eog/worker-0-brief-6,0,0,0.00,0,0,+0.00
autocuda/optimize/2026-06-24-09-38-12-qrv2_kernel_languages_ptv6z9eog/worker-0-brief-7,0,0,0.00,0,0,+0.00
autocuda/optimize/2026-06-24-09-38-12-qrv2_kernel_languages_ptv6z9eog/worker-0-brief-8,0,0,0.00,0,0,+0.00
autocuda/optimize/2026-06-24-09-38-12-qrv2_kernel_languages_ptv6z9eog/worker-0-brief-9,0,0,0.00,0,0,+0.00
autocuda/optimize/2026-06-24-09-38-12-qrv2_kernel_languages_ptv6z9eog/worker-1-brief-0,0,0,0.00,0,0,+0.00
autocuda/optimize/2026-06-24-09-38-12-qrv2_kernel_languages_ptv6z9eog/worker-1-brief-1,0,0,0.00,0,0,+0.00
autocuda/optimize/2026-06-24-09-38-12-qrv2_kernel_languages_ptv6z9eog/worker-1-brief-10,0,0,0.00,0,0,+0.00
autocuda/optimize/2026-06-24-09-38-12-qrv2_kernel_languages_ptv6z9eog/worker-1-brief-11,0,0,0.00,0,0,+0.00
autocuda/optimize/2026-06-24-09-38-12-qrv2_kernel_languages_ptv6z9eog/worker-1-brief-12,0,0,0.00,0,0,+0.00
autocuda/optimize/2026-06-24-09-38-12-qrv2_kernel_languages_ptv6z9eog/worker-1-brief-13,0,0,0.00,0,0,+0.00
autocuda/optimize/2026-06-24-09-38-12-qrv2_kernel_languages_ptv6z9eog/worker-1-brief-14,0,0,0.00,0,0,+0.00
autocuda/optimize/2026-06-24-09-38-12-qrv2_kernel_languages_ptv6z9eog/worker-1-brief-15,0,0,0.00,0,0,+0.00
autocuda/optimize/2026-06-24-09-38-12-qrv2_kernel_languages_ptv6z9eog/worker-1-brief-16,0,0,0.00,0,0,+0.00
autocuda/optimize/2026-06-24-09-38-12-qrv2_kernel_languages_ptv6z9eog/worker-1-brief-17,0,0,0.00,0,0,+0.00
autocuda/optimize/2026-06-24-09-38-12-qrv2_kernel_languages_ptv6z9eog/worker-1-brief-18,0,0,0.00,0,0,+0.00
autocuda/optimize/2026-06-24-09-38-12-qrv2_kernel_languages_ptv6z9eog/worker-1-brief-2,0,0,0.00,0,0,+0.00
autocuda/optimize/2026-06-24-09-38-12-qrv2_kernel_languages_ptv6z9eog/worker-1-brief-3,0,0,0.00,0,0,+0.00
autocuda/optimize/2026-06-24-09-38-12-qrv2_kernel_languages_ptv6z9eog/worker-1-brief-4,0,0,0.00,0,0,+0.00
autocuda/optimize/2026-06-24-09-38-12-qrv2_kernel_languages_ptv6z9eog/worker-1-brief-5,0,0,0.00,0,0,+0.00
autocuda/optimize/2026-06-24-09-38-12-qrv2_kernel_languages_ptv6z9eog/worker-1-brief-6,0,0,0.00,0,0,+0.00
autocuda/optimize/2026-06-24-09-38-12-qrv2_kernel_languages_ptv6z9eog/worker-1-brief-7,0,0,0.00,0,0,+0.00
autocuda/optimize/2026-06-24-09-38-12-qrv2_kernel_languages_ptv6z9eog/worker-1-brief-8,0,0,0.00,0,0,+0.00
autocuda/optimize/2026-06-24-09-38-12-qrv2_kernel_languages_ptv6z9eog/worker-1-brief-9,0,0,0.00,0,0,+0.00
autocuda/optimize/2026-06-24-09-38-12-qrv2_kernel_languages_ptv6z9eog/worker-2-brief-0,0,0,0.00,0,0,+0.00
autocuda/optimize/2026-06-24-09-38-12-qrv2_kernel_languages_ptv6z9eog/worker-2-brief-1,0,0,0.00,0,0,+0.00
autocuda/optimize/2026-06-24-09-38-12-qrv2_kernel_languages_ptv6z9eog/worker-2-brief-10,0,0,0.00,0,0,+0.00
autocuda/optimize/2026-06-24-09-38-12-qrv2_kernel_languages_ptv6z9eog/worker-2-brief-11,0,0,0.00,0,0,+0.00
autocuda/optimize/2026-06-24-09-38-12-qrv2_kernel_languages_ptv6z9eog/worker-2-brief-12,0,0,0.00,0,0,+0.00
autocuda/optimize/2026-06-24-09-38-12-qrv2_kernel_languages_ptv6z9eog/worker-2-brief-13,0,0,0.00,0,0,+0.00
autocuda/optimize/2026-06-24-09-38-12-qrv2_kernel_languages_ptv6z9eog/worker-2-brief-14,0,0,0.00,0,0,+0.00
autocuda/optimize/2026-06-24-09-38-12-qrv2_kernel_languages_ptv6z9eog/worker-2-brief-15,0,0,0.00,0,0,+0.00
autocuda/optimize/2026-06-24-09-38-12-qrv2_kernel_languages_ptv6z9eog/worker-2-brief-16,0,0,0.00,0,0,+0.00
autocuda/optimize/2026-06-24-09-38-12-qrv2_kernel_languages_ptv6z9eog/worker-2-brief-17,0,0,0.00,0,0,+0.00
autocuda/optimize/2026-06-24-09-38-12-qrv2_kernel_languages_ptv6z9eog/worker-2-brief-18,0,0,0.00,0,0,+0.00
autocuda/optimize/2026-06-24-09-38-12-qrv2_kernel_languages_ptv6z9eog/worker-2-brief-19,0,0,0.00,0,0,+0.00
autocuda/optimize/2026-06-24-09-38-12-qrv2_kernel_languages_ptv6z9eog/worker-2-brief-2,0,0,0.00,0,0,+0.00
autocuda/optimize/2026-06-24-09-38-12-qrv2_kernel_languages_ptv6z9eog/worker-2-brief-20,0,0,0.00,0,0,+0.00
autocuda/optimize/2026-06-24-09-38-12-qrv2_kernel_languages_ptv6z9eog/worker-2-brief-21,0,0,0.00,0,0,+0.00
autocuda/optimize/2026-06-24-09-38-12-qrv2_kernel_languages_ptv6z9eog/worker-2-brief-22,0,0,0.00,0,0,+0.00
autocuda/optimize/2026-06-24-09-38-12-qrv2_kernel_languages_ptv6z9eog/worker-2-brief-23,0,0,0.00,0,0,+0.00
autocuda/optimize/2026-06-24-09-38-12-qrv2_kernel_languages_ptv6z9eog/worker-2-brief-3,0,0,0.00,0,0,+0.00
autocuda/optimize/2026-06-24-09-38-12-qrv2_kernel_languages_ptv6z9eog/worker-2-brief-4,0,0,0.00,0,0,+0.00
autocuda/optimize/2026-06-24-09-38-12-qrv2_kernel_languages_ptv6z9eog/worker-2-brief-5,0,0,0.00,0,0,+0.00
autocuda/optimize/2026-06-24-09-38-12-qrv2_kernel_languages_ptv6z9eog/worker-2-brief-6,0,0,0.00,0,0,+0.00
autocuda/optimize/2026-06-24-09-38-12-qrv2_kernel_languages_ptv6z9eog/worker-2-brief-7,0,0,0.00,0,0,+0.00
autocuda/optimize/2026-06-24-09-38-12-qrv2_kernel_languages_ptv6z9eog/worker-2-brief-8,0,0,0.00,0,0,+0.00
autocuda/optimize/2026-06-24-09-38-12-qrv2_kernel_languages_ptv6z9eog/worker-2-brief-9,0,0,0.00,0,0,+0.00
autocuda/optimize/2026-06-24-09-38-31-qrv2_kernel_languages_m7w1ravpo/worker-0-brief-0,0,0,0.00,0,0,+0.00
autocuda/optimize/2026-06-24-09-38-31-qrv2_kernel_languages_m7w1ravpo/worker-0-brief-1,0,0,0.00,0,0,+0.00
autocuda/optimize/2026-06-24-09-38-31-qrv2_kernel_languages_m7w1ravpo/worker-0-brief-10,0,0,0.00,0,0,+0.00
autocuda/optimize/2026-06-24-09-38-31-qrv2_kernel_languages_m7w1ravpo/worker-0-brief-2,0,0,0.00,0,0,+0.00
autocuda/optimize/2026-06-24-09-38-31-qrv2_kernel_languages_m7w1ravpo/worker-0-brief-3,0,0,0.00,0,0,+0.00
autocuda/optimize/2026-06-24-09-38-31-qrv2_kernel_languages_m7w1ravpo/worker-0-brief-4,0,0,0.00,0,0,+0.00
autocuda/optimize/2026-06-24-09-38-31-qrv2_kernel_languages_m7w1ravpo/worker-0-brief-5,0,0,0.00,0,0,+0.00
autocuda/optimize/2026-06-24-09-38-31-qrv2_kernel_languages_m7w1ravpo/worker-0-brief-6,0,0,0.00,0,0,+0.00
autocuda/optimize/2026-06-24-09-38-31-qrv2_kernel_languages_m7w1ravpo/worker-0-brief-7,0,0,0.00,0,0,+0.00
autocuda/optimize/2026-06-24-09-38-31-qrv2_kernel_languages_m7w1ravpo/worker-0-brief-8,0,0,0.00,0,0,+0.00
autocuda/optimize/2026-06-24-09-38-31-qrv2_kernel_languages_m7w1ravpo/worker-0-brief-9,0,0,0.00,0,0,+0.00
autocuda/optimize/2026-06-24-09-38-31-qrv2_kernel_languages_m7w1ravpo/worker-1-brief-0,0,0,0.00,0,0,+0.00
autocuda/optimize/2026-06-24-09-38-31-qrv2_kernel_languages_m7w1ravpo/worker-1-brief-1,0,0,0.00,0,0,+0.00
autocuda/optimize/2026-06-24-09-38-31-qrv2_kernel_languages_m7w1ravpo/worker-1-brief-2,0,0,0.00,0,0,+0.00
autocuda/optimize/2026-06-24-09-38-31-qrv2_kernel_languages_m7w1ravpo/worker-1-brief-3,0,0,0.00,0,0,+0.00
autocuda/optimize/2026-06-24-09-38-31-qrv2_kernel_languages_m7w1ravpo/worker-1-brief-4,0,0,0.00,0,0,+0.00
autocuda/optimize/2026-06-24-09-38-31-qrv2_kernel_languages_m7w1ravpo/worker-1-brief-5,0,0,0.00,0,0,+0.00
autocuda/optimize/2026-06-24-09-38-31-qrv2_kernel_languages_m7w1ravpo/worker-1-brief-6,0,0,0.00,0,0,+0.00
autocuda/optimize/2026-06-24-09-38-31-qrv2_kernel_languages_m7w1ravpo/worker-1-brief-7,0,0,0.00,0,0,+0.00
autocuda/optimize/2026-06-24-09-38-31-qrv2_kernel_languages_m7w1ravpo/worker-1-brief-8,0,0,0.00,0,0,+0.00
autocuda/optimize/2026-06-24-09-38-31-qrv2_kernel_languages_m7w1ravpo/worker-2-brief-0,0,0,0.00,0,0,+0.00
autocuda/optimize/2026-06-24-09-38-31-qrv2_kernel_languages_m7w1ravpo/worker-2-brief-1,0,0,0.00,0,0,+0.00
autocuda/optimize/2026-06-24-09-38-31-qrv2_kernel_languages_m7w1ravpo/worker-2-brief-2,0,0,0.00,0,0,+0.00
autocuda/optimize/2026-06-24-09-38-31-qrv2_kernel_languages_m7w1ravpo/worker-2-brief-3,0,0,0.00,0,0,+0.00
autocuda/optimize/2026-06-24-09-38-31-qrv2_kernel_languages_m7w1ravpo/worker-2-brief-4,0,0,0.00,0,0,+0.00
autocuda/optimize/2026-06-24-09-38-31-qrv2_kernel_languages_m7w1ravpo/worker-2-brief-5,0,0,0.00,0,0,+0.00
autocuda/optimize/2026-06-24-09-38-31-qrv2_kernel_languages_m7w1ravpo/worker-2-brief-6,0,0,0.00,0,0,+0.00
autocuda/optimize/2026-06-24-09-38-31-qrv2_kernel_languages_m7w1ravpo/worker-2-brief-7,0,0,0.00,0,0,+0.00
autocuda/optimize/2026-06-25-00-41-50-qrv2_kernel_languages_claude_kurboui6f/worker-0-brief-0,0,0,0.00,0,0,+0.00
autocuda/optimize/2026-06-25-00-41-50-qrv2_kernel_languages_claude_kurboui6f/worker-0-brief-1,0,0,0.00,0,0,+0.00
autocuda/optimize/2026-06-25-00-41-50-qrv2_kernel_languages_claude_kurboui6f/worker-0-brief-10,0,0,0.00,0,0,+0.00
autocuda/optimize/2026-06-25-00-41-50-qrv2_kernel_languages_claude_kurboui6f/worker-0-brief-11,0,0,0.00,0,0,+0.00
autocuda/optimize/2026-06-25-00-41-50-qrv2_kernel_languages_claude_kurboui6f/worker-0-brief-2,0,0,0.00,0,0,+0.00
autocuda/optimize/2026-06-25-00-41-50-qrv2_kernel_languages_claude_kurboui6f/worker-0-brief-3,0,0,0.00,0,0,+0.00
autocuda/optimize/2026-06-25-00-41-50-qrv2_kernel_languages_claude_kurboui6f/worker-0-brief-4,0,0,0.00,0,0,+0.00
autocuda/optimize/2026-06-25-00-41-50-qrv2_kernel_languages_claude_kurboui6f/worker-0-brief-5,0,0,0.00,0,0,+0.00
autocuda/optimize/2026-06-25-00-41-50-qrv2_kernel_languages_claude_kurboui6f/worker-0-brief-6,0,0,0.00,0,0,+0.00
autocuda/optimize/2026-06-25-00-41-50-qrv2_kernel_languages_claude_kurboui6f/worker-0-brief-7,0,0,0.00,0,0,+0.00
autocuda/optimize/2026-06-25-00-41-50-qrv2_kernel_languages_claude_kurboui6f/worker-0-brief-8,0,0,0.00,0,0,+0.00
autocuda/optimize/2026-06-25-00-41-50-qrv2_kernel_languages_claude_kurboui6f/worker-0-brief-9,0,0,0.00,0,0,+0.00
autocuda/optimize/2026-06-25-00-41-50-qrv2_kernel_languages_claude_kurboui6f/worker-1-brief-0,0,0,0.00,0,0,+0.00
autocuda/optimize/2026-06-25-00-41-50-qrv2_kernel_languages_claude_kurboui6f/worker-1-brief-1,0,0,0.00,0,0,+0.00
autocuda/optimize/2026-06-25-00-41-50-qrv2_kernel_languages_claude_kurboui6f/worker-1-brief-10,0,0,0.00,0,0,+0.00
autocuda/optimize/2026-06-25-00-41-50-qrv2_kernel_languages_claude_kurboui6f/worker-1-brief-11,0,0,0.00,0,0,+0.00
autocuda/optimize/2026-06-25-00-41-50-qrv2_kernel_languages_claude_kurboui6f/worker-1-brief-12,0,0,0.00,0,0,+0.00
autocuda/optimize/2026-06-25-00-41-50-qrv2_kernel_languages_claude_kurboui6f/worker-1-brief-2,0,0,0.00,0,0,+0.00
autocuda/optimize/2026-06-25-00-41-50-qrv2_kernel_languages_claude_kurboui6f/worker-1-brief-3,0,0,0.00,0,0,+0.00
autocuda/optimize/2026-06-25-00-41-50-qrv2_kernel_languages_claude_kurboui6f/worker-1-brief-4,0,0,0.00,0,0,+0.00
autocuda/optimize/2026-06-25-00-41-50-qrv2_kernel_languages_claude_kurboui6f/worker-1-brief-5,0,0,0.00,0,0,+0.00
autocuda/optimize/2026-06-25-00-41-50-qrv2_kernel_languages_claude_kurboui6f/worker-1-brief-6,0,0,0.00,0,0,+0.00
autocuda/optimize/2026-06-25-00-41-50-qrv2_kernel_languages_claude_kurboui6f/worker-1-brief-7,0,0,0.00,0,0,+0.00
autocuda/optimize/2026-06-25-00-41-50-qrv2_kernel_languages_claude_kurboui6f/worker-1-brief-8,0,0,0.00,0,0,+0.00
autocuda/optimize/2026-06-25-00-41-50-qrv2_kernel_languages_claude_kurboui6f/worker-1-brief-9,0,0,0.00,0,0,+0.00
autocuda/optimize/2026-06-25-00-41-50-qrv2_kernel_languages_claude_kurboui6f/worker-2-brief-0,0,0,0.00,0,0,+0.00
autocuda/optimize/2026-06-25-00-41-50-qrv2_kernel_languages_claude_kurboui6f/worker-2-brief-1,0,0,0.00,0,0,+0.00
autocuda/optimize/2026-06-25-00-41-50-qrv2_kernel_languages_claude_kurboui6f/worker-2-brief-2,0,0,0.00,0,0,+0.00
autocuda/optimize/2026-06-25-00-41-50-qrv2_kernel_languages_claude_kurboui6f/worker-2-brief-3,0,0,0.00,0,0,+0.00
autocuda/optimize/2026-06-25-00-41-50-qrv2_kernel_languages_claude_kurboui6f/worker-2-brief-4,0,0,0.00,0,0,+0.00
autocuda/optimize/2026-06-25-00-41-50-qrv2_kernel_languages_claude_kurboui6f/worker-2-brief-5,0,0,0.00,0,0,+0.00
autocuda/optimize/2026-06-25-00-41-50-qrv2_kernel_languages_claude_kurboui6f/worker-2-brief-6,0,0,0.00,0,0,+0.00
autocuda/optimize/2026-06-25-00-41-50-qrv2_kernel_languages_claude_kurboui6f/worker-2-brief-7,0,0,0.00,0,0,+0.00
autocuda/optimize/2026-06-25-00-41-50-qrv2_kernel_languages_claude_kurboui6f/worker-2-brief-8,0,0,0.00,0,0,+0.00
autocuda/optimize/2026-06-25-00-44-08-qrv2_kernel_languages_claude_kj7cvsimx/worker-0-brief-0,0,0,0.00,0,0,+0.00
autocuda/optimize/2026-06-25-00-44-08-qrv2_kernel_languages_claude_kj7cvsimx/worker-0-brief-1,0,0,0.00,0,0,+0.00
autocuda/optimize/2026-06-25-00-44-08-qrv2_kernel_languages_claude_kj7cvsimx/worker-0-brief-10,0,0,0.00,0,0,+0.00
autocuda/optimize/2026-06-25-00-44-08-qrv2_kernel_languages_claude_kj7cvsimx/worker-0-brief-11,0,0,0.00,0,0,+0.00
autocuda/optimize/2026-06-25-00-44-08-qrv2_kernel_languages_claude_kj7cvsimx/worker-0-brief-2,0,0,0.00,0,0,+0.00
autocuda/optimize/2026-06-25-00-44-08-qrv2_kernel_languages_claude_kj7cvsimx/worker-0-brief-3,0,0,0.00,0,0,+0.00
autocuda/optimize/2026-06-25-00-44-08-qrv2_kernel_languages_claude_kj7cvsimx/worker-0-brief-4,0,0,0.00,0,0,+0.00
autocuda/optimize/2026-06-25-00-44-08-qrv2_kernel_languages_claude_kj7cvsimx/worker-0-brief-5,0,0,0.00,0,0,+0.00
autocuda/optimize/2026-06-25-00-44-08-qrv2_kernel_languages_claude_kj7cvsimx/worker-0-brief-6,0,0,0.00,0,0,+0.00
autocuda/optimize/2026-06-25-00-44-08-qrv2_kernel_languages_claude_kj7cvsimx/worker-0-brief-7,0,0,0.00,0,0,+0.00
autocuda/optimize/2026-06-25-00-44-08-qrv2_kernel_languages_claude_kj7cvsimx/worker-0-brief-8,0,0,0.00,0,0,+0.00
autocuda/optimize/2026-06-25-00-44-08-qrv2_kernel_languages_claude_kj7cvsimx/worker-0-brief-9,0,0,0.00,0,0,+0.00
autocuda/optimize/2026-06-25-00-44-08-qrv2_kernel_languages_claude_kj7cvsimx/worker-1-brief-0,0,0,0.00,0,0,+0.00
autocuda/optimize/2026-06-25-00-44-08-qrv2_kernel_languages_claude_kj7cvsimx/worker-1-brief-1,0,0,0.00,0,0,+0.00
autocuda/optimize/2026-06-25-00-44-08-qrv2_kernel_languages_claude_kj7cvsimx/worker-1-brief-2,0,0,0.00,0,0,+0.00
autocuda/optimize/2026-06-25-00-44-08-qrv2_kernel_languages_claude_kj7cvsimx/worker-1-brief-3,0,0,0.00,0,0,+0.00
autocuda/optimize/2026-06-25-00-44-08-qrv2_kernel_languages_claude_kj7cvsimx/worker-1-brief-4,0,0,0.00,0,0,+0.00
autocuda/optimize/2026-06-25-00-44-08-qrv2_kernel_languages_claude_kj7cvsimx/worker-1-brief-5,0,0,0.00,0,0,+0.00
autocuda/optimize/2026-06-25-00-44-08-qrv2_kernel_languages_claude_kj7cvsimx/worker-1-brief-6,0,0,0.00,0,0,+0.00
autocuda/optimize/2026-06-25-00-44-08-qrv2_kernel_languages_claude_kj7cvsimx/worker-2-brief-0,0,0,0.00,0,0,+0.00
autocuda/optimize/2026-06-25-00-44-08-qrv2_kernel_languages_claude_kj7cvsimx/worker-2-brief-1,0,0,0.00,0,0,+0.00
autocuda/optimize/2026-06-25-00-44-08-qrv2_kernel_languages_claude_kj7cvsimx/worker-2-brief-2,0,0,0.00,0,0,+0.00
autocuda/optimize/2026-06-25-00-44-08-qrv2_kernel_languages_claude_kj7cvsimx/worker-2-brief-3,0,0,0.00,0,0,+0.00
autocuda/optimize/2026-06-25-00-44-08-qrv2_kernel_languages_claude_kj7cvsimx/worker-2-brief-4,0,0,0.00,0,0,+0.00
autocuda/optimize/2026-06-25-00-44-08-qrv2_kernel_languages_claude_kj7cvsimx/worker-2-brief-5,0,0,0.00,0,0,+0.00
autocuda/optimize/2026-06-25-00-44-08-qrv2_kernel_languages_claude_kj7cvsimx/worker-2-brief-6,0,0,0.00,0,0,+0.00
autocuda/optimize/2026-06-25-00-44-08-qrv2_kernel_languages_claude_kj7cvsimx/worker-2-brief-7,0,0,0.00,0,0,+0.00
autocuda/optimize/2026-06-25-00-44-08-qrv2_kernel_languages_claude_kj7cvsimx/worker-2-brief-8,0,0,0.00,0,0,+0.00
autocuda/optimize/2026-06-25-00-44-08-qrv2_kernel_languages_claude_kj7cvsimx/worker-2-brief-9,0,0,0.00,0,0,+0.00
autocuda/optimize/2026-06-25-00-51-32-qrv2_kernel_languages_claude_q1nb1oliq/worker-0-brief-0,0,0,0.00,0,0,+0.00
autocuda/optimize/2026-06-25-00-51-32-qrv2_kernel_languages_claude_q1nb1oliq/worker-0-brief-1,0,0,0.00,0,0,+0.00
autocuda/optimize/2026-06-25-00-51-32-qrv2_kernel_languages_claude_q1nb1oliq/worker-0-brief-2,0,0,0.00,0,0,+0.00
autocuda/optimize/2026-06-25-00-51-32-qrv2_kernel_languages_claude_q1nb1oliq/worker-0-brief-3,0,0,0.00,0,0,+0.00
autocuda/optimize/2026-06-25-00-51-32-qrv2_kernel_languages_claude_q1nb1oliq/worker-0-brief-4,0,0,0.00,0,0,+0.00
autocuda/optimize/2026-06-25-00-51-32-qrv2_kernel_languages_claude_q1nb1oliq/worker-0-brief-5,0,0,0.00,0,0,+0.00
autocuda/optimize/2026-06-25-00-51-32-qrv2_kernel_languages_claude_q1nb1oliq/worker-0-brief-6,0,0,0.00,0,0,+0.00
autocuda/optimize/2026-06-25-00-51-32-qrv2_kernel_languages_claude_q1nb1oliq/worker-0-brief-7,0,0,0.00,0,0,+0.00
autocuda/optimize/2026-06-25-00-51-32-qrv2_kernel_languages_claude_q1nb1oliq/worker-0-brief-8,0,0,0.00,0,0,+0.00
autocuda/optimize/2026-06-25-00-51-32-qrv2_kernel_languages_claude_q1nb1oliq/worker-1-brief-0,0,0,0.00,0,0,+0.00
autocuda/optimize/2026-06-25-00-51-32-qrv2_kernel_languages_claude_q1nb1oliq/worker-1-brief-1,0,0,0.00,0,0,+0.00
autocuda/optimize/2026-06-25-00-51-32-qrv2_kernel_languages_claude_q1nb1oliq/worker-1-brief-10,0,0,0.00,0,0,+0.00
autocuda/optimize/2026-06-25-00-51-32-qrv2_kernel_languages_claude_q1nb1oliq/worker-1-brief-11,0,0,0.00,0,0,+0.00
autocuda/optimize/2026-06-25-00-51-32-qrv2_kernel_languages_claude_q1nb1oliq/worker-1-brief-2,0,0,0.00,0,0,+0.00
autocuda/optimize/2026-06-25-00-51-32-qrv2_kernel_languages_claude_q1nb1oliq/worker-1-brief-3,0,0,0.00,0,0,+0.00
autocuda/optimize/2026-06-25-00-51-32-qrv2_kernel_languages_claude_q1nb1oliq/worker-1-brief-4,0,0,0.00,0,0,+0.00
autocuda/optimize/2026-06-25-00-51-32-qrv2_kernel_languages_claude_q1nb1oliq/worker-1-brief-5,0,0,0.00,0,0,+0.00
autocuda/optimize/2026-06-25-00-51-32-qrv2_kernel_languages_claude_q1nb1oliq/worker-1-brief-6,0,0,0.00,0,0,+0.00
autocuda/optimize/2026-06-25-00-51-32-qrv2_kernel_languages_claude_q1nb1oliq/worker-1-brief-7,0,0,0.00,0,0,+0.00
autocuda/optimize/2026-06-25-00-51-32-qrv2_kernel_languages_claude_q1nb1oliq/worker-1-brief-8,0,0,0.00,0,0,+0.00
autocuda/optimize/2026-06-25-00-51-32-qrv2_kernel_languages_claude_q1nb1oliq/worker-1-brief-9,0,0,0.00,0,0,+0.00
autocuda/optimize/2026-06-25-00-51-32-qrv2_kernel_languages_claude_q1nb1oliq/worker-2-brief-0,0,0,0.00,0,0,+0.00
autocuda/optimize/2026-06-25-00-51-32-qrv2_kernel_languages_claude_q1nb1oliq/worker-2-brief-1,0,0,0.00,0,0,+0.00
autocuda/optimize/2026-06-25-00-51-32-qrv2_kernel_languages_claude_q1nb1oliq/worker-2-brief-10,0,0,0.00,0,0,+0.00
autocuda/optimize/2026-06-25-00-51-32-qrv2_kernel_languages_claude_q1nb1oliq/worker-2-brief-11,0,0,0.00,0,0,+0.00
autocuda/optimize/2026-06-25-00-51-32-qrv2_kernel_languages_claude_q1nb1oliq/worker-2-brief-12,0,0,0.00,0,0,+0.00
autocuda/optimize/2026-06-25-00-51-32-qrv2_kernel_languages_claude_q1nb1oliq/worker-2-brief-2,0,0,0.00,0,0,+0.00
autocuda/optimize/2026-06-25-00-51-32-qrv2_kernel_languages_claude_q1nb1oliq/worker-2-brief-3,0,0,0.00,0,0,+0.00
autocuda/optimize/2026-06-25-00-51-32-qrv2_kernel_languages_claude_q1nb1oliq/worker-2-brief-4,0,0,0.00,0,0,+0.00
autocuda/optimize/2026-06-25-00-51-32-qrv2_kernel_languages_claude_q1nb1oliq/worker-2-brief-5,0,0,0.00,0,0,+0.00
autocuda/optimize/2026-06-25-00-51-32-qrv2_kernel_languages_claude_q1nb1oliq/worker-2-brief-6,0,0,0.00,0,0,+0.00
autocuda/optimize/2026-06-25-00-51-32-qrv2_kernel_languages_claude_q1nb1oliq/worker-2-brief-7,0,0,0.00,0,0,+0.00
autocuda/optimize/2026-06-25-00-51-32-qrv2_kernel_languages_claude_q1nb1oliq/worker-2-brief-8,0,0,0.00,0,0,+0.00
autocuda/optimize/2026-06-25-00-51-32-qrv2_kernel_languages_claude_q1nb1oliq/worker-2-brief-9,0,0,0.00,0,0,+0.00
autocuda/optimize/2026-06-25-00-59-02-qrv2_kernel_languages_claude_ocix8g7hp/worker-0-brief-0,0,0,0.00,0,0,+0.00
autocuda/optimize/2026-06-25-00-59-02-qrv2_kernel_languages_claude_ocix8g7hp/worker-0-brief-1,0,0,0.00,0,0,+0.00
autocuda/optimize/2026-06-25-00-59-02-qrv2_kernel_languages_claude_ocix8g7hp/worker-0-brief-10,0,0,0.00,0,0,+0.00
autocuda/optimize/2026-06-25-00-59-02-qrv2_kernel_languages_claude_ocix8g7hp/worker-0-brief-2,0,0,0.00,0,0,+0.00
autocuda/optimize/2026-06-25-00-59-02-qrv2_kernel_languages_claude_ocix8g7hp/worker-0-brief-3,0,0,0.00,0,0,+0.00
autocuda/optimize/2026-06-25-00-59-02-qrv2_kernel_languages_claude_ocix8g7hp/worker-0-brief-4,0,0,0.00,0,0,+0.00
autocuda/optimize/2026-06-25-00-59-02-qrv2_kernel_languages_claude_ocix8g7hp/worker-0-brief-5,0,0,0.00,0,0,+0.00
autocuda/optimize/2026-06-25-00-59-02-qrv2_kernel_languages_claude_ocix8g7hp/worker-0-brief-6,0,0,0.00,0,0,+0.00
autocuda/optimize/2026-06-25-00-59-02-qrv2_kernel_languages_claude_ocix8g7hp/worker-0-brief-7,0,0,0.00,0,0,+0.00
autocuda/optimize/2026-06-25-00-59-02-qrv2_kernel_languages_claude_ocix8g7hp/worker-0-brief-8,0,0,0.00,0,0,+0.00
autocuda/optimize/2026-06-25-00-59-02-qrv2_kernel_languages_claude_ocix8g7hp/worker-0-brief-9,0,0,0.00,0,0,+0.00
autocuda/optimize/2026-06-25-00-59-02-qrv2_kernel_languages_claude_ocix8g7hp/worker-1-brief-0,0,0,0.00,0,0,+0.00
autocuda/optimize/2026-06-25-00-59-02-qrv2_kernel_languages_claude_ocix8g7hp/worker-1-brief-1,0,0,0.00,0,0,+0.00
autocuda/optimize/2026-06-25-00-59-02-qrv2_kernel_languages_claude_ocix8g7hp/worker-1-brief-10,0,0,0.00,0,0,+0.00
autocuda/optimize/2026-06-25-00-59-02-qrv2_kernel_languages_claude_ocix8g7hp/worker-1-brief-11,0,0,0.00,0,0,+0.00
autocuda/optimize/2026-06-25-00-59-02-qrv2_kernel_languages_claude_ocix8g7hp/worker-1-brief-12,0,0,0.00,0,0,+0.00
autocuda/optimize/2026-06-25-00-59-02-qrv2_kernel_languages_claude_ocix8g7hp/worker-1-brief-13,0,0,0.00,0,0,+0.00
autocuda/optimize/2026-06-25-00-59-02-qrv2_kernel_languages_claude_ocix8g7hp/worker-1-brief-14,0,0,0.00,0,0,+0.00
autocuda/optimize/2026-06-25-00-59-02-qrv2_kernel_languages_claude_ocix8g7hp/worker-1-brief-15,0,0,0.00,0,0,+0.00
autocuda/optimize/2026-06-25-00-59-02-qrv2_kernel_languages_claude_ocix8g7hp/worker-1-brief-16,0,0,0.00,0,0,+0.00
autocuda/optimize/2026-06-25-00-59-02-qrv2_kernel_languages_claude_ocix8g7hp/worker-1-brief-17,0,0,0.00,0,0,+0.00
autocuda/optimize/2026-06-25-00-59-02-qrv2_kernel_languages_claude_ocix8g7hp/worker-1-brief-2,0,0,0.00,0,0,+0.00
autocuda/optimize/2026-06-25-00-59-02-qrv2_kernel_languages_claude_ocix8g7hp/worker-1-brief-3,0,0,0.00,0,0,+0.00
autocuda/optimize/2026-06-25-00-59-02-qrv2_kernel_languages_claude_ocix8g7hp/worker-1-brief-4,0,0,0.00,0,0,+0.00
autocuda/optimize/2026-06-25-00-59-02-qrv2_kernel_languages_claude_ocix8g7hp/worker-1-brief-5,0,0,0.00,0,0,+0.00
autocuda/optimize/2026-06-25-00-59-02-qrv2_kernel_languages_claude_ocix8g7hp/worker-1-brief-6,0,0,0.00,0,0,+0.00
autocuda/optimize/2026-06-25-00-59-02-qrv2_kernel_languages_claude_ocix8g7hp/worker-1-brief-7,0,0,0.00,0,0,+0.00
autocuda/optimize/2026-06-25-00-59-02-qrv2_kernel_languages_claude_ocix8g7hp/worker-1-brief-8,0,0,0.00,0,0,+0.00
autocuda/optimize/2026-06-25-00-59-02-qrv2_kernel_languages_claude_ocix8g7hp/worker-1-brief-9,0,0,0.00,0,0,+0.00
autocuda/optimize/2026-06-25-00-59-02-qrv2_kernel_languages_claude_ocix8g7hp/worker-2-brief-0,0,0,0.00,0,0,+0.00
autocuda/optimize/2026-06-25-00-59-02-qrv2_kernel_languages_claude_ocix8g7hp/worker-2-brief-1,0,0,0.00,0,0,+0.00
autocuda/optimize/2026-06-25-00-59-02-qrv2_kernel_languages_claude_ocix8g7hp/worker-2-brief-10,0,0,0.00,0,0,+0.00
autocuda/optimize/2026-06-25-00-59-02-qrv2_kernel_languages_claude_ocix8g7hp/worker-2-brief-11,0,0,0.00,0,0,+0.00
autocuda/optimize/2026-06-25-00-59-02-qrv2_kernel_languages_claude_ocix8g7hp/worker-2-brief-2,0,0,0.00,0,0,+0.00
autocuda/optimize/2026-06-25-00-59-02-qrv2_kernel_languages_claude_ocix8g7hp/worker-2-brief-3,0,0,0.00,0,0,+0.00
autocuda/optimize/2026-06-25-00-59-02-qrv2_kernel_languages_claude_ocix8g7hp/worker-2-brief-4,0,0,0.00,0,0,+0.00
autocuda/optimize/2026-06-25-00-59-02-qrv2_kernel_languages_claude_ocix8g7hp/worker-2-brief-5,0,0,0.00,0,0,+0.00
autocuda/optimize/2026-06-25-00-59-02-qrv2_kernel_languages_claude_ocix8g7hp/worker-2-brief-6,0,0,0.00,0,0,+0.00
autocuda/optimize/2026-06-25-00-59-02-qrv2_kernel_languages_claude_ocix8g7hp/worker-2-brief-7,0,0,0.00,0,0,+0.00
autocuda/optimize/2026-06-25-00-59-02-qrv2_kernel_languages_claude_ocix8g7hp/worker-2-brief-8,0,0,0.00,0,0,+0.00
autocuda/optimize/2026-06-25-00-59-02-qrv2_kernel_languages_claude_ocix8g7hp/worker-2-brief-9,0,0,0.00,0,0,+0.00
autocuda/optimize/2026-06-25-01-25-17-qrv2_kernel_languages_claude_3otwejh6b/worker-0-brief-0,0,0,0.00,0,0,+0.00
autocuda/optimize/2026-06-25-01-25-17-qrv2_kernel_languages_claude_3otwejh6b/worker-0-brief-1,0,0,0.00,0,0,+0.00
autocuda/optimize/2026-06-25-01-25-17-qrv2_kernel_languages_claude_3otwejh6b/worker-0-brief-2,0,0,0.00,0,0,+0.00
autocuda/optimize/2026-06-25-01-25-17-qrv2_kernel_languages_claude_3otwejh6b/worker-0-brief-3,0,0,0.00,0,0,+0.00
autocuda/optimize/2026-06-25-01-25-17-qrv2_kernel_languages_claude_3otwejh6b/worker-0-brief-4,0,0,0.00,0,0,+0.00
autocuda/optimize/2026-06-25-01-25-17-qrv2_kernel_languages_claude_3otwejh6b/worker-0-brief-5,0,0,0.00,0,0,+0.00
autocuda/optimize/2026-06-25-01-25-17-qrv2_kernel_languages_claude_3otwejh6b/worker-0-brief-6,0,0,0.00,0,0,+0.00
autocuda/optimize/2026-06-25-01-25-17-qrv2_kernel_languages_claude_3otwejh6b/worker-0-brief-7,0,0,0.00,0,0,+0.00
autocuda/optimize/2026-06-25-01-25-17-qrv2_kernel_languages_claude_3otwejh6b/worker-0-brief-8,0,0,0.00,0,0,+0.00
autocuda/optimize/2026-06-25-01-25-17-qrv2_kernel_languages_claude_3otwejh6b/worker-0-brief-9,0,0,0.00,0,0,+0.00
autocuda/optimize/2026-06-25-01-25-17-qrv2_kernel_languages_claude_3otwejh6b/worker-1-brief-0,0,0,0.00,0,0,+0.00
autocuda/optimize/2026-06-25-01-25-17-qrv2_kernel_languages_claude_3otwejh6b/worker-1-brief-1,0,0,0.00,0,0,+0.00
autocuda/optimize/2026-06-25-01-25-17-qrv2_kernel_languages_claude_3otwejh6b/worker-1-brief-2,0,0,0.00,0,0,+0.00
autocuda/optimize/2026-06-25-01-25-17-qrv2_kernel_languages_claude_3otwejh6b/worker-1-brief-3,0,0,0.00,0,0,+0.00
autocuda/optimize/2026-06-25-01-25-17-qrv2_kernel_languages_claude_3otwejh6b/worker-1-brief-4,0,0,0.00,0,0,+0.00
autocuda/optimize/2026-06-25-01-25-17-qrv2_kernel_languages_claude_3otwejh6b/worker-1-brief-5,0,0,0.00,0,0,+0.00
autocuda/optimize/2026-06-25-01-25-17-qrv2_kernel_languages_claude_3otwejh6b/worker-1-brief-6,0,0,0.00,0,0,+0.00
autocuda/optimize/2026-06-25-01-25-17-qrv2_kernel_languages_claude_3otwejh6b/worker-1-brief-7,0,0,0.00,0,0,+0.00
autocuda/optimize/2026-06-25-01-25-17-qrv2_kernel_languages_claude_3otwejh6b/worker-1-brief-8,0,0,0.00,0,0,+0.00
autocuda/optimize/2026-06-25-01-25-17-qrv2_kernel_languages_claude_3otwejh6b/worker-1-brief-9,0,0,0.00,0,0,+0.00
autocuda/optimize/2026-06-25-01-25-17-qrv2_kernel_languages_claude_3otwejh6b/worker-2-brief-0,0,0,0.00,0,0,+0.00
autocuda/optimize/2026-06-25-01-25-17-qrv2_kernel_languages_claude_3otwejh6b/worker-2-brief-1,0,0,0.00,0,0,+0.00
autocuda/optimize/2026-06-25-01-25-17-qrv2_kernel_languages_claude_3otwejh6b/worker-2-brief-10,0,0,0.00,0,0,+0.00
autocuda/optimize/2026-06-25-01-25-17-qrv2_kernel_languages_claude_3otwejh6b/worker-2-brief-11,0,0,0.00,0,0,+0.00
autocuda/optimize/2026-06-25-01-25-17-qrv2_kernel_languages_claude_3otwejh6b/worker-2-brief-12,0,0,0.00,0,0,+0.00
autocuda/optimize/2026-06-25-01-25-17-qrv2_kernel_languages_claude_3otwejh6b/worker-2-brief-2,0,0,0.00,0,0,+0.00
autocuda/optimize/2026-06-25-01-25-17-qrv2_kernel_languages_claude_3otwejh6b/worker-2-brief-3,0,0,0.00,0,0,+0.00
autocuda/optimize/2026-06-25-01-25-17-qrv2_kernel_languages_claude_3otwejh6b/worker-2-brief-4,0,0,0.00,0,0,+0.00
autocuda/optimize/2026-06-25-01-25-17-qrv2_kernel_languages_claude_3otwejh6b/worker-2-brief-5,0,0,0.00,0,0,+0.00
autocuda/optimize/2026-06-25-01-25-17-qrv2_kernel_languages_claude_3otwejh6b/worker-2-brief-6,0,0,0.00,0,0,+0.00
autocuda/optimize/2026-06-25-01-25-17-qrv2_kernel_languages_claude_3otwejh6b/worker-2-brief-7,0,0,0.00,0,0,+0.00
autocuda/optimize/2026-06-25-01-25-17-qrv2_kernel_languages_claude_3otwejh6b/worker-2-brief-8,0,0,0.00,0,0,+0.00
autocuda/optimize/2026-06-25-01-25-17-qrv2_kernel_languages_claude_3otwejh6b/worker-2-brief-9,0,0,0.00,0,0,+0.00
autocuda/optimize/2026-06-25-11-58-38-qrv2_kernel_languages_claude_tszacp309/worker-0-brief-0,0,0,0.00,0,0,+0.00
autocuda/optimize/2026-06-25-11-58-38-qrv2_kernel_languages_claude_tszacp309/worker-0-brief-1,0,0,0.00,0,0,+0.00
autocuda/optimize/2026-06-25-11-58-38-qrv2_kernel_languages_claude_tszacp309/worker-0-brief-10,0,0,0.00,0,0,+0.00
autocuda/optimize/2026-06-25-11-58-38-qrv2_kernel_languages_claude_tszacp309/worker-0-brief-11,0,0,0.00,0,0,+0.00
autocuda/optimize/2026-06-25-11-58-38-qrv2_kernel_languages_claude_tszacp309/worker-0-brief-12,0,0,0.00,0,0,+0.00
autocuda/optimize/2026-06-25-11-58-38-qrv2_kernel_languages_claude_tszacp309/worker-0-brief-13,0,0,0.00,0,0,+0.00
autocuda/optimize/2026-06-25-11-58-38-qrv2_kernel_languages_claude_tszacp309/worker-0-brief-14,0,0,0.00,0,0,+0.00
autocuda/optimize/2026-06-25-11-58-38-qrv2_kernel_languages_claude_tszacp309/worker-0-brief-15,0,0,0.00,0,0,+0.00
autocuda/optimize/2026-06-25-11-58-38-qrv2_kernel_languages_claude_tszacp309/worker-0-brief-16,0,0,0.00,0,0,+0.00
autocuda/optimize/2026-06-25-11-58-38-qrv2_kernel_languages_claude_tszacp309/worker-0-brief-2,0,0,0.00,0,0,+0.00
autocuda/optimize/2026-06-25-11-58-38-qrv2_kernel_languages_claude_tszacp309/worker-0-brief-3,0,0,0.00,0,0,+0.00
autocuda/optimize/2026-06-25-11-58-38-qrv2_kernel_languages_claude_tszacp309/worker-0-brief-4,0,0,0.00,0,0,+0.00
autocuda/optimize/2026-06-25-11-58-38-qrv2_kernel_languages_claude_tszacp309/worker-0-brief-5,0,0,0.00,0,0,+0.00
autocuda/optimize/2026-06-25-11-58-38-qrv2_kernel_languages_claude_tszacp309/worker-0-brief-6,0,0,0.00,0,0,+0.00
autocuda/optimize/2026-06-25-11-58-38-qrv2_kernel_languages_claude_tszacp309/worker-0-brief-7,0,0,0.00,0,0,+0.00
autocuda/optimize/2026-06-25-11-58-38-qrv2_kernel_languages_claude_tszacp309/worker-0-brief-8,0,0,0.00,0,0,+0.00
autocuda/optimize/2026-06-25-11-58-38-qrv2_kernel_languages_claude_tszacp309/worker-0-brief-9,0,0,0.00,0,0,+0.00
autocuda/optimize/2026-06-25-11-58-38-qrv2_kernel_languages_claude_tszacp309/worker-1-brief-0,0,0,0.00,0,0,+0.00
autocuda/optimize/2026-06-25-11-58-38-qrv2_kernel_languages_claude_tszacp309/worker-1-brief-1,0,0,0.00,0,0,+0.00
autocuda/optimize/2026-06-25-11-58-38-qrv2_kernel_languages_claude_tszacp309/worker-1-brief-10,0,0,0.00,0,0,+0.00
autocuda/optimize/2026-06-25-11-58-38-qrv2_kernel_languages_claude_tszacp309/worker-1-brief-11,0,0,0.00,0,0,+0.00
autocuda/optimize/2026-06-25-11-58-38-qrv2_kernel_languages_claude_tszacp309/worker-1-brief-12,0,0,0.00,0,0,+0.00
autocuda/optimize/2026-06-25-11-58-38-qrv2_kernel_languages_claude_tszacp309/worker-1-brief-13,0,0,0.00,0,0,+0.00
autocuda/optimize/2026-06-25-11-58-38-qrv2_kernel_languages_claude_tszacp309/worker-1-brief-2,0,0,0.00,0,0,+0.00
autocuda/optimize/2026-06-25-11-58-38-qrv2_kernel_languages_claude_tszacp309/worker-1-brief-3,0,0,0.00,0,0,+0.00
autocuda/optimize/2026-06-25-11-58-38-qrv2_kernel_languages_claude_tszacp309/worker-1-brief-4,0,0,0.00,0,0,+0.00
autocuda/optimize/2026-06-25-11-58-38-qrv2_kernel_languages_claude_tszacp309/worker-1-brief-5,0,0,0.00,0,0,+0.00
autocuda/optimize/2026-06-25-11-58-38-qrv2_kernel_languages_claude_tszacp309/worker-1-brief-6,0,0,0.00,0,0,+0.00
autocuda/optimize/2026-06-25-11-58-38-qrv2_kernel_languages_claude_tszacp309/worker-1-brief-7,0,0,0.00,0,0,+0.00
autocuda/optimize/2026-06-25-11-58-38-qrv2_kernel_languages_claude_tszacp309/worker-1-brief-8,0,0,0.00,0,0,+0.00
autocuda/optimize/2026-06-25-11-58-38-qrv2_kernel_languages_claude_tszacp309/worker-1-brief-9,0,0,0.00,0,0,+0.00
autocuda/optimize/2026-06-25-11-58-38-qrv2_kernel_languages_claude_tszacp309/worker-2-brief-0,0,0,0.00,0,0,+0.00
autocuda/optimize/2026-06-25-11-58-38-qrv2_kernel_languages_claude_tszacp309/worker-2-brief-1,0,0,0.00,0,0,+0.00
autocuda/optimize/2026-06-25-11-58-38-qrv2_kernel_languages_claude_tszacp309/worker-2-brief-10,0,0,0.00,0,0,+0.00
autocuda/optimize/2026-06-25-11-58-38-qrv2_kernel_languages_claude_tszacp309/worker-2-brief-11,0,0,0.00,0,0,+0.00
autocuda/optimize/2026-06-25-11-58-38-qrv2_kernel_languages_claude_tszacp309/worker-2-brief-12,0,0,0.00,0,0,+0.00
autocuda/optimize/2026-06-25-11-58-38-qrv2_kernel_languages_claude_tszacp309/worker-2-brief-13,0,0,0.00,0,0,+0.00
autocuda/optimize/2026-06-25-11-58-38-qrv2_kernel_languages_claude_tszacp309/worker-2-brief-14,0,0,0.00,0,0,+0.00
autocuda/optimize/2026-06-25-11-58-38-qrv2_kernel_languages_claude_tszacp309/worker-2-brief-2,0,0,0.00,0,0,+0.00
autocuda/optimize/2026-06-25-11-58-38-qrv2_kernel_languages_claude_tszacp309/worker-2-brief-3,0,0,0.00,0,0,+0.00
autocuda/optimize/2026-06-25-11-58-38-qrv2_kernel_languages_claude_tszacp309/worker-2-brief-4,0,0,0.00,0,0,+0.00
autocuda/optimize/2026-06-25-11-58-38-qrv2_kernel_languages_claude_tszacp309/worker-2-brief-5,0,0,0.00,0,0,+0.00
autocuda/optimize/2026-06-25-11-58-38-qrv2_kernel_languages_claude_tszacp309/worker-2-brief-6,0,0,0.00,0,0,+0.00
autocuda/optimize/2026-06-25-11-58-38-qrv2_kernel_languages_claude_tszacp309/worker-2-brief-7,0,0,0.00,0,0,+0.00
autocuda/optimize/2026-06-25-11-58-38-qrv2_kernel_languages_claude_tszacp309/worker-2-brief-8,0,0,0.00,0,0,+0.00
autocuda/optimize/2026-06-25-11-58-38-qrv2_kernel_languages_claude_tszacp309/worker-2-brief-9,0,0,0.00,0,0,+0.00
autocuda/optimize/2026-06-25-12-01-35-qrv2_kernel_languages_claude_w7jxbr46z/worker-0-brief-0,0,0,0.00,0,0,+0.00
autocuda/optimize/2026-06-25-12-01-35-qrv2_kernel_languages_claude_w7jxbr46z/worker-0-brief-1,0,0,0.00,0,0,+0.00
autocuda/optimize/2026-06-25-12-01-35-qrv2_kernel_languages_claude_w7jxbr46z/worker-0-brief-10,0,0,0.00,0,0,+0.00
autocuda/optimize/2026-06-25-12-01-35-qrv2_kernel_languages_claude_w7jxbr46z/worker-0-brief-11,0,0,0.00,0,0,+0.00
autocuda/optimize/2026-06-25-12-01-35-qrv2_kernel_languages_claude_w7jxbr46z/worker-0-brief-2,0,0,0.00,0,0,+0.00
autocuda/optimize/2026-06-25-12-01-35-qrv2_kernel_languages_claude_w7jxbr46z/worker-0-brief-3,0,0,0.00,0,0,+0.00
autocuda/optimize/2026-06-25-12-01-35-qrv2_kernel_languages_claude_w7jxbr46z/worker-0-brief-4,0,0,0.00,0,0,+0.00
autocuda/optimize/2026-06-25-12-01-35-qrv2_kernel_languages_claude_w7jxbr46z/worker-0-brief-5,0,0,0.00,0,0,+0.00
autocuda/optimize/2026-06-25-12-01-35-qrv2_kernel_languages_claude_w7jxbr46z/worker-0-brief-6,0,0,0.00,0,0,+0.00
autocuda/optimize/2026-06-25-12-01-35-qrv2_kernel_languages_claude_w7jxbr46z/worker-0-brief-7,0,0,0.00,0,0,+0.00
autocuda/optimize/2026-06-25-12-01-35-qrv2_kernel_languages_claude_w7jxbr46z/worker-0-brief-8,0,0,0.00,0,0,+0.00
autocuda/optimize/2026-06-25-12-01-35-qrv2_kernel_languages_claude_w7jxbr46z/worker-0-brief-9,0,0,0.00,0,0,+0.00
autocuda/optimize/2026-06-25-12-01-35-qrv2_kernel_languages_claude_w7jxbr46z/worker-1-brief-0,0,0,0.00,0,0,+0.00
autocuda/optimize/2026-06-25-12-01-35-qrv2_kernel_languages_claude_w7jxbr46z/worker-1-brief-1,0,0,0.00,0,0,+0.00
autocuda/optimize/2026-06-25-12-01-35-qrv2_kernel_languages_claude_w7jxbr46z/worker-1-brief-2,0,0,0.00,0,0,+0.00
autocuda/optimize/2026-06-25-12-01-35-qrv2_kernel_languages_claude_w7jxbr46z/worker-1-brief-3,0,0,0.00,0,0,+0.00
autocuda/optimize/2026-06-25-12-01-35-qrv2_kernel_languages_claude_w7jxbr46z/worker-1-brief-4,0,0,0.00,0,0,+0.00
autocuda/optimize/2026-06-25-12-01-35-qrv2_kernel_languages_claude_w7jxbr46z/worker-1-brief-5,0,0,0.00,0,0,+0.00
autocuda/optimize/2026-06-25-12-01-35-qrv2_kernel_languages_claude_w7jxbr46z/worker-1-brief-6,0,0,0.00,0,0,+0.00
autocuda/optimize/2026-06-25-12-01-35-qrv2_kernel_languages_claude_w7jxbr46z/worker-1-brief-7,0,0,0.00,0,0,+0.00
autocuda/optimize/2026-06-25-12-01-35-qrv2_kernel_languages_claude_w7jxbr46z/worker-1-brief-8,0,0,0.00,0,0,+0.00
autocuda/optimize/2026-06-25-12-01-35-qrv2_kernel_languages_claude_w7jxbr46z/worker-1-brief-9,0,0,0.00,0,0,+0.00
autocuda/optimize/2026-06-25-12-01-35-qrv2_kernel_languages_claude_w7jxbr46z/worker-2-brief-0,0,0,0.00,0,0,+0.00
autocuda/optimize/2026-06-25-12-01-35-qrv2_kernel_languages_claude_w7jxbr46z/worker-2-brief-1,0,0,0.00,0,0,+0.00
autocuda/optimize/2026-06-25-12-01-35-qrv2_kernel_languages_claude_w7jxbr46z/worker-2-brief-10,0,0,0.00,0,0,+0.00
autocuda/optimize/2026-06-25-12-01-35-qrv2_kernel_languages_claude_w7jxbr46z/worker-2-brief-11,0,0,0.00,0,0,+0.00
autocuda/optimize/2026-06-25-12-01-35-qrv2_kernel_languages_claude_w7jxbr46z/worker-2-brief-2,0,0,0.00,0,0,+0.00
autocuda/optimize/2026-06-25-12-01-35-qrv2_kernel_languages_claude_w7jxbr46z/worker-2-brief-3,0,0,0.00,0,0,+0.00
autocuda/optimize/2026-06-25-12-01-35-qrv2_kernel_languages_claude_w7jxbr46z/worker-2-brief-4,0,0,0.00,0,0,+0.00
autocuda/optimize/2026-06-25-12-01-35-qrv2_kernel_languages_claude_w7jxbr46z/worker-2-brief-5,0,0,0.00,0,0,+0.00
autocuda/optimize/2026-06-25-12-01-35-qrv2_kernel_languages_claude_w7jxbr46z/worker-2-brief-6,0,0,0.00,0,0,+0.00
autocuda/optimize/2026-06-25-12-01-35-qrv2_kernel_languages_claude_w7jxbr46z/worker-2-brief-7,0,0,0.00,0,0,+0.00
autocuda/optimize/2026-06-25-12-01-35-qrv2_kernel_languages_claude_w7jxbr46z/worker-2-brief-8,0,0,0.00,0,0,+0.00
autocuda/optimize/2026-06-25-12-01-35-qrv2_kernel_languages_claude_w7jxbr46z/worker-2-brief-9,0,0,0.00,0,0,+0.00
autocuda/optimize/2026-06-25-12-08-24-qrv2_kernel_languages_claude_g7v577r9x/worker-0-brief-0,0,0,0.00,0,0,+0.00
autocuda/optimize/2026-06-25-12-08-24-qrv2_kernel_languages_claude_g7v577r9x/worker-0-brief-1,0,0,0.00,0,0,+0.00
autocuda/optimize/2026-06-25-12-08-24-qrv2_kernel_languages_claude_g7v577r9x/worker-0-brief-10,0,0,0.00,0,0,+0.00
autocuda/optimize/2026-06-25-12-08-24-qrv2_kernel_languages_claude_g7v577r9x/worker-0-brief-11,0,0,0.00,0,0,+0.00
autocuda/optimize/2026-06-25-12-08-24-qrv2_kernel_languages_claude_g7v577r9x/worker-0-brief-12,0,0,0.00,0,0,+0.00
autocuda/optimize/2026-06-25-12-08-24-qrv2_kernel_languages_claude_g7v577r9x/worker-0-brief-13,0,0,0.00,0,0,+0.00
autocuda/optimize/2026-06-25-12-08-24-qrv2_kernel_languages_claude_g7v577r9x/worker-0-brief-14,0,0,0.00,0,0,+0.00
autocuda/optimize/2026-06-25-12-08-24-qrv2_kernel_languages_claude_g7v577r9x/worker-0-brief-15,0,0,0.00,0,0,+0.00
autocuda/optimize/2026-06-25-12-08-24-qrv2_kernel_languages_claude_g7v577r9x/worker-0-brief-16,0,0,0.00,0,0,+0.00
autocuda/optimize/2026-06-25-12-08-24-qrv2_kernel_languages_claude_g7v577r9x/worker-0-brief-2,0,0,0.00,0,0,+0.00
autocuda/optimize/2026-06-25-12-08-24-qrv2_kernel_languages_claude_g7v577r9x/worker-0-brief-3,0,0,0.00,0,0,+0.00
autocuda/optimize/2026-06-25-12-08-24-qrv2_kernel_languages_claude_g7v577r9x/worker-0-brief-4,0,0,0.00,0,0,+0.00
autocuda/optimize/2026-06-25-12-08-24-qrv2_kernel_languages_claude_g7v577r9x/worker-0-brief-5,0,0,0.00,0,0,+0.00
autocuda/optimize/2026-06-25-12-08-24-qrv2_kernel_languages_claude_g7v577r9x/worker-0-brief-6,0,0,0.00,0,0,+0.00
autocuda/optimize/2026-06-25-12-08-24-qrv2_kernel_languages_claude_g7v577r9x/worker-0-brief-7,0,0,0.00,0,0,+0.00
autocuda/optimize/2026-06-25-12-08-24-qrv2_kernel_languages_claude_g7v577r9x/worker-0-brief-8,0,0,0.00,0,0,+0.00
autocuda/optimize/2026-06-25-12-08-24-qrv2_kernel_languages_claude_g7v577r9x/worker-0-brief-9,0,0,0.00,0,0,+0.00
autocuda/optimize/2026-06-25-12-08-24-qrv2_kernel_languages_claude_g7v577r9x/worker-1-brief-0,0,0,0.00,0,0,+0.00
autocuda/optimize/2026-06-25-12-08-24-qrv2_kernel_languages_claude_g7v577r9x/worker-1-brief-1,0,0,0.00,0,0,+0.00
autocuda/optimize/2026-06-25-12-08-24-qrv2_kernel_languages_claude_g7v577r9x/worker-1-brief-10,0,0,0.00,0,0,+0.00
autocuda/optimize/2026-06-25-12-08-24-qrv2_kernel_languages_claude_g7v577r9x/worker-1-brief-11,0,0,0.00,0,0,+0.00
autocuda/optimize/2026-06-25-12-08-24-qrv2_kernel_languages_claude_g7v577r9x/worker-1-brief-12,0,0,0.00,0,0,+0.00
autocuda/optimize/2026-06-25-12-08-24-qrv2_kernel_languages_claude_g7v577r9x/worker-1-brief-13,0,0,0.00,0,0,+0.00
autocuda/optimize/2026-06-25-12-08-24-qrv2_kernel_languages_claude_g7v577r9x/worker-1-brief-14,0,0,0.00,0,0,+0.00
autocuda/optimize/2026-06-25-12-08-24-qrv2_kernel_languages_claude_g7v577r9x/worker-1-brief-15,0,0,0.00,0,0,+0.00
autocuda/optimize/2026-06-25-12-08-24-qrv2_kernel_languages_claude_g7v577r9x/worker-1-brief-16,0,0,0.00,0,0,+0.00
autocuda/optimize/2026-06-25-12-08-24-qrv2_kernel_languages_claude_g7v577r9x/worker-1-brief-17,0,0,0.00,0,0,+0.00
autocuda/optimize/2026-06-25-12-08-24-qrv2_kernel_languages_claude_g7v577r9x/worker-1-brief-18,0,0,0.00,0,0,+0.00
autocuda/optimize/2026-06-25-12-08-24-qrv2_kernel_languages_claude_g7v577r9x/worker-1-brief-19,0,0,0.00,0,0,+0.00
autocuda/optimize/2026-06-25-12-08-24-qrv2_kernel_languages_claude_g7v577r9x/worker-1-brief-2,0,0,0.00,0,0,+0.00
autocuda/optimize/2026-06-25-12-08-24-qrv2_kernel_languages_claude_g7v577r9x/worker-1-brief-20,0,0,0.00,0,0,+0.00
autocuda/optimize/2026-06-25-12-08-24-qrv2_kernel_languages_claude_g7v577r9x/worker-1-brief-21,0,0,0.00,0,0,+0.00
autocuda/optimize/2026-06-25-12-08-24-qrv2_kernel_languages_claude_g7v577r9x/worker-1-brief-22,0,0,0.00,0,0,+0.00
autocuda/optimize/2026-06-25-12-08-24-qrv2_kernel_languages_claude_g7v577r9x/worker-1-brief-3,0,0,0.00,0,0,+0.00
autocuda/optimize/2026-06-25-12-08-24-qrv2_kernel_languages_claude_g7v577r9x/worker-1-brief-4,0,0,0.00,0,0,+0.00
autocuda/optimize/2026-06-25-12-08-24-qrv2_kernel_languages_claude_g7v577r9x/worker-1-brief-5,0,0,0.00,0,0,+0.00
autocuda/optimize/2026-06-25-12-08-24-qrv2_kernel_languages_claude_g7v577r9x/worker-1-brief-6,0,0,0.00,0,0,+0.00
autocuda/optimize/2026-06-25-12-08-24-qrv2_kernel_languages_claude_g7v577r9x/worker-1-brief-7,0,0,0.00,0,0,+0.00
autocuda/optimize/2026-06-25-12-08-24-qrv2_kernel_languages_claude_g7v577r9x/worker-1-brief-8,0,0,0.00,0,0,+0.00
autocuda/optimize/2026-06-25-12-08-24-qrv2_kernel_languages_claude_g7v577r9x/worker-1-brief-9,0,0,0.00,0,0,+0.00
autocuda/optimize/2026-06-25-12-08-24-qrv2_kernel_languages_claude_g7v577r9x/worker-2-brief-0,0,0,0.00,0,0,+0.00
autocuda/optimize/2026-06-25-12-08-24-qrv2_kernel_languages_claude_g7v577r9x/worker-2-brief-1,0,0,0.00,0,0,+0.00
autocuda/optimize/2026-06-25-12-08-24-qrv2_kernel_languages_claude_g7v577r9x/worker-2-brief-10,0,0,0.00,0,0,+0.00
autocuda/optimize/2026-06-25-12-08-24-qrv2_kernel_languages_claude_g7v577r9x/worker-2-brief-11,0,0,0.00,0,0,+0.00
autocuda/optimize/2026-06-25-12-08-24-qrv2_kernel_languages_claude_g7v577r9x/worker-2-brief-12,0,0,0.00,0,0,+0.00
autocuda/optimize/2026-06-25-12-08-24-qrv2_kernel_languages_claude_g7v577r9x/worker-2-brief-13,0,0,0.00,0,0,+0.00
autocuda/optimize/2026-06-25-12-08-24-qrv2_kernel_languages_claude_g7v577r9x/worker-2-brief-14,0,0,0.00,0,0,+0.00
autocuda/optimize/2026-06-25-12-08-24-qrv2_kernel_languages_claude_g7v577r9x/worker-2-brief-15,0,0,0.00,0,0,+0.00
autocuda/optimize/2026-06-25-12-08-24-qrv2_kernel_languages_claude_g7v577r9x/worker-2-brief-16,0,0,0.00,0,0,+0.00
autocuda/optimize/2026-06-25-12-08-24-qrv2_kernel_languages_claude_g7v577r9x/worker-2-brief-17,0,0,0.00,0,0,+0.00
autocuda/optimize/2026-06-25-12-08-24-qrv2_kernel_languages_claude_g7v577r9x/worker-2-brief-18,0,0,0.00,0,0,+0.00
autocuda/optimize/2026-06-25-12-08-24-qrv2_kernel_languages_claude_g7v577r9x/worker-2-brief-19,0,0,0.00,0,0,+0.00
autocuda/optimize/2026-06-25-12-08-24-qrv2_kernel_languages_claude_g7v577r9x/worker-2-brief-2,0,0,0.00,0,0,+0.00
autocuda/optimize/2026-06-25-12-08-24-qrv2_kernel_languages_claude_g7v577r9x/worker-2-brief-20,0,0,0.00,0,0,+0.00
autocuda/optimize/2026-06-25-12-08-24-qrv2_kernel_languages_claude_g7v577r9x/worker-2-brief-21,0,0,0.00,0,0,+0.00
autocuda/optimize/2026-06-25-12-08-24-qrv2_kernel_languages_claude_g7v577r9x/worker-2-brief-22,0,0,0.00,0,0,+0.00
autocuda/optimize/2026-06-25-12-08-24-qrv2_kernel_languages_claude_g7v577r9x/worker-2-brief-23,0,0,0.00,0,0,+0.00
autocuda/optimize/2026-06-25-12-08-24-qrv2_kernel_languages_claude_g7v577r9x/worker-2-brief-3,0,0,0.00,0,0,+0.00
autocuda/optimize/2026-06-25-12-08-24-qrv2_kernel_languages_claude_g7v577r9x/worker-2-brief-4,0,0,0.00,0,0,+0.00
autocuda/optimize/2026-06-25-12-08-24-qrv2_kernel_languages_claude_g7v577r9x/worker-2-brief-5,0,0,0.00,0,0,+0.00
autocuda/optimize/2026-06-25-12-08-24-qrv2_kernel_languages_claude_g7v577r9x/worker-2-brief-6,0,0,0.00,0,0,+0.00
autocuda/optimize/2026-06-25-12-08-24-qrv2_kernel_languages_claude_g7v577r9x/worker-2-brief-7,0,0,0.00,0,0,+0.00
autocuda/optimize/2026-06-25-12-08-24-qrv2_kernel_languages_claude_g7v577r9x/worker-2-brief-8,0,0,0.00,0,0,+0.00
autocuda/optimize/2026-06-25-12-08-24-qrv2_kernel_languages_claude_g7v577r9x/worker-2-brief-9,0,0,0.00,0,0,+0.00
autocuda/optimize/2026-06-25-12-21-21-qrv2_kernel_languages_claude_kpnikqu5d/worker-0-brief-0,0,0,0.00,0,0,+0.00
autocuda/optimize/2026-06-25-12-21-21-qrv2_kernel_languages_claude_kpnikqu5d/worker-0-brief-1,0,0,0.00,0,0,+0.00
autocuda/optimize/2026-06-25-12-21-21-qrv2_kernel_languages_claude_kpnikqu5d/worker-0-brief-2,0,0,0.00,0,0,+0.00
autocuda/optimize/2026-06-25-12-21-21-qrv2_kernel_languages_claude_kpnikqu5d/worker-0-brief-3,0,0,0.00,0,0,+0.00
autocuda/optimize/2026-06-25-12-21-21-qrv2_kernel_languages_claude_kpnikqu5d/worker-0-brief-4,0,0,0.00,0,0,+0.00
autocuda/optimize/2026-06-25-12-21-21-qrv2_kernel_languages_claude_kpnikqu5d/worker-0-brief-5,0,0,0.00,0,0,+0.00
autocuda/optimize/2026-06-25-12-21-21-qrv2_kernel_languages_claude_kpnikqu5d/worker-0-brief-6,0,0,0.00,0,0,+0.00
autocuda/optimize/2026-06-25-12-21-21-qrv2_kernel_languages_claude_kpnikqu5d/worker-0-brief-7,0,0,0.00,0,0,+0.00
autocuda/optimize/2026-06-25-12-21-21-qrv2_kernel_languages_claude_kpnikqu5d/worker-0-brief-8,0,0,0.00,0,0,+0.00
autocuda/optimize/2026-06-25-12-21-21-qrv2_kernel_languages_claude_kpnikqu5d/worker-0-brief-9,0,0,0.00,0,0,+0.00
autocuda/optimize/2026-06-25-12-21-21-qrv2_kernel_languages_claude_kpnikqu5d/worker-1-brief-0,0,0,0.00,0,0,+0.00
autocuda/optimize/2026-06-25-12-21-21-qrv2_kernel_languages_claude_kpnikqu5d/worker-1-brief-1,0,0,0.00,0,0,+0.00
autocuda/optimize/2026-06-25-12-21-21-qrv2_kernel_languages_claude_kpnikqu5d/worker-1-brief-2,0,0,0.00,0,0,+0.00
autocuda/optimize/2026-06-25-12-21-21-qrv2_kernel_languages_claude_kpnikqu5d/worker-1-brief-3,0,0,0.00,0,0,+0.00
autocuda/optimize/2026-06-25-12-21-21-qrv2_kernel_languages_claude_kpnikqu5d/worker-2-brief-0,0,0,0.00,0,0,+0.00
autocuda/optimize/2026-06-25-12-21-21-qrv2_kernel_languages_claude_kpnikqu5d/worker-2-brief-1,0,0,0.00,0,0,+0.00
autocuda/optimize/2026-06-25-12-21-21-qrv2_kernel_languages_claude_kpnikqu5d/worker-2-brief-2,0,0,0.00,0,0,+0.00
autocuda/optimize/2026-06-25-12-21-21-qrv2_kernel_languages_claude_kpnikqu5d/worker-2-brief-3,0,0,0.00,0,0,+0.00
autocuda/optimize/2026-06-25-12-21-21-qrv2_kernel_languages_claude_kpnikqu5d/worker-2-brief-4,0,0,0.00,0,0,+0.00
autocuda/optimize/2026-06-25-12-21-21-qrv2_kernel_languages_claude_kpnikqu5d/worker-2-brief-5,0,0,0.00,0,0,+0.00
autocuda/optimize/2026-06-25-12-21-21-qrv2_kernel_languages_claude_kpnikqu5d/worker-2-brief-6,0,0,0.00,0,0,+0.00
autocuda/optimize/2026-06-25-12-21-21-qrv2_kernel_languages_claude_kpnikqu5d/worker-2-brief-7,0,0,0.00,0,0,+0.00
autocuda/optimize/2026-06-25-12-21-21-qrv2_kernel_languages_claude_kpnikqu5d/worker-2-brief-8,0,0,0.00,0,0,+0.00
autocuda/optimize/2026-06-25-12-21-21-qrv2_kernel_languages_claude_kpnikqu5d/worker-2-brief-9,0,0,0.00,0,0,+0.00
autocuda/optimize/2026-06-25-12-48-50-qrv2_kernel_languages_claude_j057n57jl/worker-0-brief-0,0,0,0.00,0,0,+0.00
autocuda/optimize/2026-06-25-12-48-50-qrv2_kernel_languages_claude_j057n57jl/worker-0-brief-1,0,0,0.00,0,0,+0.00
autocuda/optimize/2026-06-25-12-48-50-qrv2_kernel_languages_claude_j057n57jl/worker-0-brief-2,0,0,0.00,0,0,+0.00
autocuda/optimize/2026-06-25-12-48-50-qrv2_kernel_languages_claude_j057n57jl/worker-0-brief-3,0,0,0.00,0,0,+0.00
autocuda/optimize/2026-06-25-12-48-50-qrv2_kernel_languages_claude_j057n57jl/worker-0-brief-4,0,0,0.00,0,0,+0.00
autocuda/optimize/2026-06-25-12-48-50-qrv2_kernel_languages_claude_j057n57jl/worker-0-brief-5,0,0,0.00,0,0,+0.00
autocuda/optimize/2026-06-25-12-48-50-qrv2_kernel_languages_claude_j057n57jl/worker-0-brief-6,0,0,0.00,0,0,+0.00
autocuda/optimize/2026-06-25-12-48-50-qrv2_kernel_languages_claude_j057n57jl/worker-0-brief-7,0,0,0.00,0,0,+0.00
autocuda/optimize/2026-06-25-12-48-50-qrv2_kernel_languages_claude_j057n57jl/worker-0-brief-8,0,0,0.00,0,0,+0.00
autocuda/optimize/2026-06-25-12-48-50-qrv2_kernel_languages_claude_j057n57jl/worker-0-brief-9,0,0,0.00,0,0,+0.00
autocuda/optimize/2026-06-25-12-48-50-qrv2_kernel_languages_claude_j057n57jl/worker-1-brief-0,0,0,0.00,0,0,+0.00
autocuda/optimize/2026-06-25-12-48-50-qrv2_kernel_languages_claude_j057n57jl/worker-1-brief-1,0,0,0.00,0,0,+0.00
autocuda/optimize/2026-06-25-12-48-50-qrv2_kernel_languages_claude_j057n57jl/worker-1-brief-10,0,0,0.00,0,0,+0.00
autocuda/optimize/2026-06-25-12-48-50-qrv2_kernel_languages_claude_j057n57jl/worker-1-brief-11,0,0,0.00,0,0,+0.00
autocuda/optimize/2026-06-25-12-48-50-qrv2_kernel_languages_claude_j057n57jl/worker-1-brief-2,0,0,0.00,0,0,+0.00
autocuda/optimize/2026-06-25-12-48-50-qrv2_kernel_languages_claude_j057n57jl/worker-1-brief-3,0,0,0.00,0,0,+0.00
autocuda/optimize/2026-06-25-12-48-50-qrv2_kernel_languages_claude_j057n57jl/worker-1-brief-4,0,0,0.00,0,0,+0.00
autocuda/optimize/2026-06-25-12-48-50-qrv2_kernel_languages_claude_j057n57jl/worker-1-brief-5,0,0,0.00,0,0,+0.00
autocuda/optimize/2026-06-25-12-48-50-qrv2_kernel_languages_claude_j057n57jl/worker-1-brief-6,0,0,0.00,0,0,+0.00
autocuda/optimize/2026-06-25-12-48-50-qrv2_kernel_languages_claude_j057n57jl/worker-1-brief-7,0,0,0.00,0,0,+0.00
autocuda/optimize/2026-06-25-12-48-50-qrv2_kernel_languages_claude_j057n57jl/worker-1-brief-8,0,0,0.00,0,0,+0.00
autocuda/optimize/2026-06-25-12-48-50-qrv2_kernel_languages_claude_j057n57jl/worker-1-brief-9,0,0,0.00,0,0,+0.00
autocuda/optimize/2026-06-25-12-48-50-qrv2_kernel_languages_claude_j057n57jl/worker-2-brief-0,0,0,0.00,0,0,+0.00
autocuda/optimize/2026-06-25-12-48-50-qrv2_kernel_languages_claude_j057n57jl/worker-2-brief-1,0,0,0.00,0,0,+0.00
autocuda/optimize/2026-06-25-12-48-50-qrv2_kernel_languages_claude_j057n57jl/worker-2-brief-2,0,0,0.00,0,0,+0.00
autocuda/optimize/2026-06-25-12-48-50-qrv2_kernel_languages_claude_j057n57jl/worker-2-brief-3,0,0,0.00,0,0,+0.00
autocuda/optimize/2026-06-25-12-48-50-qrv2_kernel_languages_claude_j057n57jl/worker-2-brief-4,0,0,0.00,0,0,+0.00
autocuda/optimize/2026-06-25-12-48-50-qrv2_kernel_languages_claude_j057n57jl/worker-2-brief-5,0,0,0.00,0,0,+0.00
autocuda/optimize/2026-06-25-12-48-50-qrv2_kernel_languages_claude_j057n57jl/worker-2-brief-6,0,0,0.00,0,0,+0.00
autocuda/optimize/2026-06-25-12-48-50-qrv2_kernel_languages_claude_j057n57jl/worker-2-brief-7,0,0,0.00,0,0,+0.00
autocuda/optimize/2026-06-25-12-48-50-qrv2_kernel_languages_claude_j057n57jl/worker-2-brief-8,0,0,0.00,0,0,+0.00
autocuda/optimize/2026-06-25-12-48-50-qrv2_kernel_languages_claude_j057n57jl/worker-2-brief-9,0,0,0.00,0,0,+0.00
autocuda/optimize/2026-06-19-19-06-14/worker-0-brief-0,0,0,0.00,0,0,+0.00
autocuda/optimize/2026-06-19-19-06-14/worker-0-brief-1,0,0,0.00,0,0,+0.00
autocuda/optimize/2026-06-19-19-06-14/worker-0-brief-3,0,0,0.00,0,0,+0.00
autocuda/optimize/2026-06-19-19-06-14/worker-0-brief-5,0,0,0.00,0,0,+0.00
autocuda/optimize/2026-06-19-19-06-14/worker-0-brief-8,0,0,0.00,0,0,+0.00
autocuda/optimize/2026-06-19-19-06-14/worker-1-brief-0,0,0,0.00,0,0,+0.00
autocuda/optimize/2026-06-19-19-06-14/worker-1-brief-2,0,0,0.00,0,0,+0.00
autocuda/optimize/2026-06-19-19-06-14/worker-1-brief-4,0,0,0.00,0,0,+0.00
autocuda/optimize/2026-06-19-19-06-14/worker-1-brief-6,0,0,0.00,0,0,+0.00
autocuda/optimize/2026-06-19-19-06-14/worker-1-brief-8,0,0,0.00,0,0,+0.00
autocuda/optimize/2026-06-19-19-06-14/worker-2-brief-0,0,0,0.00,0,0,+0.00
autocuda/optimize/2026-06-19-19-06-14/worker-2-brief-1,0,0,0.00,0,0,+0.00
autocuda/optimize/2026-06-19-19-06-14/worker-2-brief-2,0,0,0.00,0,0,+0.00
autocuda/optimize/2026-06-19-19-06-14/worker-2-brief-7,0,0,0.00,0,0,+0.00
autocuda/optimize/2026-06-19-19-06-14/worker-3-brief-0,0,0,0.00,0,0,+0.00
autocuda/optimize/2026-06-19-19-06-14/worker-3-brief-1,0,0,0.00,0,0,+0.00
autocuda/optimize/2026-06-19-19-06-14/worker-3-brief-3,0,0,0.00,0,0,+0.00
autocuda/optimize/2026-06-19-19-06-14/worker-3-brief-5,0,0,0.00,0,0,+0.00
autocuda/optimize/2026-06-19-19-06-14/worker-4-brief-0,0,0,0.00,0,0,+0.00
autocuda/optimize/2026-06-19-19-06-14/worker-4-brief-2,0,0,0.00,0,0,+0.00
autocuda/optimize/2026-06-19-19-06-14/worker-4-brief-4,0,0,0.00,0,0,+0.00
autocuda/optimize/2026-06-19-19-06-14/worker-5-brief-0,0,0,0.00,0,0,+0.00
autocuda/optimize/2026-06-19-19-06-14/worker-5-brief-2,0,0,0.00,0,0,+0.00
autocuda/optimize/2026-06-19-19-06-14/worker-5-brief-4,0,0,0.00,0,0,+0.00
autocuda/optimize/2026-06-19-19-06-14/worker-5-brief-8,0,0,0.00,0,0,+0.00
autocuda/optimize/2026-06-13-03-45-35/worker-0-brief-0,0,0,0.00,0,0,+0.00
autocuda/optimize/2026-06-13-03-45-35/worker-0-brief-1,0,0,0.00,0,0,+0.00
autocuda/optimize/2026-06-13-03-45-35/worker-0-brief-10,0,0,0.00,0,0,+0.00
autocuda/optimize/2026-06-13-03-45-35/worker-0-brief-11,0,0,0.00,0,0,+0.00
autocuda/optimize/2026-06-13-03-45-35/worker-0-brief-12,0,0,0.00,0,0,+0.00
autocuda/optimize/2026-06-13-03-45-35/worker-0-brief-13,0,0,0.00,0,0,+0.00
autocuda/optimize/2026-06-13-03-45-35/worker-0-brief-14,0,0,0.00,0,0,+0.00
autocuda/optimize/2026-06-13-03-45-35/worker-0-brief-15,0,0,0.00,0,0,+0.00
autocuda/optimize/2026-06-13-03-45-35/worker-0-brief-16,0,0,0.00,0,0,+0.00
autocuda/optimize/2026-06-13-03-45-35/worker-0-brief-17,0,0,0.00,0,0,+0.00
autocuda/optimize/2026-06-13-03-45-35/worker-0-brief-18,0,0,0.00,0,0,+0.00
autocuda/optimize/2026-06-13-03-45-35/worker-0-brief-19,0,0,0.00,0,0,+0.00
autocuda/optimize/2026-06-13-03-45-35/worker-0-brief-2,0,0,0.00,0,0,+0.00
autocuda/optimize/2026-06-13-03-45-35/worker-0-brief-20,0,0,0.00,0,0,+0.00
autocuda/optimize/2026-06-13-03-45-35/worker-0-brief-21,0,0,0.00,0,0,+0.00
autocuda/optimize/2026-06-13-03-45-35/worker-0-brief-22,0,0,0.00,0,0,+0.00
autocuda/optimize/2026-06-13-03-45-35/worker-0-brief-23,0,0,0.00,0,0,+0.00
autocuda/optimize/2026-06-13-03-45-35/worker-0-brief-24,0,0,0.00,0,0,+0.00
autocuda/optimize/2026-06-13-03-45-35/worker-0-brief-26,0,0,0.00,0,0,+0.00
autocuda/optimize/2026-06-13-03-45-35/worker-0-brief-27,0,0,0.00,0,0,+0.00
autocuda/optimize/2026-06-13-03-45-35/worker-0-brief-28,0,0,0.00,0,0,+0.00
autocuda/optimize/2026-06-13-03-45-35/worker-0-brief-29,0,0,0.00,0,0,+0.00
autocuda/optimize/2026-06-13-03-45-35/worker-0-brief-3,0,0,0.00,0,0,+0.00
autocuda/optimize/2026-06-13-03-45-35/worker-0-brief-30,0,0,0.00,0,0,+0.00
autocuda/optimize/2026-06-13-03-45-35/worker-0-brief-31,0,0,0.00,0,0,+0.00
autocuda/optimize/2026-06-13-03-45-35/worker-0-brief-32,0,0,0.00,0,0,+0.00
autocuda/optimize/2026-06-13-03-45-35/worker-0-brief-33,0,0,0.00,0,0,+0.00
autocuda/optimize/2026-06-13-03-45-35/worker-0-brief-34,0,0,0.00,0,0,+0.00
autocuda/optimize/2026-06-13-03-45-35/worker-0-brief-35,0,0,0.00,0,0,+0.00
autocuda/optimize/2026-06-13-03-45-35/worker-0-brief-36,0,0,0.00,0,0,+0.00
autocuda/optimize/2026-06-13-03-45-35/worker-0-brief-37,0,0,0.00,0,0,+0.00
autocuda/optimize/2026-06-13-03-45-35/worker-0-brief-38,0,0,0.00,0,0,+0.00
autocuda/optimize/2026-06-13-03-45-35/worker-0-brief-4,0,0,0.00,0,0,+0.00
autocuda/optimize/2026-06-13-03-45-35/worker-0-brief-40,0,0,0.00,0,0,+0.00
autocuda/optimize/2026-06-13-03-45-35/worker-0-brief-41,0,0,0.00,0,0,+0.00
autocuda/optimize/2026-06-13-03-45-35/worker-0-brief-42,0,0,0.00,0,0,+0.00
autocuda/optimize/2026-06-13-03-45-35/worker-0-brief-43,0,0,0.00,0,0,+0.00
autocuda/optimize/2026-06-13-03-45-35/worker-0-brief-44,0,0,0.00,0,0,+0.00
autocuda/optimize/2026-06-13-03-45-35/worker-0-brief-45,0,0,0.00,0,0,+0.00
autocuda/optimize/2026-06-13-03-45-35/worker-0-brief-46,0,0,0.00,0,0,+0.00
autocuda/optimize/2026-06-13-03-45-35/worker-0-brief-47,0,0,0.00,0,0,+0.00
autocuda/optimize/2026-06-13-03-45-35/worker-0-brief-48,0,0,0.00,0,0,+0.00
autocuda/optimize/2026-06-13-03-45-35/worker-0-brief-49,0,0,0.00,0,0,+0.00
autocuda/optimize/2026-06-13-03-45-35/worker-0-brief-5,0,0,0.00,0,0,+0.00
autocuda/optimize/2026-06-13-03-45-35/worker-0-brief-50,0,0,0.00,0,0,+0.00
autocuda/optimize/2026-06-13-03-45-35/worker-0-brief-51,0,0,0.00,0,0,+0.00
autocuda/optimize/2026-06-13-03-45-35/worker-0-brief-52,0,0,0.00,0,0,+0.00
autocuda/optimize/2026-06-13-03-45-35/worker-0-brief-53,0,0,0.00,0,0,+0.00
autocuda/optimize/2026-06-13-03-45-35/worker-0-brief-54,0,0,0.00,0,0,+0.00
autocuda/optimize/2026-06-13-03-45-35/worker-0-brief-55,0,0,0.00,0,0,+0.00
autocuda/optimize/2026-06-13-03-45-35/worker-0-brief-56,0,0,0.00,0,0,+0.00
autocuda/optimize/2026-06-13-03-45-35/worker-0-brief-57,0,0,0.00,0,0,+0.00
autocuda/optimize/2026-06-13-03-45-35/worker-0-brief-58,0,0,0.00,0,0,+0.00
autocuda/optimize/2026-06-13-03-45-35/worker-0-brief-59,0,0,0.00,0,0,+0.00
autocuda/optimize/2026-06-13-03-45-35/worker-0-brief-60,0,0,0.00,0,0,+0.00
autocuda/optimize/2026-06-13-03-45-35/worker-0-brief-7,0,0,0.00,0,0,+0.00
autocuda/optimize/2026-06-13-03-45-35/worker-0-brief-8,0,0,0.00,0,0,+0.00
autocuda/optimize/2026-06-13-03-45-35/worker-0-brief-9,0,0,0.00,0,0,+0.00
autocuda/optimize/2026-06-13-03-45-35/worker-1-brief-0,0,0,0.00,0,0,+0.00
autocuda/optimize/2026-06-13-03-45-35/worker-1-brief-1,0,0,0.00,0,0,+0.00
autocuda/optimize/2026-06-13-03-45-35/worker-1-brief-10,0,0,0.00,0,0,+0.00
autocuda/optimize/2026-06-13-03-45-35/worker-1-brief-11,0,0,0.00,0,0,+0.00
autocuda/optimize/2026-06-13-03-45-35/worker-1-brief-12,0,0,0.00,0,0,+0.00
autocuda/optimize/2026-06-13-03-45-35/worker-1-brief-13,0,0,0.00,0,0,+0.00
autocuda/optimize/2026-06-13-03-45-35/worker-1-brief-14,0,0,0.00,0,0,+0.00
autocuda/optimize/2026-06-13-03-45-35/worker-1-brief-15,0,0,0.00,0,0,+0.00
autocuda/optimize/2026-06-13-03-45-35/worker-1-brief-16,0,0,0.00,0,0,+0.00
autocuda/optimize/2026-06-13-03-45-35/worker-1-brief-17,0,0,0.00,0,0,+0.00
autocuda/optimize/2026-06-13-03-45-35/worker-1-brief-18,0,0,0.00,0,0,+0.00
autocuda/optimize/2026-06-13-03-45-35/worker-1-brief-19,0,0,0.00,0,0,+0.00
autocuda/optimize/2026-06-13-03-45-35/worker-1-brief-2,0,0,0.00,0,0,+0.00
autocuda/optimize/2026-06-13-03-45-35/worker-1-brief-20,0,0,0.00,0,0,+0.00
autocuda/optimize/2026-06-13-03-45-35/worker-1-brief-21,0,0,0.00,0,0,+0.00
autocuda/optimize/2026-06-13-03-45-35/worker-1-brief-22,0,0,0.00,0,0,+0.00
autocuda/optimize/2026-06-13-03-45-35/worker-1-brief-24,0,0,0.00,0,0,+0.00
autocuda/optimize/2026-06-13-03-45-35/worker-1-brief-26,0,0,0.00,0,0,+0.00
autocuda/optimize/2026-06-13-03-45-35/worker-1-brief-27,0,0,0.00,0,0,+0.00
autocuda/optimize/2026-06-13-03-45-35/worker-1-brief-28,0,0,0.00,0,0,+0.00
autocuda/optimize/2026-06-13-03-45-35/worker-1-brief-29,0,0,0.00,0,0,+0.00
autocuda/optimize/2026-06-13-03-45-35/worker-1-brief-3,0,0,0.00,0,0,+0.00
autocuda/optimize/2026-06-13-03-45-35/worker-1-brief-30,0,0,0.00,0,0,+0.00
autocuda/optimize/2026-06-13-03-45-35/worker-1-brief-31,0,0,0.00,0,0,+0.00
autocuda/optimize/2026-06-13-03-45-35/worker-1-brief-31-translayout,0,0,0.00,0,0,+0.00
autocuda/optimize/2026-06-13-03-45-35/worker-1-brief-32,0,0,0.00,0,0,+0.00
autocuda/optimize/2026-06-13-03-45-35/worker-1-brief-34,0,0,0.00,0,0,+0.00
autocuda/optimize/2026-06-13-03-45-35/worker-1-brief-35,0,0,0.00,0,0,+0.00
autocuda/optimize/2026-06-13-03-45-35/worker-1-brief-36,0,0,0.00,0,0,+0.00
autocuda/optimize/2026-06-13-03-45-35/worker-1-brief-37,0,0,0.00,0,0,+0.00
autocuda/optimize/2026-06-13-03-45-35/worker-1-brief-38,0,0,0.00,0,0,+0.00
autocuda/optimize/2026-06-13-03-45-35/worker-1-brief-39,0,0,0.00,0,0,+0.00
autocuda/optimize/2026-06-13-03-45-35/worker-1-brief-4,0,0,0.00,0,0,+0.00
autocuda/optimize/2026-06-13-03-45-35/worker-1-brief-40,0,0,0.00,0,0,+0.00
autocuda/optimize/2026-06-13-03-45-35/worker-1-brief-41,0,0,0.00,0,0,+0.00
autocuda/optimize/2026-06-13-03-45-35/worker-1-brief-42,0,0,0.00,0,0,+0.00
autocuda/optimize/2026-06-13-03-45-35/worker-1-brief-43,0,0,0.00,0,0,+0.00
autocuda/optimize/2026-06-13-03-45-35/worker-1-brief-44,0,0,0.00,0,0,+0.00
autocuda/optimize/2026-06-13-03-45-35/worker-1-brief-45,0,0,0.00,0,0,+0.00
autocuda/optimize/2026-06-13-03-45-35/worker-1-brief-46,0,0,0.00,0,0,+0.00
autocuda/optimize/2026-06-13-03-45-35/worker-1-brief-47,0,0,0.00,0,0,+0.00
autocuda/optimize/2026-06-13-03-45-35/worker-1-brief-48,0,0,0.00,0,0,+0.00
autocuda/optimize/2026-06-13-03-45-35/worker-1-brief-49,0,0,0.00,0,0,+0.00
autocuda/optimize/2026-06-13-03-45-35/worker-1-brief-5,0,0,0.00,0,0,+0.00
autocuda/optimize/2026-06-13-03-45-35/worker-1-brief-50,0,0,0.00,0,0,+0.00
autocuda/optimize/2026-06-13-03-45-35/worker-1-brief-51,0,0,0.00,0,0,+0.00
autocuda/optimize/2026-06-13-03-45-35/worker-1-brief-52,0,0,0.00,0,0,+0.00
autocuda/optimize/2026-06-13-03-45-35/worker-1-brief-53,0,0,0.00,0,0,+0.00
autocuda/optimize/2026-06-13-03-45-35/worker-1-brief-54,0,0,0.00,0,0,+0.00
autocuda/optimize/2026-06-13-03-45-35/worker-1-brief-55,0,0,0.00,0,0,+0.00
autocuda/optimize/2026-06-13-03-45-35/worker-1-brief-56,0,0,0.00,0,0,+0.00
autocuda/optimize/2026-06-13-03-45-35/worker-1-brief-57,0,0,0.00,0,0,+0.00
autocuda/optimize/2026-06-13-03-45-35/worker-1-brief-58,0,0,0.00,0,0,+0.00
autocuda/optimize/2026-06-13-03-45-35/worker-1-brief-59,0,0,0.00,0,0,+0.00
autocuda/optimize/2026-06-13-03-45-35/worker-1-brief-6,0,0,0.00,0,0,+0.00
autocuda/optimize/2026-06-13-03-45-35/worker-1-brief-60,0,0,0.00,0,0,+0.00
autocuda/optimize/2026-06-13-03-45-35/worker-1-brief-8,0,0,0.00,0,0,+0.00
autocuda/optimize/2026-06-13-03-45-35/worker-1-brief-9,0,0,0.00,0,0,+0.00
autocuda/optimize/2026-06-13-03-45-35/worker-2-brief-0,0,0,0.00,0,0,+0.00
autocuda/optimize/2026-06-13-03-45-35/worker-2-brief-1,0,0,0.00,0,0,+0.00
autocuda/optimize/2026-06-13-03-45-35/worker-2-brief-10,0,0,0.00,0,0,+0.00
autocuda/optimize/2026-06-13-03-45-35/worker-2-brief-11,0,0,0.00,0,0,+0.00
autocuda/optimize/2026-06-13-03-45-35/worker-2-brief-12,0,0,0.00,0,0,+0.00
autocuda/optimize/2026-06-13-03-45-35/worker-2-brief-13,0,0,0.00,0,0,+0.00
autocuda/optimize/2026-06-13-03-45-35/worker-2-brief-14,0,0,0.00,0,0,+0.00
autocuda/optimize/2026-06-13-03-45-35/worker-2-brief-15,0,0,0.00,0,0,+0.00
autocuda/optimize/2026-06-13-03-45-35/worker-2-brief-16,0,0,0.00,0,0,+0.00
autocuda/optimize/2026-06-13-03-45-35/worker-2-brief-17,0,0,0.00,0,0,+0.00
autocuda/optimize/2026-06-13-03-45-35/worker-2-brief-18,0,0,0.00,0,0,+0.00
autocuda/optimize/2026-06-13-03-45-35/worker-2-brief-19,0,0,0.00,0,0,+0.00
autocuda/optimize/2026-06-13-03-45-35/worker-2-brief-20,0,0,0.00,0,0,+0.00
autocuda/optimize/2026-06-13-03-45-35/worker-2-brief-22,0,0,0.00,0,0,+0.00
autocuda/optimize/2026-06-13-03-45-35/worker-2-brief-23,0,0,0.00,0,0,+0.00
autocuda/optimize/2026-06-13-03-45-35/worker-2-brief-24,0,0,0.00,0,0,+0.00
autocuda/optimize/2026-06-13-03-45-35/worker-2-brief-25,0,0,0.00,0,0,+0.00
autocuda/optimize/2026-06-13-03-45-35/worker-2-brief-26,0,0,0.00,0,0,+0.00
autocuda/optimize/2026-06-13-03-45-35/worker-2-brief-27,0,0,0.00,0,0,+0.00
autocuda/optimize/2026-06-13-03-45-35/worker-2-brief-28,0,0,0.00,0,0,+0.00
autocuda/optimize/2026-06-13-03-45-35/worker-2-brief-3,0,0,0.00,0,0,+0.00
autocuda/optimize/2026-06-13-03-45-35/worker-2-brief-30,0,0,0.00,0,0,+0.00
autocuda/optimize/2026-06-13-03-45-35/worker-2-brief-31,0,0,0.00,0,0,+0.00
autocuda/optimize/2026-06-13-03-45-35/worker-2-brief-32,0,0,0.00,0,0,+0.00
autocuda/optimize/2026-06-13-03-45-35/worker-2-brief-33,0,0,0.00,0,0,+0.00
autocuda/optimize/2026-06-13-03-45-35/worker-2-brief-34,0,0,0.00,0,0,+0.00
autocuda/optimize/2026-06-13-03-45-35/worker-2-brief-35,0,0,0.00,0,0,+0.00
autocuda/optimize/2026-06-13-03-45-35/worker-2-brief-36,0,0,0.00,0,0,+0.00
autocuda/optimize/2026-06-13-03-45-35/worker-2-brief-37,0,0,0.00,0,0,+0.00
autocuda/optimize/2026-06-13-03-45-35/worker-2-brief-38,0,0,0.00,0,0,+0.00
autocuda/optimize/2026-06-13-03-45-35/worker-2-brief-39,0,0,0.00,0,0,+0.00
autocuda/optimize/2026-06-13-03-45-35/worker-2-brief-4,0,0,0.00,0,0,+0.00
autocuda/optimize/2026-06-13-03-45-35/worker-2-brief-40,0,0,0.00,0,0,+0.00
autocuda/optimize/2026-06-13-03-45-35/worker-2-brief-42,0,0,0.00,0,0,+0.00
autocuda/optimize/2026-06-13-03-45-35/worker-2-brief-43,0,0,0.00,0,0,+0.00
autocuda/optimize/2026-06-13-03-45-35/worker-2-brief-44,0,0,0.00,0,0,+0.00
autocuda/optimize/2026-06-13-03-45-35/worker-2-brief-45,0,0,0.00,0,0,+0.00
autocuda/optimize/2026-06-13-03-45-35/worker-2-brief-46,0,0,0.00,0,0,+0.00
autocuda/optimize/2026-06-13-03-45-35/worker-2-brief-47,0,0,0.00,0,0,+0.00
autocuda/optimize/2026-06-13-03-45-35/worker-2-brief-48,0,0,0.00,0,0,+0.00
autocuda/optimize/2026-06-13-03-45-35/worker-2-brief-49,0,0,0.00,0,0,+0.00
autocuda/optimize/2026-06-13-03-45-35/worker-2-brief-5,0,0,0.00,0,0,+0.00
autocuda/optimize/2026-06-13-03-45-35/worker-2-brief-50,0,0,0.00,0,0,+0.00
autocuda/optimize/2026-06-13-03-45-35/worker-2-brief-51,0,0,0.00,0,0,+0.00
autocuda/optimize/2026-06-13-03-45-35/worker-2-brief-52,0,0,0.00,0,0,+0.00
autocuda/optimize/2026-06-13-03-45-35/worker-2-brief-53,0,0,0.00,0,0,+0.00
autocuda/optimize/2026-06-13-03-45-35/worker-2-brief-54,0,0,0.00,0,0,+0.00
autocuda/optimize/2026-06-13-03-45-35/worker-2-brief-55,0,0,0.00,0,0,+0.00
autocuda/optimize/2026-06-13-03-45-35/worker-2-brief-56,0,0,0.00,0,0,+0.00
autocuda/optimize/2026-06-13-03-45-35/worker-2-brief-57,0,0,0.00,0,0,+0.00
autocuda/optimize/2026-06-13-03-45-35/worker-2-brief-58,0,0,0.00,0,0,+0.00
autocuda/optimize/2026-06-13-03-45-35/worker-2-brief-59,0,0,0.00,0,0,+0.00
autocuda/optimize/2026-06-13-03-45-35/worker-2-brief-6,0,0,0.00,0,0,+0.00
autocuda/optimize/2026-06-13-03-45-35/worker-2-brief-60,0,0,0.00,0,0,+0.00
autocuda/optimize/2026-06-13-03-45-35/worker-2-brief-61,0,0,0.00,0,0,+0.00
autocuda/optimize/2026-06-13-03-45-35/worker-2-brief-62,0,0,0.00,0,0,+0.00
autocuda/optimize/2026-06-13-03-45-35/worker-2-brief-63,0,0,0.00,0,0,+0.00
autocuda/optimize/2026-06-13-03-45-35/worker-2-brief-64,0,0,0.00,0,0,+0.00
autocuda/optimize/2026-06-13-03-45-35/worker-2-brief-65,0,0,0.00,0,0,+0.00
autocuda/optimize/2026-06-13-03-45-35/worker-2-brief-66,0,0,0.00,0,0,+0.00
autocuda/optimize/2026-06-13-03-45-35/worker-2-brief-67,0,0,0.00,0,0,+0.00
autocuda/optimize/2026-06-13-03-45-35/worker-2-brief-68,0,0,0.00,0,0,+0.00
autocuda/optimize/2026-06-13-03-45-35/worker-2-brief-7,0,0,0.00,0,0,+0.00
autocuda/optimize/2026-06-13-03-45-35/worker-2-brief-8,0,0,0.00,0,0,+0.00
autocuda/optimize/2026-06-13-03-45-35/worker-2-brief-9,0,0,0.00,0,0,+0.00
autocuda/optimize/2026-06-13-03-45-35/worker-3-brief-0,0,0,0.00,0,0,+0.00
autocuda/optimize/2026-06-13-03-45-35/worker-3-brief-1,0,0,0.00,0,0,+0.00
autocuda/optimize/2026-06-13-03-45-35/worker-3-brief-11,0,0,0.00,0,0,+0.00
autocuda/optimize/2026-06-13-03-45-35/worker-3-brief-12,0,0,0.00,0,0,+0.00
autocuda/optimize/2026-06-13-03-45-35/worker-3-brief-13,0,0,0.00,0,0,+0.00
autocuda/optimize/2026-06-13-03-45-35/worker-3-brief-14,0,0,0.00,0,0,+0.00
autocuda/optimize/2026-06-13-03-45-35/worker-3-brief-15,0,0,0.00,0,0,+0.00
autocuda/optimize/2026-06-13-03-45-35/worker-3-brief-16,0,0,0.00,0,0,+0.00
autocuda/optimize/2026-06-13-03-45-35/worker-3-brief-17,0,0,0.00,0,0,+0.00
autocuda/optimize/2026-06-13-03-45-35/worker-3-brief-18,0,0,0.00,0,0,+0.00
autocuda/optimize/2026-06-13-03-45-35/worker-3-brief-19,0,0,0.00,0,0,+0.00
autocuda/optimize/2026-06-13-03-45-35/worker-3-brief-2,0,0,0.00,0,0,+0.00
autocuda/optimize/2026-06-13-03-45-35/worker-3-brief-20,0,0,0.00,0,0,+0.00
autocuda/optimize/2026-06-13-03-45-35/worker-3-brief-21,0,0,0.00,0,0,+0.00
autocuda/optimize/2026-06-13-03-45-35/worker-3-brief-23,0,0,0.00,0,0,+0.00
autocuda/optimize/2026-06-13-03-45-35/worker-3-brief-24,0,0,0.00,0,0,+0.00
autocuda/optimize/2026-06-13-03-45-35/worker-3-brief-25,0,0,0.00,0,0,+0.00
autocuda/optimize/2026-06-13-03-45-35/worker-3-brief-26,0,0,0.00,0,0,+0.00
autocuda/optimize/2026-06-13-03-45-35/worker-3-brief-28,0,0,0.00,0,0,+0.00
autocuda/optimize/2026-06-13-03-45-35/worker-3-brief-29,0,0,0.00,0,0,+0.00
autocuda/optimize/2026-06-13-03-45-35/worker-3-brief-3,0,0,0.00,0,0,+0.00
autocuda/optimize/2026-06-13-03-45-35/worker-3-brief-30,0,0,0.00,0,0,+0.00
autocuda/optimize/2026-06-13-03-45-35/worker-3-brief-31,0,0,0.00,0,0,+0.00
autocuda/optimize/2026-06-13-03-45-35/worker-3-brief-32,0,0,0.00,0,0,+0.00
autocuda/optimize/2026-06-13-03-45-35/worker-3-brief-33,0,0,0.00,0,0,+0.00
autocuda/optimize/2026-06-13-03-45-35/worker-3-brief-34,0,0,0.00,0,0,+0.00
autocuda/optimize/2026-06-13-03-45-35/worker-3-brief-35,0,0,0.00,0,0,+0.00
autocuda/optimize/2026-06-13-03-45-35/worker-3-brief-36,0,0,0.00,0,0,+0.00
autocuda/optimize/2026-06-13-03-45-35/worker-3-brief-37,0,0,0.00,0,0,+0.00
autocuda/optimize/2026-06-13-03-45-35/worker-3-brief-38,0,0,0.00,0,0,+0.00
autocuda/optimize/2026-06-13-03-45-35/worker-3-brief-39,0,0,0.00,0,0,+0.00
autocuda/optimize/2026-06-13-03-45-35/worker-3-brief-4,0,0,0.00,0,0,+0.00
autocuda/optimize/2026-06-13-03-45-35/worker-3-brief-40,0,0,0.00,0,0,+0.00
autocuda/optimize/2026-06-13-03-45-35/worker-3-brief-41,0,0,0.00,0,0,+0.00
autocuda/optimize/2026-06-13-03-45-35/worker-3-brief-42,0,0,0.00,0,0,+0.00
autocuda/optimize/2026-06-13-03-45-35/worker-3-brief-44,0,0,0.00,0,0,+0.00
autocuda/optimize/2026-06-13-03-45-35/worker-3-brief-45,0,0,0.00,0,0,+0.00
autocuda/optimize/2026-06-13-03-45-35/worker-3-brief-46,0,0,0.00,0,0,+0.00
autocuda/optimize/2026-06-13-03-45-35/worker-3-brief-47,0,0,0.00,0,0,+0.00
autocuda/optimize/2026-06-13-03-45-35/worker-3-brief-48,0,0,0.00,0,0,+0.00
autocuda/optimize/2026-06-13-03-45-35/worker-3-brief-49,0,0,0.00,0,0,+0.00
autocuda/optimize/2026-06-13-03-45-35/worker-3-brief-5,0,0,0.00,0,0,+0.00
autocuda/optimize/2026-06-13-03-45-35/worker-3-brief-50,0,0,0.00,0,0,+0.00
autocuda/optimize/2026-06-13-03-45-35/worker-3-brief-51,0,0,0.00,0,0,+0.00
autocuda/optimize/2026-06-13-03-45-35/worker-3-brief-52,0,0,0.00,0,0,+0.00
autocuda/optimize/2026-06-13-03-45-35/worker-3-brief-53,0,0,0.00,0,0,+0.00
autocuda/optimize/2026-06-13-03-45-35/worker-3-brief-54,0,0,0.00,0,0,+0.00
autocuda/optimize/2026-06-13-03-45-35/worker-3-brief-55,0,0,0.00,0,0,+0.00
autocuda/optimize/2026-06-13-03-45-35/worker-3-brief-56,0,0,0.00,0,0,+0.00
autocuda/optimize/2026-06-13-03-45-35/worker-3-brief-57,0,0,0.00,0,0,+0.00
autocuda/optimize/2026-06-13-03-45-35/worker-3-brief-58,0,0,0.00,0,0,+0.00
autocuda/optimize/2026-06-13-03-45-35/worker-3-brief-59,0,0,0.00,0,0,+0.00
autocuda/optimize/2026-06-13-03-45-35/worker-3-brief-6,0,0,0.00,0,0,+0.00
autocuda/optimize/2026-06-13-03-45-35/worker-3-brief-60,0,0,0.00,0,0,+0.00
autocuda/optimize/2026-06-13-03-45-35/worker-3-brief-61,0,0,0.00,0,0,+0.00
autocuda/optimize/2026-06-13-03-45-35/worker-3-brief-62,0,0,0.00,0,0,+0.00
autocuda/optimize/2026-06-13-03-45-35/worker-3-brief-63,0,0,0.00,0,0,+0.00
autocuda/optimize/2026-06-13-03-45-35/worker-3-brief-64,0,0,0.00,0,0,+0.00
autocuda/optimize/2026-06-13-03-45-35/worker-3-brief-65,0,0,0.00,0,0,+0.00
autocuda/optimize/2026-06-13-03-45-35/worker-3-brief-66,0,0,0.00,0,0,+0.00
autocuda/optimize/2026-06-13-03-45-35/worker-3-brief-67,0,0,0.00,0,0,+0.00
autocuda/optimize/2026-06-13-03-45-35/worker-3-brief-68,0,0,0.00,0,0,+0.00
autocuda/optimize/2026-06-13-03-45-35/worker-3-brief-69,0,0,0.00,0,0,+0.00
autocuda/optimize/2026-06-13-03-45-35/worker-3-brief-7,0,0,0.00,0,0,+0.00
autocuda/optimize/2026-06-13-03-45-35/worker-3-brief-70,0,0,0.00,0,0,+0.00
autocuda/optimize/2026-06-13-03-45-35/worker-3-brief-71,0,0,0.00,0,0,+0.00
autocuda/optimize/2026-06-13-03-45-35/worker-3-brief-8,0,0,0.00,0,0,+0.00
autocuda/optimize/2026-06-13-03-45-35/worker-3-brief-9,0,0,0.00,0,0,+0.00
autocuda/optimize/2026-06-13-03-45-35/worker-4-brief-0,0,0,0.00,0,0,+0.00
autocuda/optimize/2026-06-13-03-45-35/worker-4-brief-1,0,0,0.00,0,0,+0.00
autocuda/optimize/2026-06-13-03-45-35/worker-4-brief-10,0,0,0.00,0,0,+0.00
autocuda/optimize/2026-06-13-03-45-35/worker-4-brief-11,0,0,0.00,0,0,+0.00
autocuda/optimize/2026-06-13-03-45-35/worker-4-brief-12,0,0,0.00,0,0,+0.00
autocuda/optimize/2026-06-13-03-45-35/worker-4-brief-13,0,0,0.00,0,0,+0.00
autocuda/optimize/2026-06-13-03-45-35/worker-4-brief-14,0,0,0.00,0,0,+0.00
autocuda/optimize/2026-06-13-03-45-35/worker-4-brief-15,0,0,0.00,0,0,+0.00
autocuda/optimize/2026-06-13-03-45-35/worker-4-brief-16,0,0,0.00,0,0,+0.00
autocuda/optimize/2026-06-13-03-45-35/worker-4-brief-17,0,0,0.00,0,0,+0.00
autocuda/optimize/2026-06-13-03-45-35/worker-4-brief-18,0,0,0.00,0,0,+0.00
autocuda/optimize/2026-06-13-03-45-35/worker-4-brief-19,0,0,0.00,0,0,+0.00
autocuda/optimize/2026-06-13-03-45-35/worker-4-brief-2,0,0,0.00,0,0,+0.00
autocuda/optimize/2026-06-13-03-45-35/worker-4-brief-20,0,0,0.00,0,0,+0.00
autocuda/optimize/2026-06-13-03-45-35/worker-4-brief-21,0,0,0.00,0,0,+0.00
autocuda/optimize/2026-06-13-03-45-35/worker-4-brief-22,0,0,0.00,0,0,+0.00
autocuda/optimize/2026-06-13-03-45-35/worker-4-brief-23,0,0,0.00,0,0,+0.00
autocuda/optimize/2026-06-13-03-45-35/worker-4-brief-24,0,0,0.00,0,0,+0.00
autocuda/optimize/2026-06-13-03-45-35/worker-4-brief-25,0,0,0.00,0,0,+0.00
autocuda/optimize/2026-06-13-03-45-35/worker-4-brief-26,0,0,0.00,0,0,+0.00
autocuda/optimize/2026-06-13-03-45-35/worker-4-brief-27,0,0,0.00,0,0,+0.00
autocuda/optimize/2026-06-13-03-45-35/worker-4-brief-28,0,0,0.00,0,0,+0.00
autocuda/optimize/2026-06-13-03-45-35/worker-4-brief-29,0,0,0.00,0,0,+0.00
autocuda/optimize/2026-06-13-03-45-35/worker-4-brief-3,0,0,0.00,0,0,+0.00
autocuda/optimize/2026-06-13-03-45-35/worker-4-brief-30,0,0,0.00,0,0,+0.00
autocuda/optimize/2026-06-13-03-45-35/worker-4-brief-31,0,0,0.00,0,0,+0.00
autocuda/optimize/2026-06-13-03-45-35/worker-4-brief-32,0,0,0.00,0,0,+0.00
autocuda/optimize/2026-06-13-03-45-35/worker-4-brief-33,0,0,0.00,0,0,+0.00
autocuda/optimize/2026-06-13-03-45-35/worker-4-brief-34,0,0,0.00,0,0,+0.00
autocuda/optimize/2026-06-13-03-45-35/worker-4-brief-35,0,0,0.00,0,0,+0.00
autocuda/optimize/2026-06-13-03-45-35/worker-4-brief-36,0,0,0.00,0,0,+0.00
autocuda/optimize/2026-06-13-03-45-35/worker-4-brief-37,0,0,0.00,0,0,+0.00
autocuda/optimize/2026-06-13-03-45-35/worker-4-brief-38,0,0,0.00,0,0,+0.00
autocuda/optimize/2026-06-13-03-45-35/worker-4-brief-39,0,0,0.00,0,0,+0.00
autocuda/optimize/2026-06-13-03-45-35/worker-4-brief-4,0,0,0.00,0,0,+0.00
autocuda/optimize/2026-06-13-03-45-35/worker-4-brief-40,0,0,0.00,0,0,+0.00
autocuda/optimize/2026-06-13-03-45-35/worker-4-brief-41,0,0,0.00,0,0,+0.00
autocuda/optimize/2026-06-13-03-45-35/worker-4-brief-42,0,0,0.00,0,0,+0.00
autocuda/optimize/2026-06-13-03-45-35/worker-4-brief-43,0,0,0.00,0,0,+0.00
autocuda/optimize/2026-06-13-03-45-35/worker-4-brief-44,0,0,0.00,0,0,+0.00
autocuda/optimize/2026-06-13-03-45-35/worker-4-brief-45,0,0,0.00,0,0,+0.00
autocuda/optimize/2026-06-13-03-45-35/worker-4-brief-46,0,0,0.00,0,0,+0.00
autocuda/optimize/2026-06-13-03-45-35/worker-4-brief-47,0,0,0.00,0,0,+0.00
autocuda/optimize/2026-06-13-03-45-35/worker-4-brief-48,0,0,0.00,0,0,+0.00
autocuda/optimize/2026-06-13-03-45-35/worker-4-brief-49,0,0,0.00,0,0,+0.00
autocuda/optimize/2026-06-13-03-45-35/worker-4-brief-5,0,0,0.00,0,0,+0.00
autocuda/optimize/2026-06-13-03-45-35/worker-4-brief-50,0,0,0.00,0,0,+0.00
autocuda/optimize/2026-06-13-03-45-35/worker-4-brief-51,0,0,0.00,0,0,+0.00
autocuda/optimize/2026-06-13-03-45-35/worker-4-brief-52,0,0,0.00,0,0,+0.00
autocuda/optimize/2026-06-13-03-45-35/worker-4-brief-53,0,0,0.00,0,0,+0.00
autocuda/optimize/2026-06-13-03-45-35/worker-4-brief-54,0,0,0.00,0,0,+0.00
autocuda/optimize/2026-06-13-03-45-35/worker-4-brief-55,0,0,0.00,0,0,+0.00
autocuda/optimize/2026-06-13-03-45-35/worker-4-brief-56,0,0,0.00,0,0,+0.00
autocuda/optimize/2026-06-13-03-45-35/worker-4-brief-57,0,0,0.00,0,0,+0.00
autocuda/optimize/2026-06-13-03-45-35/worker-4-brief-6,0,0,0.00,0,0,+0.00
autocuda/optimize/2026-06-13-03-45-35/worker-4-brief-7,0,0,0.00,0,0,+0.00
autocuda/optimize/2026-06-13-03-45-35/worker-4-brief-8,0,0,0.00,0,0,+0.00
autocuda/optimize/2026-06-13-03-45-35/worker-4-brief-9,0,0,0.00,0,0,+0.00
autocuda/optimize/2026-06-13-03-45-35/worker-5-brief-0,0,0,0.00,0,0,+0.00
autocuda/optimize/2026-06-13-03-45-35/worker-5-brief-10,0,0,0.00,0,0,+0.00
autocuda/optimize/2026-06-13-03-45-35/worker-5-brief-11,0,0,0.00,0,0,+0.00
autocuda/optimize/2026-06-13-03-45-35/worker-5-brief-12,0,0,0.00,0,0,+0.00
autocuda/optimize/2026-06-13-03-45-35/worker-5-brief-13,0,0,0.00,0,0,+0.00
autocuda/optimize/2026-06-13-03-45-35/worker-5-brief-14,0,0,0.00,0,0,+0.00
autocuda/optimize/2026-06-13-03-45-35/worker-5-brief-15,0,0,0.00,0,0,+0.00
autocuda/optimize/2026-06-13-03-45-35/worker-5-brief-16,0,0,0.00,0,0,+0.00
autocuda/optimize/2026-06-13-03-45-35/worker-5-brief-17,0,0,0.00,0,0,+0.00
autocuda/optimize/2026-06-13-03-45-35/worker-5-brief-18,0,0,0.00,0,0,+0.00
autocuda/optimize/2026-06-13-03-45-35/worker-5-brief-19,0,0,0.00,0,0,+0.00
autocuda/optimize/2026-06-13-03-45-35/worker-5-brief-2,0,0,0.00,0,0,+0.00
autocuda/optimize/2026-06-13-03-45-35/worker-5-brief-20,0,0,0.00,0,0,+0.00
autocuda/optimize/2026-06-13-03-45-35/worker-5-brief-21,0,0,0.00,0,0,+0.00
autocuda/optimize/2026-06-13-03-45-35/worker-5-brief-22,0,0,0.00,0,0,+0.00
autocuda/optimize/2026-06-13-03-45-35/worker-5-brief-23,0,0,0.00,0,0,+0.00
autocuda/optimize/2026-06-13-03-45-35/worker-5-brief-24,0,0,0.00,0,0,+0.00
autocuda/optimize/2026-06-13-03-45-35/worker-5-brief-26,0,0,0.00,0,0,+0.00
autocuda/optimize/2026-06-13-03-45-35/worker-5-brief-27,0,0,0.00,0,0,+0.00
autocuda/optimize/2026-06-13-03-45-35/worker-5-brief-28,0,0,0.00,0,0,+0.00
autocuda/optimize/2026-06-13-03-45-35/worker-5-brief-29,0,0,0.00,0,0,+0.00
autocuda/optimize/2026-06-13-03-45-35/worker-5-brief-3,0,0,0.00,0,0,+0.00
autocuda/optimize/2026-06-13-03-45-35/worker-5-brief-31,0,0,0.00,0,0,+0.00
autocuda/optimize/2026-06-13-03-45-35/worker-5-brief-32,0,0,0.00,0,0,+0.00
autocuda/optimize/2026-06-13-03-45-35/worker-5-brief-33,0,0,0.00,0,0,+0.00
autocuda/optimize/2026-06-13-03-45-35/worker-5-brief-34,0,0,0.00,0,0,+0.00
autocuda/optimize/2026-06-13-03-45-35/worker-5-brief-35,0,0,0.00,0,0,+0.00
autocuda/optimize/2026-06-13-03-45-35/worker-5-brief-36,0,0,0.00,0,0,+0.00
autocuda/optimize/2026-06-13-03-45-35/worker-5-brief-37,0,0,0.00,0,0,+0.00
autocuda/optimize/2026-06-13-03-45-35/worker-5-brief-38,0,0,0.00,0,0,+0.00
autocuda/optimize/2026-06-13-03-45-35/worker-5-brief-39,0,0,0.00,0,0,+0.00
autocuda/optimize/2026-06-13-03-45-35/worker-5-brief-4,0,0,0.00,0,0,+0.00
autocuda/optimize/2026-06-13-03-45-35/worker-5-brief-41,0,0,0.00,0,0,+0.00
autocuda/optimize/2026-06-13-03-45-35/worker-5-brief-42,0,0,0.00,0,0,+0.00
autocuda/optimize/2026-06-13-03-45-35/worker-5-brief-43,0,0,0.00,0,0,+0.00
autocuda/optimize/2026-06-13-03-45-35/worker-5-brief-44,0,0,0.00,0,0,+0.00
autocuda/optimize/2026-06-13-03-45-35/worker-5-brief-45,0,0,0.00,0,0,+0.00
autocuda/optimize/2026-06-13-03-45-35/worker-5-brief-46,0,0,0.00,0,0,+0.00
autocuda/optimize/2026-06-13-03-45-35/worker-5-brief-47,0,0,0.00,0,0,+0.00
autocuda/optimize/2026-06-13-03-45-35/worker-5-brief-48,0,0,0.00,0,0,+0.00
autocuda/optimize/2026-06-13-03-45-35/worker-5-brief-49,0,0,0.00,0,0,+0.00
autocuda/optimize/2026-06-13-03-45-35/worker-5-brief-5,0,0,0.00,0,0,+0.00
autocuda/optimize/2026-06-13-03-45-35/worker-5-brief-50,0,0,0.00,0,0,+0.00
autocuda/optimize/2026-06-13-03-45-35/worker-5-brief-51,0,0,0.00,0,0,+0.00
autocuda/optimize/2026-06-13-03-45-35/worker-5-brief-52,0,0,0.00,0,0,+0.00
autocuda/optimize/2026-06-13-03-45-35/worker-5-brief-53,0,0,0.00,0,0,+0.00
autocuda/optimize/2026-06-13-03-45-35/worker-5-brief-54,0,0,0.00,0,0,+0.00
autocuda/optimize/2026-06-13-03-45-35/worker-5-brief-55,0,0,0.00,0,0,+0.00
autocuda/optimize/2026-06-13-03-45-35/worker-5-brief-56,0,0,0.00,0,0,+0.00
autocuda/optimize/2026-06-13-03-45-35/worker-5-brief-57,0,0,0.00,0,0,+0.00
autocuda/optimize/2026-06-13-03-45-35/worker-5-brief-58,0,0,0.00,0,0,+0.00
autocuda/optimize/2026-06-13-03-45-35/worker-5-brief-59,0,0,0.00,0,0,+0.00
autocuda/optimize/2026-06-13-03-45-35/worker-5-brief-6,0,0,0.00,0,0,+0.00
autocuda/optimize/2026-06-13-03-45-35/worker-5-brief-60,0,0,0.00,0,0,+0.00
autocuda/optimize/2026-06-13-03-45-35/worker-5-brief-61,0,0,0.00,0,0,+0.00
autocuda/optimize/2026-06-13-03-45-35/worker-5-brief-62,0,0,0.00,0,0,+0.00
autocuda/optimize/2026-06-13-03-45-35/worker-5-brief-63,0,0,0.00,0,0,+0.00
autocuda/optimize/2026-06-13-03-45-35/worker-5-brief-64,0,0,0.00,0,0,+0.00
autocuda/optimize/2026-06-13-03-45-35/worker-5-brief-65,0,0,0.00,0,0,+0.00
autocuda/optimize/2026-06-13-03-45-35/worker-5-brief-7,0,0,0.00,0,0,+0.00
autocuda/optimize/2026-06-13-03-45-35/worker-5-brief-9,0,0,0.00,0,0,+0.00
autocuda/optimize/2026-06-13-03-45-35/worker-6-brief-0,0,0,0.00,0,0,+0.00
autocuda/optimize/2026-06-13-03-45-35/worker-6-brief-1,0,0,0.00,0,0,+0.00
autocuda/optimize/2026-06-13-03-45-35/worker-6-brief-10,0,0,0.00,0,0,+0.00
autocuda/optimize/2026-06-13-03-45-35/worker-6-brief-12,0,0,0.00,0,0,+0.00
autocuda/optimize/2026-06-13-03-45-35/worker-6-brief-13,0,0,0.00,0,0,+0.00
autocuda/optimize/2026-06-13-03-45-35/worker-6-brief-14,0,0,0.00,0,0,+0.00
autocuda/optimize/2026-06-13-03-45-35/worker-6-brief-15,0,0,0.00,0,0,+0.00
autocuda/optimize/2026-06-13-03-45-35/worker-6-brief-16,0,0,0.00,0,0,+0.00
autocuda/optimize/2026-06-13-03-45-35/worker-6-brief-17,0,0,0.00,0,0,+0.00
autocuda/optimize/2026-06-13-03-45-35/worker-6-brief-18,0,0,0.00,0,0,+0.00
autocuda/optimize/2026-06-13-03-45-35/worker-6-brief-2,0,0,0.00,0,0,+0.00
autocuda/optimize/2026-06-13-03-45-35/worker-6-brief-20,0,0,0.00,0,0,+0.00
autocuda/optimize/2026-06-13-03-45-35/worker-6-brief-21,0,0,0.00,0,0,+0.00
autocuda/optimize/2026-06-13-03-45-35/worker-6-brief-22,0,0,0.00,0,0,+0.00
autocuda/optimize/2026-06-13-03-45-35/worker-6-brief-23,0,0,0.00,0,0,+0.00
autocuda/optimize/2026-06-13-03-45-35/worker-6-brief-24,0,0,0.00,0,0,+0.00
autocuda/optimize/2026-06-13-03-45-35/worker-6-brief-25,0,0,0.00,0,0,+0.00
autocuda/optimize/2026-06-13-03-45-35/worker-6-brief-26,0,0,0.00,0,0,+0.00
autocuda/optimize/2026-06-13-03-45-35/worker-6-brief-28,0,0,0.00,0,0,+0.00
autocuda/optimize/2026-06-13-03-45-35/worker-6-brief-29,0,0,0.00,0,0,+0.00
autocuda/optimize/2026-06-13-03-45-35/worker-6-brief-3,0,0,0.00,0,0,+0.00
autocuda/optimize/2026-06-13-03-45-35/worker-6-brief-30,0,0,0.00,0,0,+0.00
autocuda/optimize/2026-06-13-03-45-35/worker-6-brief-31,0,0,0.00,0,0,+0.00
autocuda/optimize/2026-06-13-03-45-35/worker-6-brief-32,0,0,0.00,0,0,+0.00
autocuda/optimize/2026-06-13-03-45-35/worker-6-brief-34,0,0,0.00,0,0,+0.00
autocuda/optimize/2026-06-13-03-45-35/worker-6-brief-36,0,0,0.00,0,0,+0.00
autocuda/optimize/2026-06-13-03-45-35/worker-6-brief-37,0,0,0.00,0,0,+0.00
autocuda/optimize/2026-06-13-03-45-35/worker-6-brief-38,0,0,0.00,0,0,+0.00
autocuda/optimize/2026-06-13-03-45-35/worker-6-brief-5,0,0,0.00,0,0,+0.00
autocuda/optimize/2026-06-13-03-45-35/worker-6-brief-6,0,0,0.00,0,0,+0.00
autocuda/optimize/2026-06-13-03-45-35/worker-6-brief-8,0,0,0.00,0,0,+0.00
autocuda/optimize/2026-06-13-03-45-35/worker-6-brief-9,0,0,0.00,0,0,+0.00
autocuda/optimize/2026-06-13-03-45-35/worker-7-brief-0,0,0,0.00,0,0,+0.00
autocuda/optimize/2026-06-13-03-45-35/worker-7-brief-1,0,0,0.00,0,0,+0.00
autocuda/optimize/2026-06-13-03-45-35/worker-7-brief-10,0,0,0.00,0,0,+0.00
autocuda/optimize/2026-06-13-03-45-35/worker-7-brief-11,0,0,0.00,0,0,+0.00
autocuda/optimize/2026-06-13-03-45-35/worker-7-brief-12,0,0,0.00,0,0,+0.00
autocuda/optimize/2026-06-13-03-45-35/worker-7-brief-13,0,0,0.00,0,0,+0.00
autocuda/optimize/2026-06-13-03-45-35/worker-7-brief-14,0,0,0.00,0,0,+0.00
autocuda/optimize/2026-06-13-03-45-35/worker-7-brief-15,0,0,0.00,0,0,+0.00
autocuda/optimize/2026-06-13-03-45-35/worker-7-brief-16,0,0,0.00,0,0,+0.00
autocuda/optimize/2026-06-13-03-45-35/worker-7-brief-17,0,0,0.00,0,0,+0.00
autocuda/optimize/2026-06-13-03-45-35/worker-7-brief-19,0,0,0.00,0,0,+0.00
autocuda/optimize/2026-06-13-03-45-35/worker-7-brief-2,0,0,0.00,0,0,+0.00
autocuda/optimize/2026-06-13-03-45-35/worker-7-brief-20,0,0,0.00,0,0,+0.00
autocuda/optimize/2026-06-13-03-45-35/worker-7-brief-21,0,0,0.00,0,0,+0.00
autocuda/optimize/2026-06-13-03-45-35/worker-7-brief-22,0,0,0.00,0,0,+0.00
autocuda/optimize/2026-06-13-03-45-35/worker-7-brief-23,0,0,0.00,0,0,+0.00
autocuda/optimize/2026-06-13-03-45-35/worker-7-brief-24,0,0,0.00,0,0,+0.00
autocuda/optimize/2026-06-13-03-45-35/worker-7-brief-25,0,0,0.00,0,0,+0.00
autocuda/optimize/2026-06-13-03-45-35/worker-7-brief-26,0,0,0.00,0,0,+0.00
autocuda/optimize/2026-06-13-03-45-35/worker-7-brief-27,0,0,0.00,0,0,+0.00
autocuda/optimize/2026-06-13-03-45-35/worker-7-brief-28,0,0,0.00,0,0,+0.00
autocuda/optimize/2026-06-13-03-45-35/worker-7-brief-29,0,0,0.00,0,0,+0.00
autocuda/optimize/2026-06-13-03-45-35/worker-7-brief-3,0,0,0.00,0,0,+0.00
autocuda/optimize/2026-06-13-03-45-35/worker-7-brief-30,0,0,0.00,0,0,+0.00
autocuda/optimize/2026-06-13-03-45-35/worker-7-brief-32,0,0,0.00,0,0,+0.00
autocuda/optimize/2026-06-13-03-45-35/worker-7-brief-33,0,0,0.00,0,0,+0.00
autocuda/optimize/2026-06-13-03-45-35/worker-7-brief-34,0,0,0.00,0,0,+0.00
autocuda/optimize/2026-06-13-03-45-35/worker-7-brief-35,0,0,0.00,0,0,+0.00
autocuda/optimize/2026-06-13-03-45-35/worker-7-brief-4,0,0,0.00,0,0,+0.00
autocuda/optimize/2026-06-13-03-45-35/worker-7-brief-5,0,0,0.00,0,0,+0.00
autocuda/optimize/2026-06-13-03-45-35/worker-7-brief-6,0,0,0.00,0,0,+0.00
autocuda/optimize/2026-06-13-03-45-35/worker-7-brief-7,0,0,0.00,0,0,+0.00
autocuda/optimize/2026-06-13-03-45-35/worker-7-brief-8,0,0,0.00,0,0,+0.00
autocuda/optimize/2026-06-13-03-45-35/worker-7-brief-9,0,0,0.00,0,0,+0.00
