timestamp,agent_id,brief_id,iteration,linalg/eigh_py,status,commit,description
2026-06-26T23:01:30.187556,3,,N/A,255036.825,baseline,424ba1894086c62cf94a0a6f2dd28dcb2c758ace,baseline
2026-06-26T23:26:21.459542,3,0,N/A,N/A,brief_start,N/A,"Exploit input structure plus the loose normwise tolerance, since one timed call shares a single structure. Add a cheap per-call detector (offmass = ||A||_1 - ||diag||_1) routing diagonal/zero/identity batches to exact O(n^2) shortcuts (eigenvalues = sorted diagonal, Q = permutation/identity) — a large win on the n=4096 diagonal shape. For dense rows, run a GEMM-heavy approximate eigensolver whose accuracy is rescued cheaply by ONE FP32 Newton-Schulz orthonormalization of Q (the binding orthogonality gate) plus FP32 Rayleigh-quotient L."
2026-06-26T23:33:38.246891,3,0,0,292760.523,succeeded,36f97df618d0ac869aecefe9f64a802ca86cf01d,"Structure detector (offmass via abs().sum) routes diagonal rows to exact O(n^2) sort+permutation shortcut; dense rows fall back to cuSOLVER eigh. Validates (39/39). Benchmark REGRESSED to 292760us vs 255037 baseline: detector overhead (full abs().sum over batch + .all()/.any() CPU syncs + index machinery) tripled the small-n shapes (shape0 4586->13725, shape1 19410->28549). Large dense shapes ~unchanged (cuSOLVER). Need to make detector near-free, esp avoid syncs on small-n."
2026-06-27T00:24:26.551547,3,0,1,55711.212,succeeded,b72e3454642ea3697c4004ae3343c15d2bf1ec12,"Near-free detector (one fused abs-sum reduction + single host sync only for all-diagonal case) + cuSOLVER dense. Validates 39/39. Harness benchmark=55711us. IMPORTANT CONTENTION FINDING: I A/B-measured the PLAIN baseline (torch.linalg.eigh) on my exclusive GPU right now = 54112us, NOT 255037. The manager baseline (255037) was measured under heavy fleet contention (all workers active), inflating it ~4.7x. So this 55711 is NOT a real 4.5x win vs plain eigh; under equal clean conditions the detector is a ~3% REGRESSION vs plain eigh (55711 vs 54112). Local-to-local comparisons across workers are only valid at equal fleet load. Real target to beat = ~54000us clean. Per-shape clean baselines: n32=140us n176=5760 n352=17138 n512b640=171287 n1024b60=105889 n2048=158928."
2026-06-27T00:32:19.377570,3,0,2,55577.240,succeeded,c1d43e1a76bff2011f99eb0f0d69a9400325d7a2,"Per-matrix structure router: classifies each matrix in the batch by off-diagonal fraction, routes diagonal rows to O(n^2) shortcut (index_select/index_copy), dense rows to cuSOLVER. Completes the structure-detection half of the brief. Validates 39/39. Benchmark=55577us == iteration2 (55711) == clean baseline (54112), i.e. BENCHMARK-NEUTRAL. The mixed benchmark shapes (6,7) did NOT speed up (shape6 164036 vs clean-baseline 163516) because the mixed profile rarely emits pure-diagonal members and the routing overhead cancels any savings. CONCLUSION: structure routing helps only non-benchmark shapes (n=4096 diagonal test). The benchmark geomean is fully dominated by dense n=512/n=1024 cuSOLVER cost; a real win requires beating cuSOLVER on dense, i.e. tensor-core algorithm."
2026-06-27T00:42:40.526511,3,0,3,N/A,validation_error,0a2bfc5a389232dcf11c4fa484f6c7180db2ba74,"GEMM-heavy 1-level spectral divide-and-conquer dense path: GEMM-only median (sign-bisection) + sign(A-sigmaI) via batched NS quintic + QR-extracted invariant-subspace bases U+/U- + cuSOLVER on n/2 halves + ONE FP32 NS orthonormalization + FP32 Rayleigh L. MEASURED: FAILS validation on every dense shape (n=512 test3 eigen-residual scaled=8170 vs gate 200; n=1024 scaled=3820; n=2048 scaled=2120). Root cause: the NS matrix-sign converges too slowly near the median split (eigenvalues near sigma stay ~0 under the sign map), so U+/U- are NOT invariant subspaces and Q^T A Q is far from diagonal; recursion would be needed but compounds cost. Also (microbenched) the component costs make it non-viable even if accurate: full QR=4210ms (7x full eigh 569ms!), 2x half-eigh=307ms (only 1.85x cheaper than full, not 4x), eigvalsh-median=465ms, sign(12it)=90ms. Pure-PyTorch GEMM eigensolver cannot beat cuSOLVER: orthonormalization must avoid QR (uses cuSOLVER, 7x cost) and NS-orth needs ~16 iters to converge; no headroom."
2026-06-27T00:52:52.659648,3,0,N/A,N/A,brief_stop,N/A,"Brief explored exhaustively. BEST WORKING HEAD = c1d43e1a (per-matrix structure router + cuSOLVER dense), validates 39/39, benchmark 55577us. TWO MAJOR FINDINGS the manager must act on: (1) CONTENTION ARTIFACT: I A/B-measured plain torch.linalg.eigh on an exclusive GPU = 54112us, NOT the 255037us baseline. The manager baseline was measured under heavy fleet load (~4.7x inflation). So my 55577us is NOT a real ~4.6x win - under equal clean load my router is benchmark-NEUTRAL (~+3% vs plain eigh from detector overhead). Cross-worker local comparisons are only valid at equal fleet load; the manager should re-measure the baseline AND every candidate back-to-back under identical load before ranking. Real target to beat = ~54000us clean. (2) PURE-PYTORCH GEMM EIGENSOLVER IS NON-VIABLE (built+measured, iteration3=commit 0a2bfc5a, validation_error): 1-level spectral-split (NS matrix-sign + QR subspaces + cuSOLVER halves + FP32 NS finish + Rayleigh L) fails accuracy on all dense shapes (n=512 eigen-residual 8170x over gate) because NS-sign converges too slowly near the median split so the subspaces aren't invariant. Component microbench proves NO headroom even if accurate: full QR=4210ms = 7x full eigh(569ms)!; NS-orthonormalization needs ~16 iters; 2x half-eigh=307ms is only 1.85x cheaper than full (cuSOLVER cost isn't pure n^3). The structure-detection half of the brief is correct but only helps NON-benchmark shapes (the n=4096 diagonal shape is in tests:, not benchmarks:; mixed benchmark shapes rarely contain pure-diagonal members). RECOMMENDATION: the eigh benchmark geomean is fully dominated by SIMT-bound serial cuSOLVER on dense n=512/n=1024 (profile-confirmed: sytrd/symv/gemv/laed, zero tensor-core). Beating it REQUIRES a custom-CUDA tensor-core batched solver (the block-Householder/Jacobi/sign-D&C kernels workers 1/2/4 own) - pure PyTorch (bmm/QR/eigh/solve) cannot, because every orthonormalization primitive except bmm is itself a cuSOLVER call as slow as or slower than eigh. Suggest next brief for me: a custom load_inline kernel (e.g. SMEM-resident batched Jacobi for the small/medium-n shapes n<=176 that DO fit in 228KB SMEM), or fold my structure-router onto whichever worker's dense tensor-core solver wins."
2026-06-27T00:56:59.054706,3,1,N/A,N/A,brief_start,N/A,"Settle the question the whole search hinges on: can a GEMM-ONLY (torch.bmm in FP16/BF16/TF32, FP32 accumulate) spectral solver beat ~54k us clean on the dominant n=512 b=640 dense shape? Build a LEAN, FIXED-iteration matrix-sign / Newton-Schulz spectral splitter using ONLY bmm + cheap elementwise — strictly NO torch.linalg.eigh/qr/solve/cholesky in the hot path (W3 proved that cuSOLVER glue is itself eigh-slow). Per-matrix norm prescale; a few fixed sign iterations to form projector (I+sign)/2; deflate via bmm; finish with bmm-only FP32 Newton-Schulz orthonormalization + Rayleigh-quotient L. Commit and benchmark each iteration even if slow/inaccurate at first — the committed n=512 timing AND normwise residual are the datapoint. Emit FP32 Q, ascending L."
2026-06-27T01:03:24.529069,3,1,0,N/A,validation_error,caa2e8030e020e3be756911718c0a5bfcfc6af90,"PROBE iter1: recursive bmm-only spectral D&C (NS-quintic sign 12it -> projector -> NS-orth bases 12it -> project -> recurse to 2x2 closed form; FP32 NS finish + Rayleigh L). N512 b640 DATAPOINT: time=1435ms (8x SLOWER than clean eigh 171ms), eig_resid=0.42, orth_resid=2.90 (both FAIL; gates eig<0.012 orth<3.1 but scaled orth_resid=2.9 raw is way over). Two problems: (1) SLOW: deep recursion makes 1023 Python _dc calls with hundreds of tiny launch-bound bmms at deep levels (n=2,4,8). (2) INACCURATE: NS-orth of projector leading-columns doesn't converge (orth_resid 2.9 means Q far from orthonormal; 2 finish-NS steps cannot rescue an assembled Q that far off). Next: breadth-first single-batched-call-per-level to kill launch overhead, and fix orthonormalization (the projector leading-k columns are rank-deficient/ill-conditioned so NS-orth stalls)."
2026-06-27T01:16:00.619160,3,1,1,N/A,validation_error,461ccd7f0ea2c3f7b4edfd7387ebdcddf749802f,"PROBE iter2: breadth-first bmm-only spectral D&C (one batched bmm call per split level over all 2^level blocks stacked into the batch; sign10+orth10 per level, per-level full [I-P|P] NS-orthonormalization, 4 levels, identity leaf). SPEED DATAPOINT n512 b640 = 280ms (vs clean eigh 171ms harness / 569ms microbench): the bmm-only pipeline is ~1.6x SLOWER than harness-clean-eigh and only ~2x faster than microbench-eigh -- and that is WITH a trivial identity leaf (no real leaf solver). ACCURACY: eig_resid=0.43, harness fails every shape (scaled 1000-122000x over gate). DECISIVE STRUCTURAL FINDING (proven separately with EXACT components - exact median via eigvalsh, exact sign via eigh, exact QR bases): a bmm-only spectral D&C, which MUST recurse fully because eigh is banned, has eig_resid that JUMPS from 0.0095 (1 split + eigh-on-256-halves, would pass) to 0.369 at >=2 split levels and PLATEAUS there for 2..7 levels - INDEPENDENT of sign/orth/precision. Root cause: after the first split the sub-block UpT A Up has ~1% invariant-subspace leak; splitting it again at its (now-meaningless) median mixes the already-leaky directions and the error saturates ~0.37. The split structure ONLY clears tolerance with <=1 split followed by eigh on the halves (=W2's approach, which W3 already proved is eigh-slow). CONCLUSION: the fully-bmm-only spectral solver lineage is RETIRED on both axes - cannot clear the 0.0122 eigen gate at any recursion depth, and isn't decisively faster than eigh even ignoring accuracy."
2026-06-27T01:16:58.480940,3,1,N/A,N/A,brief_stop,N/A,"BRIEF 1 SETTLED — DECISIVE NEGATIVE: a fully bmm-only matrix-sign/Newton-Schulz spectral D&C CANNOT beat ~54k at tolerance on n=512, and isn't even decisively faster than eigh. Two built+benchmarked iterations (both validation_error, harness-confirmed): iter0 recursive (1435ms, eig_resid 0.42); iter1 breadth-first one-batched-call/level (280ms, eig_resid 0.43). SPEED: the leanest bmm-only pipeline (4 levels, identity leaf, sign10+orth10) = 280ms = ~1.6x SLOWER than harness-clean-eigh (171ms), only ~2x faster than microbench-eigh (569ms), and that EXCLUDES a real leaf solver. So it does not decisively clear 54k even ignoring accuracy. ACCURACY CEILING (rigorously isolated with EXACT components — exact median via eigvalsh, exact sign via eigh, exact QR bases): eig_resid jumps 0.0095 (1 split + eigh-on-256-halves, passes) -> 0.369 at >=2 split levels and PLATEAUS at 0.369 for 2..7 levels, INDEPENDENT of sign/orth/precision. Mechanism: the first split's sub-block UpT A Up carries ~1% invariant-subspace leak (eigenvalues straddling the median); splitting that leaky block again at its now-meaningless median mixes the wrong directions and saturates ~0.37. Eigenvalues arbitrarily close to the median make the sign map (flat at 0) unable to converge there in finite iterations, so no amount of sign iterations fixes it — confirmed because the exact-sign test ALSO gave 0.37. The split structure only clears tolerance with <=1 split THEN eigh on the n/2 halves — which is exactly W2's Jacobi-on-sub-blocks lane that I already proved is eigh-slow (QR=7x eigh, half-eigh only 1.85x cheaper). RECOMMENDATION: RETIRE the pure-bmm-only spectral/sign lineage (W1's full recursive D&C will hit the same per-level-leak compounding wall; suggest it pivot or be capped at 1 split + a fast sub-solver). The ONLY remaining path to beat clean ~54k on dense n=512/1024 is a custom-CUDA tensor-core kernel that does the per-matrix tridiagonalization/Jacobi in registers+SMEM (W4/W5 lane), NOT PyTorch glue. For my next brief I'd take: a custom load_inline batched kernel for the n<=176 shapes (fit one matrix in 228KB SMEM), or harden+ship my brief-0 structure-router (commit c1d43e1a) onto the winning dense solver."
2026-06-27T01:19:38.662377,3,2,N/A,N/A,brief_start,N/A,"You proved the pure-torch.bmm-only spectral lineage is dead (leak saturates at 0.37 beyond 1 split; 280ms > 171ms clean-eigh). Pivot to the one tensor-core mechanism no worker owns: a custom load_inline batched ONE-SIDED block-JACOBI for the dominant n=512 b=640 shape — distinct from W1 (sign-fn), W4 (Householder tridiag), W2 (eigh-glue). One matrix (or block-pair) per threadblock; Brent-Luk round-robin pairing; FIXED small sweep count (no convergence test); apply the block rotations as WMMA/mma.sync GEMMs in BF16/TF32 + FP32 accumulate (sm_100a, TORCH_CUDA_ARCH_LIST=10.0a); per-matrix norm prescale; recover eigenvalue signs via Rayleigh quotient; finish with FP32 Newton-Schulz orthonormalization (binding 100*n*eps gate) and ascending L. One-sided Jacobi avoids the spectral-split leak entirely (it converges off-diagonal mass directly, not via projector recursion). Land a working+committed iteration first, then optimize the rotation GEMM. Keep Xsyevbatched for n>=1024 via a per-shape router if helpful."
2026-06-27T01:39:53.082635,3,2,0,N/A,validation_error,1e5cf5caa06f04642bd89d422a98989ee90caaa9,"MILESTONE: custom load_inline batched ONE-SIDED block-JACOBI kernel WORKS. Design: shift A->A+cI (c=max abs row sum) to make PD (removes +/-lambda one-sided-Jacobi degeneracy -- validated: indefinite plain one-sided Jacobi floored at eig 0.015, shift-PD reaches 0.0002); block-cols BW=16, one (matrix,block-pair) per threadblock per Brent-Luk round (host loops 31 rounds x 8 sweeps = 248 kernel launches); per block: load 512x32 panel to SMEM, Gram=B^T B, inner 32x32 two-sided Jacobi with PARALLEL (Brent-Luk) rotations, apply 32x32 rotation to B and V panels, write back; Rayleigh L=diag(V^T A V), ascending. CORRECTNESS: passes 37/39 incl all dense n=512 (eig 0.0053, orth 1.6e-3); FAILS only test11 (n=512 repeated-eigenvalue, eig 0.31 vs 0.22) and test19 (n=512 mixed) -- degenerate spectra need >8 sweeps. SPEED (scratch, n=512): ~120ms/matrix, b=640 extrapolates to ~76s -- far too slow for harness benchmark. Bottleneck: 136KB SMEM/block -> only 1 block/SM (148 concurrent vs 10240 needed -> 70 waves), and FP32 SMEM-loop GEMMs (no tensor cores yet). Next: WMMA/tensor-core GEMMs for Gram+apply, shrink SMEM (FP16 panels) to raise occupancy, +2 sweeps for degenerate robustness."
2026-06-27T01:46:50.516490,3,2,1,N/A,validation_error,9312abec09b6298b17579cbe0b10ff84ba8f18ce,"OPTIMIZE iter2: BW=8 (was 16). Smaller blocks => MORE ACCURATE (dense n=512 eig 0.00084 vs 0.0053 at BW=16, well under gate) and cheaper inner solve. SPEED b=640 extrapolated ~12s (was 76s; 6x faster) at sweeps=10 inner=3. KEY ARCHITECTURAL FINDING via inner_sweeps sweep: the inner 2Wx2W Jacobi is ~70% of cost, but the FLOOR with a FREE inner solve (inner=0) is still 4.4s for b=640 -- dominated by 630 kernel relaunches/solve (63 Brent-Luk rounds x 10 sweeps) + low occupancy (panel SMEM => ~1-3 blocks/SM => many waves) + per-round Gram recompute+panel IO. So the per-round-RELAUNCH design cannot beat eigh (171ms) regardless of inner-solve speed. VIABILITY VERDICT (partial): the Jacobi DIRECTION is viable in principle -- the GEMM-only FLOP floor for 8 sweeps b640 is ~2-20ms with tensor cores (vs eigh 171ms) -- but requires (a) fusing all rounds into ONE kernel (no relaunch, keep V/state resident across rounds), (b) tensor-core WMMA for Gram+apply, (c) high occupancy. Next iter3: single-kernel-per-matrix rewrite that loops all rounds internally."
2026-06-27T01:56:06.589502,3,2,2,N/A,validation_error,9b3a54f1e56a1fd22b5d6d60f5a1ed81ea81b0c7,"OPTIMIZE iter3: FUSED single-kernel-per-matrix (one block owns one matrix, loops whole Brent-Luk schedule internally -> ZERO per-round relaunches, V stays resident). Correct (dense n=512 eig 0.0011, orth 1.6e-3). SPEED b=640 = 15.7s -- SLOWER than iter2 relaunch (12s)! Finding: removing relaunch overhead did NOT help; the bottleneck is the TOTAL WORK done as many tiny synced SMEM ops. At BW=8, nblk=64 => 32 pairs/round x 63 rounds x 10 sweeps = ~20,160 panel-ops/matrix, each Gram(512x16x16)+inner-16x16-Jacobi+apply(512x16x16); with only 640 blocks (~3/SM) the long serial per-block chain dominates and parallelism dropped vs relaunch's 10240 blocks. VIABILITY ASSESSMENT: the one-sided block-Jacobi DIRECTION is sound (correct, no spectral-leak ceiling, shift-PD validated) and the GEMM-only FLOP floor is ~2-20ms with tensor cores, but BEATING eigh requires (1) WMMA/mma tensor-core Gram+apply GEMMs (currently FP32 SMEM loops), (2) a much cheaper inner 2Wx2W solve (it is 70-95% of cost), (3) larger BW to cut panel-op count. My 3 working impls land at 12-76s (70-450x eigh); the remaining gap is a multi-day tensor-core kernel optimization, not an algorithmic blocker."
2026-06-27T01:59:58.001313,3,2,3,191816.506,succeeded,9b3a54f1e56a1fd22b5d6d60f5a1ed81ea81b0c7,"CORRECTION/MILESTONE: ran the FULL harness benchmark on iter3 (fused one-sided block-Jacobi, BW=8, sweeps=10 inner=3) -- it COMPLETED and PASSED correctness on ALL 13 benchmark shapes, emitting a real geomean = 191816 us. (My prior row for this commit guessed N/A/timeout; this is the actual verdict.) Per-shape: the 5 n=512 shapes (3,6,8,9,11) each ~4.47s (my Jacobi kernel, 26x slower than cuSOLVER's 0.17s), other 8 shapes use cuSOLVER eigh fallback. So it is a correct-but-slow REGRESSION vs ~54k clean baseline. This is the WORKING+COMMITTED milestone the brief asked for: a custom load_inline batched one-sided block-Jacobi that produces leaderboard-valid eigendecompositions on the dominant n=512 shape. Bottleneck remains the FP32 SMEM-loop inner-solve+GEMMs (not tensor-cored); the GEMM-only FLOP floor is ~2-20ms with tensor cores so the direction can win with a WMMA rewrite + cheaper inner solve."
2026-06-27T02:18:34.647112,3,2,N/A,N/A,brief_stop,N/A,"BRIEF 2 DONE. DELIVERED: a WORKING+COMMITTED+HARNESS-BENCHMARKED custom load_inline batched one-sided block-Jacobi for n=512 (HEAD=9b3a54f1, BW=8 fused). It PASSES correctness on all 13 benchmark shapes and emits a real geomean = 191816 us. VIABILITY VERDICT for the Jacobi tensor-core direction: ALGORITHMICALLY SOUND but NOT YET FAST. (1) WORKS - unlike the spectral-split lineage I killed, one-sided Jacobi has NO leak ceiling; it converges off-diagonal mass directly. The KEY enabler I found+validated: SHIFT A->A+cI (c=max abs row sum) to make it positive-definite -- plain one-sided Jacobi on indefinite symmetric A floors at eig_resid 0.015 because it implicitly diagonalizes A^2 and can't separate lambda from -lambda; shift-PD reaches eig 0.0008 in 8-10 sweeps. (2) NOT FAST - my 3 impls (per-round-relaunch BW16/BW8, fused-single-kernel BW8) land at 12-76s for b=640 = 70-450x cuSOLVER (0.17s); the n=512 shapes alone are ~4.47s each. Bottleneck precisely isolated (via inner_sweeps=0..3 sweep): the FP32 SMEM-loop inner 2Wx2W Jacobi is 70-95% of cost; even with a FREE inner solve the relaunch floor is 4.4s (630 launches + low occupancy from 136KB-panel SMEM=>1-3 blocks/SM); BW=8 beats BW=16 (bigger inner solve dominates); FUSING all rounds into one kernel did NOT help (15.7s) because the work is op-bound not launch-bound. (3) PATH TO WIN is clear but is a multi-day kernel effort: the GEMM-only FLOP floor for 8 sweeps b640 is ~2-20ms with tensor cores, so WMMA/mma BF16 Gram+apply GEMMs + a cheap/cheaper inner solve (the non-GEMM 70-95%) + raised occupancy CAN beat eigh. RECOMMENDATION: the direction is worth pouring a tensor-core kernel specialist at (distinct from W1 sign-fn / W4 Householder), but it is NOT a quick win; if the fleet needs a near-term n=512 win, W4's WMMA Householder-tridiag or W1's tensor-core-ized sign solver are likely closer. My committed kernel is a correct, leaderboard-valid starting point for the WMMA optimization. For my next brief: either (a) tensor-core-ize THIS kernel's Gram+apply (continue), or (b) pivot to hardening the structure-router (brief-0 c1d43e1a) onto whichever dense solver wins."
2026-06-27T02:20:49.355012,3,3,N/A,N/A,brief_start,N/A,"Continue your working custom one-sided block-Jacobi (9b3a54f1, passes all 13 shapes) and attack its dominant cost center FIRST in isolation: route the Gram (A^T A block) and apply (rotation) GEMMs — the 70-95% of runtime you profiled — onto Blackwell tensor cores via WMMA/mma.sync in BF16/TF32 with FP32 accumulate (sm_100a, TORCH_CUDA_ARCH_LIST=10.0a), keeping the shift-to-PD trick and FP32 Newton-Schulz finish. Land that single change committed+benchmarked as a clean go/no-go: your FLOP floor says 2-20ms is reachable, so the kernel-time delta from tensor-core GEMMs alone tells you if the thesis holds before touching the coupled inner-2Wx2W-solve / SMEM-occupancy levers. If it moves the needle, then go after the inner solve + smaller panel for occupancy next. Benchmark clean idle min-of-3 (real bar: remote cuSOLVER 49,740us, #1 33,954us). Emit FP32 Q ascending."
2026-06-27T02:58:48.816871,3,3,0,217967.640,succeeded,94e25ddc01ec4e577cdb49bd999bf96368d6726e,"SINGLE-LEVER GO/NO-GO: tensor-core the Gram (B^T B) GEMM of the one-sided block-Jacobi. RESULT = NO net win (decisive signal to stop the multi-day part). Clean back-to-back harness A/B under identical conditions: FP32-SIMT-Gram (iter3) = 191703us; 3xTF32-WMMA-Gram (this commit, passes all 13 shapes) = 217967us -> tensor cores are SLOWER (n=512 solve 4.47s -> 6.23s). ROOT CAUSE: block-Jacobi's per-block-pair GEMMs are tiny 16x16 outputs (PW=16); WMMA's warp-granular fixed 16x16x8 tiles have no throughput edge there, while the FP32-SIMT Gram uses all 256 threads fully. Confirmed fair: tried warp-0-only (1941ms inner=0) AND all-8-warp K-split (2130ms inner=0) tensor-core Gram; both lose to FP32-SIMT (the brief's 2-20ms FLOP-floor assumes LARGE GEMMs, which this kernel does not have). PRECISION SUB-FINDINGS (reusable): BF16 Gram fails (eig 0.08), BF16 W-apply catastrophic (eig 0.78); plain TF32 Gram marginal (clustered needs 24 sweeps vs 10); TF32/BF16 W-apply FATAL (rounds the small off-diagonals being zeroed); 3xTF32 error-corrected Gram (x=hi+lo split, 3 mma) RECOVERS ~FP32 accuracy at 10 sweeps incl clustered; V-accumulator apply MUST stay FP32 (BF16 destroys orthonormality over ~20k rotations). The shift-to-PD trick creates a high-dynamic-range Gram that is hostile to low precision. CONCLUSION: tensor cores are the wrong lever for THIS kernel; the inner 2Wx2W solve (62% of cost) and occupancy are where the time is, but they are not GEMMs. To make tensor cores pay you would need a fundamentally different blocking (large panels), which reintroduces the inner-solve explosion I measured in brief 2."
2026-06-27T02:59:19.233236,3,3,N/A,N/A,brief_stop,N/A,"BRIEF 3 SETTLED. SINGLE-LEVER GO/NO-GO (tensor-core the Gram + apply GEMMs) = decisive NO. Clean back-to-back harness A/B under identical fleet conditions: FP32-SIMT-Gram = 191703us; 3xTF32-WMMA-Gram (committed 94e25ddc, passes all 13 shapes) = 217967us. Tensor cores are SLOWER (n=512 solve 4.47s->6.23s). ROOT CAUSE (the decisive insight): block-Jacobi's per-block-pair GEMMs are TINY 16x16 outputs (PW=16), and WMMA's warp-granular fixed 16x16x8 tiles have zero throughput advantage at that size, whereas the FP32-SIMT Gram saturates all 256 threads. The brief's 2-20ms FLOP floor assumed LARGE GEMMs; this kernel doesn't have them. Verified fair (not a strawman): tested warp-0-only AND all-8-warp-K-split tensor-core Gram -- both lose to FP32-SIMT. The W-apply can't even be lowered: TF32/BF16 there is FATAL (rounds the small off-diagonals being zeroed), and the V accumulator must stay FP32 (BF16 destroys orthonormality over ~20k rotations). REUSABLE SUB-FINDING: 3xTF32 error-correction (operand = hi+lo TF32 split, 3 mma passes, drop lo*lo) recovers ~FP32 Gram accuracy at 10 sweeps including the clustered shape that plain TF32 needs 24 sweeps for -- but it's still net-slower here. The shift-to-PD trick (needed for +/-lambda) makes the Gram high-dynamic-range, hostile to low precision. VERDICT: the multi-day tensor-core kernel push is NOT warranted for this one-sided-Jacobi design -- the 62%-of-cost inner 2Wx2W solve and the occupancy ceiling are the real bottlenecks and they are NOT GEMMs. To make tensor cores pay you'd need fundamentally larger panels, which reintroduces the inner-solve explosion measured in brief 2 (BW=16 fused timed out >10min). RECOMMENDATION: retire the tensor-core-the-Jacobi-GEMMs line. The fleet's near-term n=512 win is more likely W4's WMMA Householder-tridiag (whose back-transform IS a large GEMM) or W1's tensor-core sign solver. For my next brief: I'd pivot to hardening my brief-0 structure-router (c1d43e1a, validated, benchmark-neutral) onto whichever dense solver wins, OR profile the inner-solve to see if a register-resident 2x2-batched inner Jacobi (no SMEM syncs) could cut the 62%."
2026-06-27T03:02:31.683742,3,4,N/A,N/A,brief_start,N/A,"Your go/no-go was decisive: one-sided Jacobi is structurally ceilinged (16x16 block-pair GEMMs too tiny for tensor cores), so retire it. Redeploy your tensor-core + 3xTF32 expertise onto the LARGE-GEMM dense play that W1 is building. Build, as standalone reusable components for the direct two-stage solver, the two large-GEMM pieces where tensor cores DO pay: (1) the eigenvector BACK-TRANSFORM Q = H_1...H_p S applied as one big batched bmm over the full (B,n,n) batch at n=512/1024, and (2) your proven 3xTF32 error-correction GEMM (operand = hi+lo TF32 split, 3 mma passes, drop lo*lo) as a drop-in 'FP32-grade matmul on tensor cores' so these large GEMMs hold the tight orthogonality/eigen gates that plain TF32/BF16 fails. Validate the components in a minimal end-to-end pipeline (your shift-to-PD and Newton-Schulz finish transfer). The goal is a clean, profiled back-transform + FP32-grade-TC-GEMM that W1's two-stage solver adopts via combine. set_float32_matmul_precision where it helps; emit FP32 Q ascending; benchmark clean idle min-of-3."
2026-06-27T03:30:09.473750,3,4,0,124741.762,succeeded,658ada4b44f5378fda6136f58d4723e4295b1d86,"DELIVERED 2 reusable large-GEMM components for the two-stage dense solver (composable via combine), validated end-to-end (passes ALL 39 test shapes; harness geomean 124742us -- the n=512 path runs the back-transform pipeline live). COMPONENT 1 fp32_grade_bmm(A,B): cuBLASLt CUDA-13 BF16x9 FP32 emulation (CUBLAS_COMPUTE_32F_EMULATED_16BFX9, EAGER strategy, +256MB workspace +heuristic algo select -- workspace+algo were the unlock, naive call was no faster). CLEAN MIN-OF-3: n512 b640 BF16x9=1.45ms(relerr 3.2e-7) vs FP32 2.91ms vs TF32 0.33ms => 2.01x faster than FP32 at FP32-GRADE accuracy; n1024 2.32x; n2048 2.59x. COMPONENT 2 back_transform(U,S)=U@S via component1. KEY VALIDATION (the precision-enabler thesis CONFIRMED): a TF32 back-transform Q=U@S FAILS the orthogonality gate at n=512 (||Q^T Q-I||~0.0085 > 0.0061 allowed, scaled 138) because TF32's 3e-4 GEMM error accumulates over the n=512 row reductions; BF16x9 HOLDS it (relerr 3e-7 -> orth scaled 0.78, passes w/ margin). So plain TF32/BF16 is unusable for the back-transform but BF16x9 gives FP32-grade at 2x+ tensor-core speed. NOTE: cuBLASLt must run on the default queue (handle 0) -- the leaderboard bans the 'stream' token (substring-matched), so no getCurrentCUDAStream; +cudaDeviceSynchronize for safety. W1 combines: replace my random-orthogonal reduction stand-in with the real Householder reduction U; the back-transform + fp32_grade_bmm drop straight in."
2026-06-27T03:31:55.852008,3,4,N/A,N/A,brief_stop,N/A,"BRIEF 4 DONE -- delivered 2 reusable, validated, profiled large-GEMM components for W1's two-stage solver (HEAD 658ada4b, passes all 39 shapes, harness 124742us). COMPONENT 1 = fp32_grade_bmm(A,B): a drop-in FP32-grade batched matmul on tensor cores via cuBLASLt's CUDA-13 BF16x9 FP32 emulation (CUBLAS_COMPUTE_32F_EMULATED_16BFX9 + EAGER strategy + 256MB workspace + heuristic algo select -- the workspace+algo selection was the unlock; the naive cublasLtMatmul was no faster than FP32). MEASURED (single clean run): n512 b640 = 1.45ms @ relerr 3.2e-7 vs native FP32 2.91ms => 2.0x; n1024 0.88ms => 2.3x; n2048 0.82ms => 2.6x. Verified general: correct (relerr 1-6e-7) on square AND tall-skinny/wide panel shapes (n x k)*(k x N) that two-stage panel updates need. nsys confirms it runs the cutlass3x_sm100_tensorop_9xbf16gemm + bf16x9 input-scan kernels (real Blackwell BF16 tensor cores). COMPONENT 2 = back_transform(U,S) = U@S through component 1. PRECISION-ENABLER THESIS CONFIRMED: plain TF32 back-transform FAILS the orthogonality gate at n=512 (||Q^T Q-I|| ~0.0085 > 0.0061; TF32's 3e-4 GEMM error accumulates over n=512 reductions); BF16x9 holds it (orth scaled 0.78, passes w/ margin). So BF16x9 is the only viable precision for the dense back-transform on tensor cores -- and it's a library call, not hand-rolled. GOTCHA documented: leaderboard substring-bans 'stream', so cuBLASLt must run on the default queue (handle 0, no getCurrentCUDAStream) + cudaDeviceSynchronize. COMBINE PATH for W1: replace my random-orthogonal-U reduction stand-in with the real Householder reduction (cuSOLVER sorgtr forms explicit U from reflectors, or hand reflectors and I'd add a WY apply); back_transform + fp32_grade_bmm drop straight in, and fp32_grade_bmm should also replace torch.bmm in W1's panel updates wherever TF32 breaks the gates. RECOMMENDATION: this primitive is the precision foundation for the WHOLE dense lineage -- W1/W4 should adopt fp32_grade_bmm for their back-transform and any gate-binding GEMM. My next brief: combine with W1's front-half, or harden the brief-0 structure-router onto the winning solver."
2026-06-27T03:34:02.065951,3,5,N/A,N/A,brief_start,N/A,"Build the tridiagonalization front-half as a standalone component using your BF16x9 fp32_grade_bmm, completing a full component set (front + your back_transform + precision foundation) the two-stage solvers can adopt. Block-Householder reduction of the batch of dense symmetric matrices to tridiagonal form via the WY representation, where each panel's trailing update (I-WYᵀ)A(I-YWᵀ) is a large batched matmul through fp32_grade_bmm — the precision you proved the dense reduction needs (plain TF32 fails the orthogonality gate; BF16x9 holds it). Output the tridiagonal plus the accumulated reflectors/U that back_transform consumes."
2026-06-27T03:56:21.999608,3,5,0,92454.138,succeeded,0c1a5b6b2979ff6c5274cc480217fd7e5953bd0b,"DELIVERED the FRONT-HALF component, completing the full set (front + back_transform + fp32_grade_bmm). tridiagonalize(A): block-Householder (WY) reduction of the batch to tridiagonal; each panel's trailing rank-2b update A22<-A22-VW^T-WV^T is one large batched GEMM via fp32_grade_bmm; returns T + accumulated orthogonal U (A=U T U^T) that back_transform consumes. VALIDATED end-to-end: full two-stage pipeline (tridiag -> cuSOLVER-on-T -> back_transform) PASSES all 39 shapes incl clustered (recon 9e-7, eig 0.04, orth 0.38); harness geomean 92454us. CORRECTNESS was a factor bug initially: unit reflectors H=I-2vv^T need companion W_j=2(A_curr v - (v^T A_curr v)v) and trailing A-VW^T-WV^T (got recon 9e-7 after fixing the factor-2). KEY PERF/PRECISION FINDINGS for W1: (1) the trailing GEMM is only ~11% of front-half cost (91ms of 811ms at b640 NB32); the PANEL FACTORIZATION (serial per-column symv, ~n sequential matrix-vector launches) is ~89% (720ms) and is NOT GEMM-able -- so tensor-coring the trailing update barely helps the front-half (mirrors the baseline sytrd/symv profile and my Jacobi inner-solve finding). My PyTorch tridiag is ~800ms/b640 = ~3.5x slower than cuSOLVER full eigh (225ms) because of this serial panel cost. (2) PRECISION NUANCE: the trailing update does NOT need BF16x9 -- plain TF32 trailing PASSES (recon 4.9e-4) and is FASTER (567ms vs 811ms full) because the trailing shape is skinny-K (K=nb=32) where BF16x9's 3-pass overhead loses to FP32 SIMT; BF16x9 wins only on LARGE-K square GEMMs like the back-transform (K=n=512). So: use fp32_grade_bmm for the BACK-TRANSFORM (orthogonality-binding, large-K), use TF32/FP32 for the skinny-K trailing update. RECOMMENDATION: to make the front-half fast, the panel symv needs a custom kernel OR the modern two-stage dense->band (GEMM-heavy first stage, no full-matrix symv) -- that is the real lever, not the trailing GEMM precision. W1 can drop in tridiagonalize+back_transform now (correct) and optimize the panel separately."
2026-06-27T03:57:38.359153,3,5,N/A,N/A,brief_stop,N/A,"BRIEF 5 DONE -- the FULL COMPONENT SET is now built, validated end-to-end, and profiled (HEAD 0c1a5b6b, passes all 39 shapes). Set: tridiagonalize(A) [front] + back_transform(U,S) + fp32_grade_bmm [precision foundation]. tridiagonalize: block-Householder WY reduction to tridiagonal, each panel's rank-2b trailing update A22<-A22-VW^T-WV^T as one large batched GEMM via fp32_grade_bmm, returns T + accumulated orthogonal U (A=U T U^T). The full two-stage pipeline (tridiag->cuSOLVER-on-T->back_transform) is correct on every shape incl clustered (recon 9e-7, eig 0.04, orth 0.38). TWO DECISIVE FINDINGS for W1 (profile-confirmed): (1) THE TRAILING GEMM IS NOT THE BOTTLENECK -- it is only ~11% of front-half cost (91ms of 811ms b640); the PANEL FACTORIZATION (serial per-column symv, ~n sequential matrix-vector ops -> thousands of tiny elementwise/reduce kernels, 31%+13% of the nsys timeline) is ~89% and is NOT GEMM-able. So tensor-coring the trailing update barely moves the front-half; my PyTorch tridiag is ~800ms/b640 = 3.5x slower than cuSOLVER full eigh (225ms) entirely due to the serial panel symv (same wall I hit with Jacobi's inner-solve and the baseline sytrd/symv profile). (2) PRECISION PLACEMENT: BF16x9/fp32_grade_bmm is ONLY needed for the BACK-TRANSFORM (large-K=n square GEMM, orthogonality-binding -- TF32 fails there). The skinny-K trailing update (K=nb=32) does NOT need it: plain TF32 trailing PASSES (recon 4.9e-4) and is FASTER (567ms vs 811ms) because BF16x9's 3-pass overhead loses to FP32 SIMT at small K. So W1 should: fp32_grade_bmm for the back-transform, TF32/FP32 for the trailing update. RECOMMENDATION: a fast front-half needs either a custom symv/panel kernel or the modern dense->band two-stage (GEMM-heavy first stage avoids the full-matrix symv) -- that, not trailing-GEMM precision, is the lever. W1 can adopt tridiagonalize+back_transform now (correct, composable) and replace the panel internals. My next brief: build the dense->band first stage (genuinely GEMM-heavy, would make the front-half fast), or combine the full set with the fleet's best front-half."
2026-06-27T03:59:14.109195,3,6,N/A,N/A,brief_start,N/A,"Replace the serial-symv-bound panel factorization (you profiled it at ~89% of the front-half, not GEMM-able) with the modern two-stage band reduction. First stage: reduce the dense symmetric batch to BANDED form (bandwidth b) using block-Householder where the reduction is cast as large batched GEMMs (syr2k-style trailing updates and panel applies through fp32_grade_bmm) — this is the genuinely GEMM-heavy, tensor-core-friendly stage that avoids the full-matrix symv. Second stage: reduce band to tridiagonal by bulge chasing, then the tridiagonal eigensolve and back-transform you already have. The first stage is the bottleneck-killer for the whole dense two-stage lineage."
2026-06-27T04:15:47.883989,3,6,0,70492.955,succeeded,b203e1ff3b05ed52b79550cd74975c9c88eed40b,"STAGE-1 dense->band reduction BUILT, VALIDATED, FAST -- the GEMM-heavy bottleneck-killer works. dense_to_band(A,nb): block-Householder reduction to bandwidth nb; per-panel QR + syr2k-style two-sided trailing update A_trail<-A_trail-VW^T-WV^T as large batched GEMMs through fp32_grade_bmm. Returns Band + orthogonal U (A=U Band U^T). CORRECT (recon 1.3e-6, off-band exactly 0, U_orth 2.9e-5). SPEED: ~130ms b640 -- 1.6x FASTER than cuSOLVER's WHOLE eigh (220ms) for just the reduction, vs my brief-5 one-stage tridiag's 811ms (6x faster!). THE KEY UNLOCK: torch.geqrf's batched path is catastrophically slow (1140ms for 8 panels = 142ms/panel!); a HAND-WRITTEN panel QR (geqr2: per-column within the narrow b-wide panel, vectorized over batch) is 11-15x faster (102ms) -- the panel factorization was the bottleneck (same lesson as symv), and beating cuSOLVER's batched primitives by hand-writing the small serial part is the pattern. End-to-end (dense->band + eigh(band) + back_transform) PASSES all 39 shapes; harness 70493us. NOTE: the LIVE benchmark pipeline still uses cuSOLVER eigh on the BAND as a placeholder Stage-2 (it does NOT exploit the band -> band-eigh ~= dense-eigh, so the n=512 path is ~335ms, NOT yet a win). THE REMAINING PIECE for a full win: Stage-2 band->tridiagonal (bulge chasing) + cheap tridiag solve, replacing eigh(band). Stage 1 (130ms) + a fast Stage 2 (<90ms budget) would beat cuSOLVER. PRECISION: dense->band trailing update via fp32_grade_bmm (TF32 likely also OK per brief-5 skinny-K finding, untested here). W1 can drop dense_to_band + back_transform in now."
2026-06-27T04:17:30.903666,3,6,N/A,N/A,brief_stop,N/A,"BRIEF 6 DONE. STAGE-1 dense->band SOLVED (fast, GEMM-heavy, validated -- the named bottleneck-killer); STAGE-2 band->tridiag is the new wall and needs a custom kernel. STAGE 1 (committed b203e1ff): dense_to_band(A,nb) reduces the batch to bandwidth nb via per-panel QR + syr2k two-sided trailing update (large batched GEMMs through fp32_grade_bmm); returns Band + orthogonal U (A=U Band U^T). CORRECT (recon 1.3e-6, off-band 0). FAST: ~130ms b640 = 1.6x faster than cuSOLVER's WHOLE eigh (220ms) for just the reduction, and 6x faster than my brief-5 one-stage tridiag (811ms). THE UNLOCK: torch.geqrf batched is 15x too slow (142ms/panel); a hand-written panel QR (geqr2 per-column within the narrow panel, vectorized over batch) is 11-15x faster -- the panel factorization was the bottleneck and hand-writing the small serial part beats cuSOLVER's batched primitive (same lesson as symv). End-to-end (dense->band + eigh(band) + back_transform) PASSES all 39 shapes (harness 70493us). DECISIVE STAGE-2 FINDING: band->tridiagonal bulge chasing is NOT viable in PyTorch -- even an UNCORRECTED single-reflector-per-column sweep is ~1900ms b640 (510 sequential reflector applies; a CORRECT bulge chase needs ~n/bw MORE reflectors per column, even slower). The bottleneck just MOVED from one-stage's panel-symv to two-stage's bulge-chasing -- both are irreducibly serial-per-step and PyTorch-slow. AND cuSOLVER exposes NO band primitive (no sbtrd/stev/steqr in this dense API) to offload Stage 2 to. So the two-stage cannot beat cuSOLVER's full eigh in pure PyTorch: cuSOLVER wins because BOTH its stages are fused optimized kernels; I can make Stage 1 fast (GEMM) but Stage 2 (bulge chasing) requires a custom CUDA kernel. NET ASSESSMENT of the whole dense lineage: beating cuSOLVER on B200 dense eigh requires custom kernels for the serial reduction step (panel-symv OR bulge-chasing) -- no pure-PyTorch/library composition does it. My reusable assets stand: fp32_grade_bmm (FP32-grade TC GEMM, the precision foundation), back_transform, dense_to_band (fast Stage 1). RECOMMENDATION: a full win needs a custom bulge-chasing kernel for Stage 2 (multi-day), OR accept cuSOLVER as the dense floor and harden my brief-0 structure-router for the structured/mixed benchmark shapes. For my next brief: custom bulge-chasing Stage-2 kernel, or pivot to the structure-router."
2026-06-27T04:24:34.765466,3,7,N/A,N/A,brief_start,N/A,"Accelerate W4's correct QDWH eigensolver (a0742007: validates all 39 shapes, 145778us — the closest correct custom solver to cuSOLVER, GEMM-dominated) by fusing in your BF16x9 tensor-core GEMM components (b203e1ff). Route QDWH's GEMM-heavy work — the QDWH sign iterations (Cholesky-route XᵀX and the X·W⁻¹ applies), the projector subspace-iteration, and the Rayleigh-Ritz M=VᵀAV — through fp32_grade_bmm so they run on Blackwell tensor cores at FP32-grade accuracy instead of SIMT FP32, with precision placement per your finding (BF16x9 where the gate binds, plain bf16/TF32 on the skinny GEMMs). W4 notes the cuSOLVER leaf-eigh (~38% at n=512) is its ceiling; your tensor-core GEMMs attack the other ~62% the sign/Ritz path spends."
2026-06-27T04:49:24.202271,3,7,0,132858.051,succeeded,bf8bee0dc03efc484aaccaa6727c8bc03c0433c2,"COMBINE iter1: W4 QDWH (a0742007) + my fp32_grade_bmm components. KEY FINDING that redirects the brief: profiling W4's QDWH showed the GEMMs are ALREADY tiny/fast on TF32 (XtX-bmm 0.29ms, subspace F@Vv 0.26ms, Ritz M=VtAV 0.5ms); the sign cost (~100ms/n512) is ~95% the cuSOLVER CHOLESKY (3.95ms) + 2 TRIANGULAR SOLVES (10ms) per iter -- NOT GEMMs. So routing existing GEMMs through BF16x9 fp32_grade_bmm does nothing (and BF16x9 is SLOWER for QDWH's many medium GEMMs: NS-inv(8) bf16x9=45ms vs TF32=20ms). THE ACTUAL WIN: replace the Cholesky+trisolve sign step X(I+cX^TX)^-1 with GEMM-ONLY Newton-Schulz matrix inversion (Y0=G^T/(||G||_1||G||_inf), Y<-Y(2I-GY), 6 iters, rel-err 7e-4 vs Cholesky -- inside the loose gates) on TF32 tensor cores: 1.4x faster per QDWH iter (20ms vs 28.7ms). CLEAN A/B (back-to-back, same conditions): W4 parent Cholesky=147462us vs my NS-inv=132858us = 9.9% faster geomean; n512 shape 447->413ms, n1024 287->264ms. Validates all 39 shapes. fp32_grade_bmm + back_transform components are integrated and available. Next: tune inv_iters, and check if the leaf-eigh (~90ms, 2x45) or subspace can shrink."
2026-06-27T04:52:30.567074,3,7,1,129389.530,succeeded,985a0ba804cb58b18ca50e4473a678221bab2986,"COMBINE iter2: NS-inversion inv_iters 6->4 (the GEMM-only sign inversion converges enough at 4 NS steps for the loose gates). Validates all 39 shapes. geomean 129390us (vs 132858 at inv_iters=6, vs W4 parent 147462) = 12.3% faster than W4 parent. n512 shape 398ms (was 447 W4), n1024 256ms (was 287)."
2026-06-27T04:59:58.800638,3,7,2,124486.129,succeeded,5fa67696f60578456261709ab84788839b5b88e6,"COMBINE iter3: reduce the subspace-iteration convergence budget (power 4->3, _ns_orthonormalize iters 8->6) -- the loose eigh gates + oversampled containment tolerate fewer GEMM-only iters. Validates all 39 shapes. geomean 124486us, n512 378ms n1024 247ms. Cumulative vs W4 parent (147462): 15.6% faster, all from (a) GEMM-only TF32 Newton-Schulz inversion replacing the sign's cuSOLVER Cholesky+trisolve [the real win; the GEMMs were already TF32-fast so BF16x9 did nothing], (b) inv_iters 6->4, (c) subspace budget cut. Remaining costs n512: leaf-eigh 90ms (2x cuSOLVER, W4 ceiling), sign ~50ms, subspace ~40ms now, plus cleanup/back-transform/check ~190ms diffuse."
2026-06-27T05:06:17.161462,3,7,3,124486.129,succeeded,5fa67696f60578456261709ab84788839b5b88e6,"DECISIVE FINDING (re-measured, changes the QDWH assessment): W4's QDWH does NOT produce usable eigendecompositions on the n=512 benchmark -- it ALWAYS falls back to cuSOLVER. Measured the robustness-check fallback rate = 100% on dense/mixed/clustered/rankdef/lapack n=512 (640/640 each). QDWH's actual scaled eigen-residual is ~10,000-20,000 (gate is 200) and orth ~6.4-6.9 (gate 0.0061) -- ~50-100x over, far outside the FP32 NS-cleanup basin. So W4's 'QDWH solver' is really cuSOLVER + ~179ms/n512 of WASTED QDWH-core overhead; it 'validates 39/39' only because the fallback is cuSOLVER. CLEAN A/B confirms: plain torch.linalg.eigh = 54196us geomean vs my QDWH-opt = 124486us -- plain cuSOLVER is 2.3x FASTER (the QDWH overhead more than doubles the time). IMPLICATION: the combine CANNOT win -- the GEMMs were never the issue (already TF32-tiny; BF16x9 did nothing), and the QDWH output is discarded regardless of GEMM speed. My optimizations (GEMM-only NS-inversion replacing Cholesky/trisolve, inv_iters 6->4, subspace budget cut) genuinely reduced the wasted overhead 15.6% (147462->124486) but cannot beat cuSOLVER because depth=1 oversampled-containment QDWH is algorithmically inaccurate for these matrices. RECOMMENDATION: the QDWH lineage is a dead end vs cuSOLVER on this benchmark; W4 should either fix QDWH accuracy (deeper recursion / accurate sign / true median shift -- but depth=2 was measured worse) or it's strictly dominated by plain cuSOLVER. My reusable components (fp32_grade_bmm, dense_to_band, back_transform) remain valuable ONLY for a front-half that actually converges."
2026-06-27T05:06:53.543727,3,7,N/A,N/A,brief_stop,N/A,"BRIEF 7 (combine W4-QDWH + my components) DONE. Two outcomes: (A) a REAL 15.6% acceleration of W4's QDWH lineage (parent 147462 -> 124486, validates 39/39, committed 5fa67696), and (B) a DECISIVE finding that the QDWH lineage is dominated by plain cuSOLVER. (A) HOW: I profiled and found W4's GEMMs are ALREADY TF32-tiny (XtX 0.29ms, F@Vv 0.26ms, Ritz 0.5ms) -- so routing them through my BF16x9 fp32_grade_bmm does NOTHING (and BF16x9 is even SLOWER for QDWH's many medium GEMMs). The sign's real cost (~100ms/n512) is ~95% cuSOLVER CHOLESKY+2 TRISOLVES, not GEMM. The win: replace that with GEMM-ONLY TF32 Newton-Schulz matrix inversion (Y<-Y(2I-GY), Y0=G^T/(||G||_1||G||_inf)) -- 1.4x faster, rel-err 7e-4 (inside gates); + inv_iters 6->4 + subspace budget cut (power 4->3, NS-orth 8->6). (B) DECISIVE: the robustness check falls back to cuSOLVER on 100% of n=512 benchmark matrices (640/640 every shape) because QDWH's output is garbage -- scaled eigen-residual ~10,000-20,000 (gate 200), orth ~6.4 (gate 0.0061), far outside the NS-cleanup basin. So W4's 'QDWH solver' is really cuSOLVER + ~179ms/n512 wasted QDWH overhead; it 'validates 39/39' ONLY via the fallback. CLEAN A/B: plain torch.linalg.eigh = 54196us vs QDWH-path = 124486us -> plain cuSOLVER is 2.3x FASTER. The combine cannot win: the GEMMs were never the bottleneck and the QDWH result is discarded regardless of GEMM speed; QDWH is algorithmically inaccurate at depth=1 oversampled-containment for these matrices (and W4 found depth=2 worse). RECOMMENDATION: QDWH is strictly dominated by plain cuSOLVER on this benchmark -- either W4 must fix QDWH's accuracy (true median-shift bisection + accurate sign + real recursion to small leaves) so its output is actually USED, or the lineage should be retired in favor of cuSOLVER. My components (fp32_grade_bmm, dense_to_band, back_transform) remain banked for any front-half that actually converges. NET RUN ASSESSMENT across all my briefs: every custom dense approach (Jacobi, spectral-split, two-stage, QDWH) is beaten by cuSOLVER's fused kernels in PyTorch because the irreducibly-serial reduction step dominates; a real win needs custom CUDA for that serial step. For my next brief: harden the brief-0 structure-router onto plain cuSOLVER for the structured/mixed shapes, or a custom serial-reduction kernel."
2026-06-27T05:13:49.650856,3,8,N/A,N/A,brief_start,N/A,"You own the fast dense_to_band Stage-1 (130ms, GEMM-heavy, validated); the whole fleet now agrees the only way to beat cuSOLVER is a custom CUDA kernel for the irreducible serial reduction step. Build the band->tridiagonal BULGE-CHASING kernel that completes your two-stage: it is serial WITHIN a matrix but embarrassingly parallel ACROSS the batch, so one threadblock per matrix chases the bulge down the band in registers/SMEM (the band of bandwidth nb fits: nb*n elements), in ONE launch over the whole batch — no Python loop, no per-step kernel launch. Feed the resulting tridiagonal to a cheap eigensolve and your back_transform. This is the serial-reduction-as-custom-kernel the run has identified as the requirement to beat cuSOLVER's fused path."
2026-06-27T06:21:17.364803,3,8,0,110307.481,succeeded,e054d574eb85044a2f5ffe3d10b7d060b82ceaba,"iter0: STAGE-2 band->tridiag bulge-chase custom CUDA kernel, CORRECT. One threadblock per matrix, Householder bulge-chase in SMEM (band n*(2nb+1) fits 228KB opt-in), single launch over batch. LARFY symmetric similarity A<-HAH in band coords (matvec reads full symmetric band so the off-band carry is captured automatically; the K=(tau/2)v^T p factor and NOT manually setting the annihilated column were the 2 correctness fixes). Q2 accumulated in global. Validates all 39 shapes (n512 custom path: recon 1.5e-6, eigval 6.7e-6, orth 0.65 vs gate 1.0). Benchmark 110307us = regression vs parent 70387 (correct-but-slow first cut: n512 ~1.06s each)."
2026-06-27T06:21:17.400557,3,8,1,95180.204,succeeded,f41dbc35bec19c2c8095957cfd9b648c89238e34,iter1: coalesce Q2 (store column-major per matrix so the reflector right-multiply has consecutive-row coalesced global access). Validates (recon 1.1e-6). Benchmark 95180us (was 110307); n512 1.06s->720ms. Profiled: band_to_tridiag_kernel=71.9% of n512 path; eigh(T)+laed cluster ~10%.
2026-06-27T06:21:31.115334,3,8,2,92681.979,succeeded,ea695d55177106971dc1ec7601890924d3c70af6,iter2: nb=16 + accum_q2 diagnostic flag. DIAGNOSIS (standalone b640 n512): kernel+Q2=444ms vs kernel-noQ2=127ms (nb32) => Q2 accumulation is ~70% of kernel; band-update alone 67ms(nb16)/127ms(nb32). dense_to_band Stage-1 alone=228ms standalone (already > cuSOLVER whole eigh 171ms dense / 191ms band). Full custom pipeline 730ms standalone. Validates all 39. Benchmark 92682us (best; nb16).
2026-06-27T06:21:31.162539,3,8,3,92783.442,succeeded,682cb2570abb5821fbb16d764ae59331da764853,"iter3: expose threads knob; structured sweep => threads=256 fastest+correct (64=739ms,128=473ms,256=297ms standalone nb16+Q2; 64/128 slower because Q2's 512-row loop serializes per thread). ncu of the kernel: LATENCY-BOUND -- 33% achieved occupancy, 17% mem / 18% compute throughput (NEITHER BW- nor compute-bound); the serial Householder chain (~8000 reflectors at nb16, sync-heavy) underutilizes the SM (8/24 warps active; Block Limit Shared Mem=3). Live path nb=16/th=256 = iter2. Benchmark 92783us (=iter2 within noise)."
2026-06-27T06:23:09.023755,3,8,N/A,N/A,brief_stop,N/A,"BRIEF 8 DONE -- DELIVERED the band->tridiagonal BULGE-CHASING custom CUDA kernel (HEAD 682cb25, validates ALL 39 shapes). band_to_tridiag_kernel: ONE threadblock per matrix, Householder bulge-chase (MAGMA hb2st/SBR dsbrdt style) entirely in SMEM (lower band n*(2nb+1) floats, ~73KB at nb=16, fits the 228KB opt-in), SINGLE launch over the whole batch -- no Python loop, no per-step relaunch. The LARFY symmetric similarity A<-HAH is applied in band coordinates: the matvec p=tau*A*v reads the FULL symmetric band so the off-band 'carry' fill is captured automatically (no separate type2/type3 bookkeeping). It produces tridiagonal (d,e) + the Stage-2 orthogonal Q2 (band=Q2 T Q2^T, stored column-major for coalesced reflector apply). 2 correctness fixes were decisive: K=(tau/2)v^T p MUST carry the tau factor, and the annihilated column must NOT be set manually (the symmetric update produces it; manual set double-applies). End-to-end (dense_to_band -> band_to_tridiag -> eigh(T) -> back_transform) PASSES all 39 (n512 custom path recon 1.5e-6, eigval 6.7e-6, orth 0.65 vs gate 1.0). PROGRESSION: iter0 110307us (correct, slow), iter1 95180 (coalesce Q2), iter2/3 92682-92783 (nb=16, threads=256). DECISIVE NEGATIVE on beating cuSOLVER (built+measured, not reasoned): the full two-stage pipeline is a REGRESSION vs parent (70387) and vs plain cuSOLVER (~54000 clean). THREE quantified walls: (1) KERNEL is LATENCY-BOUND -- ncu shows 33% occupancy, 17% mem/18% compute throughput (NEITHER BW- nor compute-bound); the serial Householder chain (~8000 reflectors at nb16, sync-heavy) underutilizes the SM. (2) Q2 ACCUMULATION is ~70% of kernel time (standalone b640 n512: kernel+Q2=297ms vs band-update-only=67ms at nb16/th256); accumulating Q2 element-wise in global is n^3/2 traffic per matrix and is the dominant cost -- it needs a GEMM/WY-blocked back-transform (cuSOLVER's ormtr equivalent) to be fast, a large rewrite. (3) THE FATAL CEILING: dense_to_band (Stage-1) ALONE is ~228ms standalone (>cuSOLVER's WHOLE eigh, 171ms dense / 191ms band), so EVEN A FREE STAGE-2 cannot make the two-stage beat cuSOLVER. The parent two-stage (dense_to_band + cuSOLVER eigh(band)) is itself already 2x slower than plain cuSOLVER on n512 (~335ms vs 171ms) -- my custom Stage-2 only adds cost. ASSESSMENT: the bulge-chase kernel is correct, fast-in-principle (band-update 67ms), and the named deliverable is complete, but the two-stage-from-scratch lineage on B200 cannot beat cuSOLVER's fully-fused syevd because (a) Stage-1 already exceeds the full budget and (b) the eigenvector back-transform is irreducibly O(n^3) and I do it as scalar SMEM/global ops, not tensor-core GEMMs. cuSOLVER wins because ALL its stages are fused + its back-transform is optimized ormtr GEMMs. REMAINING LEVERS if the manager wants to push the kernel (none beat cuSOLVER): windowed-SMEM band (stream the band, keep only ~4b active rows -> ~8x less SMEM -> 20+ blocks/SM -> raise the 33% occupancy), and a GEMM/WY back-transform for Q2. Banked assets intact: fp32_grade_bmm, back_transform, dense_to_band, AND now band_to_tridiag (correct, composable). RECOMMENDATION: the dense custom-kernel lineage is exhausted vs cuSOLVER; for my next brief I'd HARDEN the brief-0 per-matrix structure-router (c1d43e1a, validated, benchmark-neutral) onto plain cuSOLVER to win the structured/diagonal NON-benchmark-but-tested shapes, OR accept cuSOLVER as the dense floor for this benchmark."
2026-06-27T06:56:39.585086,3,9,N/A,N/A,brief_start,N/A,"Combine your full custom band two-stage (682cb257: dense_to_band + band_to_tridiag kernels, both validated) with W2's batched tridiagonal-only eigensolver (6751b97d, ~15ms) — feed your tridiagonal (d,e) straight into W2's solver instead of any re-tridiagonalizing eigh, then your back_transform. Also fix the two walls you measured: replace the element-wise Q2 accumulation (you found it ~70% of the bulge-chase kernel, n^3/2 global traffic) with a GEMM/WY back-transform through your fp32_grade_bmm, and use the windowed-SMEM band streaming you proposed to raise the 33% occupancy. This is the band-route two-stage with every stage custom+fused — distinct from W5's panel-route combine; both race to beat cuSOLVER on n512."
2026-06-27T08:09:31.721913,3,9,0,92085.491,succeeded,edeb189ebbafce425b9d3dffd8c87e91f43d1feb,"FINAL combine (HEAD edeb189): band two-stage + W2 tridiagonal solver. Feeds my (d,e) into W2's tri_eig (bisection+inverse-iteration, ONE launch) replacing cuSOLVER eigh(T); rank-deficiency-routed collapse handling (cholesky_ex on S2 Gram) sends only truly-degenerate clusters (clustered/rankdef) to cuSOLVER while dense/lapack_dense keep the fast tri_eig; CholeskyQR2 final orthonormalization. Validates 39/39, benchmark 92085us. Profile-confirmed the combine WIN: cuSOLVER eigh(T) D&C cluster (sytrd4+symv+gemv+laed, ~25% of parent n512) ELIMINATED, replaced by tri_eig at 3.4%/17ms."
2026-06-27T08:10:29.798707,3,9,N/A,N/A,brief_stop,N/A,"BRIEF 9 (COMBINE band two-stage + W2 tridiagonal solver) DONE. HEAD=edeb189, validates 39/39, benchmark 92085us (marginally beats parent 92783; W2 parent was 921984 dominated by its placeholder tridiag). THE COMBINE WORKS and is profile-verified: feeding my band-route tridiagonal (d,e) straight into W2's tri_eig (bisection-Sturm eigenvalues + Thomas inverse-iteration eigenvectors, ONE launch) ELIMINATED the cuSOLVER eigh(T) divide-and-conquer cluster that was ~25% of the parent n512 path (sytrd4_cta+cuds_symv+gemvx+laed3/laed4 are GONE from the final profile); tri_eig is now just 3.4%/17ms. Two combine sub-problems solved: (1) W2's in-kernel cluster refinement (thread-0-serial Thomas re-solve) EXPLODES on the benchmark clustered/rankdef spectra (~170-eigenvalue degenerate cluster -> 3043ms) -- I disabled it (cluster_sweeps=0) and route ONLY truly-collapsed matrices (detected by cholesky_ex info!=0 on S2's fp32_grade_bmm Gram, NOT gap-counting which mis-flagged the dense cond2 spectrum 640/640) to cuSOLVER eigh(T); dense/lapack_dense (well-separated) keep the fast tri_eig at 0/640 routed. (2) Final orthonormalization via CholeskyQR2 (fp32_grade_bmm Gram + cuSOLVER chol + trsm) -- fully re-orthonormalizes near-degenerate columns, holds the orthogonality gate (orth 1e-5). DECISIVE NEGATIVE on the TWO named walls (Q2 GEMM back-transform + windowed-SMEM occupancy), all BUILT+MEASURED not reasoned: I replaced the element-wise Q2 accumulation with reflector storage (made band_to_tridiag 351->73ms, nearly free) then tried THREE back-transform applications: (a) a column-windowed custom kernel (SMEM-resident column tile) = 495ms -- the 2KB/column SMEM caps occupancy at ~5%, so the serial 8384-reflector-per-column chain is latency-bound and unhidden; (b) a per-sweep commuting-bulge WY-GEMM in host (bulges within a sweep sit on DISJOINT row blocks so they commute -> one block reflector/sweep via fp32_grade_bmm) = 702ms -- 510 sequential small-GEMM launches + per-sweep 43MB alloc are launch/overhead-bound; BOTH are SLOWER than the original O(n^3)-traffic Q2 element-wise accumulation (222ms), whose 256-thread/3-blocks-per-SM design hides latency better. The O(n^2)-traffic win is real but every non-fused application is occupancy- or launch-bound. To beat 222ms needs a FUSED in-kernel WY-GEMM (MAGMA dbulge_back style: WY-blocked reflector panels applied via in-kernel tensor-core GEMMs) -- a multi-day kernel, exactly my brief-8 prediction. chol_qr2 iters 1==2 (free, not a cost); nb=16 optimal (nb=32 657ms). THE FUNDAMENTAL CEILING (clean A/B, back-to-back, idle GPU): my combine n512 b640 dense = 555ms = 3.25x SLOWER than plain cuSOLVER eigh (171ms). The band-route two-stage CANNOT beat cuSOLVER because (i) dense_to_band Stage-1 ALONE is ~228ms > cuSOLVER's WHOLE eigh, and (ii) band_to_tridiag Q2 back-transform is 222ms; even a perfect Q2->20ms leaves ~350ms = 2x cuSOLVER. The combine only beats the PARENT (which had the extra eigh(T) D&C); it does NOT beat plain cuSOLVER, so it cannot improve the benchmark geomean over the plain-cuSOLVER baseline (the custom path only runs on the 5 n512 shapes; the other 8 are plain cuSOLVER). RECOMMENDATION: the band-route two-stage lineage is exhausted vs cuSOLVER on B200 -- BOTH stages exceed budget. W2's tri_eig is genuinely excellent (15-17ms, 12-37x faster than cuSOLVER on the tridiagonal) and is the one reusable win; it only pays if paired with a tridiagonalization FASTER than cuSOLVER's fused sytrd, which neither the band route (Stage-1 too slow) nor the panel route has achieved. The reusable bank stands: fp32_grade_bmm, dense_to_band, band_to_tridiag(+reflector store), W2's tri_eig, chol_qr2, the rank-deficiency cluster router. For my next brief: either accept cuSOLVER as the dense floor and harden the structure-router for the structured/diagonal NON-benchmark-but-tested shapes, OR a FUSED WY bulge-back kernel if the manager wants to push the band route to its true floor (still won't beat cuSOLVER per the Stage-1 ceiling)."
2026-06-27T08:17:18.634031,3,10,N/A,N/A,brief_start,N/A,"The leaderboard #1 beats cuSOLVER 1.46x on the SAME current benchmark (not stale) — the gap lives on n=512 b640 and n=1024 b60, and the lever is the LOW-BIT APPROXIMATE path the task.yml spec explicitly invites ('FP16/FP8/NVFP4 internal work allowed; residuals gated normwise in FP64, not elementwise'). The gates are loose (eigen 200*n*eps, recon 400*n*eps, orth 100*n*eps relative to ||A||_1). Build an APPROXIMATE eigensolver for n=512 dense that does LESS work than cuSOLVER: tensor-core FP16/BF16 throughout the reduction/iteration with a cheap FP32 Newton-Schulz orthonormalization + Rayleigh-quotient L cleanup to pass the gates. The point is not a faster exact solver (proven impossible vs cuSOLVER) but an approximate one that exploits the loose tolerance + tensor cores to undercut cuSOLVER's exact FP32 work. Route by shape; n=512 to the approximate kernel."
2026-06-27T08:44:39.159580,3,10,0,55521.249,succeeded,1048ba0950174db29f29f26a8e643b6e13e5e731,"iter0: validate BF16-guess + Newton-Schulz-only cleanup. CONFIRMED: BF16 eigenbasis + 3 NS orthonorm steps + Rayleigh L PASSES all 5 n=512 shapes; BF16 guess alone nearly clears eigen/recon (53/68 vs 200/400), only orth (777>100) fails, NS fixes to 16.2. Cleanup ~5ms/b640 vs cuSOLVER 171ms (free). Ogita-Aishima UNNECESSARY + its gap-division blows up (1e34) on near-degenerate spectra, dropped. Generator still cuSOLVER so benchmark 55521us is a regression (cuSOLVER+cleanup); the whole budget is now a fast tensor-core BF16 generator."
2026-06-27T09:02:25.799991,3,10,1,68104.996,succeeded,398eed978a40eaae2462cb0f4c62e41ea2828f89,"iter1: GEMM-only depth-1 spectral D&C generator. DECISIVE NEGATIVE (regression 68105us, validates via fallback). Rigorously isolated with EXACT projectors: GEMM-only spectral D&C cannot produce a complete 256-dim orthonormal invariant-subspace basis -- the rank-boundary eigenvector (closest to split) is numerically RANK-DEFICIENT in any random probe P@Omega, so NS-orth STALLS (orth_err 0.44-0.94 even w/ exact sign+8iters+power-iter), Cholesky-QR2 FAILS not-PD at K=256 (works K=250 but drops 6 boundary vecs, resid 0.123), Gram-eigh randSVD BLOWS UP (1e15, 256th sing val ~0). Distinct from brief-1's leak; holds even w/ perfect sign. KEY LEVER: cuSOLVER eigh SUPER-LINEAR in n (n512 b640=171ms, n256=86, n128=15, n64=9.5) so a robust small-leaf split wins big -- but GEMM-only orthonormalization of the exact-rank subspace is the blocker (custom kernel or QR=1285ms needed). Cleanup works ONLY from near-orthonormal start."
2026-06-27T09:13:27.285459,3,10,2,55467.257,succeeded,a052264b6f664ee8c1a375130aa11abc29f98298,"iter2: clean validated CLEANUP pipeline (reusable combine asset). Strips iter1's fragile spectral generator; keeps the GEMM-only cleanup (near-orthonormal guess + Newton-Schulz orthonorm + Rayleigh L) that PASSES all 5 n=512 shapes from a BF16 guess at ~5ms/b640 (cuSOLVER 171ms). n=512 = cuSOLVER-generator + cleanup = 55467us (slight regression, generator still cuSOLVER). 3 decisive findings documented: (1) cuSOLVER eigh SUPER-LINEAR in n on B200 (n512=171ms,n256=86,n128=15,n64=9.5) so D&C to small leaves WOULD win ~1.7x/~5x; (2) depth-1 split+RR+cleanup PASSES w/ EXACT bases (eig 8.6, BF16 47.7<200); (3) BLOCKER = robust GEMM-only orthonormalization of exact-rank invariant subspace -- rank-boundary eigenvector rank-deficient in any random probe, NS-orth diverges/CholQR2 not-PD/Gram-randSVD blows up even w/ exact sign. Unlock = rank-revealing QR custom kernel (CholQR2 fast 7.9ms but can't rank-reveal)."
2026-06-27T09:14:24.628667,3,10,N/A,N/A,brief_stop,N/A,"BRIEF 10 (approximate tensor-core n=512 eigensolver) DONE. HEAD=a052264b, validates 39/39, benchmark 55467us (slight regression vs ~54k clean baseline). I did NOT beat cuSOLVER, but I produced a precise, rigorously-evidenced map of exactly what blocks it and the exact unlock. THREE built+measured findings:

(1) THE CLEANUP IS SOLVED AND FREE (the brief's core thesis, CONFIRMED). A near-orthonormal approximate eigenbasis + 3 Newton-Schulz orthonormalization steps + Rayleigh-quotient L PASSES all 5 n=512 benchmark shapes from a BF16-accurate guess, costing ~5ms for the whole b=640 batch vs cuSOLVER's 171ms. The BF16 guess alone nearly clears eigen/recon (scaled 53/68 vs gates 200/400); only orthogonality (777>100) fails and NS fixes it to 16. Ogita-Aishima refinement is UNNECESSARY and its eigenvalue-gap division BLOWS UP (1e34) on near-degenerate spectra, so dropped. NS-orth converges ONLY from a near-orthonormal start. So the WHOLE budget is the GENERATOR; the cleanup (committed as the reusable _finalize at HEAD) drops into any combine.

(2) THE KEY LEVER: cuSOLVER eigh is SUPER-LINEAR in n on B200 (clean min-of-3: n=512 b640=171ms, n=256 b1280=86ms, n=128 b2560=15ms, n=64 b5120=9.5ms; sign 12-bmm=8ms). So a divide-and-conquer to SMALL cuSOLVER leaves WOULD win big: depth-1 (2x n=256 leaves)~=100ms=1.7x; depth-2 (4x n=128)~=35ms=4.9x. And a depth-1 spectral split + Rayleigh-Ritz + my cleanup PASSES the gates when given EXACT orthonormal invariant-subspace bases (dense eig 8.6, BF16-degraded 47.7<200) -- the ALGORITHM IS SOUND.

(3) THE SINGLE BLOCKER (rigorously isolated, holds even with an EXACT sign from true eigh): robustly ORTHONORMALIZING the exact-rank invariant subspace via GEMM-only ops is IMPOSSIBLE. The rank-boundary eigenvector (eigenvalue closest to the split sigma) is numerically RANK-DEFICIENT in any random projector probe P@Omega, so EVERY GEMM-only orthonormalizer fails: Newton-Schulz DIVERGES (orth_err 0.44-0.94, then cleanup blows it to 1e5), Cholesky-QR2 is not-PD at K=rank (works at K<rank but then DROPS ~6 boundary eigenvectors per side, eig 0.123), Gram-eigh randSVD blows up (1e15, the rank-th singular value ~0), eps-complement-mixing and deflated-complement-leaf both fail not-PD. This is DISTINCT from brief-1's spectral-leak (that was >=2-split subspace mixing; this is a depth-1 orthonormalization obstruction) and is FUNDAMENTAL, not an implementation bug.

THE UNLOCK (precise, actionable): a fast RANK-REVEALING orthonormalization of a 512x256 tall panel as a custom CUDA kernel -- one threadblock per matrix, Householder-QR (or rank-revealing CholeskyQR) of the panel in SMEM, single launch over the batch. NB: CholeskyQR2 itself is already FAST (7.9ms for 512x250 b640 -- the GEMM XtX=0.4ms + chol 250=1.5ms + trsm=2.5ms; torch.linalg.qr is 663ms, unusable); the ONLY thing missing is rank-revelation at the boundary. With that kernel: sign(8ms)+2 CholeskyQR(16ms)+RR-eigh-2x256(86ms)+back-transform GEMMs(~5ms)+cleanup(5ms) ~= 120ms < 171ms = a real ~1.4x win at depth-1, and recursing to depth-2 leaves targets ~5x. My banked fp32_grade_bmm/back_transform/dense_to_band assets compose into this. RECOMMENDATIONS for next briefs: (a) ME or W4/W5: build the custom rank-revealing-QR kernel for the 512x256 panel (the named unlock); (b) ALTERNATIVELY split at a sigma in a spectral GAP (no eigenvalue near the boundary -> standard CholeskyQR2 suffices, no rank-revelation needed) -- needs a cheap gap finder; (c) the cleanup _finalize at HEAD is ready to drop into whichever generator clears the gate. If no custom-kernel appetite, cuSOLVER remains the dense floor and the structured shapes (W4's lane) are the only remaining geomean lever."
2026-06-27T09:17:21.903122,3,11,N/A,N/A,brief_start,N/A,"Build the full winning solver you just specified: spectral divide-and-conquer to small cuSOLVER leaves, exploiting cuSOLVER's measured super-linear cost (eigh(256) is 6x cheaper per matrix than eigh(512), so 2x eigh(256) ~3x cheaper than eigh(512)). Per matrix: compute the matrix sign of A-sigma*I to form the two ~n/2 invariant subspaces, choosing sigma in a SPECTRAL GAP (a histogram/median-with-gap pick) so the boundary is non-degenerate and your already-fast CholeskyQR2 (7.9ms) orthonormalizes cleanly — avoiding the rank-boundary degeneracy. Solve each ~256 leaf with cuSOLVER XsyevBatched, assemble via your back_transform GEMMs, finish with your proven 3-step Newton-Schulz + Rayleigh-quotient cleanup (the cleanup is SOLVED and ~5ms). Recurse to depth-2 (~128 leaves) where the spectrum has gaps for ~5x. Flat/no-gap spectra (lapack-dense-even) fall back to cuSOLVER. Route n=512/1024. Your fp32_grade_bmm/back_transform/_finalize assets compose directly."
2026-06-27T10:24:25.252658,3,11,N/A,N/A,brief_stop,N/A,"BRIEF 11 RETIRED (manager: oracle-disproven, commits 956a9ea93/f3c4daaca -- even a perfect projector loses on speed AND the eigen gate). My independent build CONFIRMS dead, with three decisive measured findings. HEAD=da518214 (validates 39/39, geomean 57619us, ~4% ABOVE parent 55467 -- a regression). (1) I BUILT the full gap-split solver correctly: cheap Lanczos gap-probe + dominance/spread profit gate (rejects clustered=cheap-full-eigh and dense/lapeven=no-gap), per-matrix sigma at the largest gap, Cholesky-Rayleigh-Ritz leaves with EXACT-width unique-kp grouping (no null-space, no oversample -> sidesteps the brief-10 orthonormalization blocker cleanly), + the proven Newton-Schulz/Rayleigh _finalize. It engages rankdef/nearrank correctly (sigma~0.056 in the [0,0.1] gap, kp=384 verified). (2) DECISIVE NEGATIVE on the leaf premise: I wrote a cusolverDnXsyevBatched custom load_inline op and benchmarked it vs torch.linalg.eigh at n=256/384 -- IDENTICAL timing (47.2 vs 47.3ms) and IDENTICAL eigenvalues. torch.eigh ALREADY uses the same batched cuSOLVER path; there is NO faster batched leaf. The brief's XsyevBatched hope is disproven. (3) The super-linearity is real (eigh(256)x2=88ms vs eigh(512)=191ms=2.17x balanced; rankdef 384+128 leaves=100ms vs full 166ms=1.66x) BUT it cannot net-win because: high-value dense/lapeven (the geomean drivers) are spread spectra with NO gap -> can't split; rankdef/nearrank have NARROW gaps (~0.1 relative) needing ~9 quintic-sign iters (~18ms) + Lanczos (13ms) + a fallback fraction (Lanczos under-samples the gap so ~35% of matrices fail the profit/conv gate and pay full cuSOLVER on TOP of the probe) -> the ~1.2x leaf ceiling erodes to break-even-or-worse; clustered has a wide gap but cuSOLVER deflates its full eigh cheaply (138ms) so 2-leaf is 0.52x. DEPTH-2 is infeasible: the gaps do NOT nest (rankdef's 384-leaf is a continuous [0.1,1] band with no internal gap; clustered's leaves are pure clusters). Ready for brief 12 (one-sided block-Jacobi at FP8/NVFP4)."
2026-06-27T10:25:32.589606,3,12,N/A,N/A,brief_start,N/A,"Every reduction-based attack failed on the BLAS-2 panel-SYMV wall (matrix-vector, tensor cores can't accelerate it). ONE algorithm avoids SYMV entirely: one-sided block-Jacobi — all matrix-MATRIX GEMM, no tridiagonalization. Prior one-sided Jacobi lost on speed at FP32/FP16; the untried lever is PRECISION (W5 proved the loose gates admit low-bit; the spec explicitly allows FP8/NVFP4). Build a one-sided block-Jacobi for n=512/1024 where the block-Gram (A_i^T A_j) and rotation-apply GEMMs run in FP8 e4m3 (4500 TFLOPS, ~2x FP16) or NVFP4 (9000) on Blackwell tensor cores via cuBLASLt (your working custom-op build pattern), per-matrix norm prescale into FP8 range, fixed small sweep count, eigenvalue signs from Rayleigh quotient, finished with your FP32 Newton-Schulz orthonormalization + Rayleigh L (_finalize). The whole O(n^3) becomes tensor-core GEMM at the highest-throughput precision with NO SYMV bottleneck — the one (one-sided Jacobi + FP8/FP4) combination the fleet hasn't tried. Honest long-shot; land a committed datapoint."
2026-06-27T12:26:54.405465,3,12,0,192389.122,succeeded,16472a11a3d39aa6e85874a3142c7247fc0e2e0d,"iter3: orth-fix trunk (sign(0) bug), FP16 Jacobi eig 1730->518, conservative fallback, validates 39/39."
2026-06-27T12:27:18.668843,3,12,1,752672.590,succeeded,21ac2bab1dde078bc49fe103c177866d209dce60,iter0 ANCHOR: brief-2 fused FP32 tiny-block(BW=8) Jacobi + pow2 prescale. Validates 39/39. Confirms warp-serial tiny-block is hopeless (4.5s/batch).
2026-06-27T12:27:18.704183,3,12,2,N/A,validation_error,1096524b4ac837bf131693580824279004a3676e,iter1 CALIBRATION: all-PyTorch FP16 block-Jacobi nb=64. FP64 converges 6 sweeps (eig 13.4); pure FP16 floors eig~1400. CRITICAL: eigh sorts->permutes R->schedule scrambles->stall; reorder needed.
2026-06-27T12:27:18.738741,3,12,3,192440.520,succeeded,e1580a02a72d6a9cd08d5e701c50b352db02407c,"iter2 TRUNK: FP16 Jacobi + per-matrix cuSOLVER fallback. Validates 39/39. Sweep-vs-eig calibration: 4->320, 6->13.4, 8->1e-4 (FP64)."
2026-06-27T12:27:41.294335,3,12,N/A,N/A,brief_stop,N/A,"BRIEF 12 (one-sided block-Jacobi at low precision) DONE. 4 committed iters; HEAD=16472a11 validates 39/39, geomean 192389us (mostly cuSOLVER-fallback since FP16 floors above gate). DELIVERED: a working integration trunk + the full calibration + a DECISIVE SPEED VERDICT. KEY FINDINGS (all built+measured): (1) ALGORITHM CORRECT, CONVERGES IN 6 SWEEPS: FP64 reaches eig_scaled=13.4 @6 sweeps, 1e-4 @8 (gate 200), orth machine-exact. (2) TWO ALGORITHM BUGS FOUND+FIXED, both critical for ANY block-Jacobi: (a) torch.linalg.eigh SORTS eigenvalues -> permutes the inner rotation R -> scrambles the fixed-column Brent-Luk schedule -> Jacobi STALLS at nonzero off-mass; fixed by _reorder_rotation (permute R back to diagonally-dominant/non-permuting). (b) torch.sign(0)=0 in the sign-fix ZEROED rotation columns -> V degenerate (orth=1.0); fixed with where(d>=0,1,-1). After both fixes FP16 eig improved 1730(stalled)->518. W1's analytic 2x2 inner-eig avoids (a) by construction (no sort) -- IMPORTANT for the combine. (3) DECISIVE NEGATIVE -- low precision gives NO speedup in PyTorch: pure-FP16 6-sweep osj = 923ms vs pure-FP32 = 934ms vs cuSOLVER = 171ms (n=512 B640). FP16 ~= FP32 because the all-PyTorch path is GATHER/SCATTER/inner-eigh-LAUNCH bound, NOT GEMM-bound -- so FP8/FP16 throughput is irrelevant until a FUSED kernel makes it GEMM-bound, and brief 2/3 already proved the fused warp-kernel is also 4.5s (tiny-block, tensor-core-ing tiny blocks is slower). (4) PRECISION WALL is real: pure-FP16 eigen residual floors ~518 > gate 200 (~FP16 mantissa); an FP32 finishing sweep does NOT recover it cheaply (fp16x4+fp32x2 = eig 440, still failing) because the FP16 basis is at a precision fixed point, not partially converged. Only FP32-grade-throughout passes (eig 9.7) but at no speed gain. NET: one-sided block-Jacobi in PyTorch cannot beat cuSOLVER -- the bottleneck is orchestration overhead, not precision; a fully-fused tensor-core kernel would be needed and brief 2/3 disproved that path. The fixed-bug primitives (reorder, non-permuting rotation, FP16-resident Jacobi, pow2 prescale, _finalize cleanup) compose for a combine if W1's fast fused inner-eig + W5's GEMM land, but the speed verdict says the ceiling is below cuSOLVER absent a single fused kernel."
2026-06-27T12:33:11.325271,3,13,N/A,N/A,brief_start,N/A,"Your trunk's block-Jacobi is orchestration-bound, not GEMM-bound: FP16 (923ms) is approx FP32 (934ms) vs cuSOLVER 171ms, so the per-sweep cost is PyTorch advanced-index gather/scatter plus per-block torch.linalg.eigh launches, not the GEMMs. Make the trunk GEMM-bound by removing that orchestration overhead — a batched block-column layout that turns the Brent-Luk pairing into a cheap reindex and an inner rotation that does not launch a per-block solver — integrating the fleet's inner-eig and schedule primitives as they land, and re-measure where the per-sweep cost sits relative to the batched-GEMM floor."
2026-06-27T13:27:14.607057,3,13,0,118841.597,succeeded,fd08f705a5022bfd79f9cfef26bc5b4552431ddd,"brief13 COMBINE+DATAFLOW exploration. HEAD=fd08f705 (FP16 2-sweep bulk + W2 polish, validates 39/39). DECISIVE BRIEF-13 FINDING via direct measurement (b640 n512): the PURE-GEMM floor (Gram+apply only, no eigh, no gather/scatter) = 5.6ms for 2 sweeps = 30x UNDER cuSOLVER's 171ms -- the algorithm IS GEMM-bound-capable, the brief's thesis is confirmed. BUT the gap is dominated by the inner-eigh: torch.linalg.eigh(G) on (2560,128,128) ~= 220ms (63% of the 300ms bulk); W1's edd3e82b inner kernel is SLOWER at d2=128 (523ms bulk, it is tuned for d2=64 FP64); my own SMEM cyclic-Jacobi kernel is 104ms (worse than eigh). The transpose-materialization in gather/scatter is ~73ms (full-Gram block-diagonal dataflow cuts bulk 300->262ms only). The polish's torch.linalg.eigh(M) is another ~180ms. NET: my n=512 path = 540ms vs cuSOLVER 171ms (3.2x slower); the inner-eigh (bulk + polish) is the irreducible PyTorch cost and no available batched-small-eigh kernel is fast enough. nb=64 (d2=128) is the measured block-size optimum (nb=32:468ms, nb=128:557ms)."
2026-06-27T13:27:56.336824,3,13,N/A,N/A,brief_stop,N/A,"BRIEF 13 (make the Jacobi GEMM-bound) DONE. 3 committed iters; HEAD=fd08f705 validates 39/39, geomean ~65-120k us (noisy; the n=512 path itself is 540ms vs cuSOLVER 171ms, but the 13-shape geomean is competitive since most shapes route to cuSOLVER). THE COMBINE WORKS + a DECISIVE GEMM-floor verdict. (1) THE COMBINE (iter1/2): FP16 one-sided block-Jacobi BULK (2 sweeps) + W2's precision_polish (62fc5028: CholQR2 + Rayleigh-Ritz on near-diagonal M) BREAKS the brief-12 FP16 precision floor -- the bulk needs only 2 SWEEPS (not 6) because offdiag(M=Q^TAQ) IS the in-span eigen residual, cleared at FP32 grade by the polish. Validates 39/39, all cases eig~0.05-0.08 (gate 200, ~3000x under), no fallback. This is the architecture (cheap approximate FP16 span + FP32-grade polish) and it's a real working solver. (2) THE DECISIVE BRIEF-13 ANSWER (direct b640 n512 measurement): the PURE-GEMM floor (Gram+apply only, no eigh, no gather/scatter) = 5.6ms for 2 sweeps = 30x UNDER cuSOLVER's 171ms. So YES the algorithm is GEMM-bound-CAPABLE -- the brief's thesis is confirmed. (3) BUT the orchestration that blocks it is the INNER-EIGH, not the gather/scatter: torch.linalg.eigh(G) on (2560,128,128) = ~220ms = 63% of the 300ms bulk; the transpose-materialization in gather/scatter is only ~73ms (a full-Gram block-diagonal dataflow that computes one big W^TW GEMM + block-diagonal apply cuts the bulk 300->262ms, marginal). The polish's torch.linalg.eigh(M) adds another ~180ms. (4) NO available batched-small-eigh kernel is fast enough at d2=128: W1's edd3e82b inner kernel is SLOWER (523ms bulk; it's tuned for d2=64 FP64), my own SMEM cyclic-Jacobi is 104ms (>eigh's 18ms/call), cuSOLVER XsyevBatched===torch.eigh (brief-11 finding). nb=64/d2=128 is the measured block-size optimum (nb=32:468ms more rounds, nb=128:557ms bigger eigh). NET RECOMMENDATION for the fleet: the win is REAL and close (5.6ms GEMM floor) but gated on TWO fast batched-small-eigh's -- (a) the bulk's per-pair Gram diagonalization at d2=128, (b) the polish's near-diagonal M refinement (W2 is building (b) as 1-2 BF16x9 Jacobi sweeps on M; W1 should target (a) at d2=128, not just d2=64). Once both inner-eighs are GEMM-speed, bulk+polish lands near the 5.6ms+polish floor, well under cuSOLVER. The combine (fd08f705) is the committed integration point with both hooks in place."
2026-06-27T13:39:04.704727,3,14,N/A,N/A,brief_start,N/A,"Your measurement proved the n=512 win is real (pure-GEMM floor 5.6ms = 30x under cuSOLVER's 171ms) and isolated the SOLE blocker: the inner eigendecomposition of the uniform Gram blocks — torch.linalg.eigh on (2560,128,128) = ~220ms = 63% of the bulk, and no available batched-small-eigh is fast enough at d2=128 (W1's is tuned for d2=64; cuSOLVER syevd is super-linear). Custom CUDA kernels are now proven to work on the leaderboard (3 accepted custom load_inline submissions). Build a custom CUDA kernel that diagonalizes the batch of 2560 uniform 128x128 symmetric Gram blocks far faster than torch.linalg.eigh's ~220ms at FP32-grade accuracy, and wire it into your combine in place of the per-block cuSOLVER dispatch. Submit early to catch any B=640 remote-correctness gap. You own the method."
2026-06-27T14:20:16.722669,3,14,0,90380.292,succeeded,4d1799210d64e26188f664338a69286fb490ee82,"brief14 POLISH-eigh(M) investigation. The custom 128x128 kernel WORKS (iter1: 10ms, beats eigh 15ms) but the FULL bulk+polish path = 90380us LOSES to pure cuSOLVER = 54125us (measured back-to-back, same harness). DECISIVE 2nd BLOCKER found: the polish's torch.linalg.eigh(M) on the 512x512 near-diagonal M = ~170ms ~= cuSOLVER's full eigh (cuSOLVER ignores M's near-diagonality), so bulk(119ms)+polish(231ms) ~= 2x cuSOLVER on the n=512/1024 shapes. The eigh(M) is IRREDUCIBLE: I tried (a) bulk-on-M (eig stuck 5000), (b) first-order perturbation W=I+M_offdiag/gap (DIVERGES on clustered, gap~0), (c) two-sided block-Jacobi-on-M with the fast kernel (osw=4 -> eig 426, still failing AND 481ms > eigh), (d) block-diagonal-128 eigh (M's off-block-diagonal 0.88 ~= in-block 0.64, NOT block-structured). And the FP16 bulk CANNOT pass alone: bulk+CholQR2(no eigh M) floors at eig~3500 even at 6 sweeps (FP16 mantissa). So the architecture needs the FP32-grade eigh(M) AND that ~= a full eigh -> bulk is wasted overhead. NET: bulk+polish is structurally >= cuSOLVER; the win needs a near-diagonal-M eigensolver MUCH cheaper than cuSOLVER's full eigh (W2's domain). The kernel primitive is the deliverable and feeds W4's megakernel/W5's seam."
2026-06-27T14:20:53.770932,3,14,N/A,N/A,brief_stop,N/A,"BRIEF 14 (custom 128x128 eigh kernel) DONE. 2 committed iters; HEAD=4d179921 validates 39/39. DELIVERED THE KERNEL: jacobi_eig -- batched 128x128 symmetric eigensolver, Brent-Luk parallel-ordering two-sided Jacobi, one block/matrix, 256 threads, V-in-FP16-SMEM (ncu-driven occupancy fix: 129KB->96.5KB -> 2 blocks/SM, occ 12.5%->25%), sm_100a, --use_fast_math. SPEED: 1 sweep = 10.4ms for the (2560,128,128) batch, FASTER than torch.linalg.eigh's 15.5ms; wired into the bulk (validates 39/39). Parallel ordering gives a non-sorted (near-non-permuting) rotation. This is a reusable primitive for W4's megakernel + W5's seam. BUT the FULL bulk+polish solver still LOSES: geomean 90380us vs pure cuSOLVER 54125us (measured back-to-back). The blocker MOVED from the bulk's inner-eigh (which I fixed) to the POLISH's eigh(M): torch.linalg.eigh on the 512x512 near-diagonal M = ~170ms ~= cuSOLVER's full eigh (it ignores near-diagonality), so bulk(119ms)+polish(231ms) ~= 2x cuSOLVER. I could NOT cheaply replace eigh(M): bulk-on-M / two-sided-block-Jacobi-on-M with my fast kernel needs >4 outer sweeps and still fails (eig 426, and slower than eigh); first-order perturbation diverges on clustered (gap~0); block-diagonal-128 eigh fails (M not block-structured); and the FP16 bulk can't pass alone (CholQR2-only floors eig~3500). OPEN QUESTION / RECOMMENDATION: W2 claims 1-2 BF16x9 Jacobi sweeps on M clear it to 3e-6 (I get eig 426 at 4 sweeps) -- a real discrepancy, likely because W2's bulk does MORE sweeps so M is MORE diagonal (a bulk-sweeps vs polish-sweeps TRADEOFF). The win, if it exists, needs W2's ACTUAL near-diagonal-M refinement combined in (not my reimplementation) AND exploiting near-diagonality to SKIP near-identity block-pair rotations (so the polish-M sweep is much cheaper than a bulk sweep). Absent that, bulk+polish is structurally >= cuSOLVER. Kernel committed for the combine; recommend a combine of (my fast bulk kernel + W2's HEAD M-refinement) to settle whether the polish can be made cheap enough."
2026-06-27T14:31:07.184792,3,15,N/A,N/A,brief_start,N/A,"You solved the bulk inner-eigh (jacobi_eig 10.4ms < torch.eigh 15.5ms) but the wall moved to the polish: a full eigh on the 512x512 NEAR-DIAGONAL M costs ~cuSOLVER's whole solve because it ignores near-diagonality. Build a near-diagonality-EXPLOITING M-refinement kernel: a convergence-aware two-sided Jacobi-on-M that SKIPS near-identity block-pair rotations (most pairs need none when M is near-diagonal) so its work scales with M's actual off-diagonal mass, not n3 — and unlike a first-order perturbation it rotates exactly the clustered/gap~0 pairs that make perturbation diverge. The amount of residual off-diagonal M carries depends on the bulk sweep count W5's joint calibration settles, so make the per-rotation skip threshold a parameter the harness can drive rather than a fixed constant."
2026-06-27T14:45:47.300164,3,15,0,90452.567,succeeded,01c03541456284b84d2c0a6a1ac49e105f0169b7,"brief15 convergence-aware jacobi_eig (skip_tol: per-pair skip + early-exit). Validates 39/39. Near-diag early-exit ~30% (62->43ms@6sw). DECISIVE NEGATIVE: kernel still 2.6x slower than eigh on near-diag input (barrier-bound); M NOT block-sparse (0/28 pairs skippable at 1e-2, dense off-diag 0.88); M needs full diagonalization (0.88->2e-5) to pass. So skip-based M-refinement CANNOT beat cuSOLVER eigh(M); block-Jacobi is structurally >=cuSOLVER on dense spectra (~6 sweeps each ~cuSOLVER cost). Kernel is a reusable convergence-aware feature for W4/W5."
2026-06-27T14:46:08.865901,3,15,N/A,N/A,brief_stop,N/A,"BRIEF 15 (near-diagonality-exploiting M-refinement kernel) DONE. HEAD=01c03541 validates 39/39. DELIVERED a convergence-aware jacobi_eig (skip_tol param: per-pair off-diagonal skip + per-sweep early-exit, harness-drivable for W5). It WORKS: ~30% faster on near-diagonal inputs (62->43ms@6sw, converges in ~4 then breaks). BUT a DECISIVE 3-part NEGATIVE means it cannot make the polish beat cuSOLVER: (1) the kernel is BARRIER-bound (127 rounds x syncs/sweep); the skip cuts SWEEPS not the per-round barrier cost, so even on a near-diagonal input it's 2.6x SLOWER than cuSOLVER eigh (43ms vs 16ms). (2) M is NOT block-sparse: 0/28 of the 64-block-pairs (and 0/6 of 128-block-pairs) are skippable even at thr=1e-2 -- M's off-diagonal is DENSE O(0.88), spread over every entry, not concentrated, so block-pair skipping (the brief's premise) saves nothing; measured stable across bulk sweeps 1/2/3. (3) M's off-diagonal must be driven from 0.88 all the way to ~2e-5 (a FULL diagonalization, ~33000x reduction) to clear the eigen gate, not merely reduced -- so 'cheap because near-diagonal' is false; near-diagonal in MAGNITUDE (diag 8.7 >> off 0.88) but requires full convergence. ROOT CAUSE (now ironclad across briefs 13-15): the dense-spectrum benchmark shapes (the geomean drivers) need ~6 block-Jacobi sweeps to converge, EACH ~cuSOLVER-cost, so block-Jacobi (bulk+polish, pure, or any skip variant) is structurally >= cuSOLVER. I also re-confirmed the OUTER two-sided block-Jacobi STALLS at eig~1655 on dense A (the brief-12 non-permuting scramble that _reorder_rotation only partially fixes), which is why the polish needs the non-stalling eigh(M) at all. NET: my jacobi_eig (10.4ms<eigh, V-FP16-SMEM occupancy fix) genuinely solved the BULK inner-eigh and is a reusable primitive for W4's megakernel + W5's seam; but the POLISH eigh(M) is irreducible and the full bulk+polish path loses to pure cuSOLVER (90k vs 54k). The leaderboard-optimal for these shapes is cuSOLVER; the Jacobi win would need to AVOID the polish entirely (a non-stalling, <2-sweep dense diagonalizer), which neither I nor the fleet has found."
2026-06-27T14:56:14.696910,3,16,N/A,N/A,brief_start,N/A,"You proved the bulk+SEPARATE-polish split is structurally >= cuSOLVER because the outer two-sided Jacobi STALLS on dense A (eig~1655, the non-permuting scramble), forcing the irreducible eigh(M) polish to finish the job. Attack the stall itself: build a non-stalling single-pass dense diagonalizer that converges the eigenvectors DIRECTLY with no separate polish — e.g. a proper eigenvalue-ordered/permuting two-sided block-Jacobi (you proved a permuting inner reaches 1e-6 where non-permuting stalls) with a threshold/parallel-ordering that breaks the cyclic fixed point, or a one-sided Jacobi variant that doesn't square away the gaps. The target is end-to-end convergence in few sweeps WITHOUT the eigh(M) tail, reusing your fast jacobi_eig as the per-block-pair rotation. If the outer converges directly, it beats the split you already disproved."
2026-06-27T14:59:52.930304,3,16,0,90452.567,succeeded,01c03541456284b84d2c0a6a1ac49e105f0169b7,"brief16 non-stalling-diagonalizer investigation (HEAD=parent 01c03541, validates 39/39, no winning code to commit). DECISIVE: the stall was a PRECISION artifact, NOT fundamental -- a NON-permuting (my _reorder_rotation) two-sided block-Jacobi with an ACCURATE (FP64 eigh) inner CONVERGES end-to-end with NO polish: eig 3976(osw2)->353(4)->13.7(6, PASSES)->0.0(8), orth=0.0. The PERMUTING (eigh-sorted) inner STALLS at eig~9300 (sorting scrambles the schedule) -- OPPOSITE of the brief's hypothesis. jeig-inner stalls at ~1500 with orth drift 0.12 (its FP16-V is not orthogonal enough -> V drifts over 56 applications). BUT the converging path is the SAME WALL relabeled, exactly the flagged risk: it needs ~6 SWEEPS (not few), each ~cuSOLVER-cost -> measured 1035ms = 6x cuSOLVER's 171ms (b640), even with FP16 GEMM apply (the eigh inner 18ms x 7 rounds x 6 sweeps = 756ms dominates). ROOT (now 5x confirmed, briefs 12-16): Jacobi does ~6x the O(n^3) arithmetic of cuSOLVER's tridiag+QR for dense convergence, and the precision wall blocks doing it at >6x lower precision (FP16 rotations drift -> stall; FP32-accurate inner ~= eigh speed). The non-stalling single-pass diagonalizer does NOT win; cuSOLVER is at the speed of light for these dense spectra."
2026-06-27T15:00:13.789002,3,16,N/A,N/A,brief_stop,N/A,"BRIEF 16 (non-stalling single-pass dense diagonalizer) DONE -- DECISIVE NEGATIVE, tested early as instructed. HEAD=parent 01c03541 (validates 39/39; the investigation found no winning code so HEAD stays at the convergence-aware-kernel tip). FINDINGS: (1) The stall is a PRECISION artifact, not fundamental: a NON-permuting (_reorder_rotation) two-sided block-Jacobi with an ACCURATE FP64-eigh inner CONVERGES end-to-end with NO polish -- eig 3976(osw2)->353(4)->13.7(6 PASSES)->0.0(8 machine), orth 0.0. (2) OPPOSITE of the brief's hypothesis: the PERMUTING eigh-SORTED inner STALLS at eig~9300 (the sort scrambles the fixed-position schedule); the non-permuting reorder is what CONVERGES. (3) jeig-inner stalls at ~1500 because its FP16-V rotation isn't orthogonal enough (orth drifts to 0.12 over the outer iterations). (4) THE WALL relabeled (the flagged risk realized): the converging path needs ~6 SWEEPS (not 'few') -- eig passes only at osw>=6 -- and 6 sweeps = 1035ms = 6x cuSOLVER (171ms) on b640 even with FP16 GEMM apply (the FP32-accurate eigh inner, 18ms x 7 rounds x 6 sweeps = 756ms, dominates; my fast FP16 jeig can't substitute because it drifts/stalls). ROOT, now confirmed 5x across briefs 12-16: Jacobi does ~6x the O(n^3) arithmetic of cuSOLVER's tridiag+QR to converge a dense spectrum, and the precision wall blocks running that arithmetic >6x cheaper (FP16 drifts->stalls; FP32-accurate inner ~= eigh speed; FP8/FP4 far worse). So removing the polish does NOT help -- the single-pass diagonalizer is 6x cuSOLVER, the SAME wall, not a new one. NET VERDICT for the whole n=512 Jacobi family (briefs 11-16): cuSOLVER's dense eigh is at/near the speed of light on B200 for these shapes; no Jacobi/spectral-D&C variant beats it because the loose gate still demands FP32-grade orthogonal rotations and ~6 sweeps. The genuine, reusable DELIVERABLE from my line is jacobi_eig (batched 128x128 symmetric eigensolver, 10.4ms < torch.eigh 15.5ms, the V-in-FP16-SMEM occupancy fix, convergence-aware skip_tol) -- it solved the bulk inner-eigh and feeds W4's fused megakernel (W4's single-launch may amortize the per-op barriers I cannot hide). My honest recommendation: route these shapes to cuSOLVER (54k, the frontier); the Jacobi family ties at best and my fleet-line is exhausted on the algorithmic side -- the only remaining hope is W4's fully-fused megakernel changing the per-op-overhead calculus."
2026-06-27T15:09:46.760997,3,17,N/A,N/A,brief_start,N/A,"The dense Jacobi family is exhausted (you proved it 5x) — but the win path is STRUCTURE: the existence proof (leaderboard #1 = 1.46x) is on this structured benchmark and 7/13 scored shapes are structured. Build a fully-custom fused solver for rankdef(n=512) FIRST — it is genuinely low-rank (rank ~384 of 512, so a ~128-dim null space is free), so a spectral-projector / invariant-subspace mechanism in tensor-core GEMMs that solves only the range and orthonormalizes the subspaces with W2's robust_orthonormalize does GENUINELY less work than a full dense solve. Explicitly NOT a rank-r Ritz block that calls cuSOLVER on the reduced block (that mechanism already lost this run). Then apply the same idea to clustered(n=512). Feed W5's per-shape route table so a shape that beats cuSOLVER is pinned."
2026-06-27T16:07:29.360274,3,17,0,62245.994,succeeded,ced2c25db682edd711372adc731f485ee4f755c5,brief17 final: BF16x9 tensor-core GEMMs fix the cluster solver's FP32-SIMT overhead (nsys: 38% sgemm) -> clustered shape9 175k->138k = cuSOLVER PARITY. Validates 39/39.
2026-06-27T16:07:29.405705,3,17,N/A,N/A,brief_stop,N/A,"BRIEF 17 (structure-exploit rankdef/clustered) DONE. HEAD=ced2c25d validates 39/39. RANKDEF: built the spectral-projector reduced solve; it is genuinely faster on paper (free 128-null + cuSOLVER(384)=96ms vs cuSOLVER(512)=167ms) BUT getting a clean range/null orthonormal split of the rank-deficient matrix is the wall -- full QR-completion is correct but 4563ms (27x), and every cheap projection (CholeskyQR/robust-orth) either crashes on the rank-deficient sketch or re-mixes the null/range orthogonality (N^T U~0.1). SUPERSEDED by W2's low-rank SKETCH angle (manager) -- not re-exploring. CLUSTERED: built the +-1 two-eigenvalue structure-exploit -- matrix-sign gap-split into the +1/-1 invariant subspaces, each a SINGLE eigenspace so NO reduced eigensolve (the projector+orthonormalize IS the solve), cross-orthogonalized, Rayleigh L; cheap tr(A^2)/n/||A||2^2~1.0 per-matrix screen; HONEST visible custom-path count + subset-only cuSOLVER fallback (brief-14 mirage lesson applied). CORRECT (39/39) and the BF16x9-tensor-core version hits cuSOLVER PARITY (138k, after nsys found FP32-SIMT sgemm was 38% of the gap) -- but does NOT beat cuSOLVER: cuSOLVER's divide-and-conquer already deflates the 2-eigenvalue spectrum to 138ms (vs dense 167ms), so the structure win is absorbed by cuSOLVER's own deflation -- exactly the brief's 'clustered must beat THAT' caveat, answer = prove-failed, tie. NET for my whole line (briefs 11-17): no n=512 shape beats cuSOLVER; cuSOLVER is at the speed of light on B200 for dense AND deflatable spectra. Reusable assets delivered: jacobi_eig (batched 128x128 symmetric eigensolver 10.4ms<torch.eigh, V-FP16-SMEM occupancy fix, convergence-aware skip_tol) for W4's megakernel; the clustered gap-split solver; W2-robust-orthonormalize combined in. Moving to independent-verification role."
2026-06-27T16:12:58.891707,3,18,N/A,N/A,brief_start,N/A,"Your verification harness (fresh seeds, FP64 residual on all 3 gates, candidate-vs-cuSOLVER timing, silent-fallback detection via Q-divergence) is exactly the independent second-eyes the run needs as it converges — and it is now URGENT: W5 just caught that W2's geometric solver (f341767c) FAILS the official FP64 checker on shape 12 because its internal gate probes in FP32 and underestimates the FP64 residual (a few of 60 matrices pass the loose FP32 gate but fail the FP64 checker). Be the independent verifier of every certified candidate before it reaches the leaderboard: (1) re-verify W2's FIXED geometric (FP64-gate + adaptive-k, when it lands) actually passes the official FP64 checker on the benchmark seed 780007 AND across fresh seeds at 0% fallback — do NOT trust a candidate whose internal gate is FP32; (2) verify W5's even two-stage (shape 11) is genuine FP64-correct and 0% fallback; (3) confirm W0's router residual safety-net (which re-checks in FP64) actually replaces a near-boundary failure with cuSOLVER so a geometric-style FP32-gate bug can never ship; (4) certify any rankdef sketch. Report every claimed-vs-measured discrepancy. Your harness measuring in FP64 is the definitive gate — a candidate ships only if YOUR independent FP64 check passes on the real benchmark seed."
2026-06-27T16:35:06.317940,3,18,0,51407.143,succeeded,0d396d253,"brief18 INDEPENDENT VERIFICATION (HEAD=W5 aggregate 0d396d25, parent, validates 39/39, geomean verified). All checks via my own FP64 harness (fresh seeds + benchmark seed + Q-divergence fallback detection). RESULTS: (1) W5-aggregate shape-11 even = FP64-correct (eig 22.8/200 @benchmark seed 780001, 0 fail), 0% fallback, genuine (Qdiff 3e-4), 1.32x, geomean 51.4k VERIFIED. (2) W5-geometric (worker-5-brief-16) shape-12 = FP64-correct across 20+ fresh seeds + benchmark seed 780007 (eig 147-159/200, 0 fail), 0% fallback, genuine (Qdiff 0.48), 1.42x, geomean ~53.4k VERIFIED (thin ~20% eig margin noted). (3) W0 safety-net (worker-0-brief-22) = catches ALL FP64 boundary failures (8/8 perturbed matrices with FP64 eig 291-8597 fixed to <0.05); FP32-residual+0.5-margin is sufficient, closes the W2-geometric FP32-gate hole. (4) DECISIVE: built explicit cusolverDnXsyevBatched op, measured LOCAL torch.eigh == XsyevBatched at 1.00x on EVERY shape (even/dense512/dense1024/clustered) -> the local base is ALREADY batched -> local geomean is structurally BLIND to the real remote lever; explains the local-wins-but-remote-loss inversion (remote KernelBot torch.eigh uses slow looped syevd, so batched-Xsyev wins remotely 0.04995 but structure wins washout). RECOMMEND ship plain batched-Xsyev (13a3c5f); structure candidates are FP64-safe + local-only."
2026-06-27T16:47:36.206086,3,18,1,51407.143,succeeded,0d396d253,"brief18 verify W2-brief-15 geometric (shape 12 low-rank). FP64-CORRECT (eig 129-135/200 @benchmark+4 fresh, 0 fail, 0% fallback, genuine Qdiff 0.45); base intact (dense/rankdef/even/nearrank stay cuSOLVER, FP64-safe). LOW-RANK DISTINCTION CONFIRMED: shape12 |eig| in [2e-7,1] geometric, eff-rank ~309/1024@1e-2 -- geometric exploits the low-rank STRUCTURE, batched-Xsyev solves all 1024 dims (not a faster solve). BUT k MIS-TUNED: k-sweep vs batched-base 101.4ms -> k=448:1.43x(eig175/200), k=512:1.38x(eig154/200,SAFE 23% margin)=SWEET SPOT, k=576(W2's 9n/16):1.18x(85.5ms), k=640:0.99x TIES, k=384:0.625x LOSES+near-gate(188.5/200). W2 ships k=9n/16=576=only 1.18x + detector overhead ~12ms -> ~1.0x NO win. RECOMMEND k=512 for genuine 1.39x w/ safe margin. shape-12 geometric IS locally-additive over batched-Xsyev AND FP64-safe -> GREEN-LIGHT for remote A/B at k=512. Awaiting explicit batched-Xsyev-base+geometric combo (the untested one)."
2026-06-27T16:56:43.101540,3,18,2,52779.678,succeeded,0d396d253,"brief18 STRESS-VERIFY defended frontier 839225 (725a0d9e, batched-Xsyev+geometric, 0.04966). k CONFIRMED=512 (safe pin; W2's code notes k=384=mirage, k=544=catastrophic-fail, k=512=all-pass). Shape12 geometric 21 seeds (benchmark+20 fresh): 0 fail, 0 fallback, genuine custom -- BUT THIN margin: max_eig=161.5/200 (~19% headroom, sole binding gate; 6/21 seeds eig>150). orth 0.42/100, rec 79/400 comfortable. BASE INTACT: all 12 non-geo shapes (n32..n2048/dense/mixed/rankdef/clustered/nearrank/even) on batched-Xsyev, FP64-safe ~1000x margin, [base] confirmed. validates 39/39, geomean 52779. VERDICT: solid floor, ships-safe; documented residual risk = geometric eig at ~161/200 (could tighten gate to fall back >170 for extra safety, but never needed across 21 seeds). Standing by for +even combined candidate."
2026-06-27T17:59:59.678986,3,18,3,52573.416,succeeded,0d396d253,"brief18 GOLD CERTIFICATION of 82f5a660 (two-win: batched-Xsyev + geo@k512 + n176 tridiag). validate PASS 39/39, benchmark check:pass. GEO shape12: max_eig 153.6/200 over 5 seeds, custom, 0 fail/0 fallback, ascending OK (~23% thin margin at k512 -- least-margined shape but holds). N176 shape1: max_eig 0.845/200 over 5 seeds, custom, 0 fail/0 fallback, BULLETPROOF (~240x margin). Routing scope correct: n176 ONLY n=176 (n32/n352->base). BASE intact: all 11 other shapes batched-Xsyev, ~1000x margin. EIGH_N176=0 degrades n=176->base (geo-only frontier recover). Guards try/except->None->base. Build clean. LOCAL n176 regression quantified: +66us/0.13% (with=52573 vs without=52507) -- EXPECTED (local batched-Xsyev already fast at n176; remote tridiag wins 1.12x), NOT a bug. CERTIFIED CORRECT + SHIPPABLE, can't check-fail. GREEN-LIGHT for W5 remote A/B."
2026-06-27T18:13:07.156568,3,18,N/A,N/A,brief_stop,N/A,"BRIEF 18 (independent FP64 verification) CLOSED at manager request. Key deliverables: (1) THE DECISIVE FINDING -- local torch.eigh == batched-Xsyev (1.00x every shape) so the local geomean is structurally blind to the real remote lever; explains the whole fleet's local-wins-but-remote-loss inversion. (2) batched-Xsyev (13a3c5f) FP64-bulletproof (~1000x margin) = safe ship + remote frontier. (3) W0 FP64 safety-net catches all boundary failures (8/8 perturbed). (4) THE k=512 CATCH -- W2 was discarding the geometric win at k=576 (1.18x->~1.0x w/ detector overhead); k-sweep found k=512 = 1.39x w/ safe 23% margin (k=448 1.43x thin, k=384 loses+near-gate). (5) Defended frontier 839225 stress-verified 21 seeds (k=512, thin geometric margin 161/200 flagged). (6) 82f5a660 two-win router CERTIFIED correct (geo+n176 FP64-correct, base intact, toggleable) -- but a source-level duplicate _eigh_dense/undefined _ext (dead/shadowed in this commit, live in sibling 882c22b7) is a wrapper-bug class INVISIBLE to local cert because local torch.eigh is already batched -> remote base degrades to looped. CERT BATTERY established (validate+benchmark+per-shape FP64 + Q-divergence fallback detection + source-level single-_eigh_dense check). Returning to structural attack on the heavy shapes."
2026-06-27T18:14:39.330596,3,19,N/A,N/A,brief_start,N/A,"Generalize the even-spectrum two-stage win to all heavy n=512 dense shapes: a batched tensor-core dense->band->tridiag reduction feeding your fast band/tridiag eigensolver, beating cuSOLVER's syevd whose iteration is slow across these spectra, not just the even one."
2026-06-27T19:23:58.086608,3,19,0,57670.000,succeeded,3aabc416ccac9c0b32fd55186aff4890a6aa1a96,"brief19 iter0: generalize two-stage even-win to DENSE n=512. Cheaper cleanup (5 FP32-SIMT Newton-Schulz -> 2 BF16x9-tensor-core, FP32-grade so orth gate passes where TF32 fails at orth 150/100) lifts dense512 1.01x TIE -> 1.19x WIN (169->143ms) and even512 1.33->1.59x (153->127ms). 2-window kurtosis detector routes even(kurt~1.8)+dense(kurt~9.3) to two-stage, keeps rankdef(3.1)/clustered(1.0)/mixed(heterogeneous) on cuSOLVER. Validates 39/39. Geomean ~57670us (parent ~58000us, stable A/B) = marginal net (the dense+even per-shape wins are real but only 2/13 shapes). REDUCTION ANALYSIS (brief's core target): W2 ts_tridiag=80.5ms is the bar; the trailing-update GEMM is FREE (n x n @ n x 64 bf16 = 0.24ms), but the PANEL factorization is the wall (torch.linalg.qr(448x64) batched = 175ms/panel x8). W2's in-SMEM-kernel reduction already does panel+trailing at 80ms; a PyTorch band reduction has per-panel launch overhead -> brief-6 measured 130ms (slower). REMAINING LOSERS (mixed/rankdef/clustered) lose on the TRI_EIGH (190-198ms bisection+inverse-iteration on repeated/clustered eigenvalues, falls back to cuSOLVER), NOT the reduction -- cuSOLVER's D&C is efficient on those spectra, so a faster reduction wouldn't make them win."
2026-06-27T19:49:36.669649,3,19,1,57670.000,succeeded,0b9ff9e7740406e1539a15c7239be5bb3c1dbd74,"brief19 iter1: FIX iter0 n=1024 misrouting regression + DECISIVE finding on the manager's n=1024 premise. MEASURED (clean): the two-stage LOSES on ALL n=1024 shapes -- dense1024 213ms vs cuSOLVER 106ms=0.50x, geo1024 335ms vs 101ms=0.30x, mixed1024 0.37x, nearrank 0.35x. ROOT: cuSOLVER's batched eigh is much faster at n=1024 SMALL-batch (b=60, ~105ms) than at n=512 large-batch (b=640, ~171ms) -- it scales well to large-n/small-batch -- while the two-stage's reduction(81ms->grows) + tri_eigh(grows n^3) get WORSE. So the manager's 'extend to well-separated n=1024' premise is DISPROVEN by measurement: the n=512 win does NOT carry to n=1024 (opposite scaling). iter0's dense-window (kurt>6) had WRONGLY routed dense1024/geo1024 (kurt 9.4/15.3) to the losing two-stage -- a latent regression. iter1 gates both windows to n<=640 so only n=512 dense/even route to two-stage; all n=1024 stay cuSOLVER. Validates 39/39, routing verified (dense512/even512=True, dense1024/geo1024/mixed=False). n=512 dense(1.19x)+even(1.59x) wins stand; no regression. NOTE: geomean unmeasurable now due to severe fleet contention (swings 58k-104k), but routing+per-shape correctness confirmed directly."
