optimization_id,description,branches,commits,trial_numbers,attempts,best_speedup,best_step_speedup,outcome,frequency_pct
opt_0000,"Fused stage-1 reflector v build+Rm-store (zero-pass + fill + store -> one loop), dropping one __syncthreads/tridiag-column (kernel still 72.8% barrier-stalled). General win for med_split callers. geomean 32591->32182us; shape11 104ms (parent 207.7, -50%); shapes 2/3/8/12 hold/improve; 39/39 valid; check pass.",autocuda/optimize/2026-06-30-18-52-36-eigh/brief-43,e23884fa,autocuda/optimize/2026-06-30-18-52-36-eigh/brief-43:13,1,1.4860,1.0127,kept,2.04
opt_0001,"Cross-parent synergy (only available in the combined tree): route all 3 symmetric-Gram Q^TQ call sites to B's symmetric-aware _gram_3xtf32_sym (2 tensor-core bmms) instead of A's 3-bmm _gram_3xtf32. Sites: (1) low-rank orth gate V^TV at 2379 (B/low-rank territory, shapes 4/6/8/10/12+mixed), (2) sign-DC finishing-NS Gram g=Q^TQ at 2824 (A path, shape11), (3) sign-DC orth gate Q^TQ at 2866 (A path, shape11). Mathematically identical (the two Ozaki cross terms are transposes, C+C^T; ~6e-6, IDENTICAL gate decisions) at one fewer bmm each. geomean 32360us vs t1 32484us (-0.4%), NEW best. 39/39 valid, check pass, stream absent. Per-shape: sh11 109.5->109.7ms (noise, finishing-NS is 1 iter so small n*n saving), sh4 48943/48947, sh6 126437->126064, sh8 91657->91562, sh10 102528->102643, sh12 33588->33424; low-rank wins all held, no fallback change. B's primitive improving A's path = genuine combine synergy.",autocuda/optimize/2026-06-30-18-52-36-eigh/brief-46,fbe78e0e,autocuda/optimize/2026-06-30-18-52-36-eigh/brief-46:2,1,1.4779,1.0038,kept,2.04
opt_0002,"COMBINE A+B via clean 3-way merge (common ancestor f8e44f9d1, merge-base confirmed). A = matrix-sign D&C (4f7abed0, global best 32751, owns shape11). B = low-rank 3xTF32 Gram (d6ce9b524, owns 4/6/8/10/12). Auto-merge went clean: A appends _sign_dc_*/_eigh_sign_dc block after _eigh_mixed_peel + sign-DC routing in custom_kernel tail; B threads _MIXED_PEEL_DOM_GRAM_MODE=3xtf32 through _eigh_mixed_peel body (2 call sites) + _lr_dom_gram_mode_for(n,k_lr) through the low-rank dispatch. Disjoint LINES -> both survive; hand-verified diff-vs-A shows ONLY B additions, diff-vs-B shows ONLY A additions. geomean 32484us (vs parent A 32751/32866-this-run) = -1.16% vs A this run, NEW GLOBAL BEST. 39/39 valid, check pass, 'stream' absent, cflags -O3/--use_fast_math kept. ADDITIVE (head-to-head A-alone this run): shape11 sign-DC INTACT (109.6ms A-alone == 109.5ms merged); B low-rank wins ALL present vs A-alone: sh4 50617->48943 -3.3%, sh6 133388->126437 -5.2%, sh8 93375->91657 -1.8%, sh10 104979->102528 -2.3%, sh12 34005->33588 -1.2%; sh3 protected FP32 unchanged. No interaction through shared _eigh_mixed_peel/dispatch. nsys shape11: mega_eigh_med_split_k 39.6%, TF32 GEMMs + batch_trsm_left (sign-DC pipeline confirmed).",autocuda/optimize/2026-06-30-18-52-36-eigh/brief-46,6c2cf8cd,autocuda/optimize/2026-06-30-18-52-36-eigh/brief-46:1,1,1.4722,1.0086,kept,2.04
opt_0003,"Lever #2 (surgical): ncu found the block-eigh kernel is 66.7% BARRIER-stalled; the stage-1 tridiag tree reductions (s2/vp/amax/Gershgorin) each did ~10 __syncthreads at nt=1024 (~18 of ~20 barriers/column). Replaced all 4 with warp-shuffle reductions (_medsum/_medmin/_medmax, 2 barriers each). General win for all med_split callers: shape11 109.4->104.2ms (parent 207.7, -50%), shape8 93.2->89.8, shape3 81->78.4, shape2 6.57->6.0, shape12 34->33.3. geomean 32751->32591us; 39/39 valid; check pass.",autocuda/optimize/2026-06-30-18-52-36-eigh/brief-43,9ccab3d5,autocuda/optimize/2026-06-30-18-52-36-eigh/brief-43:12,1,1.4674,1.0126,kept,2.04
opt_0004,"t12 FINAL: restore the t7 Lever-1 best as branch HEAD (Levers 2/3 dead code removed). HEAD = clean additive combine (brief-42 dense-cluster A + brief-44 low-rank 3xTF32 B) PLUS Lever-1 Vd-lift 3xTF32 (t6) + complement-projection 3xTF32 n>=1024 (t7). Re-measured geomean 32721 (== t7 32773 within noise), 39/39 pass, 'stream' absent. BOTH win-sets present: shape11 lapdense_even 130004 (A cluster, mega_eigh_clust_split_k 42.6% on shape4) + shapes 4/6/8/10/12 improved (Lever-1 added -1.3% shape4, -0.8% shape12 over the combine). CUMULATIVE brief-45 best 32721 vs clean-combine 32892 vs PARENT A 33175. shape4 final profile: mega_eigh_clust_split_k 42.6% + batch_trsm_left_kernel 12.4% (trsm STILL top outer lever, only a hand-written fused CUDA kernel could beat it -- all torch reformulations lost) + potrf cuSOLVER ~9% + 3xTF32 Gram/lift GEMMs. Levers resolved: L1 PAID (banked), L2 refuted (native trsm efficient), L3 refuted (bf16x3 mass-falls-back on ill-conditioned path).",autocuda/optimize/2026-06-30-18-52-36-eigh/brief-45,85a450df,autocuda/optimize/2026-06-30-18-52-36-eigh/brief-45:13,1,1.4616,1.3949,kept,2.04
opt_0005,"Swept subspace width K=272/280/288/294/300. K=272 regresses (15.6% cuSOLVER fallback). K in [288,300] all ~110ms at benchmark level (block eigh is the wall; K doesn't move it). Kept K=300 (0 fallback + reseed headroom, equal speed). geomean 32751us; shape11 109.4ms (parent 207.7, -47%); 39/39 valid; check pass.",autocuda/optimize/2026-06-30-18-52-36-eigh/brief-43,4f7abed0,autocuda/optimize/2026-06-30-18-52-36-eigh/brief-43:7,1,1.4602,1.0001,kept,2.04
opt_0006,"Measured subspace-basis CQR passes=1 REGRESSES: shape 11 304ms (1 pass leaves rank-deficient P+/-@Omega bases too far from orthonormal -> membership split degrades -> mass cuSOLVER fallback) vs passes=2 109.7ms. Kept passes=2 (load-bearing); exposed as documented knob. geomean 32753us (==trial 5, CQR=2); 39/39 valid; check pass.",autocuda/optimize/2026-06-30-18-52-36-eigh/brief-43,e503e617,autocuda/optimize/2026-06-30-18-52-36-eigh/brief-43:6,1,1.4601,1.0017,kept,2.04
opt_0007,"Final confirmation + profile of HEAD 4f7abed0 (K=300). geomean 32765us (parent 34343, -4.6%); shape11 109.4ms (parent 207.7, -47%); shapes 3/8 unchanged (own low-rank paths); 39/39 valid; check pass. nsys shape11: block eigh mega_eigh_med_split_k 38.5% (38.5ms in-kernel, the wall), NS-sign/probe tf32 gemm 14.5%, CQR trsm 9%, elementwise 5.8%. Block eigh in-kernel FP32-SIMT cost is the megakernel's floor (recursion loses, K in [288,300] flat).",autocuda/optimize/2026-06-30-18-52-36-eigh/brief-43,4f7abed0,autocuda/optimize/2026-06-30-18-52-36-eigh/brief-43:8,1,1.4596,0.9996,kept,2.04
opt_0008,"t7 Lever-1 complement-projection 3xTF32 (n>=1024) -> NEW BEST. Route R-Qd(Qd^T R) through 3xTF32 on n>=1024 via _lr_proj_mode_for + _lr_proj_out (2 chained _matmul_3xtf32); FP32 n=512; plain TF32 still banned (breaks V=[Vd,Vc] orth). geomean 32773 vs t6 32797 (-0.07%; -0.36% cumulative vs combine). Paid shape4 -1.3%, shape12 -0.8%; shape7/10 neutral, n=512 unchanged, shape11 held. 39/39 pass, no gate re-trip. Both win-sets present.",autocuda/optimize/2026-06-30-18-52-36-eigh/brief-45,4306fba2,autocuda/optimize/2026-06-30-18-52-36-eigh/brief-45:8,1,1.4592,1.0007,kept,2.04
opt_0009,"t6 Lever-1 Vd-lift 3xTF32 in COMBINED build -> NEW BEST. Added _lr_vd_lift_mode_for (3xTF32 for n>=1024 and n=512 k>=384, FP32 zero-margin n=512 k<=352) + _MIXED_PEEL_VD_LIFT_MODE=3xtf32; wired through custom_kernel low-rank route + both mixed-peel sites. geomean 32797 vs clean-combine 32892 (-0.29%). Paid on n=1024 (shape4 -0.9%, shape10 -0.4%), neutral n=512, shape11 held. brief-44's net-neutral Vd-lift finding was parent-specific; combined build's shape balance makes it a win. 39/39 pass, no gate re-trip.",autocuda/optimize/2026-06-30-18-52-36-eigh/brief-45,8720b2ea,autocuda/optimize/2026-06-30-18-52-36-eigh/brief-45:7,1,1.4582,1.0029,kept,2.04
opt_0010,"Stack both +/- reduced blocks into single (2b,n,K) CQR + (2b,K,K) megakernel eigh launches (2b CTAs fill 148 SMs better; ~9% on block eigh). A@U per b-block (no af repeat). shape11 115.1->109.5ms (parent 207.7, -47%); geomean 32998->32809us; shape5 noise-checked (188ms); 39/39 valid; check pass.",autocuda/optimize/2026-06-30-18-52-36-eigh/brief-43,c6306c8f,autocuda/optimize/2026-06-30-18-52-36-eigh/brief-43:5,1,1.4576,1.0058,kept,2.04
opt_0011,"t1 COMBINE: applied brief-44 net diff (f8e44f9d1..d6ce9b524, +128/-25) onto PARENT A base 586352251 via git apply --recount -> PURE UNION (combined vs ancestor = +275/-25 = A+B; disjoint functions, no manual merge needed). custom_kernel dispatch: low-rank route now carries dom_gram_mode=_lr_dom_gram_mode_for(n,k_lr) (B; shapes 8/10/6/4/12) AND A's _CLUST_FULL block routes dense n=512 flat-spectrum to _eigh_clust_full (shape 11); B modifies the low-rank RETURN which sits BEFORE A's added block so NO collision. Shape3 (dense512 cond2 k=352) stays FP32 (_lr_dom_gram_mode_for: 352<384). _gram_3xtf32_sym FP32-accurate 2-bmm preserved; _MIXED_PEEL_DOM_GRAM_MODE=3xtf32. geomean 32875.308us vs PARENT A 33175.072 (-0.9%) -- ADDITIVE. 39/39 pass. 'stream' ABSENT. shape11 profile: mega_eigh_clust_split_k 81.5%.",autocuda/optimize/2026-06-30-18-52-36-eigh/brief-45,f27dfd8c,autocuda/optimize/2026-06-30-18-52-36-eigh/brief-45:1,1,1.4547,1.0091,kept,2.04
opt_0012,"t5 FINAL clean additive combine (branch HEAD): removed the dead TRSM-as-GEMM machinery, restored the t1 union. brief-42 dense-cluster (A) + brief-44 low-rank 3xTF32 dominant-Gram (B), pure union of disjoint functions/shapes. Re-measured geomean 32892us (==t1 32875 within noise), 39/39 pass, 'stream' absent. Both wins SIMULTANEOUSLY present vs PARENT A (direct-measured 33218): shape11 lapdense_even 130103 (A cluster, mega_eigh_clust_split_k 81.5% in t1 profile) + shapes 4/6/8/10/12 at B's 3xTF32 values (4:-2.9%, 6:-4.8%, 8:-2.0%, 10:-2.2%, 12:-1.4%); shape3 protected FP32 (flat). ADDITIVE, not interacting: A's shape11 win and B's shapes-4/6/8/10/12 wins are both fully present at once. New global best below PARENT A 33175. shape10 final profile: mega_eigh_clust_split_k 59.1% + batch_trsm_left_kernel 5.4% + residual sytrd4_gpu fallback ~8ms => the trsm and the remaining cuSOLVER fallback are still open levers for future briefs (but the explicit-inverse trsm-as-GEMM refuted here).",autocuda/optimize/2026-06-30-18-52-36-eigh/brief-45,b73639ea,autocuda/optimize/2026-06-30-18-52-36-eigh/brief-45:4,1,1.4540,1.0006,kept,2.04
opt_0013,"t4 EXTEND (regresses): restrict pass-2 3xTF32 trsm to n>=1024 only (shapes 4/10/12); FP32 on all n=512 (mixed peel reverted to fp32, _lr_dom_trsm_mode_for returns fp32 for n<1024). Restoring FP32 on n=512 recovered shape6 (126014~t1) and shape8 (91444~t1). geomean 32912 vs t1 32875 (+0.1%, still regression). The n>=1024 trsm 3xTF32 itself slightly regresses: shape4 +0.8%, shape10 +1.1%, shape12 +0.2% -- Ozaki split overhead on the B*n*k RHS + the added k*k FP32 inverse solve >= the pass-2 trsm saving even at n=1024. 39/39 pass. CONCLUSION across t2/t3/t4: the explicit-inverse TRSM-as-GEMM does NOT beat the clean combine on any subset tested (whole-solve, pass-2-only, n>=1024-only). t1 (32875, additive combine) is the brief's deliverable. Openings not yet tried: (a) a fused custom trsm-as-GEMM kernel avoiding the separate batch_trsm_left inverse solve; (b) BF16x9/bf16x3 emulated-FP32 trsm; (c) larger-k routing so the RHS dominates the fixed inverse cost.",autocuda/optimize/2026-06-30-18-52-36-eigh/brief-45,7d8e492b,autocuda/optimize/2026-06-30-18-52-36-eigh/brief-45:3,1,1.4531,1.0077,kept,2.04
opt_0014,"t8 Lever-2 FUSED blocked trsm-as-GEMM (p=2, n>=1024) -> REGRESSES. NOT the t2-t4 explicit-inverse form: solve L@X^T=Q^T by 2-panel forward substitution (small FP32 diagonal-panel solves + 3xTF32 coupling GEMM, no full inverse). _cqr2_trsm blk3xtf32 branch, _lr_dom_trsm_mode_for n>=1024-only. geomean 32971 vs t7 32773 (+0.6%). n=1024 worse: shape4 +3.3%, shape12 +3.0%, shape10 +1.9%. 39/39 pass (diagonal solves FP32 -> NO fallback, unlike t2). The 2 smaller trsms + 3-bmm coupling + Bt copy/alloc exceed the saving; native batch_trsm_left_kernel already well-tuned.",autocuda/optimize/2026-06-30-18-52-36-eigh/brief-45,05ff8c12,autocuda/optimize/2026-06-30-18-52-36-eigh/brief-45:9,1,1.4505,0.9940,kept,2.04
opt_0015,"Fuse NS via baddbmm (1.5X-0.5 X@X2 one kernel, kills ~17ms elementwise); unmaterialized projectors P+/- @ M via baddbmm; final-NS + orth-gate Gram moved FP32-SIMT->3xTF32; eigen gate reuses solver A@Q (order-gathered, no extra GEMM). shape11 124.4->115.1ms (parent 207.7, -45%); geomean 33070->32998us; shapes 3/8 within noise; 39/39 valid; check pass.",autocuda/optimize/2026-06-30-18-52-36-eigh/brief-43,da0c2f08,autocuda/optimize/2026-06-30-18-52-36-eigh/brief-43:4,1,1.4493,1.0022,kept,2.04
opt_0016,"Threaded block-eigh bisIters/bt_prec knobs (default-preserving, shapes 3/8 untouched). MEASURED levers #1/#3 DON'T help: block eigh timing FLAT in bisIters (wall is stage-1 tridiag+back-transform, not bisection); bisIters=16 regressed pipeline to 115ms (gate fallback); TF32 back-transform regressed to 119ms (gate fallback). Kept 45/fp32. shape11 109.9ms (==baseline); geomean 33001us (noise); 39/39 valid; check pass. Wall confirmed = stage-1 tridiag (lever #2, kernel change).",autocuda/optimize/2026-06-30-18-52-36-eigh/brief-43,d5f370d1,autocuda/optimize/2026-06-30-18-52-36-eigh/brief-43:11,1,1.4492,0.9928,kept,2.04
opt_0017,"Cache Omega probe blocks (fixed generator, by (b,n,K,dev)) to stop re-drawing 0.8GB randoms/call; NS sign iters 24->20 (eig ~3.6e-3). shape11 159.8->124.4ms (vs parent 207.7ms, -40%); geomean 33715->33070us; shapes 3/8 unchanged; 39/39 valid; check pass.",autocuda/optimize/2026-06-30-18-52-36-eigh/brief-43,7c66d294,autocuda/optimize/2026-06-30-18-52-36-eigh/brief-43:3,1,1.4461,1.0195,kept,2.04
opt_0018,"t9 Lever-2 blocked trsm p=4 -> worse than p=2. _CQR2_TRSM_BLOCKS=4. geomean 33079 vs p=2 32971 vs t7 32773. More panels = more small trsm dispatches + more coupling GEMMs, monotonically worse (shape4 49692->50136, shape10 104212->105277, shape12 34201->34575). 39/39 pass. CONCLUSION: fused blocked trsm-as-GEMM refuted at every block count; with t2-t4 explicit-inverse refutation, the CQR2 trsm does NOT yield to any torch-level reformulation -- native cuBLAS batch_trsm_left is efficient; only a hand-written fused CUDA kernel could crack it.",autocuda/optimize/2026-06-30-18-52-36-eigh/brief-45,ec9641d7,autocuda/optimize/2026-06-30-18-52-36-eigh/brief-45:10,1,1.4457,0.9967,kept,2.04
opt_0019,"t9: JOINT C x NT x bisIters sweep. GRID -- (C,NT)@bis30: (3,512)=130011[best] (3,256)=131947 (4,256)=132031 (4,512)=165455. bisIters@(3,512): CLIFF at 20 (165639us x2, gate-fallback from under-converged eigenvalues), 22/25/30/35/45=129001/129311/130011/130784/132149. Optimum (C=3,NT=512,bis=25): shape11 130011->~129360us, geomean 33175->~33138us (clean; 33683 was contention). Isolated _CLUST_FULL_NT from shared _MEGA_CLUST_NT (shapes 4/10 untouched). 39/39 validated. Marginal gain (~0.5ms shape11) -- the 105ms kernel is the wall; NT=512/C=3 confirmed jointly optimal.",autocuda/optimize/2026-06-30-18-52-36-eigh/brief-42,85cd02ea,autocuda/optimize/2026-06-30-18-52-36-eigh/brief-42:11,1,1.4432,1.0022,kept,2.04
opt_0020,"t2 EXTEND (regresses): route the dominant power-step CQR2 back-solve Q=Q@L^-T through TRSM-as-GEMM (k*k FP32 inverse + 3xTF32 TC-GEMM on the B*n*k RHS) via _cqr2_trsm + _lr_dom_trsm_mode_for (mirrors gram router) + _MIXED_PEEL_DOM_TRSM_MODE=3xtf32, threaded per-pass through _lr_cholesky_qr2/_lowrank_eigh/_eigh_lowrank_safe/mixed-peel. geomean 33165 vs t1 32875 (+0.9% REGRESSION). Low-rank shapes worse: shape6 +5.3% (126528->133243), shape8 +4.2% (91432->95274), shape4 +2.0%, shape10 +1.9%; shape11/shape3 unchanged. shape8 nsys DIAGNOSIS: cuSOLVER fallback kernels PRESENT (sytrd4_gpu 3.8ms + potrf_syrk/potrfBatch_trsm/potrf_cta_lower) => the explicit L^-T inverse of the ill-conditioned Cholesky factor tips rankdef matrices over the orth gate (fallback double-solve); AND the added k*k FP32 inverse solve (batch_trsm_left_kernel 11.7ms/12.7%) is itself not free at B=640. 39/39 pass (gate protects). Next: pass-2-only 3xTF32 trsm (CQR2 self-corrects conditioning after pass1).",autocuda/optimize/2026-06-30-18-52-36-eigh/brief-45,c5b01759,autocuda/optimize/2026-06-30-18-52-36-eigh/brief-45:2,1,1.4420,0.9913,kept,2.04
opt_0021,"t11: removed refuted mixed flat-cluster peel (t10, +31ms). Clean best = joint-sweep (C=3,NT=512,bis=25): geomean 33169us, shape6 132779 (restored), shape11 129262. 39/39 validated.",autocuda/optimize/2026-06-30-18-52-36-eigh/brief-42,5a4f3d0e,autocuda/optimize/2026-06-30-18-52-36-eigh/brief-42:13,1,1.4418,1.0186,kept,2.04
opt_0022,"t5: bisIters=30 (from 45) for full-n=512 path -> shape11 130007us, geomean 33175us (-3.4% vs parent 34343). 39/39 validated. Profile (C=3,bis30): cluster kernel mega_eigh_clust_split_k=105.2ms (81.5% of shape11, down from 122ms at C=2); back-transform GEMMs+gate ~20ms fixed tail. Kernel still dominated by SERIAL per-column tridiag (512 cols, global v/p round-trip+cluster.sync each) = the deep bottleneck. Open: panel/blocked tridiag inside cluster kernel (major CUDA rewrite, shared with k=608/768 paths). Swept bisIters 45/30/22: 30 is the safe knee.",autocuda/optimize/2026-06-30-18-52-36-eigh/brief-42,58635225,autocuda/optimize/2026-06-30-18-52-36-eigh/brief-42:5,1,1.4416,1.0062,kept,2.04
opt_0023,"t7: 3xTF32 orth gate for full-n=512 NEUTRAL (shape11 129268, geomean 33187 vs t5 33175 - within noise). Orth GEMM is a small slice of the ~20ms tail; 3xTF32 3-GEMM overhead ~cancels FP32 saving at n=512 b640. check pass. Reverting to simpler FP32 orth for final state.",autocuda/optimize/2026-06-30-18-52-36-eigh/brief-42,474516a2,autocuda/optimize/2026-06-30-18-52-36-eigh/brief-42:7,1,1.4410,1.0097,kept,2.04
opt_0024,"t8 FINAL: revert orth gate to FP32 (t7 3xTF32 neutral). FINAL config: full-rank dense n=512 flat-spectrum (PR>=200, non-2-level) -> C-CTA cluster split kernel at C=3, bisIters=30, fp32 back-transform+orth. geomean 33210us (-3.3% vs parent 34343), shape11 (lapack_dense_even_spectrum) 208ms->130011us (-37%). 39/39 validated. shapes 3(81285)/8(93226)/9(47377) + all others byte-stable vs parent. Profile: cluster kernel 105.5ms=81.5% of shape11 (serial per-column tridiag), ~20ms fixed back-transform+gate tail.",autocuda/optimize/2026-06-30-18-52-36-eigh/brief-42,518b55c1,autocuda/optimize/2026-06-30-18-52-36-eigh/brief-42:8,1,1.4400,0.9993,kept,2.04
opt_0025,"t13 FINAL: reverted to full orth gate (t12 strided unsafe on repeated eigenvalues). Clean best = joint-sweep (C=3, NT=512, bisIters=25, fp32 bt+orth). geomean 33233us (noise-equal to 33169 best), shape11 129434, shape6 132616, shape9 47878, shape3 81155. 39/39 validated. All 3 coordinator directions explored: (1) joint sweep -> bis 45->25 knee (small win, ~130->129.4us shape11); (2) mixed flat-cluster peel REFUTED (+31ms, mixed has no flat-gapless class); (3) cheaper orth gate REFUTED (unsafe on degenerate spectra).",autocuda/optimize/2026-06-30-18-52-36-eigh/brief-42,3fdcf5be,autocuda/optimize/2026-06-30-18-52-36-eigh/brief-42:15,1,1.4390,0.9981,kept,2.04
opt_0026,"t3 (logged after t4): C=3 full-n=512 cluster path is the BEST cluster size. shape11 (lapdense_even) 147531(C=2)->132149us(C=3); geomean 33705->33382us (-2.8% vs parent 34343). commit 2f4dc465. All fits: tri(512)/3=43776<116000 cap. C=3 splits per-column symv 3 ways, nets faster at b640 despite extra waves. (t4 C=4 regressed to 167573; C=3 confirmed optimal.)",autocuda/optimize/2026-06-30-18-52-36-eigh/brief-42,2f4dc465,autocuda/optimize/2026-06-30-18-52-36-eigh/brief-42:4,1,1.4326,1.0158,kept,2.04
opt_0027,t6: tf32x3 back-transform for full-n=512 REGRESSES (shape11 155523us vs fp32 130007; geomean 33510 vs 33175). Ozaki 3-GEMM+bit-split overhead on B*512*512 tensors exceeds tensor-core gain at b640; FP32-SIMT back-transform is only ~5ms of shape11. fp32 confirmed optimal for full-n back-transform. Reverting to fp32.,autocuda/optimize/2026-06-30-18-52-36-eigh/brief-42,436900e1,autocuda/optimize/2026-06-30-18-52-36-eigh/brief-42:6,1,1.4272,0.9900,kept,2.04
opt_0028,"t2: WIN. Exclude 2-level (A^2~I, _twolevel_mask frac<0.5) batches from the full-n=512 cluster probe -> shape9 (clustered) restored to two-level path (47268us, was 285164 in t1). shape11 (lapdense_even) held at 147531us (-29% vs parent ~208ms). geomean 34343->33705us (-1.9%, above 1% noise). 39/39 validated. All other shapes byte-stable vs parent (shape3 81077, shape8 93205, shape9 47268, shape10 104864). The full-n cluster kernel is 122ms (83.9%) of shape11 - dominated by serial per-column tridiag with a global v/p round-trip per 512 columns; open direction = panel tridiag.",autocuda/optimize/2026-06-30-18-52-36-eigh/brief-42,9b54ac47,autocuda/optimize/2026-06-30-18-52-36-eigh/brief-42:2,1,1.4189,1.1478,kept,2.04
opt_0029,"Reduce sign Newton-Schulz iters 30->24 (membership rank-select tolerates a fuzzy sign; shape-11 eig ~3.5e-3, ~3.5x under gate). shape11 170.5->159.8ms; geomean 33891->33715us; 39/39 valid; check pass.",autocuda/optimize/2026-06-30-18-52-36-eigh/brief-43,936c1620,autocuda/optimize/2026-06-30-18-52-36-eigh/brief-43:2,1,1.4185,1.0052,kept,2.04
opt_0030,"t10: flat-cluster peel on mixed512 REGRESSES shape6 132537->163862us (+31ms), geomean 33786. mixed512 PR probe: [0,30)=39 rowscale [37,48)=90 psd [48,62)=278 dense-decaying [62,100)=75 rankdef [100,150)=37 [200,300)=83 [400,600)=38 clustered. reference _MIXED_PROFILES has NO lapack_dense_even_spectrum -> the high-PR [200,300) are repeated/nearrank, NOT flat-gapless -> cluster fixed-cost loses to cuSOLVER on them. Direction-2 (route mixed dense to cluster) = measured NEGATIVE. Disabling next.",autocuda/optimize/2026-06-30-18-52-36-eigh/brief-42,9449e0e1,autocuda/optimize/2026-06-30-18-52-36-eigh/brief-42:12,1,1.4155,0.9808,kept,2.04
opt_0031,"sign-function spectral D&C for n=512 dense-even (shape 11). Scaled NS sign(A) -> +/- projectors -> oversized fixed-K=300 invariant-subspace bases (batched CholeskyQR) -> two reduced K=300 blocks on the fused megakernel -> membership rank-select of the n true eigenpairs -> 1 FP32 NS orthonormalization. Per-matrix residual-gated + cuSOLVER fallback. shape11 207.7->170.5ms (-18%); shapes 3/8 unchanged; 39/39 valid; check pass. nsys: 2x mega_eigh_med_split_k (block eigh) 29%, NS-sign tf32 gemm 11%, CQR trsm 6.5%, FP32 orth-gate/final-NS simt_sgemm ~9%.",autocuda/optimize/2026-06-30-18-52-36-eigh/brief-43,23fb18c8,autocuda/optimize/2026-06-30-18-52-36-eigh/brief-43:1,1,1.4111,1.0133,kept,2.04
opt_0032,"t4: C=4 full-n=512 REGRESSES (shape11 167573us vs C=3 132149us; geomean 33910 vs 33382). Cluster-size sweep verdict: C=3 optimal for full-n=512 b640 (C=2 147531, C=3 132149, C=4 167573). Extra CTA waves+cluster.sync at C=4 dominate the finer symv split. Reverting to C=3 next.",autocuda/optimize/2026-06-30-18-52-36-eigh/brief-42,f35db37b,autocuda/optimize/2026-06-30-18-52-36-eigh/brief-42:3,1,1.4103,0.9939,kept,2.04
opt_0033,"t8: add scoped 3xTF32 Vd lift on top of t7 (dominant Gram + Vd lift both 3xTF32, same n/k scoping, FP32 on shape3). geomean 34079/33954 (3 runs, one had a shape10 noise spike to 198335). Statistically indistinguishable from t7 (Gram-only 34054/34322). Vd lift is a small one-shot GEMM -> 3xTF32 adds no measurable win (confirms t4 + brief-16 t9). shape8 91377 (a 94548 read was noise); shape10 high run-to-run variance (cluster kernel 57.8% of shape). t7 remains cleaner equivalent (Vd lift FP32). 39/39 PASS, stream-clean.",autocuda/optimize/2026-06-30-18-52-36-eigh/brief-44,b867cfb5,autocuda/optimize/2026-06-30-18-52-36-eigh/brief-44:8,1,1.4085,1.0030,kept,2.04
opt_0034,"t11: comment-only cleanup (live code byte-identical to t10), final clean HEAD. geomean 34015/33975 (2 runs) = unchanged. Per-shape stable: shape3 81030 (fp32 preserved), s4 48974, s6 126094, s8 91381, s10 102709, s12 33516. Profile brief-44-trial-11-shape10: mega_eigh_clust_split_k 59.2% (cluster inner solve, brief-35 territory, caps the win) + batch_trsm 5.4%; the dominant-Gram simt_sgemm 128x128x16_NTN (transpose Gram) is GONE from the top vs parent (moved to 3xTF32 tensor cores), only the _nnn A@Qd matvecs remain FP32. 39/39 PASS, stream-clean, diff = submission.py only (+122/-25). Profile: brief-44-trial-11-shape10-d6ce9b524f7cf2b1a6d60088a61965347433dbdf.nsys-rep",autocuda/optimize/2026-06-30-18-52-36-eigh/brief-44,d6ce9b52,autocuda/optimize/2026-06-30-18-52-36-eigh/brief-44:11,1,1.4076,1.0011,kept,2.04
opt_0035,"t10: symmetric-aware 3xTF32 Gram (_gram_3xtf32_sym, 2 bmms vs 3). Exploits that the Gram's two Ozaki cross terms are transposes: G=Qh^T Qh + C + C^T, C=Qh^T Ql. Same ~6e-6 accuracy, 33% fewer bmm flops. Wired into dominant CQR2 Gram 3xTF32 branch. 3 clean runs: 34045/33991/34012 (median 34012, mean 34016) = identical to t9 within noise (Gram is a small fraction; trsm+inner solve dominate). Strictly-cleaner formulation, 0 fallback change (shape3 preserved 81083). 39/39 PASS, stream-clean.",autocuda/optimize/2026-06-30-18-52-36-eigh/brief-44,df225d06,autocuda/optimize/2026-06-30-18-52-36-eigh/brief-44:10,1,1.4061,1.0003,kept,2.04
opt_0036,"t9: CLEAN best -- revert t8's neutral Vd-lift 3xTF32, keep t7's scoped 3xTF32 dominant CQR2 Gram (Vd lift FP32). FIVE clean runs: 34045/34052/34081/33838/34023 (median 34045, mean 34008) vs parent 34318 = stable ~0.8% win. Per-shape: shape3 preserved 81032 (fp32, 0 fallback), s4 50416->49058 (-2.7%), s6 132638->126175 (-4.9%), s8 93153->91321 (-2.0%), s10 104900->102704 (-2.1%), s12 34012->33527 (-1.4%). Every low-rank routed shape + mixed peel improves; zero-margin dense512 whole-batch (shape3) protected on FP32. 39/39 PASS, stream-clean.",autocuda/optimize/2026-06-30-18-52-36-eigh/brief-44,e9fc5cf7,autocuda/optimize/2026-06-30-18-52-36-eigh/brief-44:9,1,1.4056,0.9980,kept,2.04
opt_0037,"t7: SCOPED 3xTF32 dominant Gram (n=1024 all + n=512/k>=384 + mixed-peel dense/psd), FP32 kept on zero-margin n=512 k<=352 (shape3). geomean 34318->34054/34322 (2 runs, ~-0.4-0.8%). Every target shape improves, 0 added fallback: s3 preserved 81144 (fp32), s4 50416->49058, s6 132638->126241, s8 93153->91465, s10 104900->102856, s12 34012->33701. Profile brief-44-trial-7-shape8: dominant-Gram simt_sgemm 128x128x16_ntn HALVED 5.9M->2.7M ns, new s128x128x8tf32gemm 1.7M ns appears -> confirms Gram moved to tensor cores. batch_trsm (14.5%) + mega_eigh_med_split_k (38.4%) still dominate/cap the win. 39/39 PASS, stream-clean. Profile: brief-44-trial-7-shape8-e3ef14b4d1f982054a4bdcb117d628d88bbc1800.nsys-rep",autocuda/optimize/2026-06-30-18-52-36-eigh/brief-44,e3ef14b4,autocuda/optimize/2026-06-30-18-52-36-eigh/brief-44:7,1,1.4043,1.3207,kept,2.04
opt_0038,"t4: FUSED single-pass symv -> BOTH shape-4 AND shape-10 beat cuSOLVER. The t3 C-generic split-symv iterated the owned-row loop once per peer rank (~4ms cost). Re-fused into one row-loop pass (lower + local-upper + each peer rank's rows, peer Ah ptrs resolved once). Recovered shape-4 to 22.1ms (cuSOLVER 48.3=2.19x) AND flipped shape-10 C=3 0.81x->1.06x (63.7 vs 67.3ms) -> raised kmax to 836 so k=768 routes. MEASURED quiet (2 runs agree): shape4 76874->50470us (-34%, C=2 k=608), shape10 108639->104968us (-3.4%, C=3 k=768), GEOMEAN 35454->34343us (-3.1%, BEATS parent+target 35401). Per-matrix gate safe: shape10 outer nbad 0/60 across 3 reseeds. 39/39 validated TWICE. nsys: clust_split_k 40.3% of shape4, 57.8% of shape10 (cuSOLVER gone from shape4). Both target shapes off the cuSOLVER floor -- the brief's real prize.",autocuda/optimize/2026-06-30-18-52-36-eigh/brief-35,f8e44f9d,autocuda/optimize/2026-06-30-18-52-36-eigh/brief-35:4,1,1.3925,1.0124,kept,2.04
opt_0039,"COMBINE A(f8e44f9d1)+B(5c66a54b3): B's psd-peel band is ALREADY in A -> graft is a NO-OP. A was built directly ON B (B is a direct ancestor of A: 5c66a54b3->648980586->a79df8e06->01a278dca->f8e44f9d1). Brief premise (A,B disjointly fork a7f01e4d) is wrong: B forked a7f01e4d, then A forked B. git diff a7f01e4d..5c66a54b3 (B's isolated psd change) applied onto A = ZERO diff; git diff 5c66a54b3..f8e44f9d1 does NOT touch the psd/mixed-peel band (A only added mega_eigh_clust_split + k>448 routing on top of B). Trial file byte-identical to A (0-line diff vs f8e44f9d1). Measured combined state: validate 39/39 PASS twice; two quiet re-benches 34407us & 34358us (mean ~34382, within ~0.2% of A's 34343 = run noise). Per-shape both wins present: shape4(cluster) 50464/50593==A~50466; shape6(mixed512 psd) 132648/132994==B psd win ~132439 (NOT ~136720 'didnt take' -> psd band ACTIVE); shape10(nearrank cluster) 105144/105160==A~104886. 0 stream substrings, -O3/--use_fast_math intact, cluster kernel deterministic across both benches. NO incremental improvement available because A already subsumes B; this equals current global best, not below it.",autocuda/optimize/2026-06-30-18-52-36-eigh/brief-41,9c5ed131,autocuda/optimize/2026-06-30-18-52-36-eigh/brief-41:1,1,1.3919,0.9996,kept,2.04
opt_0040,"t2: DE-RACED the cluster tridiag -> shape-4 k=608 WIN. Root cause of t1 NaN/nondeterminism was NOT accuracy (brief premise refuted) but a cross-CTA RACE in the DSMEM map_shared_rank peer reads of reflector v + symv result p (brief-21 hit same, unfixed). FIX: exchange v/p via GLOBAL staging (vgm/pgm) + __threadfence() + cluster.sync; scalar reductions (amax/s2/alpha) stay DSMEM. Attempts that did NOT fix it (for manager): fence-before-cl.sync on pgm scalars, DSMEM clx scalars, volatile peer ptrs, -O2 vs -O3, drop launch_bounds. RESULT on real shape-4 k=608 b60 block: DETERMINISTIC (run-to-run diff 0.0), orth 1.2e-3<5.8e-3 gate, eigr/an 2.1e-3<1.09e-2 gate, nbad 0/60; CLUSTER inner 22.9ms vs cuSOLVER 48.3ms=2.11x. END-TO-END: shape4 76874->51383us (-33%, 1.50x), geomean 35454->34511us (-2.66%, BEATS parent+target 35401). Validated 39/39 TWICE (determinism under --use_fast_math confirmed). nsys: clust_split_k now 41.4% of shape4 (no syevd -> cuSOLVER gone). shape10 k=768 unchanged (C=2 fits 608 not 768=590KB packed). Forked 5c66a54b3.",autocuda/optimize/2026-06-30-18-52-36-eigh/brief-35,a79df8e0,autocuda/optimize/2026-06-30-18-52-36-eigh/brief-35:2,1,1.3857,1.0884,kept,2.04
opt_0041,"t3: dominant CQR2 Gram + Vd lift -> 3xTF32 (Ozaki hi+lo split, FP32-accurate ~6e-6, NO fallback). geomean 34318->34698 (+1.1% regress). Most low-rank shapes IMPROVE (s4 50416->48730, s6 132638->126645, s8 93153->91573, s10 104900->102242, s12 34012->33706) but shape3 (dense512 k=352 b640) REGRESSES 81034->104820: 3xTF32 split overhead (int32 mask+3 bmms+2 adds on B*n*k) expensive at b640/n=512 in the CQR2 Gram loop -> drags geomean. Confirms brief-16 t4/t9. Next: Vd-lift-only + per-shape scoping. 39/39 PASS.",autocuda/optimize/2026-06-30-18-52-36-eigh/brief-44,40b1ca42,autocuda/optimize/2026-06-30-18-52-36-eigh/brief-44:3,1,1.3783,1.3025,kept,2.04
opt_0042,"t5: dominant CQR2 Gram -> 3xTF32 ONLY (Vd lift FP32). geomean ~34705. CLEAN mechanism: dominant-Gram 3xTF32 helps s4 50416->49235, s6 132638->126315, s8 93153->91396, s10 104900->102808, s12 34012->33594 but REGRESSES shape3 (dense512 k=352 b640) 81034->104554. Profile (brief-44-trial-5-shape3-0726056) shows a PARTIAL cuSOLVER FALLBACK newly appearing under 3xTF32: sytrd4_cta 7.6M ns + 886 gemvx + 256 symv (syevd internals) absent in FP32 parent. shape3 at eigen-residual floor (k=352), so 3xTF32's ~6e-6 extra error tips borderline matrices' orth over 80*n*eps gate. Lever for 4/6/8/10/12 but must be scoped off shape3. 39/39 PASS. Profile: brief-44-trial-5-shape3-0726056442a4029cc8d3bc61627c748d592a329d.nsys-rep",autocuda/optimize/2026-06-30-18-52-36-eigh/brief-44,07260564,autocuda/optimize/2026-06-30-18-52-36-eigh/brief-44:5,1,1.3780,1.0095,kept,2.04
opt_0043,"t3: runtime cluster size C (one build serves C=2 k=608 + C=3 k=768). Made C a runtime kernel arg (removed __cluster_dims__/CLUST_C define, cluster dim via launch attr) + generalized symv peer reads / v-p exchange / scalar reductions over arbitrary C. MEASURED shape-10 k=768 C=3: CORRECT (deterministic, orth 5.2e-3<5.9e-3, eigr/an 9.9e-3<1.09e-2, nbad 0/60 -- de-race generalizes to C=3) BUT cluster inner 83ms vs cuSOLVER 67ms = 0.81x (3-way coordination + 24 tridiag panels @ n=768), routing it REGRESSED shape10 108639->124664us. CAPPED _MEGA_CLUST_KMAX=682 (C=2 only); k=768 stays cuSOLVER. shape-4 C=2 still wins but the C-generic exchange cost ~4ms (shape4 51383->55600, geomean 34511->34770). 39/39 TWICE. Quiet geomean 34718-34784 (beats parent 35454 + target 35401). t4 will restore the tight per-peer exchange.",autocuda/optimize/2026-06-30-18-52-36-eigh/brief-35,01a278dc,autocuda/optimize/2026-06-30-18-52-36-eigh/brief-35:3,1,1.3755,0.9926,kept,2.04
opt_0044,"t4: Vd lift -> 3xTF32 ONLY (dominant Gram FP32, FP32-accurate no fallback). geomean ~35034 (2 runs, indiv shape noise spikes: shape10 228671 run1 / shape9 60857 run2). Target shapes at parent: s3 81041 s6 132598 s8 93299 s10 104486 -- NO improvement from Vd-lift 3xTF32 alone (small one-shot GEMM, split overhead offsets tensor-core saving, confirms brief-16 t9). So t3's shape4/8/10 gains came from the DOMINANT Gram 3xTF32, not the Vd lift. 39/39 PASS.",autocuda/optimize/2026-06-30-18-52-36-eigh/brief-44,a43f0dce,autocuda/optimize/2026-06-30-18-52-36-eigh/brief-44:4,1,1.3651,0.9904,kept,2.04
opt_0045,"multilevel (G-level) projector for mixed512 repeated subset -- REFUTED, band DISABLED (_MIXED_PEEL_REPEATED=False), committed as measured artifact. _eigh_multilevel generalizes _eigh_twolevel (G=2) to G levels: eigenspace for level g = range of prod_{h!=g}(A-lambda_h I) @ probe (double application), per-level CQR+NS, L by level. Repeated-peel band in _eigh_mixed_peel keyed PR[265,400) (repeated PR=285.94 constant, band<=253.67, clustered=512 -- clean gaps). n=512 => G=16 levels linspace(-1,1,16) x32 each (verified). REFUTED on TWO grounds: (1) ECONOMICS: peeling 50 repeated mats drops cuSOLVER rest only 75.0->67.3ms=7.70ms marginal; free/perfect projector caps at 7.7ms/35.4ms geomean=~0.02%. (2) COST+ORTH: double-proj projector ~28-31ms (480 FP64 bmms+CQR+NS)=~4x the 7.7ms ceiling AND orth fails 50/50 at G=16 (orth 1.1-2.7 >> 4.6e-3 gate, BOTH block-diag & joint CQR+NS) -- 16 near-degenerate levels (spacing 0.133) leave ~6.8e-5 cross-level leakage summing over L1 orth-norm; col-norm dynamic range endpoint~0.5 vs middle~1e-4 (Lagrange denom~1e-5) makes joint Gram ill-conditioned. Eig side EXACT (1.8e-6). Matches brief gate (>11ms can't win): 28>>7.7. 39/39 PASS; geomean 35569 (parent 35603, noise); shape6 132490us==parent 132439 (inert, 0 regression). grep stream=0, pure-torch.",autocuda/optimize/2026-06-30-18-52-36-eigh/brief-36,a8254fcb,autocuda/optimize/2026-06-30-18-52-36-eigh/brief-36:1,1,1.3445,1.0009,kept,2.04
opt_0046,"REFUTE mixed1024 (shape 7) peel: full per-matrix structural map. PR classifier CLEAN (rowscale 2 PR~55-58, psd 8 PR~84-86, dense 28 PR~108-113, rankdef 3 + nearrank 6 PR=166.5 non-separable, spectrum 3 PR=222, band 1 PR=501, repeated 4 PR=572, clustered 5 PR=1024) -- corrects brief-28's ~2/60-dense claim (true 28/60). Classification NOT the blocker; b60 ECONOMICS is. cuSOLVER(n=1024,b60) ~= 57ms fixed + 0.80ms/mat (m=4->60.3, m=28->76.0, m=60->105.0ms), so per-matrix marginal only ~0.80ms while LR/two-level fixed floor doesn't amortize over b60. Per-subset (count/cuSOLVER-marginal/best-LR@k/net): dense 28/25.3ms/59.3ms-k608-0fallback/-36ms; psd 8/7.5ms/84.1ms-k256-8of8fallback/-79ms; nearrank 6/5.3ms/82.6ms/-80ms; clustered 5/4.0ms/two-level-6.5ms/-5ms; repeated 4/3.1ms/77.7ms/-77ms. End-to-end vs full-cuSOLVER 105.0ms: dense-only peel k608=142.6ms (+37.5), dense+psd+clustered=257.9ms (+152.8). Dense (count>>11 break-even AND 0-fallback) STILL loses 36ms: its k608 LR floor 59ms dwarfs its 25ms marginal at b60. Shape 7 IRREDUCIBLE-BY-PEELING with current paths; a win needs a faster b60-batched dense-1024 inner solve. Comment-only edit: byte-identical to parent -> mixed512/homogeneous shapes untouched; 39/39 PASS + check:pass; geomean 35581us (parent 35603us, within noise); shape 7 108849us unchanged. no 'stream'.",autocuda/optimize/2026-06-30-18-52-36-eigh/brief-39,be468fa2,autocuda/optimize/2026-06-30-18-52-36-eigh/brief-39:1,1,1.3441,1.0006,kept,2.04
opt_0047,"t5 GATED null-complement reduction (BEST, ~neutral): thread null_complement flag from the rank-deficient PR bands (rankdef512 PR[120,200], nearrank1024 PR[200,400], both null=True) through router->_eigh_lowrank_safe->_lowrank_eigh; null bands use double-reproj+1-CQR, concentrated bands (3/4/12) + mixed peels keep 2+2 CQR2. PR band IS the null discriminator (cheap ||AQd||/||A|| ratio was ~0.9999 for ALL low-rank shapes, could not separate). QUIET head-to-head vs parent 5c66a54b3: shape8 93.23k->92.88k (-0.38%, real & stable), shape10 108.87k->108.76k (noise), geomean 35592->35589 (neutral, within noise). Complement is too small a fraction for partial reduction to move geomean. 39/39; per-matrix gate still guards every matrix; grep stream=0.",autocuda/optimize/2026-06-30-18-52-36-eigh/brief-34,11acba51,autocuda/optimize/2026-06-30-18-52-36-eigh/brief-34:5,1,1.3438,1.0295,kept,2.04
opt_0048,"HEAD = t5 gated null-complement reduction (revert of t6 restores t5 code; byte-identical to 11acba51e). BEST/final: gated double-reproj+1-CQR for the rank-deficient bands (rankdef512/nearrank1024), full 2+2 CQR2 elsewhere. FINAL quiet full bench: geomean 35598us (parent 5c66a54b3 quiet ~35592, neutral); shape8 93.08k (parent 93.23k, -0.16% this run; -0.38% mean over 3+2 runs), shape10 108.66k (neutral). Correctness-safe 39/39, per-matrix gate intact, grep stream=0. Complement branch is a small (9.6%/5.5%) irreducible fraction so the partial reduction is sub-noise at geomean.",autocuda/optimize/2026-06-30-18-52-36-eigh/brief-34,6c9fdfff,autocuda/optimize/2026-06-30-18-52-36-eigh/brief-34:7,1,1.3434,1.0874,kept,2.04
opt_0049,"PSD peel band added to mixed512 router: psd subset (PR[37,48), 76 mats) -> split-mega low-rank k=256 power=1, between the dense[48,62)->k352 peel and the clustered->2level peel; rest still cuSOLVER. psd sits in a clean lower PR window (psd~[40,44], distinct below dense[51.6,58.1] and above rowscale[25,29]). Probe: psd subset 0/76 fallback at k=256 (11.8ms vs cuSOLVER-gathered 33.0ms, 2.8x); k must be exactly 256 (k<=192 eig 3e-2 fails gate, k>=320 orth blows up=100% fallback). End-to-end mixed512 shape6 132562us (parent ~136720). ROWSCALE probed+REFUTED (subset marginal too small: +psd+rowscale 138.3 > psd-only 127.4ms end-to-end). 39/39 validate pass, 0 fallback, no regression on other shapes. geomean 35603us vs parent 35659 (-0.16%, small since 1/13 shapes).",autocuda/optimize/2026-06-30-18-52-36-eigh/brief-33,5c66a54b,autocuda/optimize/2026-06-30-18-52-36-eigh/brief-33:1,1,1.3433,1.0016,kept,2.04
opt_0050,"COMBINE A(mixed512 shape-6 peel, 3d3712d0)+B(megakernel gate trim, 8d30bf975): grafted ONLY B's two localized gate edits onto A. In _eigh_megakernel(shape1)+_eigh_megakernel_med(shape2): (1) dropped the REDUNDANT recon=||QLQ^T-A||_1 matrix_norm+its (Q*L)@Q^T GEMM + the recon term from bad-mask (kept orth+eigr+isfinite); (2) wrapped eigen-gate GEMM af@Q in allow_tf32=True (orth GEMM stays FP32). Diff vs A == B's 391107f7..8d30bf975 diff EXACTLY (byte-identical +/- content); mixed-peel+all other code byte-identical to A (+33 comment/wrapper lines, 41 ins/8 del). recon-drop provably safe (QLQ^T-A=(AQ-QL)Q^T-A(QQ^T-I); brief-27: 0 recon-only misses). QUIET re-bench geomean 35659.045us (A 35856 - B's ~182us on shapes 1/2), NEW RUN BEST. Per-shape: shape0 161.5, shape1 2459.4(was 2520, B trim landed), shape2 6567.6(was 6774, B trim landed), shape3 81053, shape4 76887, shape5 186919, shape6 136522.8(A peel), shape7 108657, shape8 93211, shape9 46669, shape10 108790, shape11 207726, shape12 34024. 39/39 PASS incl thin-margin test.28(lapack_dense_even recon_res 0.0372)+test.33(random_symmetric 0.0237)+4 high_magnitude. Pure-torch, -O3/--use_fast_math, no stream substring. nsys shape1: mega_eigh_k 94.4%, one NormOneOps reduce group + TF32 s128x128x8tf32gemm (B's eigr GEMM), no 2nd recon GEMM.",autocuda/optimize/2026-06-30-18-52-36-eigh/brief-31,a7f01e4d,autocuda/optimize/2026-06-30-18-52-36-eigh/brief-31:1,1,1.3411,1.0055,kept,2.04
opt_0051,"t2: rankdef/nearrank band NS-Qd iters 3->2. HUGE unexpected benchmark effect: shape-6 160249us->139636us (-20.6ms), geomean 36114->~35700 (settled 35674/35704/35727), +0.4% vs parent 35569 (was +1.5% at t1). 39/39 PASS, stream=0. NS-Qd=2 leaves 1/77 residual fallback (0/77 at 3) which the gate catches. The 20ms gap between NS=2 and NS=3 is NOT the ~1ms/iter NS GEMM cost -- it is an allocator/megakernel-path threshold effect (the 3rd NS iter's 77x512x384 temporaries trip something that costs ~20ms in eval.py's L2-flushed bench, invisible in the warm isolated timing where t1 saw only +2.76ms). So t1's refutation was pessimistic. NS-Qd=2 is near-neutral but still a slight regression: the 77-mat cuSOLVER marginal ~15ms barely trails the LR floor ~17ms. Next: map the cliff (NS=1/4) and try to reach 0-fallback cheaply (pre-alloc NS scratch / in-place).",autocuda/optimize/2026-06-30-18-52-36-eigh/brief-37,c0dd1324,autocuda/optimize/2026-06-30-18-52-36-eigh/brief-37:2,1,1.3394,1.0115,kept,2.04
opt_0052,"Block-exact orth gate (live): reconstruct ||V^TV-I||_1 from 3 blocks (Gdd,Gcc,Gdc) skipping the redundant Gcd=Gdc^T (~20% fewer gate-GEMM flops). SAFETY PROVEN: reseed sweep 6 seeds x 5 low-rank shapes + 2 mixed subsets = 42 runs, TOTAL disagree_exact=0 vs monolithic full gate (rankdef r_dd up to 1.93, catches all 20 rankdef+3 nearrank fallbacks; mixed512 psd caught where block-MAX misses; reldiff<=2.3e-7). 39/39 PASS. PERF A/B (3x quiet each): parent monolithic med 35591 vs block-exact med 35769 = +178us/+0.5% REGRESSION -- gate GEMMs are launch/latency-bound on B200, 9 small GEMMs+reductions cost more than the flops saved. REFUTES the n^3->n*k*nc cut as a win; the monolithic 3-GEMM gate is faster.",autocuda/optimize/2026-06-30-18-52-36-eigh/brief-40,75459fc9,autocuda/optimize/2026-06-30-18-52-36-eigh/brief-40:3,1,1.3370,1.0181,kept,2.04
opt_0053,"t1: mixed512 dense-peel router. STEP-1 probe FLIPPED brief-10's refutation under brief-24's split-mega inner solve. mixed512 b640: dense matrices sit in tight PR window ~[51.6,58.1] (clean vs psd~42/rowscale~27/rankdef~83/spectrum~111); conservative window [48,62) captures exactly 264/640 dense with 0 gate-fallbacks. Split-mega LR on the dense subset=34.0ms vs cuSOLVER-gathered 78.8ms (56.8% margin vs brief-10's ~10%); cuSOLVER MARGINAL saving 63.2ms - LR-subset 34.0ms = +29.2ms > overhead (A@A+g/s ~4.1ms). End-to-end peel=139.1ms vs whole cuSOLVER 163.5ms=-14.9%. Break-even ~64 dense mats (cuSOLVER n=512 knee): probe 32 +10ms LOSS / 96 -3.3ms WIN / 264 -24.4ms WIN. mixed1024 (2/60 dense, below knee, LR floor>>marginal) LOSES at every window -> gated to n=512 only. Wiring: PR computed ONCE, shared _lowrank_route_k + _eigh_mixed_peel; fires only n=512 + heterogeneous (max/min PR>=3) + >=128 dense (2x break-even); dense->_eigh_lowrank_safe (residual-gated internally -> correctness == cuSOLVER), rest->batched cuSOLVER, scatter. Homogeneous batches route via _lowrank_route_k, never reach this branch (no regression). QUIET re-bench geomean 36398.226->35842.081 (-1.5%, NEW RUN BEST); shape6 168569->137603 (-18.4%), all other shapes within noise. 39/39 validate PASS. nsys(brief-28-trial-1-3adba24b): both paths coexist -- cuSOLVER syevd (sytrd4/gemvx/symv/laed on ~376 rest) + mega_eigh_med_split_k 8.9% + simt_sgemm back-transform (264 dense). grep stream=0.",autocuda/optimize/2026-06-30-18-52-36-eigh/brief-28,3adba24b,autocuda/optimize/2026-06-30-18-52-36-eigh/brief-28:1,1,1.3343,1.0155,kept,2.04
opt_0054,"t2: extend mixed512 peel with clustered two-level subset. After the dense subset (t1), also peel the CLUSTERED (2-level, A^2~I) matrices in mixed512 to the two-level projector path (~2x cuSOLVER). Detected via _twolevel_mask on the NON-dense remainder only; self residual-gated. Extension probe: dense-only=-24.3ms; dense+clustered=-25.3ms (extra ~1.0ms, TAKEN); dense+rankdef[62,100)k384=+6.9ms LOSS (22/77 gate-fallback); psd/rowscale[25,48)=100% fallback -> only dense+clustered peeled. QUIET re-bench (3 runs): geomean 35798/35856/35908 (median 35856, parent 36398.226 -> -1.5%); shape6 137603->136720 (the ~1.0ms clustered shave landed, consistent across re-benches). Shape9 homogeneous clustered512 unchanged 46646 (peel only touches mixed batch). All other shapes within noise, no regression. 39/39 validate PASS. nsys(brief-28-trial-2-3d3712d0): 3 paths coexist -- cuSOLVER syevd (sytrd4/symv) on rest + mega_eigh_med_split_k 9.0% + float potrf/trsm (dense LR) + double potrf/trsm (2-level projector on 37 clustered). grep stream=0. Difference vs t1 (35842) is within noise at geomean but t2 has strictly-better shape6.",autocuda/optimize/2026-06-30-18-52-36-eigh/brief-28,3d3712d0,autocuda/optimize/2026-06-30-18-52-36-eigh/brief-28:2,1,1.3338,0.9996,kept,2.04
opt_0055,"STEP-1 probe: instrument gate to measure 3 block-residual terms of unsorted V=[Vd,Vc] + block-max-gate bad-mask vs full V^TV. FINDINGS: within-Vd dominates rankdef/nearrank CQR2 failures (shape8 r_dd=1.55e-2, shape10 r_dd=1.23e-2, both TRIP thr while r_cc/r_dc stay small); cross term r_dc is 2.6e-3..6.4e-3 (comparable to within-block, NOT negligible); block-MAX gate MISSES a real fallback on mixed512 psd subset (orth_full 5.00e-3>thr but max block term 3.39e-3<thr, disagree=1) -> L1 does NOT decompose as max-of-block-norms, cross terms add per-column. Metric probe-inflated.",autocuda/optimize/2026-06-30-18-52-36-eigh/brief-40,d7aea363,autocuda/optimize/2026-06-30-18-52-36-eigh/brief-40:1,1,1.3299,0.9900,kept,2.04
opt_0056,"t1: mixed512 rankdef/nearrank peel band (PR[62,100), k=384, NS-Qd reortho). STEP-1 CORRECTED the brief premise: the 22/77 fallback that refused brief-28's peel is NOT the inner-G orth ceiling (inner G already 1e-4 orthonormal) -- it is the RANGE-FINDER Qd going rank-deficient at the exact-rank-3n/4=384 boundary (Vd=Qd@G orth ||Vd^TVd-I|| up to 1.05, split: 18 orth-only+3 both, only 2-3 eig). brief-30's _lr_ns_reorth on the inner G was verified to do NOTHING here (orth/eig bit-identical with/without). FIX: NS-reortho the range-finder Qd instead (_LR_QD_NS_ITERS, scoped): 0 iters->22/77 fb, 2->1/77, 3->0/77 (measured live; 0 fallbacks confirmed in the real peel path). BUT REGRESSION: parent 5c66a54b3 shape6 132565us/geomean 35569 -> this shape6 160249us/geomean 36114 (+1.5%), 39/39 PASS, stream=0. Economics don't net-win: cuSOLVER marginal saved by peeling the 77 (rest 263->186 mats, 74.95->59.77ms = 15.19ms) < LR path cost 17.7ms (k=384 split-mega on the cost-cliff EDGE, latency-unstable: nsys mega_eigh_med_split avg 7.1ms MAX 11.46ms stddev 4.16). Isolated _eigh_mixed_peel +2.76ms (126.86->129.62) but eval.py bench +27.6ms on shape6 (cold 4th distinct-(B,k) mega scratch set + k=384 split variance). k pinned at 384 (k352->77/77 eig fail, k400->77/77), power=1 required (power=0->77/77).",autocuda/optimize/2026-06-30-18-52-36-eigh/brief-37,440660b8,autocuda/optimize/2026-06-30-18-52-36-eigh/brief-37:1,1,1.3242,0.9858,kept,2.04
opt_0057,"Keep the characterized NS ceiling-raiser (_lr_ns_reorth) DEFAULT OFF; bands at parent-optimal k=352/384. NON-REGRESSING best safe result: geomean 36196us == parent 36324 within noise, 39/39 PASS (validated 2x, profiled). Captures the measured finding as ready infra: NS2+diag DOES raise the inner orth ceiling cheaply+correctly (orth 0.75->3e-6 at k=448, eigenvector-preserving, ~11-21% of inner cost, NO eigh -- vs CQR+RR 262-281%), but net-regresses at the routed k (orth already under gate) and cannot unlock larger k (single-CTA inner-solve COST CLIFF above k~384: profiled mega_eigh_med_split_k 28ms@k352 vs 48ms@k448, and full-path b640 82->278ms; t3 k=448 3.5x slower than k=352 WITH orth fixed). Flag->True only after the inner cost cliff is flattened.",autocuda/optimize/2026-06-30-18-52-36-eigh/brief-30,1f417ef9,autocuda/optimize/2026-06-30-18-52-36-eigh/brief-30:4,1,1.3213,1.2111,kept,2.04
opt_0058,"t1: shape-9 clustered512 orth-gate Qf^T@Qf FP32-SIMT -> 3xTF32 (_matmul_3xtf32 Ozaki hi+lo). SAFETY-verified 6 clustered reseeds (770004+5, 3840 mats): 3xTF32 orth vs FP32 orth max|diff|=1.18e-5, both ~1e-5 (~400x below 75*n*eps=4.58e-3 gate), 0 fallback-decision flips. 39/39 validate. Contention-inflated single bench geomean 36221.8us (parent 8d30bf975 ~36216 -> within ~1% noise), shape-9 46150us (parent shape-9 was ~46ms). nsys confirms orth-gate GEMM now on TF32 tensor cores (s256x256x8tf32gemm), off simt_sgemm; NS block GEMMs + FP64 projectors/CQR untouched. Needs quiet re-bench for verdict.",autocuda/optimize/2026-06-30-18-52-36-eigh/brief-29,d8a5c4d3,autocuda/optimize/2026-06-30-18-52-36-eigh/brief-29:1,1,1.3203,1.0011,kept,2.04
opt_0059,"t4: KEEP FP32-SIMT NS (3xTF32 NS refuted as slower). Restored the block-NS GEMMs to true FP32-SIMT (parent d8a5c4d3's proven code) after t1/t2/t3 measured ALL THREE 3xTF32 conversions as shape-9 regressions. Executable code byte-identical to parent (verified: comment-only diff); only the _ns_block comment records the refutation. 39/39 validate. FINAL QUIET VERDICT (3 passes): geomean 36246.999/36270.948/36327.926us (best 36247), shape-9 46167.573/46245.674/46297.136us -- matches parent's own quiet re-bench (geomean ~36197, shape-9 ~46157, freshly measured this brief) within <0.3% noise. This ALSO gives the INHERITED orth-gate-3xTF32 change (brief-29) its clean verdict: it is NEUTRAL vs the 8d30bf975 lineage baseline on a quiet bench (brief-29's 36222/36255 were contention-inflated; the true quiet value is ~36200-36280, at/below 8d30bf975's ~36216). nsys t4 == parent: NS back on simt_sgemm (64x128 ntn 1.99ms + 128x128 tnn 1.67ms), orth-gate on TF32 tensor cores, FP64 projector/CQR untouched. Profile saved for follow-up briefs forking b676cbc3.",autocuda/optimize/2026-06-30-18-52-36-eigh/brief-32,b676cbc3,autocuda/optimize/2026-06-30-18-52-36-eigh/brief-32:4,1,1.3194,1.0010,kept,2.04
opt_0060,"Routed the eigr gate GEMM (af@Q) to TF32 tensor cores in BOTH megakernel gates (_eigh_megakernel n=176, _eigh_megakernel_med n=352), matching the two-level gate's precedent. Gate-only GEMM -> TF32 ~3e-4/op error far below 150*n*eps eigen gate; orth GEMM Q^T@Q kept TRUE FP32 (TF32 accumulates over n dot-products past orth bound). Diagnostic (good + col-rotated near-threshold megakernel outputs): TF32 vs FP32 eigr differs <=6e-5, 0 flips on GOOD, single near-threshold flip fell ONE extra borderline matrix back to cuSOLVER (safe direction). Validated 39/39 (kernelguard CLEAN), every test residual identical to t1. Per-shape: shape1 n=176 2469->2463, shape2 n=352 6639->6570 (-1.0%). Geomean 36263.119 (tied with t1 36252; geomean dominated by large-n shapes not routed through these gates). grep stream=0.",autocuda/optimize/2026-06-30-18-52-36-eigh/brief-27,8d30bf97,autocuda/optimize/2026-06-30-18-52-36-eigh/brief-27:2,1,1.3188,1.0002,kept,2.04
opt_0061,"Dropped the redundant recon=||Q L Q^T - A||_1 recompute (+ its second (Q*L)@Q^T O(n^3) batched GEMM + L1 matrix_norm) from BOTH megakernel gates: _eigh_megakernel (n=176 shape1) and _eigh_megakernel_med (n=352 shape2). Recon is provably redundant given the retained eigr+orth gates via the exact identity Q L Q^T - A = (A Q - Q L) Q^T - A (Q Q^T - I): a bad recon requires bad eigr (E Q^T term) OR bad orth (A(QQ^T-I) term). Corruption sweep (col-rotation + col-norm scaling) on thinnest-margin shapes (n=176 dense, n=512 lapack_dense_even, n=1024 lapack_random_symmetric) -> ZERO recon-only misses (rotation trips eigr first: recon 1.19e-2 < eigr 2.11e-2; scaling trips orth 40/40). Two-level, low-rank, custom, tridiag gates already recon-free (confirmed, not regressed); low-rank inner solve bare/ungated. Validated 39/39 (kernelguard CLEAN); harness recon gate still passes every shape (test.1 n=176 recon_rtol=0.00839, test.2 n=352 recon_rtol=0.0168, test.28/33 << gate). Per-shape: shape1 n=176 2519.999->2471.015 (-1.9%), shape2 n=352 6774.398->6634.267 (-2.1%), others unchanged. Geomean 36398.226->36270.722 (-0.35%, within 1% noise but per-shape wins > per-shape err). grep stream=0.",autocuda/optimize/2026-06-30-18-52-36-eigh/brief-27,2c0dd374,autocuda/optimize/2026-06-30-18-52-36-eigh/brief-27:1,1,1.3185,1.0035,kept,2.04
opt_0062,"t3: shape-9 NS UPDATE GEMM only (Qf@(1.5I-0.5*gram)) -> 3xTF32; gram GEMM stays true FP32-SIMT. SAFE (diagnostic): update-only post-NS orth_max=1.90e-4 vs FP32 1.90e-4, max|diff|=1.90e-6 (tightest of the 3 variants), 0 >trigger, 0 flips /3840 mats. PERF: still REGRESSES. Quiet 3x vs parent (FP32 NS): shape-9 46157->48659us (+2.5ms); geomean 36197->36364us (+167us). The update GEMM (n x kp output) as 3xTF32 (3 bmm + mask + 2 adds) replacing 1 FP32-SIMT sgemm is net slower. ALL THREE 3xTF32 NS variants (both/gram-only/update-only) REGRESS shape-9 by +2.2 to +4.9ms -- REFUTES the brief hypothesis; FP32-SIMT NS is fastest.",autocuda/optimize/2026-06-30-18-52-36-eigh/brief-32,e3e6ca88,autocuda/optimize/2026-06-30-18-52-36-eigh/brief-32:3,1,1.3180,1.0005,kept,2.04
opt_0063,"t2: shape-9 NS GRAM GEMM only (Qf^T@Qf) -> 3xTF32; update GEMM stays true FP32-SIMT. SAFE (diagnostic): gram-only post-NS orth_max=1.88e-4 vs FP32 1.90e-4, max|diff|=2.45e-6, 0 >trigger, 0 flips /3840 mats. PERF: still REGRESSES. Quiet 3x vs parent (FP32 NS): shape-9 46157->48347us (+2.2ms); geomean 36197->36322us (+125us). One 3xTF32 GEMM (3 bmm + bit-mask + 2 adds) replacing 1 FP32-SIMT sgemm is net slower even for the single (smaller, kp x kp output) gram GEMM.",autocuda/optimize/2026-06-30-18-52-36-eigh/brief-32,0511abd3,autocuda/optimize/2026-06-30-18-52-36-eigh/brief-32:2,1,1.3174,1.0049,kept,2.04
opt_0064,"COMBINE graft: parent A (4c1e8876, global best, shape-9 block-CQR/block-NS + low-rank precision) as BASE; grafted ONLY parent B's (b778e8e6) mega_eigh_med_split_k CUDA kernel + torch batched-GEMM WY back-transform (_mega_med_split_solve/_mega_med_backtransform/_bt_bmm/_backtransform_fullT + split-T cache) + routing into the n=352 direct med path (_eigh_megakernel_med) AND the k in (200,448] low-rank inner solve (_lr_reduced_mega). Megakernel module kept A's -O3/--use_fast_math (NOT B's -O2). A's block-diagonal _eigh_twolevel byte-identical (diff vs A touches ZERO twolevel lines). Validated 39/39 TWICE under -O3 (determinism OK). QUIET per-shape us: s0=161.3 s1(n176)=2519.999[RECOVERED, -O3 not -O2] s2(n352 split)=6774.4 s3(512/k352)=81042.5 s4=77002.0 s5=186676.1 s6=168568.8 s7=109001.5 s8(rankdef/k384)=93320.6 s9(clustered block-NS)=46596.7 s10=108773.2 s11=207783.3 s12(geom/k384 split)=33965.7. Geomean 39359.749->36398.226 (-7.5%, new run best, beats 39322). nsys: n=352 now 85.9% mega_eigh_med_split_k + batched simt_sgemm back-transform GEMMs. grep stream=0.",autocuda/optimize/2026-06-30-18-52-36-eigh/brief-24,391107f7,autocuda/optimize/2026-06-30-18-52-36-eigh/brief-24:1,1,1.3139,1.0814,kept,2.04
opt_0065,"STEP-1 corrected: EXACT block reconstruction of ||V^TV-I||_1 from 3 blocks (Gdd,Gcc,Gdc) via per-column sums, exploiting V^TV symmetry to skip the redundant Gcd=Gdc^T block (~20% fewer gate-GEMM flops). Gdc MUST be 3xTF32 (abs-sum rectifies rounding noise, plain TF32 inflates ~2.6e-3). DECISION-MATCH: disagree_exact=0 on ALL 5 low-rank shapes + both mixed subsets (reldiff<=2.3e-7); reproduces full gate bad-mask exactly incl mixed512 psd where block-max missed. Metric probe-inflated.",autocuda/optimize/2026-06-30-18-52-36-eigh/brief-40,03b6322a,autocuda/optimize/2026-06-30-18-52-36-eigh/brief-40:2,1,1.3133,0.9875,kept,2.04
opt_0066,"t3: reverted all bands to parent k/power; per-band-power infra retained as no-op. Clean re-bench geomean 36454.857 (parent 36359.914; delta = shape5 n=2048 contention noise 188824 vs 186172). Low-rank shapes reproduce parent exactly: s3 81024 s4 77018 s8 93438 s10 108750 s12 33956. 39/39 validate. Confirms the (pr_lo,pr_hi,k,power) tuple infra is a true no-op and the parent config is the measured optimum for the levers probed so far.",autocuda/optimize/2026-06-30-18-52-36-eigh/brief-26,4238141f,autocuda/optimize/2026-06-30-18-52-36-eigh/brief-26:3,1,1.3119,1.0084,kept,2.04
opt_0067,"t5 FINAL: reverted t4 k=416 regression; branch HEAD = parent-optimal low-rank config (parent k/power + per-band-power tuple infra as no-op). Final clean quiet re-bench geomean 36478.911 (parent 36359.914; delta = shape5 n=2048 contention 189562 vs 186172, NOT a low-rank shape). 39/39 validate. Low-rank shapes reproduce parent: s3 81269 s4 77056 s8 93286 s10 108706 s12 33995. grep stream=0. Profiled shape3 (brief-26-trial-5-21214b59.nsys-txt): inner mega_eigh_med_split_k 36.2%, CQR2 batch_trsm_left 16.0% (outer path), back-transform + Vd-lift + complement simt_sgemm the rest. CONCLUSION: parent low-rank k/band/power is the measured optimum for every lever the brief named; all four levers refuted by measurement.",autocuda/optimize/2026-06-30-18-52-36-eigh/brief-26,21214b59,autocuda/optimize/2026-06-30-18-52-36-eigh/brief-26:5,1,1.3110,1.0951,kept,2.04
opt_0068,"t1: shape-9 two-level finishing NS block GEMMs (gram=Qf^T@Qf AND update=Qf@(1.5I-0.5*gram)) both FP32-SIMT -> 3xTF32 (_matmul_3xtf32 Ozaki hi+lo), on the RETURNED Q. SAFETY (brief crux, decisive, /tmp diagnostic across 6 clustered reseeds 770004+5, 3840 mats): post-NS orth ||Q^T Q - I||_1 (harness FP64 metric) reads orth_max=1.89e-4 (3xTF32) vs 1.90e-4 (FP32), max|diff|=3.23e-6, both ~24-400x below the 75*n*eps=4.58e-3 fallback trigger; 0 matrices >trigger (== FP32's 0), 0 >100*n*eps harness gate, TOTAL_FLIPS=0. 3xTF32 NS is SAFE on the returned factor (unlike plain TF32, brief-20). 39/39 validate. PERF: REGRESSES. Quiet apples-to-apples vs parent d8a5c4d3 (FP32 NS, freshly re-benched quiet 3x): shape-9 46157us -> 51047us (+4.9ms, +10.6%); geomean 36197us -> 36505us (+308us, +0.85%). nsys confirms the 2 NS GEMMs moved OFF simt_sgemm (64x128 ntn 1.99ms + 128x128 tnn 1.67ms GONE) ONTO TF32 tensor cores (s1688gemm 2.29+2.24+0.83+0.81ms) BUT the split does 3 bmm/GEMM = 6 bmm vs 2 sgemm, +1.9ms extra elementwise adds (Ah@Bh+Ah@Bl+Al@Bh), +1ms bit-mask -> net slower. REFUTES the brief's 'shave 1-2ms' hypothesis for BOTH-GEMM.",autocuda/optimize/2026-06-30-18-52-36-eigh/brief-32,ce995653,autocuda/optimize/2026-06-30-18-52-36-eigh/brief-32:1,1,1.3110,0.9929,kept,2.04
opt_0069,"t4 double-reproj + 1-pass final CQR (UNGATED): 2 reprojs kill cross-block coupling so a single final CQR clears the gate. WORKS for null shapes 8/10 (shape8 94k->92.8k, shape10 neutral, PASS) but the less-null shapes fall back (shape6 134->151.8k, shape12 34->43.7k) -> geomean 35659->36641 (+2.8%). Signal: valid ONLY for truly-null complements; must be GATED. 39/39.",autocuda/optimize/2026-06-30-18-52-36-eigh/brief-34,be6eae46,autocuda/optimize/2026-06-30-18-52-36-eigh/brief-34:4,1,1.3052,1.3181,kept,2.04
opt_0070,"t1: per-band power infra (_LOWRANK_BANDS tuple -> (pr_lo,pr_hi,k,power); _lowrank_route_k returns (k,power)). Applied shape8 rankdef512 k=384 power=2 (probe: power=1 3/640 fallback orth 0.19 worst, power=2 0/640 orth 2.7e-3). MEASURED REGRESSION: shape8 93324->105038us (+12.6%), geomean 36359.914->36747.894. The extra power iteration (A@Qd b640xn512xk384 GEMM + full CQR2 pass) costs more at b640 than the 3 full-n=512 cuSOLVER fallbacks it eliminates. Other shapes unchanged (s3 81023 s4 77010 s10 108650 s12 34084). 39/39 validate. Infra kept for later per-band power trials.",autocuda/optimize/2026-06-30-18-52-36-eigh/brief-26,0399992d,autocuda/optimize/2026-06-30-18-52-36-eigh/brief-26:1,1,1.3014,0.9905,kept,2.04
opt_0071,"t2: shape3 dense512 k=336 power=2 (brief lever 4, downward k re-sweep under split back-transform). Probe: k=336 needs power=2 to clear (k<=336 p1 = 96-100% fallback); k=336 p2 = 0/640 fallback (eig 8.65e-3 < 9.16e-3 gate). MEASURED REGRESSION: shape3 81039->92692us (+14.4%), geomean 36359.914->36759.689. At b640 the extra power iteration (A@Qd b640x512x336 GEMM + CQR2 Gram+trsm ~11-12ms) far exceeds the inner-mega + complement savings of a 16-col-smaller k. Confirms (with t1) that power=2 is not worth it at b640; shape3 k=352 power=1 is the floor. 39/39 validate.",autocuda/optimize/2026-06-30-18-52-36-eigh/brief-26,1e0e0517,autocuda/optimize/2026-06-30-18-52-36-eigh/brief-26:2,1,1.3010,0.9997,kept,2.04
opt_0072,"Add cheap Newton-Schulz re-orthonormalization + diag Rayleigh refresh to the split mega inner solve (_lr_ns_reorth), bands at optimal k=352/384. NEUTRAL-REGRESSION: geomean 36324->36761 (+1.2%), 39/39 PASS. NS2 restores orth 1e-3->3e-6 at ~11-21% of inner-solve cost AND (unlike CQR which mixes columns -> needs a 262-281% batched RR eigh) preserves eigenvector directions so diag Rayleigh keeps (lam,G) consistent with NO eigh. BUT at routed k=352/384 raw orth is ALREADY under gate (dense512/geom1024 no cliff) -> cleanup is pure overhead: shape3 81058->87684, shape8 93488->100557, shape12 33845->34769. Confirms orth NOT the binding constraint at routed k.",autocuda/optimize/2026-06-30-18-52-36-eigh/brief-30,48b77a21,autocuda/optimize/2026-06-30-18-52-36-eigh/brief-30:2,1,1.3009,1.1827,kept,2.04
opt_0073,"t1 REFUTE reduced-CQR: probed complement branch on shapes 8/10 (9.0ms/6.0ms = 9.6%/5.5% of shape, ~97% orthonormalization CQR2+proj, ~0.27ms eigenvalue machinery; lam_c~2e-5/1.8e-5 confirm null; ||A@Vc||/||A|| 1.2e-3/9e-4 << eigen gate). Dropped final complement CQR to 1 pass -> full-V orth exceeds 80*n*eps gate on ALL low-rank shapes -> mass fallback. shape8 94k->111.7k (+18%), geomean 35659->36928 (+3.6%). 39/39.",autocuda/optimize/2026-06-30-18-52-36-eigh/brief-34,3e564de6,autocuda/optimize/2026-06-30-18-52-36-eigh/brief-34:1,1,1.2951,0.9656,kept,2.04
opt_0074,"t1: wire C=2 cluster split kernel (mega_eigh_clust_split, forked brief-14) for k=608 inner solve, routed k in (448,680] via _lr_reduced_clust. DIRECT kernel-vs-cuSOLVER probe on shape-4 k=608 b60 block: cluster inner 21.2ms vs cuSOLVER 48.3ms = 2.28x FASTER kernel, orth 2.7e-3 (GOOD, <5.8e-3 gate) BUT eigr/anorm 1.99 >> 1.09e-2 gate -> 60/60 fail. Block is ILL-conditioned (cond~71457, ~52 near-zero clustered eigs); FP16-tridiag+twisted eigenVECTOR stage fails on the near-degenerate near-zero cluster (eigr huge even w/ Rayleigh-refreshed eigenvalues). REGRESSION: shape4 76874->156084us (outer gate falls all 60 to FULL-n cuSOLVER, 2x), geomean 35454->37563. Speed IS there (2.28x); accuracy is the wall. 39/39 validate PASS (fallback catches).",autocuda/optimize/2026-06-30-18-52-36-eigh/brief-35,64898058,autocuda/optimize/2026-06-30-18-52-36-eigh/brief-35:1,1,1.2732,0.9493,kept,2.04
opt_0075,"Generalize in-kernel block-T build to arbitrary nb via SMEM recurrence (was single-warp shuffle, capped nb<=32). Fixed strict-lower-clear index bug (was clearing strict-upper -> mass fallback, 54737 before fix). nb=32 fp32: geomean 37674 (== t2, noise). shape2 7168, shape3 83198, shape8 95452, shape12 34397. Enables nb>32.",autocuda/optimize/2026-06-30-18-52-36-eigh/brief-22,aaa3ac53,autocuda/optimize/2026-06-30-18-52-36-eigh/brief-22:5,1,1.2694,1.0378,kept,2.04
opt_0076,"CANONICAL best: split med back-transform to torch-level per-panel compact-WY batched FP32 GEMM (panel/fp32/nb32). geomean 37676 vs parent 40076 (-6.0%). Targets: shape2 10843->7175 (1.51x), shape3 99451->83098 (1.20x), shape8 116110->95447 (1.22x), shape12 38826->34437 (1.13x). shape1 n176 (mega_eigh unchanged) 2523->2804 = -O2 mandate cost (parent used -O3), ~0.8% geomean. 39/39 validate PASS. Swept prec (tf32 fallback-heavy / tf32x3 Ozaki-tax / fp32 WIN), nb (32~64 tied), structure (panel~fullT tied). Profile: split kernel now 37.8% of shape3 (was inner-solve 47%); back-transform off SIMT onto batched FP32.",autocuda/optimize/2026-06-30-18-52-36-eigh/brief-22,b778e8e6,autocuda/optimize/2026-06-30-18-52-36-eigh/brief-22:2,1,1.2693,1.4512,kept,2.04
opt_0077,"nb=64 (fewer panels: n352 11->6 panels, back-transform launches 33->18). fp32 geomean 37780 == nb32 37674 (noise). FP32 back-transform is compute/kernel-bound not launch-bound. shape2 7332, shape3 83606, shape8 95998, shape12 34617.",autocuda/optimize/2026-06-30-18-52-36-eigh/brief-22,8269a276,autocuda/optimize/2026-06-30-18-52-36-eigh/brief-22:6,1,1.2658,0.9972,kept,2.04
opt_0078,"FP32 batched back-transform (allow_tf32 off). WIN: geomean 37835 vs parent 40076. shape2 7325, shape3 83835, shape8 96357, shape12 34588. FP32 clears the orth gate (no fallback, validate 7.4s) and the batched GEMMs saturate the GPU across the batch. Parametrized prec via _MEGA_MED_SPLIT_PREC/_bt_bmm.",autocuda/optimize/2026-06-30-18-52-36-eigh/brief-22,37d02269,autocuda/optimize/2026-06-30-18-52-36-eigh/brief-22:3,1,1.2640,0.9958,kept,2.04
opt_0079,"full-T single-shot back-transform (assemble full compact-WY Tf from per-panel block-Ts via left-looking recursive combine, then 3 big GEMMs). fullT fp32 @nb64 37912 (==panel, noise); fullT with tf32x3 FINAL 3 GEMMs 38374 -- still loses to fp32 37674. Even over the 3 largest GEMMs the Ozaki tax exceeds the tensor-core speedup. FP32 confirmed best across panel+fullT.",autocuda/optimize/2026-06-30-18-52-36-eigh/brief-22,82cdfdee,autocuda/optimize/2026-06-30-18-52-36-eigh/brief-22:8,1,1.2463,1.0049,kept,2.04
opt_0080,"tf32x3 @ nb=64 (54 sub-GEMMs vs 99 at nb32): geomean 38561, better than tf32x3@nb32 (39099) but still LOSES to fp32 (37674). shape2 8089, shape3 89123, shape8 102639, shape12 35378. Ozaki elementwise tax on b640*n*n dominates even with fewer panels.",autocuda/optimize/2026-06-30-18-52-36-eigh/brief-22,5edf49e5,autocuda/optimize/2026-06-30-18-52-36-eigh/brief-22:7,1,1.2402,0.9798,kept,2.04
opt_0081,"t1: route full-rank dense n=512 (k=512 C=2) through cluster split kernel via PR>=200 flatness probe. shape11 (lapdense_even) 208ms->146031us (-30%, cluster kernel 122ms + backtransform/gate 24ms). BUT geomean REGRESSED 34343->38688us: the PR>=200 probe ALSO caught shape9 (clustered, PR=512), stealing it from the fast two-level path (cluster 285164us vs two-level ~70ms). shapes 3/8 unchanged (still low-rank). Fix in t2: exclude 2-level matrices from the flatness probe. Cluster kernel 83.9% of shape11, dominated by serial per-column tridiag (open direction: panel tridiag).",autocuda/optimize/2026-06-30-18-52-36-eigh/brief-42,e0319429,autocuda/optimize/2026-06-30-18-52-36-eigh/brief-42:1,1,1.2362,0.8877,kept,2.04
opt_0082,"t6 REFUTE null-branch with NO final CQR: dropped the single final CQR after the double-reproj. shape8 92.8k->166.4k, shape10 108.7k->181.3k, mass fallback (geomean 35589->38709, +8.7%). Reproj shrinks Vc columns un-normalized so internal orth drifts off the gate without a finishing CQR. Confirms t5 (double-reproj + 1 final CQR) is the MINIMUM null-complement orthonormalization. HEAD reverted to t5 code (best). 39/39.",autocuda/optimize/2026-06-30-18-52-36-eigh/brief-34,cd697569,autocuda/optimize/2026-06-30-18-52-36-eigh/brief-34:6,1,1.2355,0.9194,kept,2.04
opt_0083,"tf32x3 (Ozaki 3-pass) back-transform: accurate (validate 7.5s, no fallback) but geomean 39099 LOSES to fp32 37835. shape2 8635, shape3 93358, shape8 108185, shape12 36463. 3x GEMM launch count + hi/lo split overhead exceeds tensor-core speedup.",autocuda/optimize/2026-06-30-18-52-36-eigh/brief-22,8d78524a,autocuda/optimize/2026-06-30-18-52-36-eigh/brief-22:4,1,1.2231,0.9677,kept,2.04
opt_0084,"DROPPED the finishing Newton-Schulz on shape-9: the block-diagonal CQR alone leaves Q orthonormal enough to clear the orth gate (each block ~1e-6, cross-block ~1e-11). Removes 2 FP32-SIMT n^3 GEMMs (~6.9ms). Shape9 mean 49091->44670/45006/45215us; geomean 39551->39233.3/39229.3/39235.2 (3 quiet benches, other shapes tight std). HOWEVER MEASURED FRAGILE: shape9 std ~4.2-5.9ms (best 42.6ms, worst 72ms across 200 runs); isolated probe = 3/12 random projector G-draws produce 1 matrix crossing the gate -> cuSOLVER fallback ~30ms spike. orth margin only ~0.31*gate vs FP32-NS's ~0.05*gate. The eval takes the MEAN so it still scores ~39233 (faster than t7 39551), but the high variance + intermittent fallback storms make this RISKIER on hidden leaderboard reseeds than t7. Reporting as a measured faster-mean result; RECOMMEND t7 (cba54eb2, block-CQR + FP32-NS, robust nbad=0, 39551) as the safe best and this (d7756d7a) as an aggressive option for the manager to weigh. 39/39 PASS.",autocuda/optimize/2026-06-30-18-52-36-eigh/brief-20,d7756d7a,autocuda/optimize/2026-06-30-18-52-36-eigh/brief-20:13,1,1.2190,1.0082,kept,2.04
opt_0085,"BLOCK-DIAGONAL Newton-Schulz: finish orthonormalization on each eigenspace block (kp-col +1, (n-kp)-col -1) SEPARATELY instead of the joint n x n Q. The two blocks are mutually orthogonal ~1e-11 (projector), so the joint NS Gram Q^TQ has ~0 off-block entries -- computing them is wasted. Block NS costs kp^3+(n-kp)^3 vs joint n^3. Measured (real shape-9): joint NS ~7.8ms -> block NS ~5.3ms (concat incl). Stacks with the block-CQR (t7). RESULT: shape9 clustered 49091->46566/46930/46566us (-2.5ms); geomean 39551->39322.8/39408.2/39393.1 (3 benches). ROBUSTNESS: per-block NS gives orth margin 0.037*gate (BETTER than joint NS 0.12 and MUCH better than skip-NS's 0.31); nbad=0 across 6 clustered reseeds; 2/3 benches perfectly clean (shape9 std <32us, best=worst), 1 run had a single rare fallback spike (worst 75ms of 200 runs, mean unaffected) -- far safer than skip-NS (t9, 3/12 draws fell back). This is the robust best (block-CQR + block-NS), preferred over both t7 (39551, more NS cost) and t9 (39233 mean but fragile). 39/39 PASS.",autocuda/optimize/2026-06-30-18-52-36-eigh/brief-20,4c1e8876,autocuda/optimize/2026-06-30-18-52-36-eigh/brief-20:14,1,1.2162,0.9977,kept,2.04
opt_0086,"CONFIRMATION of block-NS (t10, same commit 4c1e8876, code unchanged). SIX quiet benches now agree: 39322.8/39408.2/39393.1/39366.8/39359.7/39401.1us -- all beat prior best t7 39551 and the combine 40108. Shape9 stable 46566-47331us across all six (from t7's 49091). Rare fallback spikes: ~2 of 6 runs had one shape-9 spike (worst ~75ms of 200 timed runs, mean barely moved; one of those runs also had general contention on other shapes), consistent with the measured orth margin 0.037*gate -- much rarer than skip-NS (t9, 3/12). This is the robust run best. Full progression on brief-20: combine 40108 -> FP32-NS 39849 -> block-CQR 39551 -> block-CQR+block-NS ~39350.",autocuda/optimize/2026-06-30-18-52-36-eigh/brief-20,4c1e8876,autocuda/optimize/2026-06-30-18-52-36-eigh/brief-20:15,1,1.2151,0.9991,kept,2.04
opt_0087,"Self-timing gate for the n=32 CUDA-graph path (no-regression final state). Replaces the forced route with a one-time per-(n,b) MEASUREMENT of graph-Jacobi vs cuSOLVER on the live input class; caches the verdict; takes the graph path only on a >5% win. Same measured-faster-only philosophy as the rest of the router -> cannot regress. shape0 n=32=161.5us == baseline ~165us (gate correctly kept cuSOLVER). geomean 39458.266us vs parent 39535us (this run) -- within noise, no regression. Validated 39/39. VERDICT on the brief mechanism: graph capture of the n=32 pipeline is correct + kills launch latency but LOSES because (1) cuSOLVER eigh is NOT graph-capturable (internal host sync -> capture invalidated) and (2) nsys shows n=32 cuSOLVER is 92% GPU kernel EXECUTION (105us batch_parallel_jacobi_algo1 on b20, occupancy-bound), NOT the host/launch overhead the brief hypothesized; a capturable pure-torch eigh's own execution is ~22ms. The graph machinery is live + kernelguard CLEAN, retained for any (n,b) where it would win.",autocuda/optimize/2026-06-30-18-52-36-eigh/brief-23,935201bb,autocuda/optimize/2026-06-30-18-52-36-eigh/brief-23:2,1,1.2120,1.4586,kept,2.04
opt_0088,"BLOCK-DIAGONAL CQR (manager's structural lever). Yp(n x kp, +1 eigenspace) and Ym(n x n-kp, -1 eigenspace) are mutually orthogonal (double FP64 projection -> ~1e-11 cross-block leakage), so the joint CQR on the n x n concat wastes ~3/4 of its flops on ~1e-11 off-block Gram entries. Replaced with two independent per-block CQRs -> CQR cost n^3 -> kp^3+(n-kp)^3. Measured (real shape-9): joint CQR 20.7ms -> block 15.9ms (-4.9ms, -24%). End-to-end shape9 clustered 54099 -> 49091/49117us (-5ms, -9.3%, two quiet benches); geomean 39849 -> 39551.1/39567.5. Per-block Gram conditioning ~1.26e6 (+block) / ~4.09e5 (-block) -- single eigenspace, so FP64 still required (FP32 Cholesky loses pos-def) but MORE robust than the joint path: nbad=0 across 6 clustered reseeds vs the joint CQR itself tripping 1/6 (seed 123). Cross-block orthogonality guaranteed ~1e-11 << 6.10e-3 orth gate. 39/39 PASS. New run best ~39551.",autocuda/optimize/2026-06-30-18-52-36-eigh/brief-20,cba54eb2,autocuda/optimize/2026-06-30-18-52-36-eigh/brief-20:11,1,1.2092,1.0072,kept,2.04
opt_0089,"CONFIRMATION of block-CQR (t7, same commit cba54eb2, code unchanged). Four independent quiet benches now agree: 39551.1/39567.5/39583.5/39554.9us, all beat prior best 39849; shape9 rock-solid 49091-49117us across all four (from 54099). nsys shape-9 breakdown (new bottleneck): FP64 d884gemm projector+block-Grams ~31%; FP32-SIMT simt_sgemm (NS 2 GEMMs + orth-gate) ~24%; FP64 batch_trsm_right block-CQR solves ~11.7%; potrf block-Cholesky ~3.5%; CatArrayBatchedCopy concat ~1.9%. Next levers: the ~24% FP32-SIMT NS+gate GEMMs (CUDA-core, not tensor) and the O(n^3) residual-gate GEMMs (manager's probe-vector-residual O(n^2) idea, shape-9-gated).",autocuda/optimize/2026-06-30-18-52-36-eigh/brief-20,cba54eb2,autocuda/optimize/2026-06-30-18-52-36-eigh/brief-20:12,1,1.2091,0.9999,kept,2.04
opt_0090,"CONFIRMATION of t5 FP32-NS win (same commit 8b9b6f40, code unchanged) + full probe sweep of remaining shape-9 levers. Four independent quiet benches now agree: 39849.1, 39849.7, 39847.2, 39834.4us -- all beat t1 40108 and parent1 40228; shape9 rock-solid 54098-54172us (from 58306). Probed EVERY remaining reduced-precision lever on the real shape-9 input across 6 clustered reseeds and REFUTED them (data, not reasoning): (a) 3xTF32/mixed PROJECTOR regress (projector is only ~14ms, not the bottleneck; 3xTF32 leaves 1-3/640 over the eigen gate -> cuSOLVER-fallback storm); (b) 3xTF32 CQR-Gram: Cholesky non-pos-def (assembled basis ill-conditioned); (c) pure FP32 CQR: Cholesky fails all 6 seeds, larger shift -> orth 229x gate; (d) FP32 triangular-solve: orth 777x gate (20-1069 fallbacks); (e) skip-NS: trips the BENCHMARK seed's gate on 1 matrix + orth 2.2x on reseeds (risky). Conclusion: FP64 projector + FP64 CQR (both irreducible) + FP32 NS (t5) is the robust optimum for the two-level path under pure-torch precision tuning. Geomean best ~39834-39850.",autocuda/optimize/2026-06-30-18-52-36-eigh/brief-20,8b9b6f40,autocuda/optimize/2026-06-30-18-52-36-eigh/brief-20:8,1,1.2006,1.0004,kept,2.04
opt_0091,"WIN. Section-timing (min over 5, same process) on real shape-9 input REFRAMED the levers: FP64 projector is only ~14ms (NOT the 33% the stale profile implied); the dominant shape-9 costs are CQR (~20ms) and NS (~10.7ms), both FP64. Probed all reduced-precision options: (a/c) 3xTF32/mixed PROJECTOR both regressed (t3 62-82us noisy from 1-3/640 cuSOLVER fallbacks; t4 mixed +1.8ms, projector not the bottleneck); 3xTF32 CQR-Gram FAILS (Cholesky non-pos-def on the ill-conditioned assembled basis). The winning lever: the FINISHING Newton-Schulz runs AFTER CQR where Q is already ~orthonormal (Gram~I, well-conditioned), so its 2 GEMMs are safe in true FP32-SIMT. Moved NS FP64->FP32 (allow_tf32 off). Measured nbad=0 across 6 clustered reseeds, orth ~5.6e-6 -- BETTER margin than FP64 NS (which itself tripped 1/6 reseeds to orth 7e-2, i.e. FP32 NS is both faster AND more robust). RESULT: shape9 58306->54099us (-4.2ms, -7.2%); geomean 40108->39849 (two consecutive benches 39849.1/39849.7, std 0.05% each -- quiet, rock-solid). 39/39 PASS. New run global best.",autocuda/optimize/2026-06-30-18-52-36-eigh/brief-20,8b9b6f40,autocuda/optimize/2026-06-30-18-52-36-eigh/brief-20:7,1,1.2001,1.0093,kept,2.04
opt_0092,"t1: blocked compact-WY (latrd) tridiag in the 2-CTA cluster megakernel replacing the per-column two-sided rank-2 update. Panel of NB=16 reflectors V + W-vectors as n*NB FP32 SMEM tiles; deferred trailing update A[j+NB:,j+NB:]-=VW^T+WV^T applied once per panel (SIMT). Critical SMEM-LAYOUT FIX: cluster-exchanged buffers (v,p,Vp,Wp) FIRST at fixed offset (map_shared_rank needs matching offsets; the two balanced CTAs' packed sizes differ). Algorithm verified correct vs numpy (d/e match to FP16). MEASURED direct on shape 11 b640: NB=16 raw 219ms/call vs cuSOLVER 213ms (no SIMT speed win); fallback 640/640 (FP16 tridiag eig residual over gate). NB=1 (~unblocked) orth 0.0025 passes but eig 0.039 fails; NB=32 overflows SMEM. NOT ROUTED (_CLUST_ROUTE_ENABLED=False) -> geomean 39875 == parent (quiet run), no regression.",autocuda/optimize/2026-06-30-18-52-36-eigh/brief-21,7600b98b,autocuda/optimize/2026-06-30-18-52-36-eigh/brief-21:1,1,1.1993,1.0531,kept,2.04
opt_0093,"t4: shape3 dense512 k=416 UPWARD re-sweep (exploit cheaper mega inner solve by shrinking complement). MASSIVE REGRESSION: shape3 81024->271509us (+235%), geomean 36359.914->39946.479. Probe root-caused: the FP16 megakernel inner solve's eigenvector ORTHOGONALITY degrades with block size k on dense512 -- k=352 orth 7.9e-3 (1 fb), k=384 orth 1.2e-2 (4 fb), k=400 orth 0.78 (56% fb), k=416 orth 2.1 (100% fb) -- even though EIG improves (7e-3->2e-3). Vd=Qd@G loses orthonormality -> orth gate -> mass fallback (271ms = wasted low-rank + full cuSOLVER). KEY FINDING: the k<=448 split-mega inner path has an ORTH CEILING ~k=384 for these matrices; shape3 k=352 and shapes 8/12 k=384 sit right at it. Both downward (t2, needs costly p2) and upward (t4, orth ceiling) k re-sweeps refuted -> parent k values are the measured optimum.",autocuda/optimize/2026-06-30-18-52-36-eigh/brief-26,32e93f4a,autocuda/optimize/2026-06-30-18-52-36-eigh/brief-26:4,1,1.1972,0.9126,kept,2.04
opt_0094,"CONFIRMATION re-benches (same commit 7b80e8ace, code unchanged) to defeat sibling GPU contention. Four quiet runs cluster: 40113.2, 40139.9, 40560.1, 40108.2us (one contended outlier 62075 discarded: per-shape std up to 78ms). Best quiet=40108.158, 3/4<=40140 -- all beat parent1 40228.669. Shape9 clustered rock-solid across quiet runs: 58280.5/58274.4/58341.4us (parent1 ~60932 -> ~2.6-2.7ms/shape, matching brief-18's ~58240 prediction). Shape3/11 (low-rank shapes parent1 owns) unchanged ~99.4k/207.8k -> low-rank+megakernel wins preserved byte-identical. COMBINE stacks as predicted (~39.9-40.1k). 39/39 PASS.",autocuda/optimize/2026-06-30-18-52-36-eigh/brief-20,7b80e8ac,autocuda/optimize/2026-06-30-18-52-36-eigh/brief-20:2,1,1.1924,1.0001,kept,2.04
opt_0095,"COMBINE brief-16 best (7eb7a5d1) + brief-18 shape-9 win: lifted ONLY the clustered512 (_eigh_twolevel) eigen-residual gate GEMM a_sub@Qf onto TF32 tensor cores; orthogonality gate Qf^TQf forced FP32 (allow_tf32 off) per brief-18 isolated probe. Projector stays FP64. Surgical one-GEMM graft, everything else byte-identical to parent1. Validate 39/39 PASS. Benchmark (quiet run, tight std<0.02%): geomean=40113.179us < parent1 40228.669; shape9 clustered=58305.7us (parent1 ~60932 -> matches brief-18 ~58240). nsys confirms s256x256x8tf32gemm live for eigen-gate, d884gemm FP64 projector + simt_sgemm_f32 FP32 orth-gate unchanged. A contended re-bench read 62075us (std up to 78ms/shape -- best-columns match quiet). Verifying quiet geomean over more re-benches.",autocuda/optimize/2026-06-30-18-52-36-eigh/brief-20,7b80e8ac,autocuda/optimize/2026-06-30-18-52-36-eigh/brief-20:1,1,1.1922,1.0029,kept,2.04
opt_0096,"Approach (c) MIXED projector: inner (first) projector application in 3xTF32, outer (final) in FP64, to clear the eigen gate that pure-3xTF32 (t3) missed while halving FP64 GEMMs (4->2). 39/39 PASS. Shape9 clustered=60167us (std 8355=quiet 0.014%) -- WORSE than pure-FP64 58306 (+1.9ms). geomean 40217.8 > 40108 baseline. EIGH_DIAG probe on t3 had shown pure-3xtf32's n=512 clustered eigen residual at 9.78e-3 just over the 9.15e-3 gate (orth fine at 5e-6); mixed clears the gate (no runtime error, 39/39) but the 3xTF32 hi/lo split (int32 bit-mask + 3 bmms) + FP32<->FP64 casts on b640 512x512 tensors (~640MB each, memory-bound) cost more than the 2 FP64 GEMMs saved. Conclusion so far: at n=512/b640 the split+cast overhead dominates any FP64-GEMM saving; FP64 projector (58306, t1) remains best. Directions still open: mixed on the n=1024 shapes only (EIGH_DIAG showed n=1024 clustered PASSES pure-3xtf32 cleanly, eigrel 5.4e-4 << gate); or bf16x9/cublas-fp32-emulation projector (approach b) which avoids the explicit-split cast overhead.",autocuda/optimize/2026-06-30-18-52-36-eigh/brief-20,6562d732,autocuda/optimize/2026-06-30-18-52-36-eigh/brief-20:6,1,1.1891,1.0201,kept,2.04
opt_0097,"t10: restore t8 winning config (3xTF32 gate V^TV + FP32 Vd/projections + range-finder 1-pass + complement-TF32-Gram); reverts t9 (neutral). CONFIRMED BEST: geomean 40228-40305 (2 clean runs, matches t8 = 2.76% over parent 41378). shape3 99478, shape4 76922, shape8 116160, shape10 108822, shape12 38821. All low-rank shapes beat parent.",autocuda/optimize/2026-06-30-18-52-36-eigh/brief-16,7eb7a5d1,autocuda/optimize/2026-06-30-18-52-36-eigh/brief-16:10,1,1.1888,1.0016,kept,2.04
opt_0098,"t11: cleanup only -- untrack runtime GPU lock files accidentally staged during t8-t10 (git add -A caught fleet-shared .gpu-0.lock/.gpu-sched.lock). submission.py UNCHANGED from t10, so metric identical (idle-stable ~40247, best of run: 40228-40305 across 4 clean runs = 2.76% over parent 41378). Clean diff vs parent = submission.py only (+104/-11). This is the brief's best committed config.",autocuda/optimize/2026-06-30-18-52-36-eigh/brief-16,6c9f493c,autocuda/optimize/2026-06-30-18-52-36-eigh/brief-16:11,1,1.1882,0.9995,kept,2.04
opt_0099,"t12: remove unused _matmul_3xtf32 helper (t9 reverted its uses; clean diff). Live path UNCHANGED from t10 -- low-rank shapes reproduce (s3 99442 s4 76800 s8 116039 s12 38783); this confirming bench run was contention-inflated on tiny shapes (s0=803 vs 162), true geomean ~40247 (= t10, 2.76% over parent). FINAL BEST.",autocuda/optimize/2026-06-30-18-52-36-eigh/brief-16,05fd3d63,autocuda/optimize/2026-06-30-18-52-36-eigh/brief-16:12,1,1.1882,1.0000,kept,2.04
opt_0100,"t13: final clean HEAD (untracked fleet lock files re-staged by earlier git add -A). submission.py BYTE-IDENTICAL to t10/t11/t12 (the confirmed best), so metric = idle-stable ~40247 (best-of-run range 40228-40305 across 4 clean runs = 2.76% over parent 41378). Diff vs parent = submission.py only (+88/-11). Final profile on shape4 saved at brief-16-trial-12-shape4-05fd3d63.nsys-rep (outer path: trsm 9.2% + FP32-SIMT dom-Gram/Vd/proj ~11.6M ns + inner cuSOLVER laed/sytrd for k=608; complement-Gram + gate-V^TV now on tensorop). CONFIRMED FINAL BEST.",autocuda/optimize/2026-06-30-18-52-36-eigh/brief-16,334d60a1,autocuda/optimize/2026-06-30-18-52-36-eigh/brief-16:13,1,1.1882,1.0000,kept,2.04
opt_0101,"t8: orthogonality-gate V^T V GEMM -> 3xTF32 (Ozaki split). This n*n*n batched GEMM is a large FP32-SIMT term (~4ms shape3 b640); 3xTF32 is ~FP32-accurate (0 gate-decision disagreements) and ~1.6x faster as a SINGLE one-shot GEMM (beats FP32-SIMT here, unlike inside trsm-dominated CQR2 loop; plain TF32 unsafe - inflates orth, flips ~640 decisions). Stacks on t6. geomean 40390->40264 (2 clean runs), all low-rank shapes improve (s3 99552 s4 76839 s8 116296 s10 108596 s12 38804). NEW BEST = 2.76% over parent 41378.",autocuda/optimize/2026-06-30-18-52-36-eigh/brief-16,3b5806a7,autocuda/optimize/2026-06-30-18-52-36-eigh/brief-16:8,1,1.1877,1.0220,kept,2.04
opt_0102,"t9: Vd lift + complement projections -> 3xTF32 (both well-cond, one-shot GEMMs). Numerically safe (Vd matches FP32 orth exactly). geomean 40272-40292, NEUTRAL vs t8 40264: n=1024 slightly better (s4 76040, s12 38582), b640 worse (s8 118366) -- 3xTF32 split overhead offsets gain at high batch; these GEMMs smaller than the gate V^TV where 3xTF32 won. Net wash. Best t8 40264.",autocuda/optimize/2026-06-30-18-52-36-eigh/brief-16,d7fae19a,autocuda/optimize/2026-06-30-18-52-36-eigh/brief-16:9,1,1.1869,0.9993,kept,2.04
opt_0103,"t6: restore t3 winning config (dominant Gram FP32 + complement Gram TF32 2-pass + range-finder 1-pass). CONFIRMED BEST: geomean 40390-40413 (2 clean runs, reproduces t3 40400 = 2.4% over parent 41378). shape3 100480, shape4 77882, shape8 117147, shape10 109833, shape12 39819. Clean base for further work.",autocuda/optimize/2026-06-30-18-52-36-eigh/brief-16,01de5687,autocuda/optimize/2026-06-30-18-52-36-eigh/brief-16:6,1,1.1840,1.0229,kept,2.04
opt_0104,"t3: complement CQR2 Gram -> TF32 (well-cond complement; projections FP32). Stacks on t2. geomean 40921->40400 (~1.3%, 2.4% over parent 41378): shape3 101994->100391, shape4 80028->77895, shape8 117963->117037, shape10 110619->109882, shape12 44443->39965 (largest complement nc=640 benefits most). Validated 39/39.",autocuda/optimize/2026-06-30-18-52-36-eigh/brief-16,40c67db1,autocuda/optimize/2026-06-30-18-52-36-eigh/brief-16:3,1,1.1838,1.0129,kept,2.04
opt_0105,t5: exact-rank-gated complement trsm_free (k!=3n//4 enables tensor-core inv+GEMM; rankdef/nearrank keep direct trsm). Correctness non-regressing (fallbacks<=parent all shapes). A/B one-lock interleaved: trial5 40758-40769 vs PARENT 40192-40213 = ~1.4% REGRESSION. Explicit k-by-k inverse + reduction overhead per call exceeds the tensor-core GEMM saving; complement trsm too small a slice to net positive.,autocuda/optimize/2026-06-30-18-52-36-eigh/brief-19,a5269b1c,autocuda/optimize/2026-06-30-18-52-36-eigh/brief-19:4,1,1.1732,1.0570,kept,2.04
opt_0106,"t2: range-finder CQR2 -> 1 pass (power step re-orthonormalizes; final power CQR2 kept 2-pass). Probed 0 fallback, orth<=1.7e-3. geomean 41396->40921 (~1.1%): shape3 109727->101994 (7%), shape4 83912->80028 (4.6%), shape8 120979->117963 (2.5%), shape12 46613->44443 (4.7%); shape10 105006->110619 (nearrank exact-rank slightly worse). Reset tf32_gram default False. FINDING: dom-subspace CQR2 (ill-cond Qd) MUST stay FP32 (t1); only well-cond complement Gram can be TF32.",autocuda/optimize/2026-06-30-18-52-36-eigh/brief-16,c0c9780b,autocuda/optimize/2026-06-30-18-52-36-eigh/brief-16:2,1,1.1687,1.1994,kept,2.04
opt_0107,"Approach (a): 3xTF32 (Ozaki hi+lo split, 3 TF32 bmms) projector A@X for the shape-9 two-level path, replacing FP64 d884gemm; assembled basis cast to FP64 for Gram/Cholesky/NS. Validate 39/39 PASS (correct via residual-gated fallback). But shape9 clustered REGRESSED 58306->81729us (+40%, +23ms); geomean 41026.8 > 40108 baseline. Diagnosis: 3xTF32's ~6e-6 rel accuracy is amplified past the 150*n*eps~9.2e-3 eigen gate by the near-degenerate +-1 spectrum (~1e-5 jitter) on a significant fraction of matrices -> partial cuSOLVER fallback (~2x cost) stacked on wasted 3xTF32 split work. Shape3 unchanged 99614. NOT the win as-is; next: push projector accuracy (double 3xtf32 or 3xtf32 + one FP64 correction = approach c) to clear the gate for ALL matrices while staying faster than all-FP64.",autocuda/optimize/2026-06-30-18-52-36-eigh/brief-20,3ae462d6,autocuda/optimize/2026-06-30-18-52-36-eigh/brief-20:5,1,1.1657,0.9776,kept,2.04
opt_0108,"t7: complement Gram -> 3xTF32. MEASURED REGRESSION vs t6: geomean 40390->41152. 3xTF32 split overhead net-loses even on smaller nc complement Gram, esp b640: shape8 117147->138485, shape12 39819->41493. Confirms t4 across the board: 3xTF32 overhead > Gram savings. Best remains t6 (complement plain TF32) 40390.",autocuda/optimize/2026-06-30-18-52-36-eigh/brief-16,f40c0c50,autocuda/optimize/2026-06-30-18-52-36-eigh/brief-16:7,1,1.1621,0.9815,kept,2.04
opt_0109,"t2: TF32 eigen-gate GEMM on the two-level path (gate-only, SAFE WIN). The 2-level per-matrix gate ran a_sub@Qf (full A@Q eigen check) in FP32-SIMT = ~15% of clustered512 (nsys: two simt_sgemm 9.8%+4.9%). It feeds only pass/fail (eigen gate 9.2e-3 >> TF32 3e-4 err, the brief-7 AVd trick) -> moved to TF32 tensor cores. Orthogonality GEMM Qf^T@Qf STAYS FP32 (brief-7: TF32 there breaks the 4.9e-3 orth bound). shape9 clustered512 60932->58279us (~4.4% on shape); geomean 41363->41207 (re-bench 41190, stable 0.04%); 39/39 validate. Projector build stays FP64 (t1 negative). Small but real+reproducible+safe. Distinct lever from the refuted projector-precision drop.",autocuda/optimize/2026-06-30-18-52-36-eigh/brief-18,4b5eccf8,autocuda/optimize/2026-06-30-18-52-36-eigh/brief-18:2,1,1.1611,1.0042,kept,2.04
opt_0110,"t5: dominant Gram back to FP32 (t4 3xTF32 net-lost); complement final CQR -> 1-pass. geomean 41315 (2 clean runs), WORSE than t3 40400. shape3 98373/shape4 76107/shape10 108620 improved but shape8 135644 + shape12 48461 REGRESS (complement 1-pass raises fallbacks on rankdef512/lapgeom1024 live; isolated probe under-counted). Net loss. Best remains t3 40400 (dom-fp32 + comp-tf32-2pass + range-1pass).",autocuda/optimize/2026-06-30-18-52-36-eigh/brief-16,c96998d0,autocuda/optimize/2026-06-30-18-52-36-eigh/brief-16:5,1,1.1575,1.0035,kept,2.04
opt_0111,"Revert k>448 to cuSOLVER (nested subspace inner solve dead at k2=384 and 448); removed dead _lr_reduced_nested. Banks the clean k<=448 bare-megakernel win: geomean 41353us == trial 1. shapes 4/10 back to cuSOLVER floor (84027/104863), k<=448 shapes 3/8/12 keep megakernel (109711/120981/46413). Clean base. 39/39 validate.",autocuda/optimize/2026-06-30-18-52-36-eigh/brief-11,0d3cd7b5,autocuda/optimize/2026-06-30-18-52-36-eigh/brief-11:3,1,1.1565,1.0938,kept,2.04
opt_0112,"Bare megakernel inner solve for the low-rank Rayleigh block (k<=448): _lr_reduced_eigh routes Bk (B,k,k) directly through mega_eigh (k<=200) / mega_eigh_med (200<k<=448) with persistent (B,k)-cached scratch, NO wrapper gate, NO sort (outer path re-sorts + gates). brief-7 t5's +41% regression was the top-level wrapper's per-call 7-buffer alloc + own residual gate (af@Q GEMM on k-blocks) + sort. Geomean 43301->41363us (~4.5%). shape3 dense512 k=352 132037->109636; shape8 rankdef512 k=384 153142->120977; shape12 lapgeom1024 k=384 55423->46525. shapes4/10 (k=608/768>448) unchanged=cuSOLVER. nsys: cuSOLVER laed3/gemvx/symv GONE from shape3, replaced by one mega_eigh_med_k (48.8%, 52ms). Validated 39/39.",autocuda/optimize/2026-06-30-18-52-36-eigh/brief-11,966fb4e5,autocuda/optimize/2026-06-30-18-52-36-eigh/brief-11:1,1,1.1562,1.0434,kept,2.04
opt_0113,"t1: two-level projector precision probe = MEASURED NEGATIVE. Refactored _eigh_twolevel with switchable projector/gram precision; probed clustered512 b640 (shape9 ~60ms 2-level win). Isolated: TF32 proj eig-resid=1.01, FP32 proj=0.0423 (both >> 9.2e-3 gate), even w/ Rayleigh-quotient L + 2 NS; FP64=3.7e-5. Near-degenerate within-cluster (exact +-1, 1e-5 jitter) sets projector convergence floor = GEMM per-op error (TF32 1e-3, FP32 1e-4) >> jitter, so basis never reaches eigenspace. Reduced precision => gate falls all to cuSOLVER = net loss. Both switches default FP64 (safe). geomean 41363us == parent 41378 (0.04% noise); shape9 60932us; 39/39 validate. Confirms the original code comment with fresh measurement incl the untried Rayleigh-L variant.",autocuda/optimize/2026-06-30-18-52-36-eigh/brief-18,dd430265,autocuda/optimize/2026-06-30-18-52-36-eigh/brief-18:1,1,1.1562,1.0004,kept,2.04
opt_0114,"cusolverDnXsyevBatched proven NOT genuinely batched (k<=448 probe: shapes 3/8/12 = cuSOLVER floor 131764/153181/55431; shape4 nsys shows same symv/gemvx/laed3 syevd machinery looped). Removed the Xsyev extension; reverted inner router to best (megakernel 32<k<=448, cuSOLVER k>448). Geomean 41367us == trial 1/3 best. shapes 3/8/12 megakernel 109674/120977/46483; shapes 4/10 cuSOLVER floor 83986/104840. 39/39 validate.",autocuda/optimize/2026-06-30-18-52-36-eigh/brief-11,41c353a5,autocuda/optimize/2026-06-30-18-52-36-eigh/brief-11:4,1,1.1561,0.9997,kept,2.04
opt_0115,"FINAL BEST: revert spectral split, k>448 on cuSOLVER floor. The low-rank inner reduced eigh Bk routes through the RAW megakernel (mega_eigh k<=200 / mega_eigh_med 200<k<=448) with persistent scratch, no wrapper gate, no sort. Geomean 41378us, ~4.5% under parent 43301. shapes 3/8/12 (k<=448) win: dense512 132037->109627 (-17%), rankdef512 153142->121020 (-21%), lapgeom1024 55423->46508 (-16%). shapes 4/10 (k=608/768>448) cuSOLVER floor -- four k>448 solvers refuted (nested subspace, Xsyev, _eigh_custom, spectral-split). 39/39 validate. Stable across 4 re-benchmarks (41353-41383).",autocuda/optimize/2026-06-30-18-52-36-eigh/brief-11,12251fe7,autocuda/optimize/2026-06-30-18-52-36-eigh/brief-11:7,1,1.1558,1.0983,kept,2.04
opt_0116,"t1: 2-CTA cluster megakernel n=512, row-distributed packed-FP16 lower-tri across 2 CTAs DSMEM, scatter symv (local matrix reads only), cluster.sync barriers. CORRECT: 0/640 gate-fails on BOTH dense512 (shape3) AND lapack_dense_even512 (shape11); eigenvalues match cuSOLVER exactly; orth 4e-5, eigr 3e-6 vs 6e-3/1.2e-2 gates. Distributed algorithm SOUND. But 12x SLOWER: dense512 2110ms vs 171ms cuSOLVER. ncu (distributed symv/whole kernel): barrier-bound -- 39/50 cycles/instr stalled at CTA barrier (78%), Compute-SM 8%, occupancy 3% (SMEM 192KB/CTA -> 1 CTA/SM, cluster needs 2 SMs -> 74 max clusters), 510 columns x ~5 cluster.sync = ~2550 cluster barriers (each >> __syncthreads), branch-eff 27%. NOT a bandwidth floor (DRAM 0.03%) -- the scatter kept the matrix on-chip as designed; the loss is serialization+barrier overhead. Not routed (kernel compiled+validated standalone). Levers: cut cluster.sync count, reduce divergence, reconsider 2-CTA occupancy tradeoff.",autocuda/optimize/2026-06-30-18-52-36-eigh/brief-14,c1dda652,autocuda/optimize/2026-06-30-18-52-36-eigh/brief-14:1,1,1.1558,1.0000,kept,2.04
opt_0117,"t3: parametric C-CTA cluster (balanced pivot boundaries, global v/p staging) + __launch_bounds__(nt,2). DECISIVE occupancy diagnosis via ncu: occupancy was REGISTER-limited (Block Limit Registers=1, 128 regs/thread), NOT SMEM -- so C=4 shrinking SMEM to 64KB did NOT raise occupancy and was 2x SLOWER (4716ms) from added 4-way global-staging coordination. launch_bounds(,2) capped regs at 64/thread (no spills) -> Block Limit Registers=2, but SMEM now binds (C=2 balanced 128KB/CTA > 114KB -> Block Limit SharedMem=1, still 1 CTA/SM, 25% occ, 4 warps/sched, No-Eligible 92%). C=2+launch_bounds=1952ms (best cluster so far; C=2 no-lb 2111, C=4 4716). dense512 cuSOLVER=171ms so 11x off. All CORRECT 0/640. NEXT lever measured-necessary: C=3 (85KB<114KB) so reg AND SMEM both permit 2 CTAs/SM -> should ~2x occupancy. Deeper issue: per-column cross-CTA coordination overhead grows with C, fighting the megakernel's batch-parallel efficiency (640 indep CTAs).",autocuda/optimize/2026-06-30-18-52-36-eigh/brief-14,b57cb349,autocuda/optimize/2026-06-30-18-52-36-eigh/brief-14:2,1,1.1558,1.0000,kept,2.04
opt_0118,"t4-t5: NO-ATOMIC symmetric dot-product symv (each CTA computes p[i] for owned rows only; lower part local, upper part local rows + CTA0's remote-DSMEM reads of CTA1 rows via map_shared_rank) = 5x FASTER than atomic scatter (1952->393ms). t5 reverted a warp-per-row symv variant (439ms, warp-reduce overhead beat the conflict-free reads). BEST cluster: dense512 393ms=0.43x cuSOLVER(171), lapdense_even512 425ms=0.48x cuSOLVER(202); correct 0/640, orth 4e-5 eig 4e-6. ncu(t4): Compute-SM 28% Mem 38% (was 8/11), warp-cyc/instr 13(was 50), 532M shared-load bank conflicts (packed-tri), STILL 25% occupancy. KEY FINDING: C=2 occupancy is HARD-CAPPED at 25% (1 CTA/SM) because 2 CTAs holding the full n=512 FP16 matrix need 2x128KB>228KB physical SMEM -- theoretical min, C=3 hit a cluster-scheduling cliff (96ms/mat), C=4 2x slower coordination. remote-DSMEM did NOT reintroduce a bandwidth floor (DRAM 0.4%). Still ~2.3x off cuSOLVER; open levers: back-transform speedup (~70% share), bank-conflict-free rank-2/stage4, FP8 storage for occupancy (accuracy risk).",autocuda/optimize/2026-06-30-18-52-36-eigh/brief-14,c867d0cd,autocuda/optimize/2026-06-30-18-52-36-eigh/brief-14:3,1,1.1558,1.0000,kept,2.04
opt_0119,"_eigh_custom (Python blocked-Householder tridiag + bisect/twisted + GEMM back-transform) for k>448 regressed 5.4x (shape4 84027->457833, shape10 104885->569301) -- per-column Python loop latency-bound. Reverted k>448 to cuSOLVER. Geomean 41383us == best. Three k>448 inner solvers now refuted (nested-subspace +60-96%, Xsyev neutral, _eigh_custom 5.4x). shapes 3/8/12 megakernel; shapes 4/10 cuSOLVER floor. 39/39 validate.",autocuda/optimize/2026-06-30-18-52-36-eigh/brief-11,8245ad9b,autocuda/optimize/2026-06-30-18-52-36-eigh/brief-11:5,1,1.1556,0.9996,kept,2.04
opt_0120,"Safe non-regressing head: all routing toggles off (_TC_INNER=False, _TC_FULLN=empty, _SBR=False), router parent-equivalent. Benchmark 41429us == parent 41378 within noise (0.12% << 1% floor). Confirms the added Triton kernels (_tc_bmm autotuned tcgen05 GEMM, _tc_panel_kernel fused latrd, _sbr_dense_to_band correct all-TC dense->band, _tc_eigh, _eigh_tc_safe with eigen+orth+recon gate) import with ZERO dormant-code overhead. Branch head carries the full tensor-core + SBR infrastructure (all validated) for a follow-up brief to add the O(n^2 w) bulge-chase band->tridiag that SBR needs to win.",autocuda/optimize/2026-06-30-18-52-36-eigh/brief-15,31c380a7,autocuda/optimize/2026-06-30-18-52-36-eigh/brief-15:7,1,1.1543,2.3663,kept,2.04
opt_0121,"t4: 3xTF32 (Ozaki hi+lo split, 3 TF32 bmms) Gram for both dominant+complement CQR2. Numerically SAFE (orth<=8.5e-3, 0 fallback on shapes 3/4/10/12). MEASURED REGRESSION vs t3: geomean 40400->41459 (clean, 2 runs). ROOT CAUSE: trsm (not Gram) dominates CQR2 (~16% profile); 3xTF32 split overhead (int32 mask + 3 bmms + 2 adds on B*n*k tensors) exceeds small Gram savings, esp b640/n=512: shape3 100391->124579, shape8 117037->135516. Neutral n=1024. FINDING: outer-Gram precision is NOT the lever; the CQR2 triangular solve is.",autocuda/optimize/2026-06-30-18-52-36-eigh/brief-16,486adc7c,autocuda/optimize/2026-06-30-18-52-36-eigh/brief-16:4,1,1.1535,0.9745,kept,2.04
opt_0122,"Fuse v-init loop + vp-into-symv (both megakernels), -2 barriers/iter in stage-1 tridiag loop (~9->7). (1) v[i] and Rm column set in one loop (drops zero-init barrier); (2) vp=v.p accumulated inside symv on own p[i] (drops symv->vp barrier). geomean 41950->41742us (-0.5% vs t2). shape1 2748->2736, shape2 11247->11075, shape3 111750->110773, shape8 123121->122315, shape12 46952->46648. 39/39 validate. Cumulative from -O2 baseline: -1.2%.",autocuda/optimize/2026-06-30-18-52-36-eigh/brief-13,97941434,autocuda/optimize/2026-06-30-18-52-36-eigh/brief-13:3,1,1.1457,1.0050,kept,2.04
opt_0123,"Reflector store Rm -> column-major (Rm[c*n+i]) so per-column spill writes are coalesced (ncu flagged 33% excessive global sectors); re-indexed back-transform Y-load to keep its reads coalesced. NEUTRAL: geomean 41775us vs t5 41800 (within noise). shape2 11125, shape3 111102, shape8 122571, shape12 46775. 39/39 validate. Confirms kernel is barrier/latency-bound at 1 CTA/SM, not memory-coalescing-bound -- ncu per-metric estimates aren't additive when barriers gate. Lever is barrier count / occupancy (SMEM hard-caps 1 CTA for n>=333).",autocuda/optimize/2026-06-30-18-52-36-eigh/brief-13,10c66245,autocuda/optimize/2026-06-30-18-52-36-eigh/brief-13:6,1,1.1448,1.0006,kept,2.04
opt_0124,"Revert t4 single-barrier reductions to two-barrier form (t4 regressed hot shapes); keep fused _blkRedMinMax (min+max in one two-barrier pass, saves the Sturm between-reduction barrier). geomean 41800us -- ties t3 (41742) within noise. shape2 11059, shape3 110769, shape8 122289, shape12 46577. 39/39 validate. Two-barrier reductions + t3 fusions are the stable base.",autocuda/optimize/2026-06-30-18-52-36-eigh/brief-13,b304da51,autocuda/optimize/2026-06-30-18-52-36-eigh/brief-13:5,1,1.1441,1.0029,kept,2.04
opt_0125,"Fold w=p-K*v into rank-2 inner loop (drops the O(n) p-=K*v loop + 1 barrier, 6 barriers/col) but recomputes p[j]-K*v[j] for every (i,j) O(n^2). NEUTRAL: geomean 41806us vs t7 41848 (noise). Small kernel improved (shape1 2741->2719), med hot shapes slightly worse (shape2 11148->11299, shape3 111157->112018). Added O(n^2) inner work offsets saved O(n) loop+barrier. 39/39 validate. Barrier-reduction plateau confirmed. Best remains t3 (41742).",autocuda/optimize/2026-06-30-18-52-36-eigh/brief-13,4541ec10,autocuda/optimize/2026-06-30-18-52-36-eigh/brief-13:8,1,1.1440,1.0010,kept,2.04
opt_0126,"CONSOLIDATED BEST: union of every helpful kernel-internal change, minus t8's O(n^2) inner-fold. Both megakernels carry: warp-shuffle two-level block reductions (t2), unified v/Rm build + vp-fused-into-symv (t3, -2 barriers/col), fused _blkRedMinMax Sturm bound (t5, -1 barrier), column-major Rm[c*n+i] coalesced spill (t6), precompute w=p-K*v once (beats t8), small-kernel NT=256 (t7 sweep). STABLE across 3 re-benchmarks: 41828/41822/41842us (0.05% spread). vs -O2 mandated baseline (t1 42235): -1.0%. shape1 n176 2735, shape2 n352 11140, shape3 dense512 111212, shape8 rankdef512 122557, shape12 lapgeom1024 46763. 39/39 validate. ncu: barrier stalls STILL 48.8%, occupancy STILL 50% (SMEM+regs both cap 1 CTA/SM) -- barrier COUNT cuts reduced total instructions (~1% wall) but not the stall FRACTION (each remaining barrier still stalls 32 warps ~8.8cyc with no other resident block). The -O2 tax (~1.9%) can't fully close: kernel is latency-bound at hard-capped 50% occupancy.",autocuda/optimize/2026-06-30-18-52-36-eigh/brief-13,b6bf2065,autocuda/optimize/2026-06-30-18-52-36-eigh/brief-13:9,1,1.1433,0.9995,kept,2.04
opt_0127,Small-kernel NT sweep 256/512/1024: shape1 n176 = 2731 (256) < 2741 (512) < 2783 (1024); kept 256. Small kernel not occupancy-starved at n176 b40 (SMEM caps 1 CTA/SM; only 40 CTAs on 148 SMs). geomean 41848us (ties t5/t6 within noise). 39/39 validate. NT is a non-lever.,autocuda/optimize/2026-06-30-18-52-36-eigh/brief-13,9a1130af,autocuda/optimize/2026-06-30-18-52-36-eigh/brief-13:7,1,1.1428,0.9983,kept,2.04
opt_0128,"Single-barrier reductions (write nw warp partials, 1 barrier, every thread re-reduces redundantly) + fused _blkRedMinMax. REGRESSED hot shapes: geomean 41742->41920us (+0.4%). shape2 11075->11251, shape3 110773->111756, shape8 122315->123468, shape12 46648->46906; only small n176 improved (2736->2715, nw=8 cheap). At NT=1024/nw=32 the 32-wide redundant re-reduce + lost 2nd barrier costs more than the saved barrier. 39/39 validate. Reverting to two-barrier form next.",autocuda/optimize/2026-06-30-18-52-36-eigh/brief-13,5bef755a,autocuda/optimize/2026-06-30-18-52-36-eigh/brief-13:4,1,1.1408,0.9958,kept,2.04
opt_0129,"Warp-shuffle two-level block reductions (both megakernels): replace per-level tree reduction (~10 barriers each) with intra-warp __shfl_down_sync (0 barriers) + one cross-warp pass through red[] (2 barriers). All 5 reduction sites per kernel (amax, s2, vp, glo/ghi). geomean 42235->41950us (-0.7% vs t1 -O2 baseline). shape1 2810->2748, shape2 11645->11247, shape3 113820->111750, shape8 125368->123121, shape12 47413->46952. 39/39 validate. Modest -- structural symv/rank-2 barriers per iter remain the bigger lever.",autocuda/optimize/2026-06-30-18-52-36-eigh/brief-13,d76bfab1,autocuda/optimize/2026-06-30-18-52-36-eigh/brief-13:2,1,1.1400,1.0068,kept,2.04
opt_0130,"t7 (final, profiled): warp-shuffle reductions in cluster tridiag; DIRECT-DSMEM v/p exchange. FULL HARNESS: validate 39/39 PASS; benchmark geomean=41994us (clean). This +1.5% vs parent 41378 is ENTIRELY the mandated -O3--fast_math -> -O2 switch (per-shape numbers EXACTLY match brief-13's -O2: shape1 2809, shape3 113790, shape8 125402, shape12 47406) -- the cluster kernel is present but NOT routed (routing would regress: it is 0.43-0.51x cuSOLVER on shapes 3/6/11). Cluster kernel CORRECT 0/640 on ALL THREE targets: dense512(shape3) 0.44x, mixed512(shape6, heterogeneous) 0.43x, lapdense_even512(shape11) 0.48-0.51x. ncu trial7: 25% occ (hard cap), Compute-SM 26%, 532M shared-load bank conflicts (packed-tri reads), warp-cyc/instr 13. Stage split: tridiag 73%, back-transform 22%, solve 5%. remote-DSMEM symv is NOT a bandwidth floor (DRAM 0.4%). Ceiling = 25% occupancy (2x128KB FP16 matrix>228KB SMEM) + serial tridiag.",autocuda/optimize/2026-06-30-18-52-36-eigh/brief-14,63106099,autocuda/optimize/2026-06-30-18-52-36-eigh/brief-14:4,1,1.1388,0.9853,kept,2.04
opt_0131,"t8 (final committed clean state): removed the MEGA_EXTRA_CFLAGS diagnostic env hook (CLUST_SKIP_* stage-timing guards left inert). Behaviorally identical to t7. Committed submission = the 2-CTA cluster megakernel for n=512 (row-distributed packed-FP16, no-atomic symmetric dot-product symv with CTA0 remote-DSMEM reads of CTA1 rows, direct-DSMEM v/p exchange, warp-shuffle reductions, launch_bounds(512,2), sm_100a, -O2), PRESENT + CORRECT (0/640 on shapes 3/6/11 incl heterogeneous mixed512) + VALIDATED (39/39) but NOT ROUTED. benchmark geomean=41994us (parent 41378 + the mandated -O3->-O2 switch, +1.5%). Cluster is 0.43-0.51x cuSOLVER on n=512 dense shapes so routing would regress -> left un-routed. Full profile saved brief-14-trial-7-*.ncu-txt.",autocuda/optimize/2026-06-30-18-52-36-eigh/brief-14,4d4a611c,autocuda/optimize/2026-06-30-18-52-36-eigh/brief-14:5,1,1.1388,1.0000,kept,2.04
opt_0132,"Switch megakernel build -O3 --use_fast_math -> -O2 (run's mandated hard constraint: O3+fastmath reorder SMEM across __syncthreads -> nondeterministic at large batch). Cost of the switch: geomean 41456->42235us (+1.9%); all 5 megakernel-hot shapes slower (shape1 n176 2533->2810, shape2 n352 10874->11645, shape3 dense512 109881->113820, shape8 rankdef512 121184->125368, shape12 lapgeom1024 46461->47413). 39/39 validate. This is the correctness-mandated baseline the kernel-internal barrier/occupancy work must beat.",autocuda/optimize/2026-06-30-18-52-36-eigh/brief-13,cb174f80,autocuda/optimize/2026-06-30-18-52-36-eigh/brief-13:1,1,1.1323,0.9797,kept,2.04
opt_0133,"BANK non-regressing state per coordinator: FP8-occupancy lever REFUTED, restore proven packed-FP16 mega_eigh_med_k as the active med path (route the losing FP8 path nowhere), keep the -O2 brief mandate. Validated PASS; 3x benchmark 45701/42296/42247us = parent-level (stable ~42.2us; the 41378 parent used -O3 --use_fast_math, this honors the -O2 mandate). FP8 finding documented inline + full FP8 source preserved in trials 1-4 history+profiles. SUMMARY of the refutation: occupancy DID double 50%->92.9% (ncu; FP8 shrink 127->108KB SMEM + launch_bounds(1024,2) both->Block Limit 2) but (a) 2 CTAs made the ALU-bound/lockstep-barrier kernel SLOWER not faster -- same b640 k352 kernel 52.14ms@1CTA -> 62.85ms flat-FP8 / 77.87ms hybrid @2CTA (barriers wait on 64 warps, CTAs contend for ALU), and (b) FP8's 3-bit mantissa broke eigenvector orthogonality -> 100% cuSOLVER fallback on ALL 5 shapes (orth 134..1.85e5 vs gate ~3e-3..1e-2; even n=352 hybrid at 68% FP16). The FP16 coverage to pass the orth gate exceeds the 2-CTA SMEM budget -> fundamental tension. Net +45% regression when active.",autocuda/optimize/2026-06-30-18-52-36-eigh/brief-17,408fa28b,autocuda/optimize/2026-06-30-18-52-36-eigh/brief-17:5,1,1.1320,1.4246,kept,2.04
opt_0134,"t2: __threadfence() before cluster.sync() at the blocked-panel cross-CTA pgm reductions (s2/alpha + the NEW tk/uk matvec-correction dots). Fixes a cross-CTA global-memory VISIBILITY RACE (peer read stale pgm -> invalid reflectors tau*v^Tv!=2): now DETERMINISTIC (run1==run2 bitwise, a broken col went tau*vtv 14.78->2.0). INCOMPLETE: batch=32 shape3(cond2)=nan, shape11 orth~82 -> more cross-CTA races remain in the pgm reductions (robust fix = move ALL cross-CTA reductions to the DSMEM map_shared_rank exchange used for v/p). Routing OFF -> geomean 42302 == parent (contention-inflated run; trial-1 quiet=39875), no regression. DECISIVE: shape 11 is FP16-PRECISION-WALLED -- the correct PARENT unblocked kernel gives eig residual 2.27 (227%) >> 1.2% gate -> 100% fallback; TF32/FP16 tensor cores share the 10-bit mantissa so cannot fix it (catastrophic cancellation reducing a full even spectrum to ulp). No routable shape: 3/8/9 already won by faster low-rank/two-level.",autocuda/optimize/2026-06-30-18-52-36-eigh/brief-21,6b9ff70b,autocuda/optimize/2026-06-30-18-52-36-eigh/brief-21:2,1,1.1305,0.9426,kept,2.04
opt_0135,"t10 Lever-3 bf16x3 dominant Gram -> CATASTROPHIC mass fallback. fp32_precision knob in torch 2.12.1+cu130 rejects bf16x3/bf16x9 (only tf32/ieee/none; cuBLAS bf16x9 NOT exposed), so hand-rolled _gram_bf16x3_sym (2 bf16 bmms, ~2x TF32 rate). geomean 42659 vs t7 32773 (+30%). Mass cuSOLVER fallback: shape4 +215%, shape8 +103%, shape12 +310%. 39/39 pass (gate falls back) but double-solve ruinous. bf16's 8 mantissa bits -> ~1.5e-5 hi+lo accuracy, NOT enough for ill-conditioned Gram (kappa 1e3-1e4) -- same plain-TF32 mass-fallback mechanism. Only 3xTF32 (~6e-6) survives.",autocuda/optimize/2026-06-30-18-52-36-eigh/brief-45,5e328eb1,autocuda/optimize/2026-06-30-18-52-36-eigh/brief-45:11,1,1.1211,0.7754,kept,2.04
opt_0136,"t2: trsm_free (explicit k-by-k inverse + tensor-core GEMM, Q=Y@L^-T) on ALL 4 low-rank CQR2 calls. geomean 42690-42746 (3 clean runs) WORSE than parent 40141. Interleaved direct timing: wins s3(dense512)1.065x, s12(lapgeom)1.026x, neutral s4(dense1024), but LOSES s8(rankdef)0.79x, s10(nearrank)0.88x -- the dominant FP32 GEMM has no tensor cores (0.72-0.83x micro) + explicit inverse less stable on near-singular blocks. Numerically identical on well-cond blocks (maxdiff 3e-7).",autocuda/optimize/2026-06-30-18-52-36-eigh/brief-19,fc5e4762,autocuda/optimize/2026-06-30-18-52-36-eigh/brief-19:2,1,1.1202,1.1994,kept,2.04
opt_0137,"t3: restrict trsm_free to COMPLEMENT only (dominant keeps direct trsm). geomean 43087-43118, still WORSE than parent 40141. ROOT CAUSE: explicit inverse solve_triangular(L,I_nc) numerically LESS stable than direct solve on NEAR-SINGULAR complement -> rankdef512 fallbacks 3->187/640 (+42ms). Neutral s3/s4/s12 (1.00-1.01x). trsm_free win on well-cond complements (micro 1.1-2.6x) is real but negated by rankdef fallbacks; needs stability guard/exact-rank exclusion.",autocuda/optimize/2026-06-30-18-52-36-eigh/brief-19,ba5accaf,autocuda/optimize/2026-06-30-18-52-36-eigh/brief-19:3,1,1.1099,0.9908,kept,2.04
opt_0138,"t4: complement trsm_free with per-batch L-diagonal-ratio guard (1e-3 floor -> direct trsm). geomean 43155-43264. Guard INEFFECTIVE: rankdef complement L is well-conditioned (diag ratio ~0.04, above floor) so guard never triggers -> behaves like unguarded t3, still ~187 rankdef fallbacks. Diagnosis: the explicit-inverse instability on rankdef is NON-LOCAL (accumulates across both complement passes + the combined-V orthogonality gate), not detectable from L's conditioning. Led to the t5 exact-rank (k!=3n//4) gate which IS reliable. Commit 0960a118f.",autocuda/optimize/2026-06-30-18-52-36-eigh/brief-19,0960a118,autocuda/optimize/2026-06-30-18-52-36-eigh/brief-19:6,1,1.1082,0.9446,kept,2.04
opt_0139,"t7: low-rank internal cut -- A@Vd (gate-residual only) on TF32 tensor cores (~8-9x faster GEMM; ~3e-4 TF32 err << 9.2e-3 gate). Vd stays FP32. Stacks across all low-rank shapes: dense512 133635->132033, dense1024 84848->83925, rankdef512 154824->153105, nearrank1024 106055->104751, lapgeom1024 55911->54669 (~1% each). Full geomean 43160.067 vs t6 43491.618 (0.76%), 5.09% over parent. 39/39 validate. NEGATIVES probed: CholeskyQR2 trsm left=False layout fix = NO win (1.0x, transposed-RHS penalty doesn't apply at k=352..608); TF32 on complement projections/Vd = FAILS orth gate (0.11-1.34); power=1 still required.",autocuda/optimize/2026-06-30-18-52-36-eigh/brief-7,9949a990,autocuda/optimize/2026-06-30-18-52-36-eigh/brief-7:11,1,1.1081,1.0077,kept,2.04
opt_0140,"t4 (clean no-regression): revert brief-8 CQR2 (MEASURED 0.96-0.98x SLOWER here -- k=352-768 dont hit the transposed-trsm pathology); enhance _eigh_twolevel SPLIT branch (only entered for >=50%-2-level clustered-heavy batches) to peel low-rank matrices (PR<50) to the floor-free low-rank path. Benchmark mixed shapes are <50% 2-level so hit the early whole-cuSOLVER return at EXACT parent cost -> 43289us == parent 43265 (0.05%, noise). clustered512 keeps 2-level win (66 vs 138ms). Dead router+pre-screen removed. Profiled mixed512 (gemvx/gemv2T-dominated = cuSOLVER syevd floor). BRACKET: no Python-level partition beats cuSOLVER on mixed512/1024 (best 3-way 163.8==163.6ms; 147 vs 105ms). Lever = floor-free n=512 batched kernel (cluster megakernel verified compiles on B200).",autocuda/optimize/2026-06-30-18-52-36-eigh/brief-10,133f082b,autocuda/optimize/2026-06-30-18-52-36-eigh/brief-10:3,1,1.1048,1.0220,kept,2.04
opt_0141,"trial7 FINAL: add IN-KERNEL near-diagonal fast path (offdiag-energy -> sorted-diag L + permutation Q; measured 50.8us vs cuSOLVER 65.9us on diagonal n=32 b20, EXACT). Per HARD no-regression constraint route n<=48 to cuSOLVER by DEFAULT (_QL_ROUTE=0): all QL structures lose on dense shape0 (453-576us vs 162us; 6% occupancy, serial critical path floor). EIGH_QL_ROUTE=1 forces QL. Validated 39/39, shape0 160.7us=baseline, geomean 43300 == parent 43364 (NO REGRESSION, shapes 1-12 byte-preserved).",autocuda/optimize/2026-06-30-18-52-36-eigh/brief-12,a9bf63d9,autocuda/optimize/2026-06-30-18-52-36-eigh/brief-12:7,1,1.1045,1.0985,kept,2.04
opt_0142,"trial8: twist variant -- replace SERIAL tql2 values sweep with PARALLEL Sturm-bisection eigenvalues (lane=eigenvalue). Motivated by the finding that block QL on a TRIDIAGONAL input is ~625us (the tql2 SWEEP, not tred2, is the floor). Twist+Sturm shape0 453->272us end-to-end, correctness IMPROVES (orth 4.85e-6, no marginal failure). Still 272>cuSOLVER 161. Default route cuSOLVER, geomean 43300 (no regression).",autocuda/optimize/2026-06-30-18-52-36-eigh/brief-12,87dcec00,autocuda/optimize/2026-06-30-18-52-36-eigh/brief-12:8,1,1.1045,1.0000,kept,2.04
opt_0143,"trial9: 2-PHASE GPU-filling (phase A per-matrix tred2+Sturm 20 warps; phase B per-EIGENVECTOR twisted+backtransform B*n=640 warps fills 148 SMs). end-to-end 272us (==single-kernel), KERNELS-only 221us vs cuSOLVER 162us. Phase-B warp sweep FLAT -> phase A is the floor (Sturm serial count-loop at 6% occupancy). Default route cuSOLVER, geomean 43300.",autocuda/optimize/2026-06-30-18-52-36-eigh/brief-12,5de97e45,autocuda/optimize/2026-06-30-18-52-36-eigh/brief-12:9,1,1.1045,1.0000,kept,2.04
opt_0144,"trial10 FINAL: Sturm iters 50->34 (FP32-sufficient). 2phase kernels 221->195.7us, still > cuSOLVER kernels 161us. DEFINITIVE: no per-matrix custom kernel beats cuSOLVER batch_parallel_jacobi at n=32 b20 (6% occupancy wall, serial-per-lane phases). Default route cuSOLVER: shape0 160.8us, geomean 43324 == parent 43364 (NO REGRESSION).",autocuda/optimize/2026-06-30-18-52-36-eigh/brief-12,a7885402,autocuda/optimize/2026-06-30-18-52-36-eigh/brief-12:10,1,1.1039,0.9995,kept,2.04
opt_0145,"RAISE low-rank k 352/384->448 for no-cliff shapes 3/12 (NO cleanup). REGRESSION: shape3 81058->282906us (3.5x), shape12 33845->102764us (3x), geomean 36324->43478. STEP-1 diagnosis: orth breaks ENTIRELY in stage-3 twisted factorization (orth[Z]==orth[G_raw] at every k; back-transform preserves orth). Cliff is SPECTRUM-dependent not universal-k: dense512 PR55 & geom1024 PR67 have NO cliff (orth 1.5e-3/2e-4 at k=448 < gate); only rankdef512 PR163 cliffs (k448 orth 0.75). So shapes 3/12 need NO cleanup to run k=448 -- but the mega INNER solve cost grows steeply with k (single-CTA twisted-fact+backtransform latency-bound, 58ms b640 k=448). Smaller complement saving << bigger inner cost. Refutes naive k-raise.",autocuda/optimize/2026-06-30-18-52-36-eigh/brief-30,503be07a,autocuda/optimize/2026-06-30-18-52-36-eigh/brief-30:1,1,1.1000,0.8341,kept,2.04
opt_0146,"t6: reverted t5 regression (cuSOLVER inner eigh); re-swept k under cheap gate + widened net (Direction 3). dense1024 k 640->608 (shape4 86045->84848); NEW nearrank1024 band PR(200,400]->k=768 (was a loss under FP64 gate, now 0-fallback beats syevd: shape10 108185->106054 ~2%). MIXED per-matrix split re-probed = STILL A LOSS (mixed512 202 vs 164ms; batched cuSOLVER unbeatable by split) -> left on cuSOLVER. Full geomean 43491.618 vs t4 43628.483, 4.36% over parent 45475.090. 39/39 validate. dense512 k=352/rankdef512 k=384 confirmed optimal.",autocuda/optimize/2026-06-30-18-52-36-eigh/brief-7,552f9055,autocuda/optimize/2026-06-30-18-52-36-eigh/brief-7:8,1,1.0996,1.0764,kept,2.04
opt_0147,"t4: cheap FP32 low-rank residual gate reusing A@V (Direction 1). _lowrank_eigh now returns A@V built free from A@Qd (A@Vd=(A@Qd)@G + complement A@Vc); gate is FP32 (eigen from reused A@V, no n*n GEMM; orth via one true-FP32 V^T V) replacing two n*n FP64 GEMMs (~9.6% of dense1024). Probe: FP32 bad-mask IDENTICAL to FP64 on all 4 low-rank shapes (relerr~3e-4<<9.2e-3 gate) = same safety. Per-shape: dense512 139944->133452, dense1024 90506->86045, rankdef512 161005->154800, lapgeom1024 61247->55966(-8.6%). Full geomean 43628.483 vs t3 44358.327 (1.65%), 4.06% over parent. 39/39 validate.",autocuda/optimize/2026-06-30-18-52-36-eigh/brief-7,7e2beab7,autocuda/optimize/2026-06-30-18-52-36-eigh/brief-7:6,1,1.0962,1.0167,kept,2.04
opt_0148,"NS cleanup ON + raise no-cliff shapes 3/12 to k=448 (brief's FULL hypothesis end-to-end). REGRESSION: geomean 36324->43836, 39/39 PASS. shape3 87684(k352)->294866(k448), shape12 34769->102483. NS makes orth PASS at k=448 (3e-6, was 0.75/0.10 raw, 0 fallback) -> ceiling IS cheaply raisable. BUT the mega INNER solve has a sharp COST CLIFF above k~384 (single-CTA twisted-fact+FP16-reduction latency-bound: b640 82ms@k352 -> 108ms@k384 -> 259-278ms@k>=400) that dominates. Even w/ free orth fix, k=448 is 3.5x slower than k=352. Orth ceiling was NEVER the binding constraint; the inner-solve cost cliff is. Also: shapes 4/10 blocked by the EIG gate (energy capture needs k=608/768, outer_eigr 5e-2/2e-1 at k<=448) NOT orth, and k>=512 overflows the mega FP16-triangle SMEM cap regardless. Definitive built refutation.",autocuda/optimize/2026-06-30-18-52-36-eigh/brief-30,9ae71966,autocuda/optimize/2026-06-30-18-52-36-eigh/brief-30:3,1,1.0910,0.8386,kept,2.04
opt_0149,"t3: cost-gated mixed router (predict route vs whole-cuSOLVER from class counts, route only if <0.80*whole; homogeneous->delegate to 2-level; consolidated single A@A; tightened 2-level detector 0.6->ncl=37). 44240us (parent 43265). Gate correctly falls both benchmark mixed shapes to whole cuSOLVER (no partition wins); residual ~2.3% regression = router A@A+syncs on mixed shapes + extra A@A on clustered512. DECISIVE BRACKET: no Python-level partition beats whole-batch cuSOLVER on mixed512/1024 (best 3-way 163.8==163.6ms; 147 vs 105ms). Lever is floor-free n=512 batched kernel (cluster megakernel verified compiles on B200).",autocuda/optimize/2026-06-30-18-52-36-eigh/brief-10,16297fc5,autocuda/optimize/2026-06-30-18-52-36-eigh/brief-10:2,1,1.0810,1.0626,kept,2.04
opt_0150,"t3: generalized low-rank routing to per-n PR bands; added rankdef512 band (PR~163 -> k=384). shape8 rankdef512 161005us vs t2 171828 (cuSOLVER) ~1.06x, 0 fallback (rank 3n/4=384 captured exactly; k>=416 = 100% fallback loss; homogeneity gate keeps mixed out). nearrank1024 measured NO win (left on cuSOLVER). Full geomean 44358.327 vs parent 45475.090 (2.46%), vs t2 44702.690. 39/39 validate. All prior wins (dense512 k=352, dense1024 k=640, lapgeom1024 k=384, clustered 2-level, megakernels) unchanged.",autocuda/optimize/2026-06-30-18-52-36-eigh/brief-7,ce4c5eb9,autocuda/optimize/2026-06-30-18-52-36-eigh/brief-7:3,1,1.0781,1.0078,kept,2.04
opt_0151,"trial 9 FINAL (non-regressing): route n=2048 back to cuSOLVER (empty _BT_LOWPREC_N). geomean 44450 == parent 44358 (noise), shape5=188361 (cuSOLVER). 39/39. All coop-wavefront machinery committed. VERDICT: reduction de-serialized 7.3x + bit-exact, but non-back-transform FLOOR=395672us=2.1x cuSOLVER 186323 -> two-stage cannot beat cuSOLVER at b=8 even with free back-transform.",autocuda/optimize/2026-06-30-18-52-36-eigh/brief-9,9202c03b,autocuda/optimize/2026-06-30-18-52-36-eigh/brief-9:9,1,1.0759,1.1139,kept,2.04
opt_0152,"t2: added a SECOND PR band (moderate, PR in (85,120], homogeneity-gated) routing dense1024 cond2 (PR~110, erank~47) to low-rank k=640. shape4 dense1024 90579us vs t1 109342 (cuSOLVER)=1.21x. lapgeom1024 unchanged (k=384, steep band matches first); mixed1024 blocked by homogeneity gate (PR range [55,1024]); nearrank/others miss both bands. Full geomean 44702.690 vs parent 45475.090 (1.70%), vs t1 45149.692. 39/39 validate.",autocuda/optimize/2026-06-30-18-52-36-eigh/brief-7,e0fde89e,autocuda/optimize/2026-06-30-18-52-36-eigh/brief-7:2,1,1.0698,1.0100,kept,2.04
opt_0153,"t6: per-pass dominant CQR2 Gram (pass1 FP32, pass2 TF32) via new gram_mode tuple support. Hypothesis: CQR2 self-corrects conditioning so pass-2 Gram on well-conditioned Q1 tolerates plain TF32. MASS FALLBACK anyway: geomean 34318->44974 (s3 81034->123878, s4 50416->117656, s6 132638->182964, s8 93153->115755, s10 104900->156106, s12 34012->90772). REFUTES per-pass hypothesis: low-rank shapes sit at the ORTH-GATE FLOOR (spectral tail -> subspace only approx-invariant), so pass-2's ~3e-4 TF32 rounding on well-conditioned Q1 STILL pushes final orth over 80*n*eps gate. Plain TF32 forbidden anywhere in dominant CQR2; only FP32-accurate 3xTF32 survives. 39/39 PASS.",autocuda/optimize/2026-06-30-18-52-36-eigh/brief-44,36f4ccb5,autocuda/optimize/2026-06-30-18-52-36-eigh/brief-44:6,1,1.0634,0.7717,kept,2.04
opt_0154,"t1: cuSOLVER-Jacobi lever = MEASURED NEGATIVE (probed: n=512 b640 syevd 158ms vs looped-syevj sw15 8759ms / syevjBatched sw8 tol1e-2 455ms = 2.9x slower; n=1024 syevd 108ms vs syevjBatched 333ms; NO tol/max_sweeps config beats syevd). Extension removed. STRUCTURE probe found the win: dense512 cond2 has PR~55 erank~24/512, so routed it to the existing low-rank path k=352 (_LOWRANK_K[512]=352). dense512 shape 3: 139827us vs parent ~157-171ms. Full geomean 45149.692 vs parent 45475.090 (0.72%). 39/39 validate. clustered512(PR512)/rankdef(163)/lapdense(284)/mixed512(frac0.72) all miss detector -> no regression.",autocuda/optimize/2026-06-30-18-52-36-eigh/brief-7,5b632546,autocuda/optimize/2026-06-30-18-52-36-eigh/brief-7:1,1,1.0592,1.0072,kept,2.04
opt_0155,"t2: Vd lift -> plain TF32 ONLY (dominant Gram restored to FP32). STILL mass fallback: geomean 34318->45194. Qd,G individually orthonormal but TF32's ~3e-4/op on the n*k@k*k product breaks assembled V=[Vd,Vc] orth above 80*n*eps gate (~4.9e-3 n=512) -> s3 81034->251786, s6 132638->243455, s8 93153->253874, s10 104900->197744 fall to full cuSOLVER. shape4 61262 mild, shape12 33608 ~clean. Confirms brief-7 t7. 39/39 PASS.",autocuda/optimize/2026-06-30-18-52-36-eigh/brief-44,edac579c,autocuda/optimize/2026-06-30-18-52-36-eigh/brief-44:2,1,1.0582,1.1591,kept,2.04
opt_0156,"Nested randomized-subspace inner solve for k>448 (project Bk to k2=384, megakernel the reduced-reduced block, Rayleigh complement) REGRESSED: shape4 dense1024 k=608 83970->164894 (+96%), shape10 nearrank1024 k=768 104921->170138 (+62%). Geomean 41363->45231. Root cause: k2=384 too small to capture k=608/768 -> Vd2 non-orthonormal -> outer gate falls whole batch to full-n cuSOLVER on top of wasted nested GEMMs. k<=448 shapes 3/8/12 unchanged from t1. 39/39 validate. Need k2 close to k (won't fit megakernel) OR a different k>448 primitive.",autocuda/optimize/2026-06-30-18-52-36-eigh/brief-11,065d451a,autocuda/optimize/2026-06-30-18-52-36-eigh/brief-11:2,1,1.0573,0.9145,kept,2.04
opt_0157,"Spectral 2-way matrix-sign split for k>448 (sigma=mean, NS sign projector, two k//2 sub-blocks each megakernel'd) REGRESSED: shape4 83869->165035 (+96%), shape10 104885->179335 (+71%). Same failure as nested (t2): fixed k//2 half-width mismatches true above-mean count + TF32 NS sign inaccurate -> subspace mixing -> non-orthonormal lift -> outer gate falls whole batch to full-n cuSOLVER on top of split work. Geomean 45445. k<=448 shapes 3/8/12 unchanged. FOUR k>448 solvers refuted (nested, Xsyev, _eigh_custom, spectral-split). 39/39 validate.",autocuda/optimize/2026-06-30-18-52-36-eigh/brief-11,3c33263a,autocuda/optimize/2026-06-30-18-52-36-eigh/brief-11:6,1,1.0523,0.9106,kept,2.04
opt_0158,"Raise medium-route cap 400->448. Fast blocked-WY back-transform makes the kernel win the whole SMEM-fit range at both batch sizes (b640 n=384 1.53x/n=416 1.77x/n=448 1.70x; b40 up to 1.86x). Routes all (200,448]; gate falls unresolved matrices. Geomean 45475us (==trial6, no benchmark shape in 400-448). Idle-verified, 39/39.",autocuda/optimize/2026-06-30-18-52-36-eigh/brief-3,9d38abc2,autocuda/optimize/2026-06-30-18-52-36-eigh/brief-3:7,1,1.0517,1.0003,kept,2.04
opt_0159,"Peel DORMANT (_PEEL_N empty) -> branch behaviorally == parent, no regression (geomean 45489 == parent 45475). Established the true cuSOLVER floors: shape10 nearrank 107739us, shape8 rankdef 167227us. Confirms peel is a loss on nearrank (122ms vs 108ms).",autocuda/optimize/2026-06-30-18-52-36-eigh/brief-8,d631875f,autocuda/optimize/2026-06-30-18-52-36-eigh/brief-8:7,1,1.0513,1.0270,kept,2.04
opt_0160,Tune blocked-WY panel NB 32->16 (swept 8/16/24/32; 16 fastest: smaller panel -> larger V column block fits SMEM + more GEMM parallelism; NB<=32 for one-warp block-T). Shape2 n=352 13142->10840us (1.86x vs baseline). Geomean 46132->45489us. Validated 39/39.,autocuda/optimize/2026-06-30-18-52-36-eigh/brief-3,8a1b527b,autocuda/optimize/2026-06-30-18-52-36-eigh/brief-3:6,1,1.0513,1.0141,kept,2.04
opt_0161,"FINAL: peel DORMANT (_PEEL_N empty) -> branch behaviorally identical to parent 9d38abc2 (geomean 45517 == 45475 within noise, 39/39, no stream, -O2). VERDICT: gap-peel cannot beat cuSOLVER on nearrank1024 (768-dim flat signal block irreducible + cuSOLVER already exploits rank-deficiency). Machinery fully wired, isolated, reseed-safe (all fixes preserved: contiguous-RHS CQR2 50x bugfix, robust cholesky_ex, single-pass CQR, complement-null, block-Rayleigh, TF32 gate) for a deeper-deficiency reseed or manager redirect.",autocuda/optimize/2026-06-30-18-52-36-eigh/brief-8,76ea28cf,autocuda/optimize/2026-06-30-18-52-36-eigh/brief-8:10,1,1.0507,1.0194,kept,2.04
opt_0162,"t11 Lever-3 bf16x3 Vd lift -> also mass fallback (+39%). _matmul_bf16x3 + bf16x3 branch in _lr_lift_gemm; _lr_vd_lift_mode_for->bf16x3. Hypothesis (well-conditioned lift operands) WRONG: geomean 45642 vs t7 32773. shape8 +179%, shape10, shape4 all mass-fall-back. Qd is ill-conditioned (kappa 1e3-1e4) and Vd=Qd@G inherits it, so bf16x3 ~1.5e-5 breaks V=[Vd,Vc] orth over the gate. CONCLUSION: bf16x3 refuted EVERYWHERE on the low-rank path (Gram t10, lift t11); only FP32-accurate 3xTF32 survives -- exactly the brief's precision fact. Lever 3 fully refuted.",autocuda/optimize/2026-06-30-18-52-36-eigh/brief-45,ec5c8d07,autocuda/optimize/2026-06-30-18-52-36-eigh/brief-45:12,1,1.0478,0.9347,kept,2.04
opt_0163,"BLOCKED COMPACT-WY back-transform via cooperative SMEM GEMMs. Per-column-serial sweep left only BV<<nt threads active; panel-blocked WY Q_blk-=Y(T(Y^T Q_blk)) engages ALL nt threads, ~n/NB barriers. V in column blocks (post-reduction free SMEM) + panel Y + Gram->block-T (one warp, shfl) + Z/Z2. Reverse panel order. Fixed shfl_sync deadlock + block-T lower-zero bug. Shape2 n=352 15200->13142us (1.53x vs baseline). Geomean 46669->46132us. n=256 1.12x n=448 0.99x. Validated 39/39, 0 fallback.",autocuda/optimize/2026-06-30-18-52-36-eigh/brief-3,816e19a7,autocuda/optimize/2026-06-30-18-52-36-eigh/brief-3:5,1,1.0367,1.0116,kept,2.04
opt_0164,"t2: drop redundant memset (substitution writes every V row) + expose mega_eigh_stage3 for isolated timing. NEUTRAL vs parent measured back-to-back under identical contention: t2 geomean=46214us vs SAME parent re-benched=46254us (the 35401/35602 numbers are quiet-run; +30% contention now from brief-35 nvcc). KEY MEASUREMENT: isolated stage3 kernel at k=384 b640 = 4663us = only 13.5% of the megakernel (main+stage3=34425us); main kernel (stages1+2+blockT) is ~87%. ncu isolated stage3 @k384 b640: DRAM=38%, compute=5%, IPC=0.23 => MEMORY-BOUND on n*n global DP/DM scratch. Brief premise (stage3=37.7%) partially refuted; stage3 real share ~13% but still worth attacking (memory-bound). shape2=20538 shape3=121645 shape8=148499 shape12=47028.",autocuda/optimize/2026-06-30-18-52-36-eigh/brief-38,393dd2d5,autocuda/optimize/2026-06-30-18-52-36-eigh/brief-38:2,1,1.0348,1.0018,kept,2.04
opt_0165,"t3: warp-per-eigenvalue stage-3 with SMEM DP/DM (option a+b combined). One warp per (m,ev); lane0 runs serial fwd/bwd recurrences into per-warp SMEM (DP[n]+DM[n], no n*n global scratch); 32 lanes cooperate on twist-argmin+norm+Vwrite. Directly attacks the 38%-DRAM-bound DP/DM. Validates 39/39. NEUTRAL: isolated stage3 @k384b640=4538us vs thread-per-ev 4663us (-2.7% noise), WORSE @k352 (3857 vs 3746) and @b60 (447 vs 352). SMEM DP/DM savings offset by lost parallelism (8 chains/CTA vs 256) - lane0-serial+31idle kills latency hiding. Geomean 46250us == parent 46254us. Refutes the SMEM-recurrence direction.",autocuda/optimize/2026-06-30-18-52-36-eigh/brief-38,6c046526,autocuda/optimize/2026-06-30-18-52-36-eigh/brief-38:3,1,1.0340,0.9992,kept,2.04
opt_0166,"t1: split stage-3 twisted-factorization into a separate full-grid kernel mega_eigh_stage3_k (one thread per (matrix,eigenvalue), B*n grid), removing it from the per-matrix CTA. Main kernel persists scaled lambda to Lamscr; lean stage-3 kernel reads scaled lambda+d/e (eigenvectors scale-invariant) and fills V. Validates 39/39. REGRESSION: geomean 46297us vs parent 35602us (+30%). Likely 630MB memset per call + extra launch + low-rank inner solve calling split kernel repeatedly. shape2=20728 shape3=121743 shape8=148320 shape11=207630 shape12=46990.",autocuda/optimize/2026-06-30-18-52-36-eigh/brief-38,8f8a9c24,autocuda/optimize/2026-06-30-18-52-36-eigh/brief-38:1,1,1.0330,0.7690,kept,2.04
opt_0167,"t4: fused thread-per-eigenvalue stage-3 (best stage3-speed result). Keep max-parallelism thread-per-ev (warp+SMEM refuted t3), remove warp kernel; fuse global passes: twist-argmin computed DURING backward DM sweep (DM[k] in-reg, DP[k] reread) removes a full DP+DM twist scan; norm accumulated DURING substitution (v[k] in-reg) removes a full V norm-read pass. Isolated stage3 kernel: k384b640 3739us (was 4663, -20%); k352b640 3191us (was 3746, -15%); k352b60 300us (was 374, -20%). ncu k384b640: Duration 3.53ms (was 4.36), DRAM 35.5%. Validates 39/39. GEOMEAN NEUTRAL 46353us (parent 46254, contention noise): stage3 is ~3% of shapes 3/8/12 -> 20% kernel win = <1% geomean, below noise floor. shape2=20640 shape3=121722 shape8=148189 shape12=47824.",autocuda/optimize/2026-06-30-18-52-36-eigh/brief-38,97151677,autocuda/optimize/2026-06-30-18-52-36-eigh/brief-38:4,1,1.0317,0.9978,kept,2.04
opt_0168,"Single-pass FP32 CQR (passes=1) in peel: 2nd CQR pass didn't improve final orth (both ~8.3e-3, binding error is TF32 projection/FP16 sign, not CQR conditioning), so 1 pass halves cost at no accuracy loss. Re-enabled _PEEL_N={1024}. Microbench 95ms (WIN vs cuSOLVER 105ms) but live L2-flushed benchmark shape10=114ms (loss). geomean 46392.",autocuda/optimize/2026-06-30-18-52-36-eigh/brief-8,82af4763,autocuda/optimize/2026-06-30-18-52-36-eigh/brief-8:8,1,1.0309,0.9805,kept,2.04
opt_0169,"TF32 residual gate (gate GEMMs Q^T Q + A@Q on tensor cores, only feed a pass/fail threshold so TF32 is fine; thresholds tightened 70/140). shape10 nearrank live 115ms — still ~7% > cuSOLVER-on-nearrank 108ms. Root cause: cuSOLVER already exploits rank-deficiency (nearrank cuSOLVER 108ms < dense-1024 cuSOLVER 120ms via cheaper laed3), and L2-flush penalizes the peel's larger footprint. geomean 46401.",autocuda/optimize/2026-06-30-18-52-36-eigh/brief-8,d1116fcf,autocuda/optimize/2026-06-30-18-52-36-eigh/brief-8:9,1,1.0307,0.9998,kept,2.04
opt_0170,"SMEM-column-blocked BARRIER-FREE back-transform. Stage-split profiling: back-transform was 78% of kernel (n=448 b640 158ms) / 72% (n=352). Reflectors on one column are independent across columns -> one thread owns a column across ALL reflectors: no inter-reflector barrier, V in SMEM (column-blocked, post-reduction free A region). Global V traffic 2n^3->~2n^2*(n/BV). Shape2 n=352 17509->15200us (1.32x vs baseline). Geomean 47392->46669us. Kernel 26.96ms(t1)->14.5ms. Validated 39/39, 0 fallback.",autocuda/optimize/2026-06-30-18-52-36-eigh/brief-3,c3c73d36,autocuda/optimize/2026-06-30-18-52-36-eigh/brief-3:4,1,1.0247,1.0684,kept,2.04
opt_0171,"trial11 FINAL: per the bounded objective, route n<=64 back to cuSOLVER by DEFAULT (_JAC_SMALL=0) -> NO REGRESSION. Built the all-batch-parallel kernel + in-kernel gate as directed; n=32 b20 STILL can't beat cuSOLVER (best 338us end-to-end, kernel floor 271us, vs cuSOLVER 160us total / 105us kernel). Geomean 46694 == parent 46617 (0.16%, sub-noise); shape0=163us (cuSOLVER, nsys confirms batch_parallel_jacobi); n=176=2525us / n=352=15204us (parent megakernel wins UNCHANGED). All 8 correct+validated Jacobi kernels retained behind _JAC_IMPL/_JAC_SMALL for a future GPU-filling small-eigh.",autocuda/optimize/2026-06-30-18-52-36-eigh/brief-5,c7507deb,autocuda/optimize/2026-06-30-18-52-36-eigh/brief-5:10,1,1.0242,1.0599,kept,2.04
opt_0172,"Trimmed peel: fold range-finder+subspace step, build null block as the orthogonal COMPLEMENT of Qb (avoids 2nd Pnull projector+subspace), null eigenvalues via cheap diag(Qn^T A Qn) Rayleigh (not full-Q A@Q). shape10 nearrank 138->122ms; shape8 on cuSOLVER floor. geomean 46719. Still > cuSOLVER on shape10.",autocuda/optimize/2026-06-30-18-52-36-eigh/brief-8,9f4e2093,autocuda/optimize/2026-06-30-18-52-36-eigh/brief-8:6,1,1.0237,1.0099,kept,2.04
opt_0173,"t5: Direction 2 (route reduced k-block eigh through megakernel) = MEASURED REGRESSION. Isolated probe showed reduced-eigh mega faster (dense512 57.8 vs cuSOLVER 74.2ms) but full benchmark REGRESSED: shape3 133452->188696(+41%), shape8 154800->221131(+43%), shape12 55966->69444(+24%). Geomean 46815.392 vs t4 43628.483 (worse than parent). ROOT CAUSE: _eigh_megakernel_med is a top-level wrapper (7 scratch allocs + its OWN full residual gate af@Q+3 norms + sort/gather per call); stacked inside the low-rank path's own gate the overhead dominates the raw speedup. 39/39 validate. Next: revert to t4's cuSOLVER inner eigh (best 43628); could retry calling the RAW mega kernel sans wrapper-gate but risk/complexity high.",autocuda/optimize/2026-06-30-18-52-36-eigh/brief-7,b2c8a392,autocuda/optimize/2026-06-30-18-52-36-eigh/brief-7:7,1,1.0215,0.9319,kept,2.04
opt_0174,t1: per-matrix mixed router (classify->2-level/low-rank/cuSOLVER)+brief-8 CQR2 contiguity fix. REGRESSION 43265->47008us. mixed512 router 223ms vs 163ms cuSOLVER: serial multi-solver trap (cluster=87 lowpr=122 rest=431; cuSOLVER on 431 rest ~130ms + low-rank floor + 2-level). cuSOLVER marginal rate ~267us/mat already excellent so removing <60% cannot beat it. Need floor-free path for 41% dense majority -> extend megakernel to n=512.,autocuda/optimize/2026-06-30-18-52-36-eigh/brief-10,2d0b80b0,autocuda/optimize/2026-06-30-18-52-36-eigh/brief-10:1,1,1.0174,0.9181,kept,2.04
opt_0175,"Robust cholesky_ex CQR (per-matrix re-shift, NO whole-batch QR fallback) fixes the rankdef512 explosion. Re-aimed per manager: gate peel to n=1024 ONLY (drop rankdef512 -> brief-7 owns it via low-rank). shape8 back on cuSOLVER floor 167ms (byte-identical routing); shape10 nearrank 138ms (still > cuSOLVER 108ms). geomean 47180.",autocuda/optimize/2026-06-30-18-52-36-eigh/brief-8,771faaf7,autocuda/optimize/2026-06-30-18-52-36-eigh/brief-8:5,1,1.0137,1.0948,kept,2.04
opt_0176,"medium-n fused megakernel (packed FP16 lower-tri A in SMEM + global eigenvector matrix), NT=1024. Extends the n<=200 megakernel to n=256-448, breaking the 228KB SMEM cliff. Root-caused trial2 regression: NT=768 produces garbage (red[] pow2 tree reduction bug) -> 100% fallback; NT must be pow2. ncu: kernel latency-bound (3.2% SM, 12.5% occ), more warps hide latency. Shape2 n=352 b40: 20111->17509us (1.15x faster). Geomean 48704->47392us. Validated 39/39. n=256 tie, n=448 0.91x.",autocuda/optimize/2026-06-30-18-52-36-eigh/brief-3,a3787afc,autocuda/optimize/2026-06-30-18-52-36-eigh/brief-3:1,1,1.0091,1.0091,kept,2.04
opt_0177,"trial6: add TWIST variant (warp-per-matrix, tql2 VALUES-ONLY + PARALLEL twisted-factorization eigenvectors lane=vector + Householder back-transform) -- shortest critical path, 453us end-to-end (vs block 532, warp 572). But twist MARGINALLY fails harness orthogonality on shape0 seed 43214 (orth 3.95e-4 vs gate 3.81e-4); twisted factorization loses orthogonality near close eigenvalues and the invariant gate checks only eigenvalues. Default kept=block (correct/orthonormal). Geomean 47564 (block).",autocuda/optimize/2026-06-30-18-52-36-eigh/brief-12,a780f7e5,autocuda/optimize/2026-06-30-18-52-36-eigh/brief-12:6,1,1.0055,1.0010,kept,2.04
opt_0178,"trial5: add BLOCK-per-matrix QL (one CTA/matrix, NT threads, redundant scalar recurrence from frozen d/e snapshot -> only ~2n __syncthreads; block-parallel tred2). NT sweep {128,256,512,1024}: 128=546us BEST, larger WORSE (idle threads in serial phases + costlier barriers). Default block NT=128. Validated 39/39. Shape0 546us vs warp 576 vs cuSOLVER 162. ncu: 20 CTAs, 6.25% occupancy. Geomean 47611.",autocuda/optimize/2026-06-30-18-52-36-eigh/brief-12,69db4212,autocuda/optimize/2026-06-30-18-52-36-eigh/brief-12:5,1,1.0045,1.0033,kept,2.04
opt_0179,"FINAL non-regressing: removed unused _torch_reduce (225ms, torch-bmm matvec multi-CTA but 512-col launch overhead loses to latrd 147ms; both lose to cuSOLVER fused sytrd ~46ms). Router keeps dense shapes on cuSOLVER, geomean 47759us (==baseline). Full batched Householder pipeline + fast SMEM bisection (3ms vs cuSOLVER D&C) committed for manager to combine with a faster reduction.",autocuda/optimize/2026-06-30-18-52-36-eigh/brief-1,8dc017da,autocuda/optimize/2026-06-30-18-52-36-eigh/brief-1:6,1,1.0014,1.0045,kept,2.04
opt_0180,"trial4: drop per-rotation __syncwarp in tql2 eigenvector accumulation. Shape0 586->576us marginal -- SMEM round-trip LATENCY is the wall (ncu MIO-scoreboard 40%), at 6% occupancy no warps to hide it. Geomean 47770.",autocuda/optimize/2026-06-30-18-52-36-eigh/brief-12,c9b18995,autocuda/optimize/2026-06-30-18-52-36-eigh/brief-12:4,1,1.0011,1.0018,kept,2.04
opt_0181,"FINAL non-regressing: route empty -> 47813us == baseline (noise), 39/39. BUILT the accurate bulge-chasing two-stage (bulge_tridiag_k CPU-ref-validated eig~1e-7 + 2D-grid bulge_backtransform_k). VERDICT: accurate (39/39, no fallback) but ~4x cuSOLVER on large dense (n1024 469624 vs 109334, n2048 1745816 vs 186323); one-CTA sequential chase is sync-latency-bound, unhideable at b=60/8. Precision probe: TF32/fp16 dense->band now pass (bug-fixed). De-serialization is the remaining lever.",autocuda/optimize/2026-06-30-18-52-36-eigh/brief-4,da74c94c,autocuda/optimize/2026-06-30-18-52-36-eigh/brief-4:18,1,1.0002,1.7164,kept,2.04
opt_0182,trial3: tred2 drop per-column __syncwarp + flatten lower-triangle across lanes. Shape0 604->586us marginal -- wall is occupancy+serial chain not syncs. Geomean 47858.,autocuda/optimize/2026-06-30-18-52-36-eigh/brief-12,792b56d8,autocuda/optimize/2026-06-30-18-52-36-eigh/brief-12:3,1,0.9993,1.0007,kept,2.04
opt_0183,"trial2: minimal host gate (single flag.any(), no residual matmuls) + in-kernel invariant gate (sum d=trace, sum d^2=||A||_F^2). Shape0 754->604us (host dispatch tax ~150us cut, confirms brief-5). Kernel ~550us dominates (ncu 6% occupancy). Geomean 47891.",autocuda/optimize/2026-06-30-18-52-36-eigh/brief-12,68b0bc92,autocuda/optimize/2026-06-30-18-52-36-eigh/brief-12:2,1,0.9986,1.0183,kept,2.04
opt_0184,"FINAL non-regressing: route empty -> 47893us == baseline (noise), 39/39 PASS. Coordinator-ask re-entry summary: (1) FIXED dense->band bug (upper panel-row block not zeroed -> 0.5*(A+A^T) halved beyond-band entries -> 7% eig err; now zero both sides -> eig 3000->4). (2) FIXED band-aware latrd_band matvec q-loop. (3) band-aware accurate only at bw~256 (blocked-WY doesn't chase bulges; band grows 32->256). Best accurate two-stage 77208us, still ~4x cuSOLVER on large dense -- reduction can't beat fused sytrd. Bug was matrix-content-dependent (seed75342), NOT batch-dependent.",autocuda/optimize/2026-06-30-18-52-36-eigh/brief-4,a843d9a3,autocuda/optimize/2026-06-30-18-52-36-eigh/brief-4:12,1,0.9985,1.6121,kept,2.04
opt_0185,"gap-aligned-split confirmed as the win path (rankdef gap sigma: |S^2-I|=2e-5, count=384 uniform, invariance 7e-4 -> PASSES gate), but cheap automated gap-LOCATION unsolved (fixed-fraction/A^2-split miss the gap, slower than cuSOLVER). Routed sign path to NONE on this gapless benchmark set; geomean 47964us == baseline floor (no regression), sign machinery dormant but complete+correct. Validates 39/39.",autocuda/optimize/2026-06-30-18-52-36-eigh/brief-0,7c1eac41,autocuda/optimize/2026-06-30-18-52-36-eigh/brief-0:11,1,0.9971,2.0585,kept,2.04
opt_0186,"Set _BATCHED_TC_N empty: router defaults dense shapes to cuSOLVER, geomean 47974us (==baseline, honors the never-regress floor). Full batched Householder pipeline (latrd reduction + fast SMEM bisection + TF32 WY back-transform + 3-residual gate + clustered/lowrank deferral) remains committed and measured but doesn't beat cuSOLVER on dense shapes yet -- latrd reduction 147ms is the wall (one-CTA-per-matrix matvec). Safe checkpoint; reduction matvec parallelism is the lever.",autocuda/optimize/2026-06-30-18-52-36-eigh/brief-1,bb5e47b9,autocuda/optimize/2026-06-30-18-52-36-eigh/brief-1:5,1,0.9969,1.7764,kept,2.04
opt_0187,"FINAL non-regressing: route empty -> geomean 47976us == baseline 47824 (within ~1% noise), 39/39 PASS. Full pipeline+band-aware kernel+per-matrix gate+precision _bt_mm committed for combination. Also measured (uncommitted overwrite): fp16 back-transform (vs bf16) gives eig_scaled~10 nbad=0/60 (zero gate-fires) but geomean still 81066us -- back-transform precision is NOT the bottleneck, the FP32 latrd reduction is. MEASURED VERDICT: pipeline beats cuSOLVER on no large dense shape (accurate reduction slow, low-precision reduction inaccurate).",autocuda/optimize/2026-06-30-18-52-36-eigh/brief-4,ae7798ee,autocuda/optimize/2026-06-30-18-52-36-eigh/brief-4:5,1,0.9968,1.7038,kept,2.04
opt_0188,"FINAL non-regressing: route empty -> geomean 47979us == baseline 47824 (noise), 39/39 PASS. All artifacts committed for combination (band-aware latrd_band kernel; correct sequential-rank-nb two-stage trailing update fixing brief-1's W-formula; precision-mode _bt_mm; cheap per-matrix eig+orth gate reusing AQ; _bt_ns_fp32/_bt_finalize). VERDICT (7 trials): no large dense shape beats cuSOLVER -- single-stage FP32 latrd accurate but ~4.6x cuSOLVER speed wall on n1024; two-stage band-aware-fast but matrix-dependent inaccurate at b=60; bf16/TF32 reduction inaccurate (eig 3000-7000). TAIL solved: fp16 backtransform+FP32 NS -> eig~10 orth~0 zero gate-fires.",autocuda/optimize/2026-06-30-18-52-36-eigh/brief-4,69a5a35f,autocuda/optimize/2026-06-30-18-52-36-eigh/brief-4:7,1,0.9968,1.4651,kept,2.04
opt_0189,"FP16-sign + GEMM-only FP32 NS-orth + kbig-fraction gate peel. rankdef512/nearrank1024 PASS the gate (orth 6e-6/1e-5) -- gap-aligned peel WORKS -- but break-even-to-slower (192/134ms vs cuSOLVER 167/105) because benchmark shapes are only rank-0.75n (signal block stays large; cuSOLVER(0.75n)+overhead ~= cuSOLVER(n)). Routed peel to empty (no benchmark shape deficient enough to win; detector wastes ~25ms on rejected dense). Geomean 48000us == baseline floor, no regression. Peel correct+reseed-safe, flips to large win for signal<=0.55n draws. Validates 39/39.",autocuda/optimize/2026-06-30-18-52-36-eigh/brief-0,dc4a0c06,autocuda/optimize/2026-06-30-18-52-36-eigh/brief-0:15,1,0.9963,1.1800,kept,2.04
opt_0190,"Coordinator follow-up: BUILT the multi-CTA reduction. CUDA-graphed cuBLAS reduction (matvec on shrinking trailing block, no launch overhead): measured ~128ms (vs latrd 147ms), tridiag eig 1.3e-3, ZERO fallback -- but INFEASIBLE: harness bans any 'stream' substring (CUDA-graph capture needs torch.cuda.Stream). Cooperative-grid grid.sync: residency cap 1184 blocks at nt256 -> only G=1 CTA/matrix fits at b640 (needs batch chunking, unbuilt). CEILING: even a perfect 46ms reduction = break-even, since back-transform 56ms + ortho 27ms + solve 45ms = 128ms (bf16/FP16 there broke orthogonality). Route empty -> geomean 48035us == baseline. The Householder route is at best break-even with cuSOLVER under leaderboard constraints; the real win is the banked 3ms SMEM bisection.",autocuda/optimize/2026-06-30-18-52-36-eigh/brief-1,4d12aa62,autocuda/optimize/2026-06-30-18-52-36-eigh/brief-1:9,1,0.9956,0.9942,kept,2.04
opt_0191,"Trial7: clean re-measure of trial6 commit (GPU idle-verified at 0% before run). Geomean 48084us (also 48105us on a second clean run) == baseline 47824us within ~0.6% noise. Every shape matches baseline: dense512 172367(base172316), lapack_dense 203651(base203725), n2048 186860(base186680, the earlier 1.75x was concurrent-load noise), clustered 57019, geometric 60252. Chebyshev path fires nowhere; this is a clean NO-REGRESSION branch with the cheb dominant-subspace solver gated for concentrated reseeds. Idle-verified.",autocuda/optimize/2026-06-30-18-52-36-eigh/brief-2,53324eeb,autocuda/optimize/2026-06-30-18-52-36-eigh/brief-2:5,1,0.9946,1.0439,kept,2.04
opt_0192,"Trial8 (verification, no code change, HEAD unchanged): coordinator items 1-4. ITEM1 PD-shift CONFIRMED ARTIFACT (coordinator's suspicion right): one PD-shift+NS step gives M offfrac 0.15 (12x gate) BUT orth resid 1.9-4.4 (300-700x the 0.006 gate) and X min/max singular value ~1e-5 (near rank collapse -- columns crowd top eigvecs); check_implementation FAILS (eigen 3180x). Swept shift 1-5x, psteps 0-2: orth gate never met, NS can't orthonormalize the ill-conditioned start. ITEM4 FP8: torch.bmm has NO fp8 path (baddbmm not implemented for Float8_e4m3fn); _scaled_mm is 2D-only (per-matrix loop = 10353us for B=640 vs 174us batched FP16 -- 60x WORSE). _grouped_mm/_scaled_grouped_mm exist (batched) but: the FILTER GEMMs are NOT the bottleneck -- FP16 batched A@X is only 174us; the 99pct cost is the O(n^3) inner eigh (96-171ms) which FP8 cannot touch. CONCLUSION: must replace the inner eigh (item 5). KEY POSITIVE: parallel SCALAR Jacobi (chess ordering, 2x2 rotations) CONVERGES on dense M -- offfrac 0.73->1.3e-2(gate) at sweep5, 1e-3 at sweep7 (~6 sweeps); but PyTorch gather/scatter impl is 2.79s/B=8 (index-op bound). Building a fused CUDA Jacobi kernel (M in global mem, one CTA/matrix) next -- est ~2-10ms/batch from bandwidth, could beat cuSOLVER 172ms.",autocuda/optimize/2026-06-30-18-52-36-eigh/brief-2,53324eeb,autocuda/optimize/2026-06-30-18-52-36-eigh/brief-2:8,1,0.9946,1.0000,kept,2.04
opt_0193,"Trial9 (block-Jacobi convergence BREAKTHROUGH + cost analysis, HEAD unchanged=baseline-equiv). FIXED block Jacobi convergence: the stall (offfrac 0.41) was eigh-sorting column THRASHING -- eigh sorts the 2bs pair eigenvalues, permuting columns across the p|q block boundary every round. FIX: assign each eigenvector column to the p or q half where it has max weight (argsort of sum(Rv[:bs]^2)-sum(Rv[bs:]^2), split at bs) -> block partition stays stable -> CONVERGES: offfrac 3.3e-2@sweep2, 4.5e-4@sweep5 (gate 1.2e-2), ~4 sweeps. TF32 rotations are CHEAP (40ms total for B=640). BUT block-eigh GENERATION dominates: 2560 stacked 128x128 eighs/round (cuSOLVER 35ms, megakernel 62ms slower) x28 rounds = 980ms. Full block-Jacobi PyTorch: bs=64 sw=4 = 495-623ms vs cuSOLVER 172ms (3.6x slower); bs=32 doesn't converge in 4 sweeps. Bottleneck is per-round small-eigh launch overhead + generation, NOT rotations. Scalar Jacobi converges in 6 sweeps but is bandwidth-bound (~1s global-mem at n=512, M=1MB doesn't fit 228KB SMEM). PATH TO WIN: fused CUDA block-Jacobi kernel (one CTA/matrix, 128x128 pair in SMEM=64KB fits, in-kernel pair-eigh + global block-col rotation) to kill the launch overhead -- est 10-30ms could beat cuSOLVER 172ms. Building next.",autocuda/optimize/2026-06-30-18-52-36-eigh/brief-2,53324eeb,autocuda/optimize/2026-06-30-18-52-36-eigh/brief-2:9,1,0.9946,1.0000,kept,2.04
opt_0194,"Trial10 (fused block-Jacobi CUDA kernel built & measured; HEAD unchanged=baseline-equiv 48084us). Wrote a fused block-Jacobi eigh kernel (one CTA/matrix, 128x128 pair block in SMEM=128KB, in-SMEM scalar-Jacobi rotation generator + weight-based column reassignment to keep block partition stable, global block-col/row rotation apply + V accumulation). CORRECTNESS CONFIRMED at B=8..640: 4 sweeps -> M offfrac 5.5e-3, eigen resid 7.4e-3, orth 1.5e-3 -- ALL THREE GATES PASS (gates 1.2e-2/1.2e-2/6.1e-3). But SPEED: 24 SECONDS at B=640 (140x slower than cuSOLVER 172ms). Root cause: the in-SMEM rotation-generator (diagonalizing each 128x128 pair) is fully serial -- inner=6 sweeps x 128*127/2 rotations x per-rotation __syncthreads x 112 pair-diags/matrix = ~5.4M syncs/matrix serial, + single-thread perm selection-sort. CONCLUSIVE: block Jacobi CONVERGES (gates pass in 4 sweeps) and its rotations are cheap (14ms block-col GEMM / 40ms dense), but GENERATING the rotations (diagonalizing the 128x128 pairs) costs ~1s (cuSOLVER stacked 980ms, in-kernel 24s) -- it is the SAME eigh problem recursively at smaller scale, so block Jacobi cannot escape the inner-eigh cost. Combined with the bandwidth-bound scalar Jacobi (~1s, M=1MB doesn't fit SMEM at n=512) and the PD-shift rank-collapse artifact, the dense n=512 full-spectrum shapes do not yield to any subspace/Jacobi GEMM approach. Keeping HEAD at baseline-equivalent no-regression.",autocuda/optimize/2026-06-30-18-52-36-eigh/brief-2,53324eeb,autocuda/optimize/2026-06-30-18-52-36-eigh/brief-2:10,1,0.9946,1.0000,kept,2.04
opt_0195,"t3 REFUTE TF32 Newton-Schulz complement: replaced 2nd CQR2 with 2 TF32 NS iters (pure GEMM, no chol/trsm). TF32 NS plateaus ~1e-2 orth (>gate) -> mass fallback; geomean 35659->48295 (+35%). FP32 NS would pass but ~18x the Gram cost -> would regress. CQR2 stays the complement orthonormalizer. 39/39.",autocuda/optimize/2026-06-30-18-52-36-eigh/brief-34,d974d37e,autocuda/optimize/2026-06-30-18-52-36-eigh/brief-34:3,1,0.9902,1.1341,kept,2.04
opt_0196,"Precomputed per-row band/far offset tables (bo,fo in SMEM) to remove per-element index ALU from the symv. BUT this commit (like t2) FAILED TO COMPILE -- the hybrid AGET used (float)Hb[__half] which is rejected under torch's __CUDA_NO_HALF_CONVERSIONS__; _mega_get's try/except swallowed it -> _mega_failed=True -> all megakernel paths silently ran torch.linalg.eigh. build.sh only imports (no load_inline) so reported BUILD_OK. Benchmark 48582us was therefore PURE cuSOLVER for the megakernel shapes (which usefully measures the megakernel's geomean worth: ~15%, 41378 with vs 48582 without). NOT a valid FP8 measurement.",autocuda/optimize/2026-06-30-18-52-36-eigh/brief-17,5f038366,autocuda/optimize/2026-06-30-18-52-36-eigh/brief-17:3,1,0.9844,1.3568,kept,2.04
opt_0197,"trial1: warp-per-matrix Householder-tridiag(tred2)+implicit-QL(tql2), one warp/matrix, A+Q SMEM-resident, warp-synchronous (only __syncwarp), warp-shuffle reductions, in-kernel flag + host residual gate. Validated 39/39 (test0 n=32 eig 0.25 orth 1.11 << gates). Shape0=754us vs cuSOLVER 162us (correct but slower). Geomean 48767 regresses parent 43364.",autocuda/optimize/2026-06-30-18-52-36-eigh/brief-12,26d3ad4c,autocuda/optimize/2026-06-30-18-52-36-eigh/brief-12:1,1,0.9807,0.8850,kept,2.04
opt_0198,"Trial5: streamlined concentration-gated router. Geomean 48998us ~= baseline 47824 (+2.5%: PR-probe overhead on n=512 shapes + ~1% noise; clean re-measure, no contention). Cheb path fires NOWHERE on benchmark shapes (dense512 PR~55, dense1024 ~110, rankdef ~163, lapack_even ~284, all > threshold 40); dense shapes correctly route to cuSOLVER floor. Per-shape: dense512 176k(base172k), lapack_dense 208k(base204k), geometric 60k(low-rank still claims). All 39 PASS. Confirms Chebyshev subspace cannot beat cuSOLVER on the flat dense spectra (corroborated by briefs 0&1 hitting same wall); path safely gated for concentrated reseeds.",autocuda/optimize/2026-06-30-18-52-36-eigh/brief-2,676abe33,autocuda/optimize/2026-06-30-18-52-36-eigh/brief-2:3,1,0.9760,1.6725,kept,2.04
opt_0199,"t1: route CholeskyQR2 Gram Q^T Q through TF32 (all CQR2 calls). MEASURED REGRESSION: geomean 41396->49081. TF32 Gram breaks orthonormalization -> per-matrix orth gate fails, low-rank shapes 3/4/8/10/12 fall back to full cuSOLVER (~2x): shape3 109727->139188, shape4 83912->150972, shape8 120979->141901, shape10 105006->164446, shape12 46613->101516. CQR2 2nd pass does not absorb TF32 ~3e-4 error.",autocuda/optimize/2026-06-30-18-52-36-eigh/brief-16,f283b973,autocuda/optimize/2026-06-30-18-52-36-eigh/brief-16:1,1,0.9744,0.8431,kept,2.04
opt_0200,"[retro-logged, trial 1] medium-n kernel NT=256: validated 39/39, n=352 27754us (1.38x SLOWER than cuSOLVER 20111). ncu showed latency-bound at 12.5% occupancy. Geomean 49241.",autocuda/optimize/2026-06-30-18-52-36-eigh/brief-3,0a4a39c4,autocuda/optimize/2026-06-30-18-52-36-eigh/brief-3:2,1,0.9712,0.9624,kept,2.04
opt_0201,"trial10: added IN-KERNEL gate to the fastest SMEM one-CTA kernel (NT=512). Per-matrix off-diag/diag flag + nonfinite computed in-kernel, host = single .any(). Erased the ~145us Python-gate dispatch: shape0 422->338us. Validated 39/39, bad=0. Geomean 49493. Also built+swept the all-batch-parallel kernel (mpb matrices/CTA, shared per-round pairing table, fused A/V update, in-kernel gate): best mpb=1 nt=256 -> shape0 477us; mpb>=2 WORSE (fewer CTAs=fewer SMs). CONCLUSION reaffirmed with the new mechanisms: n=32 b20 kernel floor is 271us (SMEM one-CTA) >> cuSOLVER 160us total, because batch=20 fills only ~14-20 of 148 SMs (max useful parallelism ~20480 elems/round) and the solve is ~186-372 sequential-barrier-bound. In-kernel gate helps (saves dispatch) but cannot close the 271-vs-160 kernel gap. Per bounded objective: routing n<=64 back to cuSOLVER (no regression) as final.",autocuda/optimize/2026-06-30-18-52-36-eigh/brief-5,9b3fd48a,autocuda/optimize/2026-06-30-18-52-36-eigh/brief-5:9,1,0.9663,1.2572,kept,2.04
opt_0202,"trial 8: tighten two-sided window +-2nb->+-nb (actual fill extent) -> tighter stagger S=P+3, ~33% fewer reduction grid.syncs. eig_err still ~1.8e-6, n2048 eig 7.28 orth 19.2. shape5 844863->781456us (7.5%). geomean 49511. 39/39.",autocuda/optimize/2026-06-30-18-52-36-eigh/brief-9,1fb2b869,autocuda/optimize/2026-06-30-18-52-36-eigh/brief-9:8,1,0.9659,1.0064,kept,2.04
opt_0203,"Integrate brief-0 gap-peel onto best branch, _PEEL_N={512,1024}, FP32-SIMT NS-orth (faithful integration). Regresses: shape8 rankdef 218ms, shape10 nearrank 144ms (both slower than cuSOLVER); validates 39/39. Confirms brief-0's dormant-peel starting point.",autocuda/optimize/2026-06-30-18-52-36-eigh/brief-8,1a201249,autocuda/optimize/2026-06-30-18-52-36-eigh/brief-8:1,1,0.9634,0.9161,kept,2.04
opt_0204,"trial 7: back-transform CTA-width sweep BT_NT{32,64,128,256}: 860/849/844/856k, barely moves. Back-transform is per-column-latency-bound NOT CTA-occupancy-bound (16384-column ceiling). Kept BT_NT=128 (844863). geomean 49829. 39/39.",autocuda/optimize/2026-06-30-18-52-36-eigh/brief-9,a268faf0,autocuda/optimize/2026-06-30-18-52-36-eigh/brief-9:7,1,0.9598,1.0006,kept,2.04
opt_0205,"trial 6: NS iters 2->1 (n2048 orth_scaled 19 vs gate 100, huge margin). n2048 856796->849541us (~1%, NS was ~7ms). Confirms back-transform is the wall not NS. geomean 49859. 39/39.",autocuda/optimize/2026-06-30-18-52-36-eigh/brief-9,c88ecfab,autocuda/optimize/2026-06-30-18-52-36-eigh/brief-9:6,1,0.9592,1.0003,kept,2.04
opt_0206,"[retro-logged, trial 2] medium-n kernel NT=768: BROKEN (non-pow2 red[] reduction bug) -> 100% cuSOLVER fallback, n=352 37871us. Geomean 49860. Led to the pow2 diagnosis.",autocuda/optimize/2026-06-30-18-52-36-eigh/brief-3,a3787afc,autocuda/optimize/2026-06-30-18-52-36-eigh/brief-3:3,1,0.9592,0.9876,kept,2.04
opt_0207,"trial 5: coarsened wavefront (P steps/grid.sync, S=P+5). Swept P{1,5,10,20}: P<=5 bit-exact, P>=10 breaks (dynamic lane remap). P=5 (924685) WORSE than P=1 (856796) -- reduction NOT sync-bound, concurrency loss dominates. Kept P=1. geomean 49875. 39/39.",autocuda/optimize/2026-06-30-18-52-36-eigh/brief-9,f8a4f087,autocuda/optimize/2026-06-30-18-52-36-eigh/brief-9:5,1,0.9589,1.0003,kept,2.04
opt_0208,"trial 3: barrier-free 2D-grid back-transform (drop per-reflector __syncthreads/SMEM, read v from L1 global). coop-path nb decoupled from SMEM cap; swept nb{8,16,32}: nb=8 best. n2048 856087->858963us. reduction now 20%, back-transform 58% (new wall). geomean 49889. 39/39.",autocuda/optimize/2026-06-30-18-52-36-eigh/brief-9,ed7491e1,autocuda/optimize/2026-06-30-18-52-36-eigh/brief-9:4,1,0.9586,1.0035,kept,2.04
opt_0209,"trial 2: cooperative WAVEFRONT band->tridiag (bulge_tridiag_coop_k). Diagonal wavefront, sweep c/c+1 concurrent once staggered S=6 (disjoint windows), 1 CTA/in-flight-sweep, cg::this_grid().sync()/tick, band in global. BIT-EXACT vs sequential (d/e=0), eig_err~4e-5. n2048 1876916->896561us (2.1x). geomean 50066. 39/39.",autocuda/optimize/2026-06-30-18-52-36-eigh/brief-9,ba968936,autocuda/optimize/2026-06-30-18-52-36-eigh/brief-9:3,1,0.9552,1.0585,kept,2.04
opt_0210,"Trial6: cheb routing restricted to n=1024 only (n=512 dropped to eliminate PR-probe overhead). dense512 shape3 now 172258us == baseline 172316us EXACTLY; all 13 shapes ratio 0.98-1.02 vs baseline EXCEPT shape5 (n=2048 B=8) at 1.75x which is pure concurrent-GPU-load noise (n=2048 routes to unchanged cuSOLVER path, no code change). Geomean 50194us inflated by that one noisy small-batch shape. Functionally baseline-equivalent, cheb path fires nowhere on benchmark. All 39 PASS.",autocuda/optimize/2026-06-30-18-52-36-eigh/brief-2,53324eeb,autocuda/optimize/2026-06-30-18-52-36-eigh/brief-2:4,1,0.9528,0.9762,kept,2.04
opt_0211,"trial5: 2-barrier CTA simultaneous Jacobi NT=512 6-sweep + MINIMAL eigen-only gate (180*n*eps, bad=0 no fallback). Validated 39/39. Shape0=420us (kernel 274us + ~145us gate = ~10 torch ops x ~14us PYTHON DISPATCH at n=32). Geomean 50227 (regresses parent 46617). Swept NT{64,128,256,512,1024}->512 best, sweeps{4,5,6,7}->6 min, CTA vs warp(syncwarp, spills/narrow) vs double-buffer-1barrier(redundant-sqrt slower). ncu: kernel 3.5% SM, Waves/SM=0.02, 98% idle (batch=20 too small for 1-CTA/matrix), barrier+SMEM-latency bound. cuSOLVER 160us hard to beat: its batched syevj is 105us kernel highly tuned.",autocuda/optimize/2026-06-30-18-52-36-eigh/brief-5,7422485b,autocuda/optimize/2026-06-30-18-52-36-eigh/brief-5:3,1,0.9522,1.0275,kept,2.04
opt_0212,"trial7 FINAL: default=SMEM one-CTA/matrix simultaneous Jacobi NT=512 + minimal eigen-only gate (bad=0, no fallback); _JAC_IMPL exposes register-shuffle alt. Validated 39/39. Shape0=422us (nsys: kernel 271us + gate ~150us), geomean 50306. Shapes 1-12 (parent n=176/352 megakernel wins) UNCHANGED -- only a small-n path added. REGRESSES parent 46617. CONCLUSIVE across 6 kernel families (SMEM-CTA 271us best, 1-barrier 847us, warp-SMEM 901us, warp-register 2250us, Householder-mega 767us, all vs cuSOLVER 160us): n=32 b20 cannot beat cuSOLVER because 20 CTAs leave the GPU ~98% idle (ncu Waves/SM=0.02, 3.5% SM, barrier+SMEM-latency bound) and the residual gate adds ~150us Python dispatch at this scale. Rotation sign bug (s=-t*c) found+fixed via numpy.",autocuda/optimize/2026-06-30-18-52-36-eigh/brief-5,dfa6b531,autocuda/optimize/2026-06-30-18-52-36-eigh/brief-5:5,1,0.9507,1.1366,kept,2.04
opt_0213,"t1: complement CQR2 -> 1 CQR pass + 2 TF32 Newton-Schulz (trsm-free). Added _ns_orth helper + ns_polish param. REGRESSION: geomean 40141->51204. Complement TF32-NS breaks combined-V orthogonality on shapes 10/12 -> gate falls them to full cuSOLVER (~2x): shape10 108721->158529, shape12 38823->101445. Trsm halved on complement but TF32 NS insufficient; FP32 NS or 3 NS steps next.",autocuda/optimize/2026-06-30-18-52-36-eigh/brief-19,1082fc27,autocuda/optimize/2026-06-30-18-52-36-eigh/brief-19:1,1,0.9340,0.7860,kept,2.04
opt_0214,"trial4 FIX rotation sign (s=-t*c): update did M A M^T not J^T A J -> off-diag amplified -> WRONG eigenvalues (prior passes were cuSOLVER-fallback masking the bug). Verified raw kernel vs numpy eigr 1.26->6.5e-6. Raw kernel validates 39/39 gate-off. Committed gate-ON: shape0=580us (orth 3.5e-4 borderline vs my 75*n*eps=2.9e-4 -> partial fallback), geomean 51607. Gate-OFF: shape0=352us geomean 49554 (kernel itself 342us vs cuSOLVER 160us).",autocuda/optimize/2026-06-30-18-52-36-eigh/brief-5,09953702,autocuda/optimize/2026-06-30-18-52-36-eigh/brief-5:2,1,0.9267,1.1289,kept,2.04
opt_0215,kbig-exact range finder (drop +8 oversampling): the rank-kbig projector range with kbig+8 cols made the Gram singular -> cholesky fails -> whole-batch torch.linalg.qr fallback (1065ms). Exact-kbig cols keep CQR2 on its fast path. Also switched block eigh back to cuSOLVER (mega_med was the trial-3 explosion). shape10 nearrank 449->137ms; shape8 rankdef still 382ms (rare per-run cholesky failure still triggers whole-batch QR). geomean 51653.,autocuda/optimize/2026-06-30-18-52-36-eigh/brief-8,b702fdaa,autocuda/optimize/2026-06-30-18-52-36-eigh/brief-8:4,1,0.9259,1.2311,kept,2.04
opt_0216,"t1: dominant power-step CQR2 Gram + Vd lift -> plain TF32 (knobs _LR_DOM_GRAM_MODE/_LR_VD_LIFT_MODE). MASS FALLBACK: geomean 34318->52386. Dominant Qd is ill-conditioned (concentrated spectrum kappa 1e3-1e4); TF32 Gram ~3e-4/op breaks orthonormality above orth gate, 2-pass CQR2 does NOT self-correct -> low-rank shapes fall to full cuSOLVER (s3 81034->248124, s4 50416->154028, s6 132638->241163, s8 93153->249856, s10 104900->194442, s12 34012->97051). Confirms brief-16 t1 on this parent. 39/39 PASS.",autocuda/optimize/2026-06-30-18-52-36-eigh/brief-44,46c44df5,autocuda/optimize/2026-06-30-18-52-36-eigh/brief-44:1,1,0.9129,0.6556,kept,2.04
opt_0217,"trial 1 (COMBINE base): graft brief-4 accurate bulge two-stage onto best branch, route ONLY n=2048. Other paths byte-identical. Reproduces brief-4: n2048=1876916us (~10x cuSOLVER 186323), geomean 52995 (regression, one-CTA serial chase latency-bound at 8 CTAs). 39/39.",autocuda/optimize/2026-06-30-18-52-36-eigh/brief-9,88cf0e3b,autocuda/optimize/2026-06-30-18-52-36-eigh/brief-9:2,1,0.9024,1.0480,kept,2.04
opt_0218,"TF32 tensor-core NS-orth in peel. Worse (shape8 358ms): TF32 fails the internal orth gate at b640 (orth 1.1e-2 vs gate 4.6e-3) -> full cuSOLVER fallback ON TOP of peel. Diagnosis: NS orthonormalization floors at ~6e-3 (FP32)/1.2e-2 (TF32), can't clear the tight orth gate.",autocuda/optimize/2026-06-30-18-52-36-eigh/brief-8,e2736973,autocuda/optimize/2026-06-30-18-52-36-eigh/brief-8:2,1,0.8947,0.9287,kept,2.04
opt_0219,"Fused panel-factorization Triton kernel (_tc_panel_kernel, latrd: whole panel's reflectors+W-vectors+taus in one launch, n/panel launches instead of ~n). Fixed 'stream' banned substring in comments. Validates PASS all 39 shapes. Benchmark 53522us (t2 56424, parent 41378) -- still regressed. shape3 n=512b640 361307us. The in-kernel symv p=A@v reads the full nxn A from GLOBAL per column (serial, one CTA/matrix, low occupancy); the megakernel does the same symv from SMEM (~19TB/s) which is why it wins. Reduction is memory-bound on the symv; the tl.dot trailing update is cheap but can't offset a slow global-memory symv. Direction: either hold the trailing panel in SMEM (like megakernel) or abandon Householder for a GEMM-only reduction (SBR dense->band with the panel symv replaced by a block GEMM).",autocuda/optimize/2026-06-30-18-52-36-eigh/brief-15,9166a763,autocuda/optimize/2026-06-30-18-52-36-eigh/brief-15:3,1,0.8935,1.0542,kept,2.04
opt_0220,"Split med back-transform to torch-level batched TF32 GEMM (mega_eigh_med_split kernel returns Z+Householder panel+block-T; Q=(I-VTV^T)Z via batched TF32; -O2). REGRESSION: geomean 54675 vs parent 40076. shape2 10843->28028, shape3 99451->254147, shape8 116110->256131, shape12 38826->136615. Split kernel dropped 10.18ms->6.12ms but plain TF32 back-transform too coarse -> orth gate -> ~100% cuSOLVER fallback dominates. Precision is the regressor, not the split.",autocuda/optimize/2026-06-30-18-52-36-eigh/brief-22,c5142360,autocuda/optimize/2026-06-30-18-52-36-eigh/brief-22:1,1,0.8747,0.7336,kept,2.04
opt_0221,"t2 REFUTE skip-proj0: dropped the pre-CQR Qd projection of R (kept both CQR 2-pass). 100% fallback on ALL low-rank shapes; geomean 35659->54771 (+54%). proj0 is load-bearing: without pre-projecting R into Qd-complement, CQR2a leaves large Qd-coupling reproj+2nd-CQR2 cannot clear. 39/39.",autocuda/optimize/2026-06-30-18-52-36-eigh/brief-34,03ee971b,autocuda/optimize/2026-06-30-18-52-36-eigh/brief-34:2,1,0.8732,0.6742,kept,2.04
opt_0222,"trial 4 (measured, REVERTED - regression): reverse-WAVEFRONT cooperative back-transform (bulge_backtransform_coop_k, deterministic c*maxk+k slots, grid.sync per reverse tick). End-to-end ACCURATE (n2048 eig_scaled 4.58 orth 0.128, matches serial BT). But shape5 n=2048 = 3474166us (4x WORSE than serial BT 858963). Root cause: Tmax~12270 grid.syncs, and unlike the reduction (tiny window/tick) the back-transform loops all n columns per active lane per tick, so grid-wide sync overhead dominates the thin per-tick useful work. Reverted to trial-3 serial 2D-grid back-transform. Coop grid.sync is the wrong structure for the back-transform; WY/GEMM blocking or a larger-work-per-sync tiling is the lever.",autocuda/optimize/2026-06-30-18-52-36-eigh/brief-9,ed7491e1,autocuda/optimize/2026-06-30-18-52-36-eigh/brief-9:1,1,0.8611,0.7987,kept,2.04
opt_0223,"symv off tensor cores (torch.bmm for the batched N=1 A@v), tl.dot only for the true GEMMs (trailing update/back-transform/Q-accum), panel 32->64. Benchmark 56424us (t1 58109, parent 41378) -- still a large regression. shape3 n=512b640 348326us. The panel reduction issues ~n sequential torch.bmm GEMV launches (memory-bound); the SIMT megakernel fuses the whole reduction in SMEM (one launch, no HBM round-trips) and beats GEMM-per-step. Tensor cores accelerate only trailing-update+backtransform, not the symv that dominates tridiagonalization. Next: two-stage dense->band->tridiag so the band reduction is all-GEMM, or serve the n=512 shapes cuSOLVER handles today (mixed512/lapack_dense512) with a direct full-n TC solve.",autocuda/optimize/2026-06-30-18-52-36-eigh/brief-15,badc1877,autocuda/optimize/2026-06-30-18-52-36-eigh/brief-15:2,1,0.8476,1.0299,kept,2.04
opt_0224,"gap-peel PASSES the gate now (FP32 orthonormalization + explicit Gram-Schmidt: rankdef orth 6e-6, nearrank 1.1e-5, both pass), clustered restored, dense rejected by 5e-4 detector. Validates 39/39; geomean 56641us (from 71618) but still > baseline: peel slow (rankdef 256ms>cuSOLVER167) from FP32 SIMT orthonormalization, + detector probe ~30ms wasted on rejected dense shapes. Next: cut FP32 SIMT cost + cheap rank pre-check",autocuda/optimize/2026-06-30-18-52-36-eigh/brief-0,10884e81,autocuda/optimize/2026-06-30-18-52-36-eigh/brief-0:14,1,0.8443,1.2644,kept,2.04
opt_0225,"trial6: warp-per-matrix REGISTER-resident shuffle Jacobi (columns in registers, __shfl column exchange; low-lane-only rotation broadcast fixes roundoff-asymmetry divergence). CORRECT (eigr 6.8e-6, validates 39/39). shape0=2250us: 128 regs/lane (col+vcol+oc+ov) SPILLS to local mem. Geomean 57179 regresses. Kernel A/B via _JAC_IMPL. FINDING: 6 kernel families measured (SMEM-CTA-simultaneous 274us BEST gate-off, 1-barrier-doublebuffer 847us, warp-SMEM 901us, warp-register 2250us, Householder-megakernel 767us) -- NONE beats cuSOLVER 160us total at n=32 b20: batch=20 leaves GPU ~98% idle (ncu Waves/SM=0.02), barrier+SMEM-latency bound; register-resident spills.",autocuda/optimize/2026-06-30-18-52-36-eigh/brief-5,27939a20,autocuda/optimize/2026-06-30-18-52-36-eigh/brief-5:4,1,0.8364,0.8784,kept,2.04
opt_0226,"CUDA-graph-replayed batched-Jacobi n=32 path, forced route (n<=64). Captures a pure-torch tournament-pairing Jacobi (6 sweeps) into a CUDA graph replayed per benchmark call; persistent I/O buffers; residual-gated cuSOLVER fallback OUTSIDE the graph. Fixed a device-side OOB assert by retaining the graph's index tensors + eye in the cache (else gc-freed after capture -> corrupt indices on replay). Validated 39/39, kernelguard CLEAN. shape0 n=32=22011.5us vs baseline 165us (133x REGRESSION); other 12 shapes unchanged. geomean 57553.504us vs parent 39535us. Root cause (nsys): cuSOLVER n=32 is 92% GPU kernel execution (105us batch_parallel_jacobi_algo1), NOT launch overhead, so graphing launches away cannot beat it -- the pure-torch Jacobi's own execution is ~22ms. cuSOLVER eigh itself is NOT graph-capturable (internal host sync -> capture invalidated, measured).",autocuda/optimize/2026-06-30-18-52-36-eigh/brief-23,1404a0cc,autocuda/optimize/2026-06-30-18-52-36-eigh/brief-23:1,1,0.8310,0.6839,kept,2.04
opt_0227,"Triton tcgen05 batched eigensolver (_tc_eigh) wired as the low-rank inner solve for k in (32,448], replacing SIMT mega_eigh_med_k (48.9% of n=512 shape-3). Panel Householder tridiag with O(n^3) trailing-update + back-transform via tl.dot FP16 (tcgen05 HMMA confirmed in PTX); banked Sturm bisection + twisted eigvecs; FP32 Rayleigh L. Validates PASS all 39 test shapes. Benchmark 58109us (REGRESSION vs parent 41378): the per-column A@v inside the panel is ~350 separate tiny tl.dot GEMV launches -> latency-bound, negates TC. shape3 n=512b640 387512us. Fix: batch the panel A@V into one GEMM.",autocuda/optimize/2026-06-30-18-52-36-eigh/brief-15,ceeadfd5,autocuda/optimize/2026-06-30-18-52-36-eigh/brief-15:1,1,0.8230,0.7121,kept,2.04
opt_0228,"trial1: fused batched small-n (n<=64) two-sided cyclic Jacobi eigensolver, one CTA/matrix, A+V SMEM-resident, round-robin pairing, 10 sweeps, -O2, residual-gated. Routes n<=64 (shape0 n=32 b20). Validated 39/39. Shape0=2889us (cuSOLVER ~161us): per-thread serial half-pair update loops dominate. Geomean 58258us regresses parent 46669.",autocuda/optimize/2026-06-30-18-52-36-eigh/brief-5,23c50233,autocuda/optimize/2026-06-30-18-52-36-eigh/brief-5:1,1,0.8209,0.8011,kept,2.04
opt_0229,"FP8 e4m3 storage (per-row scaled) of the packed lower triangle in mega_eigh_med_k + __launch_bounds__(1024,2), -O2. NCU CONFIRMS THE THESIS: occupancy 50%->92.9% (Block Limit Registers 1->2 via launch_bounds; Block Limit SharedMem 1->2 via FP8 shrink to 108.5KB dynamic; regs/thread 48->32). BUT flat FP8's 3-bit mantissa is too coarse for the sequential Householder rank-2 updates -> heavy cuSOLVER fallback (validation orth residuals ~0.5 >> internal gate 0.006) -> benchmark REGRESSED to 58637us vs parent 41378. Occupancy win real but wasted by fallback.",autocuda/optimize/2026-06-30-18-52-36-eigh/brief-17,93bacdfc,autocuda/optimize/2026-06-30-18-52-36-eigh/brief-17:1,1,0.8156,0.7057,kept,2.04
opt_0230,t3: batch-adaptive chase (global chase at b640=102ms beats SMEM 129ms due to occupancy; SMEM wins b<=296=43ms). geomean 58956 (t2 60089). n=512 dense 3/6/8/11 ~395-422ms vs cuSOLVER 165-203ms. Still regresses; walls unchanged (bt_apply 126ms O(n^3) SIMT + chase sequential; tail ~120ms already near cuSOLVER 171).,autocuda/optimize/2026-06-30-18-52-36-eigh/brief-6,453cb8d7,autocuda/optimize/2026-06-30-18-52-36-eigh/brief-6:3,1,0.8112,1.0192,kept,2.04
opt_0231,"t2: SMEM-resident chase + bw=12, route ONLY n=512 dense (n=1024 band 508KB overflows SMEM -> stays cuSOLVER, undoing t1's 6x n=1024 regression). Validates 39/39. geomean 60089 (t1 was 95400; parent 45522). n=512 dense (3/6/8/11) ~423-451ms vs cuSOLVER 165-203ms (2.5x). b640 n512: stage1 58 + chase 129 + solve 48 + bt_apply 126. WALLS measured: chase latency-bound sequential (41ms b<=296 -> 129ms b640, SMEM-limited occupancy); bt_apply O(n^3) SIMT (needs tensor-core WY-blocking); tail already ~130ms near cuSOLVER 171ms. Emulated-FP32 GEMM probe: torch 2.12 has NO bf16x9; hand-rolled bf16x3=0.67-1.1x FP32 (loss); TF32=8.8x FP32 at relerr 2.9e-4 = the real lever (stage-1 trailing GEMM 9ms).",autocuda/optimize/2026-06-30-18-52-36-eigh/brief-6,3d8a9963,autocuda/optimize/2026-06-30-18-52-36-eigh/brief-6:2,1,0.7959,1.5876,kept,2.04
opt_0232,"FIXED the __half2float compile bug -> hybrid FP8 megakernel now ACTUALLY COMPILES+RUNS (verified MODULE:OK). Clean 3x benchmark 60184/60407/60122us (stable) = +45% vs parent 41378. DECISIVE probe: 100% fallback on ALL 5 megakernel shapes -- direct n352 orth=134 (gate 3e-3), lr k352 orth=2.3e4, lr k384 orth=1.85e5/27.7, all >> gate. FP8 far-off-diagonal corrupts the symv -> non-orthonormal eigenvectors (eigenvalues OK from FP16-band diagonal, but orthogonality fatally broken). AND raw megakernel 23807us > cuSOLVER 20445us at n352 b40 (2 CTAs slower even ignoring fallback; ncu: same b640 k352 kernel 52.14ms@1CTA -> 62.85ms@2CTA). Occupancy DID double (50->93%, ncu) but the kernel is ALU-bound+lockstep-barrier so 2 resident CTAs contend rather than overlap. Two independent failure modes (slower kernel + 100% orth fallback) both -> regression.",autocuda/optimize/2026-06-30-18-52-36-eigh/brief-17,b322460d,autocuda/optimize/2026-06-30-18-52-36-eigh/brief-17:4,1,0.7946,0.8072,kept,2.04
opt_0233,"trial8: ALL-BATCH-PARALLEL kernel (mpb matrices/CTA lockstep, 1 barrier/round over mpb*np^2 work) + IN-KERNEL gate (per-matrix off-diag/diag flag+nonfinite -> host op is just .any(), erases ~145us Python-gate dispatch). Correct: eigr 6.8e-6, bad=0, validates 39/39. shape0=6786us REGRESSES: mpb=16->only 2 CTAs (2 SMs, fewer than 20!), ar[16]+vr[16]+Lloc[34]=66 regs SPILL, per-entry _spl modulo partner recompute is heavy. Geomean 62224. Fix path: shared per-round pairing table in SMEM (compute once, all matrices reuse), small mpb (more CTAs->more SMs), shrink/eliminate stash.",autocuda/optimize/2026-06-30-18-52-36-eigh/brief-5,ebd33680,autocuda/optimize/2026-06-30-18-52-36-eigh/brief-5:8,1,0.7686,0.8085,kept,2.04
opt_0234,"Lean peel: found+fixed the 50x trsm bug (solve_triangular on non-contiguous Q^T = 1074ms vs 19ms contiguous), block-L (null eigenvalues=0, skip full Rayleigh), route 768-signal-block through mega_med. mega_med block eigh EXPLODES shape8 to 1.7s (its internal residual gate + fallback). Regression.",autocuda/optimize/2026-06-30-18-52-36-eigh/brief-8,060ecb3d,autocuda/optimize/2026-06-30-18-52-36-eigh/brief-8:3,1,0.7521,0.8406,kept,2.04
opt_0235,"HYBRID FP16-near-band + FP8-far packed storage; auto-pick largest BAND fitting 2-CTA cap (n=352 BAND~152=32% FP8; n=384 BAND~88=59% FP8). Validated PASS. Benchmark geomean 65919us -- measured under HEAVY concurrent fleet load (untouched cuSOLVER shape5 n2048 inflated 186099->221444, ~19%), so absolute numbers are contention-noisy. Relative signal: shape2 n352 improved vs t1 (39535->22922) confirming band-FP16 cuts fallback where FP16 coverage is high; k=384 shapes (8,12) still fallback-dominated + hybrid per-element index ALU adds symv cost. Both FP8 variants regress vs parent 41378.",autocuda/optimize/2026-06-30-18-52-36-eigh/brief-17,01a55cf6,autocuda/optimize/2026-06-30-18-52-36-eigh/brief-17:2,1,0.7255,0.8895,kept,2.04
opt_0236,"PROFILE-DRIVEN: forced TF32 tensor cores in sign iteration + CQR2 Gram (profile showed 28.8% SIMT sgemm -- FP32 sign GEMMs were on SIMT not tensor cores). Validates 39/39; geomean 67294us (from 79607, -15%). shape4 n1024 210ms, shape8 317ms. Biggest single lever; more SIMT GEMMs likely remain",autocuda/optimize/2026-06-30-18-52-36-eigh/brief-0,48522cc2,autocuda/optimize/2026-06-30-18-52-36-eigh/brief-0:9,1,0.7107,1.1830,kept,2.04
opt_0237,"BAND-AWARE band->tridiag (new latrd_band kernel: matvec/correction/trailing-GEMM restricted to bw=64 window -> O(n*bw^2) not O(n^3)). geomean 69643us (from 124661): shape10 n1024 1347846->352873us (3.8x). Big band->tridiag speedup. BUT n=1024 still ~3.2x cuSOLVER, AND (found later) the two-stage's accuracy relies on the full-batch fallback firing (orth>90*n*eps fell whole batch to cuSOLVER) -- the raw two-stage produces eig_scaled~7000. Band-aware kernel is a real reusable speed primitive.",autocuda/optimize/2026-06-30-18-52-36-eigh/brief-4,47eff305,autocuda/optimize/2026-06-30-18-52-36-eigh/brief-4:3,1,0.6867,1.7900,kept,2.04
opt_0238,"FOUND+FIXED two-stage accuracy bug: brief-1's symmetric W-formula trailing update gave eig~3000; replaced with TWO SEQUENTIAL rank-nb updates (AH=A22-(A22 U)(Tf U^T); Q^TA22Q=AH-U Tf^T(U^T AH)) = explicit H^T A22 H, O(m^2 nb). At b=4 eig drops 3000->0.0268 (ACCURATE). BUT at b=60 (benchmark) two-stage STILL eig~4000-11000 nbad=60/60 even at FP32 -- two-stage reduction is MATRIX-DEPENDENT inaccurate (single-stage latrd nbad=2/60 on same matrices). The intermediate band sacrifices eigenvector accuracy. geomean 70296us (TF32; all routed fall to cuSOLVER via per-matrix gate).",autocuda/optimize/2026-06-30-18-52-36-eigh/brief-4,9d9e72b6,autocuda/optimize/2026-06-30-18-52-36-eigh/brief-4:6,1,0.6803,0.6825,kept,2.04
opt_0239,"gap-aligned rank-peel wired (FP32 orthonormalization fixes the tight gate); validates 39/39 but geomean 71618us REGRESSES: peel stole clustered shape9 (before 2-level branch), detector misfires on dense/mixed/even, and even true rankdef peel 267ms > cuSOLVER 167ms (lambda_max+ns20 sign+FP32 CQR2+cuSOLVER384). Fixes: reorder after 2-level, tighten detector, cut peel cost",autocuda/optimize/2026-06-30-18-52-36-eigh/brief-0,102189d1,autocuda/optimize/2026-06-30-18-52-36-eigh/brief-0:13,1,0.6678,0.6697,kept,2.04
opt_0240,"Direct tensor-core full-n solve for n=512 (diagnostic). Restored megakernel inner solve (_TC_INNER=False), added residual-gated _eigh_tc_safe with cuSOLVER fallback, routed all n=512 through it. Validates PASS. Benchmark 76888us (REGRESSION): every n=512 shape slower -- mixed512 605258us and lapack_dense_even512 575356us (both cuSOLVER-bound in parent) are ~4x cuSOLVER's syevd loop. Decisive finding: _tc_eigh full-n LOSES to cuSOLVER because the Householder symv reduction is memory-bound (in-kernel global matvec, one CTA/matrix) and cuSOLVER's fused syevd is far better; the tl.dot trailing-update+back-transform are ~1% of time. Tensor cores can only dominate the reduction via SBR (dense->band with block-QR so the panel symv becomes a block GEMM). Open: build SBR stage-1 on tensor cores.",autocuda/optimize/2026-06-30-18-52-36-eigh/brief-15,66dbc90f,autocuda/optimize/2026-06-30-18-52-36-eigh/brief-15:4,1,0.6220,0.6961,kept,2.04
opt_0241,"FIXED band-aware latrd_band kernel (matvec inner q-loop bug: q0=i-qwin cut v's head for far rows; corrected to q in [col,col+qwin] for all rows). Reflector/corrections full-range, matvec-only windowed, small b2t panel=8, hiw covers W. Band-aware now ACCURATE but only at bw=256 (window 768): the blocked-WY band->tridiag does NOT chase bulges, so effective band grows to ~256 during processing (input Aband band verified =32). Config: band-aware bw=256 + TF32 dense->band + gate + route 1024/2048. Validated 39/39. geomean 77208us (from full-latrd 84735; band-aware helps n2048 2.1x, n1024 1.2x). STILL regression: two-stage ~4x cuSOLVER on large dense. Proper bulge-chasing needed for a narrow band -> real speedup (unbuilt).",autocuda/optimize/2026-06-30-18-52-36-eigh/brief-4,dc7c8919,autocuda/optimize/2026-06-30-18-52-36-eigh/brief-4:11,1,0.6194,1.0975,kept,2.04
opt_0242,"single joint CQR2 range finder (3->1 CQR2) + bf16 count restored; validates 39/39; geomean 79607us (best, from 82534) but 1.66x worse than baseline. shape8 425ms vs cuSOLVER 167ms. Bisection + final-sign per level remain dominant at cuSOLVER parity.",autocuda/optimize/2026-06-30-18-52-36-eigh/brief-0,24fcef3b,autocuda/optimize/2026-06-30-18-52-36-eigh/brief-0:8,1,0.6007,2.2553,kept,2.04
opt_0243,"back-transform as 2D grid (matrix x col-block COLBLK=64) -> b*(ncols/64) CTAs fills GPU at small batch. 39/39. geomean 99466->81449us: bulge_backtransform 517->126ms (4x). shape4 n1024 469624, shape5 n2048 1745816. Still regression; reduction now the top cost.",autocuda/optimize/2026-06-30-18-52-36-eigh/brief-4,47d9245d,autocuda/optimize/2026-06-30-18-52-36-eigh/brief-4:16,1,0.5872,1.2212,kept,2.04
opt_0244,"Precision sweep + cheap per-matrix eig+orth gate (reuses AQ, NOT brief-1's 56ms 3-residual gate). Single-stage FP32 latrd + bf16 back-transform + gate(orth90/eig150)*n*eps + NS=4. Validated 39/39, nbad=2/60. geomean 81741us (regression). DIAGNOSTIC (fallback-off): eigenVECTOR accuracy is reduction-precision-bound -- bf16 reduction eig~7000, TF32 ~3000, FP32 single-stage latrd ~3-20; two-stage dense->band ~3000 even at FP32+torch.geqrf (structural bug, n-dependent). bf16 backtransform on FP32 reduction ~70-326.",autocuda/optimize/2026-06-30-18-52-36-eigh/brief-4,ea9aedb5,autocuda/optimize/2026-06-30-18-52-36-eigh/brief-4:4,1,0.5851,0.8520,kept,2.04
opt_0245,"Trial4: concentration-gated Chebyshev path. participation_ratio gate (PR<40, frac>=0.95) fires NOWHERE on the dense benchmark shapes (dense512 PR~55, dense1024 PR~110, rankdef ~163, lapack_even ~284) so they route to cuSOLVER floor; verified custom_kernel(dense512)~=cuSOLVER in isolation. Geomean 81950us measured under concurrent multi-brief GPU contention (cuSOLVER baseline itself ~2x inflated at the time); needs clean re-measure. Routing correct, no Cheb fallback storm.",autocuda/optimize/2026-06-30-18-52-36-eigh/brief-2,7e882843,autocuda/optimize/2026-06-30-18-52-36-eigh/brief-2:2,1,0.5836,0.5836,kept,2.04
opt_0246,"matrix-sign spectral D&C (fixed-h split, FP32 GEMMs, cuSOLVER leaves); validates 39/39; geomean 82066us = 1.7x WORSE than baseline 47816 (dense shapes still slow, whole-matrix gate fallback + FP32 GEMM cost suspected)",autocuda/optimize/2026-06-30-18-52-36-eigh/brief-0,8efc4f3e,autocuda/optimize/2026-06-30-18-52-36-eigh/brief-0:1,1,0.5828,0.5828,kept,2.04
opt_0247,"bulge reduction nt=512 + NS=2. geomean 82066us ~unchanged. More warps do NOT speed the reduction -> chase is SYNC/latency-bound (~455k barriers/matrix n1024), not compute-bound.",autocuda/optimize/2026-06-30-18-52-36-eigh/brief-4,e8f41b35,autocuda/optimize/2026-06-30-18-52-36-eigh/brief-4:17,1,0.5827,0.9925,kept,2.04
opt_0248,"cuSOLVER leaves + reduced iters (NS=10/count=3/bisect=3); validates 39/39; geomean 82534us (best sign-DC config, down from 90952) but 1.7x worse than baseline. Profiled n=512 level: bisect 32ms + final sign 29ms + range/CQR2 33ms; x2-level recursion ~= cuSOLVER. Repeated sign evals are the cost ceiling.",autocuda/optimize/2026-06-30-18-52-36-eigh/brief-0,0bc4b4ad,autocuda/optimize/2026-06-30-18-52-36-eigh/brief-0:6,1,0.5794,1.1020,kept,2.04
opt_0249,"ROOT-CAUSED+FIXED the two-stage accuracy bug (coordinator ask). BUG: _bt_dense_to_band zeroed only the LOWER panel column block but left the UPPER panel row block A[p:p+nb,p+nb:] with pre-existing dense entries beyond the band; the final 0.5*(A+A^T) left them at HALF value -> banded matrix not a true similarity (dense->band eigenvalue error ~7% at n=1024). FIX: zero BOTH sides. NOT batch-dependent -- matrix-content-dependent (seed4327 benign, seed75342 exposed it). Method: stage-by-stage eigvalsh error vs original A pinpointed dense->band. VERIFIED dense->band eigerr 0.07->0.0001, eig_scaled ~3000->~4 with custom qr_panel+full latrd. Config: custom qr + FULL latrd + TF32 + gate + route 1024/2048. Validated 39/39. geomean 84735us (regression: full latrd band->tridiag O(n^3) wall; band-aware latrd_band has a SEPARATE ~7% window-truncation bug, fixing next). qr_panel FINE. TF32 dense->band accurate now (bug was structural not precision).",autocuda/optimize/2026-06-30-18-52-36-eigh/brief-4,11b90c6d,autocuda/optimize/2026-06-30-18-52-36-eigh/brief-4:10,1,0.5644,0.5662,kept,2.04
opt_0250,"All-low-precision large-n dense pipeline (latrd reduction + fast SMEM bisect + bf16 WY back-transform + ONE FP32 NS step + NO per-matrix gate, only a cheap batch-level orth sanity check). Routes n=1024,2048 to it. VALIDATED 39/39: for n=1024/2048 scaled_orthogonality_residual ~0.45-0.65 (gate=100) => the bf16 back-transform + ONE FP32 NS step RECOVERS orthogonality to ~0.5% of the gate -- this DISPROVES brief-1's 'FP16 breaks orthogonality' (it never tried recovering it). geomean 85190us (regression vs 47824). nsys (n1024 b60): latrd_panel_k = 63.3% of GPU time -- the one-CTA-per-matrix reduction is the wall (n1024 525933us vs cuSOLVER 109334, 4.8x slower; bf16 back-transform+bisect+twisted <2% combined). Batch-level orth fallback fires on mixed/nearrank (cuSOLVER sytrd/laed visible). The TAIL works; the latrd REDUCTION must be replaced with a dense->band tensor-core GEMM reduction.",autocuda/optimize/2026-06-30-18-52-36-eigh/brief-4,aa546929,autocuda/optimize/2026-06-30-18-52-36-eigh/brief-4:1,1,0.5614,0.5614,kept,2.04
opt_0251,"Single-stage latrd (FP32) + TF32 WY back-transform + fast SMEM bisection; clustered batches deferred to 2-level path (shape9 57564), lowrank kept (shape12 60309). geomean 85222us (from 104327, still regression vs 47824). FP16 matvec + bf16 backtransform both LOST (accuracy->fallback). Dense shapes 2-3x cuSOLVER (shape3 330961 vs 172240): latrd 147ms one-CTA-per-matrix can't beat cuSOLVER multi-CTA sytrd; solve now cheap (bisect 3ms). Lever: faster reduction.",autocuda/optimize/2026-06-30-18-52-36-eigh/brief-1,98048b19,autocuda/optimize/2026-06-30-18-52-36-eigh/brief-1:4,1,0.5612,3.5644,kept,2.04
opt_0252,BF16 sign-count + 3-step bisection + FP32 final sign + megakernel leaves; validates 39/39; geomean 90952us (better than trial4's 125631 but 1.9x worse than baseline). shape8 rankdef 552ms vs cuSOLVER 167ms -- per-level sign+bisect+CQR2 chain too heavy,autocuda/optimize/2026-06-30-18-52-36-eigh/brief-0,50d5ed5b,autocuda/optimize/2026-06-30-18-52-36-eigh/brief-0:5,1,0.5258,1.3813,kept,2.04
opt_0253,"t1: two-stage TF32 dense->band->tridiag, routed dense n=512/1024. CORRECT (39/39, reflector composition verified FP64 ||AQ-QL||~5e-15 -- fixes brief-4 eig~3000 bug). Stage1 dense->band=batched qr_panel kernel (replaces serial cuSOLVER geqrf 73->4ms/panel) + trailing two-sided ONE batched TF32 GEMM (9ms total b640 n512 -- the emulated-FP32 lever WORKS). Stage2 chase stores reflectors; stage-2 backtransform=column-parallel bt_apply. geomean 95400 (regression vs 45522). b640 n512 breakdown: stage1 61 + chase 216 + solve 48 + bt_apply 131 = 478ms vs cuSOLVER 171. The two O(n^3) SIMT pieces (chase, bt_apply) are the wall; n=1024 6x worse (n^3 scaling). TF32 GEMM reduction+tail cheap.",autocuda/optimize/2026-06-30-18-52-36-eigh/brief-6,29daf7aa,autocuda/optimize/2026-06-30-18-52-36-eigh/brief-6:1,1,0.5013,0.4767,kept,2.04
opt_0254,"Added reconstruction-residual gate term to _eigh_tc_safe (eigen+orth+recon in true FP32, thresholds 120/60/250*n*eps below harness 200/100/400); fixes the t5 benchmark failure (matrix 321 now falls to cuSOLVER). Benchmark 98035us PASSES. All n=512 shapes ~1.1-1.2ms: SBR + full-Householder band->tridiag is STRICTLY slower than t4 (76888us) because it ADDS the dense->band reduction on top of a band->tridiag whose Householder symv still walks the full n (O(n^3), doesn't exploit the band). CONFIRMED: SBR stage-1 reduction is correct + all-tensor-core (recon 0.0096, off-band exactly 0), but the win requires an O(n^2 w) bulge-chasing band->tridiag replacing the full Householder. Missing piece = fused SMEM bulge-chase band->tridiag kernel.",autocuda/optimize/2026-06-30-18-52-36-eigh/brief-15,2d577f5c,autocuda/optimize/2026-06-30-18-52-36-eigh/brief-15:6,1,0.4878,0.7843,kept,2.04
opt_0255,projector subspace-iteration purification + Gershgorin bracket + kpv-from-count + ns=22. CONCLUSIVE: purification converges (invariance 0.71->0.001) only when sign accurate (|S^2-I|<1e-4) AND sigma away from dense clusters; balanced sigma lands in the dense median -> |S^2-I| stalls ~2e-3 -> invariance ~0.29 -> 100% cuSOLVER fallback on all benchmark shapes. Matrix-sign conditioning ~1/gap is the wall for gapless dense spectra. Validates 39/39 (via fallback); geomean 98733us,autocuda/optimize/2026-06-30-18-52-36-eigh/brief-0,5cb43983,autocuda/optimize/2026-06-30-18-52-36-eigh/brief-0:10,1,0.4844,0.6816,kept,2.04
opt_0256,"BUILT the bulge-chasing band->tridiag (bulge_tridiag_k) + back-transform (bulge_backtransform_k). Validated 39/39 incl n=2048 (accurate: n1024 eig~8, n2048~4, orth~0.06 -- two-stage GENUINELY accurate via bulge-chase). CPU ref validated eig_err~1e-15; CUDA matches ~1e-7. Bug fixed: do NOT pre-zero the annihilated sub-column (the H A H similarity must see the un-modified matrix). SMEM 2nb+1 band resident (nb=16 n<=1024, nb=8 n=2048). geomean 99466us REGRESSION: chase is fully SEQUENTIAL (~65k rank-1 updates for n1024) with 60/8 CTAs -> latency-bound. shape4 n1024 856001 (7.8x cuSOLVER), shape5 n2048 4491079 (24x). Next: large CTA + warps to hide chase latency.",autocuda/optimize/2026-06-30-18-52-36-eigh/brief-4,d129310b,autocuda/optimize/2026-06-30-18-52-36-eigh/brief-4:15,1,0.4808,0.4815,kept,2.04
opt_0257,"FIX latrd_panel race (-O3/fast-math reordered across __syncthreads, nondeterministic at b>128 -> ~200/640 garbage matrices). -O2 build deterministic+correct, 39/39 validate. Single-stage latrd reduction + FAST SMEM Sturm bisection (CUDA 451ms->3ms) + twisted + WY back-transform + recon-gated fallback. geomean 104327us (regression vs 47824 baseline): dense 2-3x slower than cuSOLVER (shape3 338355 vs 172240); shapes9/12 regressed off their fast paths. Reduction/backtransform/ortho are the levers.",autocuda/optimize/2026-06-30-18-52-36-eigh/brief-1,3776847f,autocuda/optimize/2026-06-30-18-52-36-eigh/brief-1:2,1,0.4584,0.4584,kept,2.04
opt_0258,"balanced-sigma bisection + joint CholeskyQR2; validates 39/39; geomean 123446us WORSE (bisection's 42 sign-evals dominate, FP32 sign GEMMs too slow vs cuSOLVER even when correct). Joint CQR2 fixes orthogonality for well-separated spectra; dense cond2 still |S^2-I|/n~1.2e-2 -> fallback",autocuda/optimize/2026-06-30-18-52-36-eigh/brief-0,ba1d4357,autocuda/optimize/2026-06-30-18-52-36-eigh/brief-0:2,1,0.3874,0.6648,kept,2.04
opt_0259,"TWO-STAGE reduction: dense->band (bf16 GEMM trailing update) + band->tridiag via FULL latrd + bf16 two-stage back-transform + 1 FP32 NS + no per-matrix gate. Routes n=1024,2048. Validated 39/39. geomean 124661us -- WORSE than single-stage (85190): band->tridiag via full dense latrd reads the whole trailing block though it's banded (brief-1's wasteful 366ms O(n^3) matvec). Confirms band->tridiag must be band-aware.",autocuda/optimize/2026-06-30-18-52-36-eigh/brief-4,012e5ad6,autocuda/optimize/2026-06-30-18-52-36-eigh/brief-4:2,1,0.3836,0.6834,kept,2.04
opt_0260,"balanced split seeded-bisection-from-mean + joint CQR2 + megakernel leaves (n<=160); validates 39/39; geomean 125631us still WORSE: even seeded from mean, 5 sign-trace count evals + final sign dominate (shape11 1032ms). Matrix-sign eigenvalue COUNT is irreducibly expensive; need cheap inertia/Sturm count.",autocuda/optimize/2026-06-30-18-52-36-eigh/brief-0,ed528ecc,autocuda/optimize/2026-06-30-18-52-36-eigh/brief-0:4,1,0.3807,1.8232,kept,2.04
opt_0261,"FP16 final sign probe (operator directive): REGRESSES to 179534us. |S^2-I|/n is FP32-equivalent but the subspace fails the EIGEN gate -> structured shapes fall back (shape8 807ms). FP16 sign preserves orthogonality not invariant-subspace quality. Also: torch.bmm has NO FP8 path, _scaled_mm 2D-only -> batched FP8 needs custom CUTLASS grouped GEMM.",autocuda/optimize/2026-06-30-18-52-36-eigh/brief-0,5fabcbd6,autocuda/optimize/2026-06-30-18-52-36-eigh/brief-0:7,1,0.2664,0.4597,kept,2.04
opt_0262,"padded single-group split + select-by-side (no bisection); validates 39/39; geomean 229055us WORSE: heterogeneous batches blow up (Hp,Hm->m, no compression, mixed shape6 38s), rank-deficient QR fallback slow, clean-sign shapes still lose to cuSOLVER. Variable per-matrix rank is the core batching obstacle.",autocuda/optimize/2026-06-30-18-52-36-eigh/brief-0,4e992fa4,autocuda/optimize/2026-06-30-18-52-36-eigh/brief-0:3,1,0.2088,0.5389,kept,2.04
opt_0263,"TWO-STAGE with FP16/bf16 tensor-core dense->band (symmetric rank-2nb trailing update, low-precision GEMM operands, FP32 accumulator). CORRECT on conditioned cases. geomean 303764us (regression). Profile n512 b640: dense->band 187ms (QR-panel kernel 118ms!) + band->tridiag 366ms (latrd dense matvec on banded matrix, wasteful) + solve 88 + backtrans 128. Levers: band-AWARE stage2 (O(n*nb^2)), faster QR-panel. Fast SMEM bisection 3ms confirmed.",autocuda/optimize/2026-06-30-18-52-36-eigh/brief-1,be46a200,autocuda/optimize/2026-06-30-18-52-36-eigh/brief-1:3,1,0.1574,0.3434,kept,2.04
opt_0264,"worker1 CANONICAL three-win stack (authoritative, run's best ~47850us): n=176 megakernel (2.30x) + clustered512 two-level w/ W2's eigenvalues-by-block + fused-projectors delta (8d9847359, 2.43x) + lapack_geom low-rank k=384 (W0 d3959aa98, 1.748x) + cuSOLVER floor.",autocuda/optimize/2026-06-30-18-52-36-eigh/brief-0;autocuda/optimize/2026-06-30-18-52-36-eigh/brief-1;autocuda/optimize/2026-06-30-18-52-36-eigh/brief-10;autocuda/optimize/2026-06-30-18-52-36-eigh/brief-11;autocuda/optimize/2026-06-30-18-52-36-eigh/brief-12;autocuda/optimize/2026-06-30-18-52-36-eigh/brief-13;autocuda/optimize/2026-06-30-18-52-36-eigh/brief-14;autocuda/optimize/2026-06-30-18-52-36-eigh/brief-15;autocuda/optimize/2026-06-30-18-52-36-eigh/brief-16;autocuda/optimize/2026-06-30-18-52-36-eigh/brief-17;autocuda/optimize/2026-06-30-18-52-36-eigh/brief-18;autocuda/optimize/2026-06-30-18-52-36-eigh/brief-19;autocuda/optimize/2026-06-30-18-52-36-eigh/brief-2;autocuda/optimize/2026-06-30-18-52-36-eigh/brief-20;autocuda/optimize/2026-06-30-18-52-36-eigh/brief-21;autocuda/optimize/2026-06-30-18-52-36-eigh/brief-22;autocuda/optimize/2026-06-30-18-52-36-eigh/brief-23;autocuda/optimize/2026-06-30-18-52-36-eigh/brief-24;autocuda/optimize/2026-06-30-18-52-36-eigh/brief-25;autocuda/optimize/2026-06-30-18-52-36-eigh/brief-26;autocuda/optimize/2026-06-30-18-52-36-eigh/brief-27;autocuda/optimize/2026-06-30-18-52-36-eigh/brief-28;autocuda/optimize/2026-06-30-18-52-36-eigh/brief-29;autocuda/optimize/2026-06-30-18-52-36-eigh/brief-3;autocuda/optimize/2026-06-30-18-52-36-eigh/brief-30;autocuda/optimize/2026-06-30-18-52-36-eigh/brief-31;autocuda/optimize/2026-06-30-18-52-36-eigh/brief-32;autocuda/optimize/2026-06-30-18-52-36-eigh/brief-33;autocuda/optimize/2026-06-30-18-52-36-eigh/brief-34;autocuda/optimize/2026-06-30-18-52-36-eigh/brief-35;autocuda/optimize/2026-06-30-18-52-36-eigh/brief-36;autocuda/optimize/2026-06-30-18-52-36-eigh/brief-37;autocuda/optimize/2026-06-30-18-52-36-eigh/brief-38;autocuda/optimize/2026-06-30-18-52-36-eigh/brief-39;autocuda/optimize/2026-06-30-18-52-36-eigh/brief-4;autocuda/optimize/2026-06-30-18-52-36-eigh/brief-40;autocuda/optimize/2026-06-30-18-52-36-eigh/brief-41;autocuda/optimize/2026-06-30-18-52-36-eigh/brief-42;autocuda/optimize/2026-06-30-18-52-36-eigh/brief-43;autocuda/optimize/2026-06-30-18-52-36-eigh/brief-44;autocuda/optimize/2026-06-30-18-52-36-eigh/brief-45;autocuda/optimize/2026-06-30-18-52-36-eigh/brief-46;autocuda/optimize/2026-06-30-18-52-36-eigh/brief-47;autocuda/optimize/2026-06-30-18-52-36-eigh/brief-48;autocuda/optimize/2026-06-30-18-52-36-eigh/brief-5;autocuda/optimize/2026-06-30-18-52-36-eigh/brief-6;autocuda/optimize/2026-06-30-18-52-36-eigh/brief-7;autocuda/optimize/2026-06-30-18-52-36-eigh/brief-8;autocuda/optimize/2026-06-30-18-52-36-eigh/brief-9,d6553505,,49,,,kept,100.00
opt_0265,"worker1 CANONICAL sync to W2 057b59c53 (authoritative): megakernel (n<=200, 2.30x) + IMPROVED clustered512 two-level solve (CholeskyQR1 + one FP64 Newton-Schulz step replacing the 2nd CholeskyQR, 2.2x) + >=50% fraction-gate on the 2-level path (mixed batches ~6.7% 2-level -> stay cuSOLVER, no regression) + cheap matvec-probe detector + cuSOLVER floor. The orthogonality+eigen-residual+nonfinite gate is present on BOTH the megakernel and two-level paths (orth>75*n*eps | eigr/||A||1>150*n*eps), superseding my looser 0.85*100*n*eps gate -- catches the ~111/640 borderline clustered matrices (orth 0.0063 vs gate 0.0061) via per-matrix cuSOLVER fallback. Validated 39/39 PASS. Benchmark UNCONTENDED (GPU idle-verified): 49934/49896/49937us, median ~49920 == coordinator's 49906 (the earlier 53-56k reads were peer GPU contention, not a regression). Beats last-submitted 52382 by 4.7%; within 0.7% of real leaderboard standing 49576. This is the single source of truth going forward.",autocuda/optimize/2026-06-30-18-52-36-eigh/brief-0;autocuda/optimize/2026-06-30-18-52-36-eigh/brief-1;autocuda/optimize/2026-06-30-18-52-36-eigh/brief-10;autocuda/optimize/2026-06-30-18-52-36-eigh/brief-11;autocuda/optimize/2026-06-30-18-52-36-eigh/brief-12;autocuda/optimize/2026-06-30-18-52-36-eigh/brief-13;autocuda/optimize/2026-06-30-18-52-36-eigh/brief-14;autocuda/optimize/2026-06-30-18-52-36-eigh/brief-15;autocuda/optimize/2026-06-30-18-52-36-eigh/brief-16;autocuda/optimize/2026-06-30-18-52-36-eigh/brief-17;autocuda/optimize/2026-06-30-18-52-36-eigh/brief-18;autocuda/optimize/2026-06-30-18-52-36-eigh/brief-19;autocuda/optimize/2026-06-30-18-52-36-eigh/brief-2;autocuda/optimize/2026-06-30-18-52-36-eigh/brief-20;autocuda/optimize/2026-06-30-18-52-36-eigh/brief-21;autocuda/optimize/2026-06-30-18-52-36-eigh/brief-22;autocuda/optimize/2026-06-30-18-52-36-eigh/brief-23;autocuda/optimize/2026-06-30-18-52-36-eigh/brief-24;autocuda/optimize/2026-06-30-18-52-36-eigh/brief-25;autocuda/optimize/2026-06-30-18-52-36-eigh/brief-26;autocuda/optimize/2026-06-30-18-52-36-eigh/brief-27;autocuda/optimize/2026-06-30-18-52-36-eigh/brief-28;autocuda/optimize/2026-06-30-18-52-36-eigh/brief-29;autocuda/optimize/2026-06-30-18-52-36-eigh/brief-3;autocuda/optimize/2026-06-30-18-52-36-eigh/brief-30;autocuda/optimize/2026-06-30-18-52-36-eigh/brief-31;autocuda/optimize/2026-06-30-18-52-36-eigh/brief-32;autocuda/optimize/2026-06-30-18-52-36-eigh/brief-33;autocuda/optimize/2026-06-30-18-52-36-eigh/brief-34;autocuda/optimize/2026-06-30-18-52-36-eigh/brief-35;autocuda/optimize/2026-06-30-18-52-36-eigh/brief-36;autocuda/optimize/2026-06-30-18-52-36-eigh/brief-37;autocuda/optimize/2026-06-30-18-52-36-eigh/brief-38;autocuda/optimize/2026-06-30-18-52-36-eigh/brief-39;autocuda/optimize/2026-06-30-18-52-36-eigh/brief-4;autocuda/optimize/2026-06-30-18-52-36-eigh/brief-40;autocuda/optimize/2026-06-30-18-52-36-eigh/brief-41;autocuda/optimize/2026-06-30-18-52-36-eigh/brief-42;autocuda/optimize/2026-06-30-18-52-36-eigh/brief-43;autocuda/optimize/2026-06-30-18-52-36-eigh/brief-44;autocuda/optimize/2026-06-30-18-52-36-eigh/brief-45;autocuda/optimize/2026-06-30-18-52-36-eigh/brief-46;autocuda/optimize/2026-06-30-18-52-36-eigh/brief-47;autocuda/optimize/2026-06-30-18-52-36-eigh/brief-48;autocuda/optimize/2026-06-30-18-52-36-eigh/brief-5;autocuda/optimize/2026-06-30-18-52-36-eigh/brief-6;autocuda/optimize/2026-06-30-18-52-36-eigh/brief-7;autocuda/optimize/2026-06-30-18-52-36-eigh/brief-8;autocuda/optimize/2026-06-30-18-52-36-eigh/brief-9,6fb5fa90,,49,,,kept,100.00
opt_0266,"worker1 CANONICAL: stack W2 n<=200 FP16 megakernel (03f3a1d0f, 2.30x) + W0 clustered512 two-level eigensolver (fa6197814, 1.90x) on the integration superset. Two per-shape wins routed: n<=200 -> fused FP16-SMEM megakernel; 2-level (clustered, runtime ||A^2-cI||/||A^2|| < 0.01 detector + per-matrix split) -> _two_level_eigh (spectral projectors via reorth subspace iteration + joint CholeskyQR). cuSOLVER floor on all other shapes (compute-bound, proven optimal). CRITICAL FIX: added orthogonality gate to the 2-level fallback - single-level/degenerate inputs (lapack_identity/zero: A^2=cI but ONE level) pass the 2-level detector but break the +/-s projector; the eigen-only fallback missed them (any vectors diagonalize cI) -> now orth-gated to cuSOLVER. Validated 39/39; stable geomean 51832/51896/51808us (median ~51850 < banked bar 53681 < baseline 56238). Wins are deterministic (2 improved shapes, 11 others identical cuSOLVER -> geomean ratio 0.898 thermal-independent).",autocuda/optimize/2026-06-30-18-52-36-eigh/brief-0;autocuda/optimize/2026-06-30-18-52-36-eigh/brief-1;autocuda/optimize/2026-06-30-18-52-36-eigh/brief-10;autocuda/optimize/2026-06-30-18-52-36-eigh/brief-11;autocuda/optimize/2026-06-30-18-52-36-eigh/brief-12;autocuda/optimize/2026-06-30-18-52-36-eigh/brief-13;autocuda/optimize/2026-06-30-18-52-36-eigh/brief-14;autocuda/optimize/2026-06-30-18-52-36-eigh/brief-15;autocuda/optimize/2026-06-30-18-52-36-eigh/brief-16;autocuda/optimize/2026-06-30-18-52-36-eigh/brief-17;autocuda/optimize/2026-06-30-18-52-36-eigh/brief-18;autocuda/optimize/2026-06-30-18-52-36-eigh/brief-19;autocuda/optimize/2026-06-30-18-52-36-eigh/brief-2;autocuda/optimize/2026-06-30-18-52-36-eigh/brief-20;autocuda/optimize/2026-06-30-18-52-36-eigh/brief-21;autocuda/optimize/2026-06-30-18-52-36-eigh/brief-22;autocuda/optimize/2026-06-30-18-52-36-eigh/brief-23;autocuda/optimize/2026-06-30-18-52-36-eigh/brief-24;autocuda/optimize/2026-06-30-18-52-36-eigh/brief-25;autocuda/optimize/2026-06-30-18-52-36-eigh/brief-26;autocuda/optimize/2026-06-30-18-52-36-eigh/brief-27;autocuda/optimize/2026-06-30-18-52-36-eigh/brief-28;autocuda/optimize/2026-06-30-18-52-36-eigh/brief-29;autocuda/optimize/2026-06-30-18-52-36-eigh/brief-3;autocuda/optimize/2026-06-30-18-52-36-eigh/brief-30;autocuda/optimize/2026-06-30-18-52-36-eigh/brief-31;autocuda/optimize/2026-06-30-18-52-36-eigh/brief-32;autocuda/optimize/2026-06-30-18-52-36-eigh/brief-33;autocuda/optimize/2026-06-30-18-52-36-eigh/brief-34;autocuda/optimize/2026-06-30-18-52-36-eigh/brief-35;autocuda/optimize/2026-06-30-18-52-36-eigh/brief-36;autocuda/optimize/2026-06-30-18-52-36-eigh/brief-37;autocuda/optimize/2026-06-30-18-52-36-eigh/brief-38;autocuda/optimize/2026-06-30-18-52-36-eigh/brief-39;autocuda/optimize/2026-06-30-18-52-36-eigh/brief-4;autocuda/optimize/2026-06-30-18-52-36-eigh/brief-40;autocuda/optimize/2026-06-30-18-52-36-eigh/brief-41;autocuda/optimize/2026-06-30-18-52-36-eigh/brief-42;autocuda/optimize/2026-06-30-18-52-36-eigh/brief-43;autocuda/optimize/2026-06-30-18-52-36-eigh/brief-44;autocuda/optimize/2026-06-30-18-52-36-eigh/brief-45;autocuda/optimize/2026-06-30-18-52-36-eigh/brief-46;autocuda/optimize/2026-06-30-18-52-36-eigh/brief-47;autocuda/optimize/2026-06-30-18-52-36-eigh/brief-48;autocuda/optimize/2026-06-30-18-52-36-eigh/brief-5;autocuda/optimize/2026-06-30-18-52-36-eigh/brief-6;autocuda/optimize/2026-06-30-18-52-36-eigh/brief-7;autocuda/optimize/2026-06-30-18-52-36-eigh/brief-8;autocuda/optimize/2026-06-30-18-52-36-eigh/brief-9,fde68d74,,49,,,kept,100.00
opt_0267,"worker1: integration-prep - 2-level (clustered) structure detector + _structured_2level_path routing wrapper, on the banked-best base (W2 231210e2b: n<=176 fused megakernel + my router/FP32-NS/skip-NS). Runtime per-matrix detector _two_level_frac = ||A^2-cI||_F/||A^2||_F (c=mean diag A^2): clustered 0.0002, all others 0.67-0.97 -> clean separation, leaderboard-reseed-safe. Per-matrix split: mixed batch sends only the 2-level matrices to _structured_2level_path, rest to cuSOLVER (no regression; mixed n512 routes 37/640 correctly). _structured_2level_path is a cuSOLVER stub gated by _STRUCT_2LEVEL_ENABLED=False. Validated 39/39, geomean 53734 (= banked best, wrapper adds no overhead). Instant to wire W0's clustered eigensolver: point _structured_2level_path at it + flip the flag.",autocuda/optimize/2026-06-30-18-52-36-eigh/brief-0;autocuda/optimize/2026-06-30-18-52-36-eigh/brief-1;autocuda/optimize/2026-06-30-18-52-36-eigh/brief-10;autocuda/optimize/2026-06-30-18-52-36-eigh/brief-11;autocuda/optimize/2026-06-30-18-52-36-eigh/brief-12;autocuda/optimize/2026-06-30-18-52-36-eigh/brief-13;autocuda/optimize/2026-06-30-18-52-36-eigh/brief-14;autocuda/optimize/2026-06-30-18-52-36-eigh/brief-15;autocuda/optimize/2026-06-30-18-52-36-eigh/brief-16;autocuda/optimize/2026-06-30-18-52-36-eigh/brief-17;autocuda/optimize/2026-06-30-18-52-36-eigh/brief-18;autocuda/optimize/2026-06-30-18-52-36-eigh/brief-19;autocuda/optimize/2026-06-30-18-52-36-eigh/brief-2;autocuda/optimize/2026-06-30-18-52-36-eigh/brief-20;autocuda/optimize/2026-06-30-18-52-36-eigh/brief-21;autocuda/optimize/2026-06-30-18-52-36-eigh/brief-22;autocuda/optimize/2026-06-30-18-52-36-eigh/brief-23;autocuda/optimize/2026-06-30-18-52-36-eigh/brief-24;autocuda/optimize/2026-06-30-18-52-36-eigh/brief-25;autocuda/optimize/2026-06-30-18-52-36-eigh/brief-26;autocuda/optimize/2026-06-30-18-52-36-eigh/brief-27;autocuda/optimize/2026-06-30-18-52-36-eigh/brief-28;autocuda/optimize/2026-06-30-18-52-36-eigh/brief-29;autocuda/optimize/2026-06-30-18-52-36-eigh/brief-3;autocuda/optimize/2026-06-30-18-52-36-eigh/brief-30;autocuda/optimize/2026-06-30-18-52-36-eigh/brief-31;autocuda/optimize/2026-06-30-18-52-36-eigh/brief-32;autocuda/optimize/2026-06-30-18-52-36-eigh/brief-33;autocuda/optimize/2026-06-30-18-52-36-eigh/brief-34;autocuda/optimize/2026-06-30-18-52-36-eigh/brief-35;autocuda/optimize/2026-06-30-18-52-36-eigh/brief-36;autocuda/optimize/2026-06-30-18-52-36-eigh/brief-37;autocuda/optimize/2026-06-30-18-52-36-eigh/brief-38;autocuda/optimize/2026-06-30-18-52-36-eigh/brief-39;autocuda/optimize/2026-06-30-18-52-36-eigh/brief-4;autocuda/optimize/2026-06-30-18-52-36-eigh/brief-40;autocuda/optimize/2026-06-30-18-52-36-eigh/brief-41;autocuda/optimize/2026-06-30-18-52-36-eigh/brief-42;autocuda/optimize/2026-06-30-18-52-36-eigh/brief-43;autocuda/optimize/2026-06-30-18-52-36-eigh/brief-44;autocuda/optimize/2026-06-30-18-52-36-eigh/brief-45;autocuda/optimize/2026-06-30-18-52-36-eigh/brief-46;autocuda/optimize/2026-06-30-18-52-36-eigh/brief-47;autocuda/optimize/2026-06-30-18-52-36-eigh/brief-48;autocuda/optimize/2026-06-30-18-52-36-eigh/brief-5;autocuda/optimize/2026-06-30-18-52-36-eigh/brief-6;autocuda/optimize/2026-06-30-18-52-36-eigh/brief-7;autocuda/optimize/2026-06-30-18-52-36-eigh/brief-8;autocuda/optimize/2026-06-30-18-52-36-eigh/brief-9,d8d499b9,,49,,,kept,100.00
opt_0268,"worker1: runtime-gated skip-NS in tridiag_eigh. Raw twisted-factorization V is orthonormal to ~2e-3 << gate (100*n*eps) on well-separated tridiagonals, so skip the FP32 Newton-Schulz there; only matrices whose raw ||V^T V-I|| exceeds 15*n*eps (clusters, where twisted collapses) get NS, then residual-gated cuSOLVER fallback. RUNTIME orthogonality check (not shape/seed gated) so a reseeded clustered draw still triggers NS/fallback. Reusable solve speedup for any combine feeding tridiag_eigh. Standalone verified: well-sep n2048 orth 3.5e-4 eigres 3.4e-6; clustered n512 orth 1.1e-6.",autocuda/optimize/2026-06-30-18-52-36-eigh/brief-0;autocuda/optimize/2026-06-30-18-52-36-eigh/brief-1;autocuda/optimize/2026-06-30-18-52-36-eigh/brief-10;autocuda/optimize/2026-06-30-18-52-36-eigh/brief-11;autocuda/optimize/2026-06-30-18-52-36-eigh/brief-12;autocuda/optimize/2026-06-30-18-52-36-eigh/brief-13;autocuda/optimize/2026-06-30-18-52-36-eigh/brief-14;autocuda/optimize/2026-06-30-18-52-36-eigh/brief-15;autocuda/optimize/2026-06-30-18-52-36-eigh/brief-16;autocuda/optimize/2026-06-30-18-52-36-eigh/brief-17;autocuda/optimize/2026-06-30-18-52-36-eigh/brief-18;autocuda/optimize/2026-06-30-18-52-36-eigh/brief-19;autocuda/optimize/2026-06-30-18-52-36-eigh/brief-2;autocuda/optimize/2026-06-30-18-52-36-eigh/brief-20;autocuda/optimize/2026-06-30-18-52-36-eigh/brief-21;autocuda/optimize/2026-06-30-18-52-36-eigh/brief-22;autocuda/optimize/2026-06-30-18-52-36-eigh/brief-23;autocuda/optimize/2026-06-30-18-52-36-eigh/brief-24;autocuda/optimize/2026-06-30-18-52-36-eigh/brief-25;autocuda/optimize/2026-06-30-18-52-36-eigh/brief-26;autocuda/optimize/2026-06-30-18-52-36-eigh/brief-27;autocuda/optimize/2026-06-30-18-52-36-eigh/brief-28;autocuda/optimize/2026-06-30-18-52-36-eigh/brief-29;autocuda/optimize/2026-06-30-18-52-36-eigh/brief-3;autocuda/optimize/2026-06-30-18-52-36-eigh/brief-30;autocuda/optimize/2026-06-30-18-52-36-eigh/brief-31;autocuda/optimize/2026-06-30-18-52-36-eigh/brief-32;autocuda/optimize/2026-06-30-18-52-36-eigh/brief-33;autocuda/optimize/2026-06-30-18-52-36-eigh/brief-34;autocuda/optimize/2026-06-30-18-52-36-eigh/brief-35;autocuda/optimize/2026-06-30-18-52-36-eigh/brief-36;autocuda/optimize/2026-06-30-18-52-36-eigh/brief-37;autocuda/optimize/2026-06-30-18-52-36-eigh/brief-38;autocuda/optimize/2026-06-30-18-52-36-eigh/brief-39;autocuda/optimize/2026-06-30-18-52-36-eigh/brief-4;autocuda/optimize/2026-06-30-18-52-36-eigh/brief-40;autocuda/optimize/2026-06-30-18-52-36-eigh/brief-41;autocuda/optimize/2026-06-30-18-52-36-eigh/brief-42;autocuda/optimize/2026-06-30-18-52-36-eigh/brief-43;autocuda/optimize/2026-06-30-18-52-36-eigh/brief-44;autocuda/optimize/2026-06-30-18-52-36-eigh/brief-45;autocuda/optimize/2026-06-30-18-52-36-eigh/brief-46;autocuda/optimize/2026-06-30-18-52-36-eigh/brief-47;autocuda/optimize/2026-06-30-18-52-36-eigh/brief-48;autocuda/optimize/2026-06-30-18-52-36-eigh/brief-5;autocuda/optimize/2026-06-30-18-52-36-eigh/brief-6;autocuda/optimize/2026-06-30-18-52-36-eigh/brief-7;autocuda/optimize/2026-06-30-18-52-36-eigh/brief-8;autocuda/optimize/2026-06-30-18-52-36-eigh/brief-9,a638e4a8,,49,,,kept,100.00
opt_0269,"worker1 brief4 iter4: router upgraded to independent per-shape-class dispatch with a cheap spectral-concentration PROBE + two plug points, ready for active wiring of partner wins. _SMALL_JACOBI_N (W0 fused-Jacobi, n in {32,176,352}) and _LOWRANK_N + _stable_rank_frac probe (W2 low-rank, structured rankdef/clustered/nearrank, with per-matrix split for mixed batches). Removed dead one-stage reduction (_householder_tridiag/_compact_wy_tfactor/_eigh_custom - measured-dead). Kept tridiag_eigh (FP32-NS-fixed solve back-end) + bisect/twisted kernels. All 13 classes route to cuSOLVER today = baseline floor (39/39 pass, geomean 56034). Wire a winning class by listing its n + pointing the plug at the kernel.",autocuda/optimize/2026-06-30-18-52-36-eigh/brief-0;autocuda/optimize/2026-06-30-18-52-36-eigh/brief-1;autocuda/optimize/2026-06-30-18-52-36-eigh/brief-10;autocuda/optimize/2026-06-30-18-52-36-eigh/brief-11;autocuda/optimize/2026-06-30-18-52-36-eigh/brief-12;autocuda/optimize/2026-06-30-18-52-36-eigh/brief-13;autocuda/optimize/2026-06-30-18-52-36-eigh/brief-14;autocuda/optimize/2026-06-30-18-52-36-eigh/brief-15;autocuda/optimize/2026-06-30-18-52-36-eigh/brief-16;autocuda/optimize/2026-06-30-18-52-36-eigh/brief-17;autocuda/optimize/2026-06-30-18-52-36-eigh/brief-18;autocuda/optimize/2026-06-30-18-52-36-eigh/brief-19;autocuda/optimize/2026-06-30-18-52-36-eigh/brief-2;autocuda/optimize/2026-06-30-18-52-36-eigh/brief-20;autocuda/optimize/2026-06-30-18-52-36-eigh/brief-21;autocuda/optimize/2026-06-30-18-52-36-eigh/brief-22;autocuda/optimize/2026-06-30-18-52-36-eigh/brief-23;autocuda/optimize/2026-06-30-18-52-36-eigh/brief-24;autocuda/optimize/2026-06-30-18-52-36-eigh/brief-25;autocuda/optimize/2026-06-30-18-52-36-eigh/brief-26;autocuda/optimize/2026-06-30-18-52-36-eigh/brief-27;autocuda/optimize/2026-06-30-18-52-36-eigh/brief-28;autocuda/optimize/2026-06-30-18-52-36-eigh/brief-29;autocuda/optimize/2026-06-30-18-52-36-eigh/brief-3;autocuda/optimize/2026-06-30-18-52-36-eigh/brief-30;autocuda/optimize/2026-06-30-18-52-36-eigh/brief-31;autocuda/optimize/2026-06-30-18-52-36-eigh/brief-32;autocuda/optimize/2026-06-30-18-52-36-eigh/brief-33;autocuda/optimize/2026-06-30-18-52-36-eigh/brief-34;autocuda/optimize/2026-06-30-18-52-36-eigh/brief-35;autocuda/optimize/2026-06-30-18-52-36-eigh/brief-36;autocuda/optimize/2026-06-30-18-52-36-eigh/brief-37;autocuda/optimize/2026-06-30-18-52-36-eigh/brief-38;autocuda/optimize/2026-06-30-18-52-36-eigh/brief-39;autocuda/optimize/2026-06-30-18-52-36-eigh/brief-4;autocuda/optimize/2026-06-30-18-52-36-eigh/brief-40;autocuda/optimize/2026-06-30-18-52-36-eigh/brief-41;autocuda/optimize/2026-06-30-18-52-36-eigh/brief-42;autocuda/optimize/2026-06-30-18-52-36-eigh/brief-43;autocuda/optimize/2026-06-30-18-52-36-eigh/brief-44;autocuda/optimize/2026-06-30-18-52-36-eigh/brief-45;autocuda/optimize/2026-06-30-18-52-36-eigh/brief-46;autocuda/optimize/2026-06-30-18-52-36-eigh/brief-47;autocuda/optimize/2026-06-30-18-52-36-eigh/brief-48;autocuda/optimize/2026-06-30-18-52-36-eigh/brief-5;autocuda/optimize/2026-06-30-18-52-36-eigh/brief-6;autocuda/optimize/2026-06-30-18-52-36-eigh/brief-7;autocuda/optimize/2026-06-30-18-52-36-eigh/brief-8;autocuda/optimize/2026-06-30-18-52-36-eigh/brief-9,732434d4,,49,,,kept,100.00
opt_0270,"worker1 brief4 iter3: RUN-CRITICAL wrapper fix - force FP32 in _orthonormalize. TF32 Newton-Schulz plateaus at ~1e-2 orthogonality (TF32 ~5e-4/op error x n cols) and NEVER reaches the ~6e-3 orth gate -> forced a slow cuSOLVER fallback on EVERY dense matrix. FP32 NS reaches ~1e-6 in 4 iters. Result: tridiag_eigh on dense shapes drops from ~220-407ms (fallback-dominated) to 30-49ms with 0 fallback and tight V (orth ~1e-6): n512 B640 49ms, n1024 B60 30ms, n2048 B8 48ms. All 39 tests pass. This is the solve back-end W2/W0 feed - their combine solve cost was dominated by this wrapper bug, not the bisect/twisted kernels (~6ms). Router unchanged (= baseline floor).",autocuda/optimize/2026-06-30-18-52-36-eigh/brief-0;autocuda/optimize/2026-06-30-18-52-36-eigh/brief-1;autocuda/optimize/2026-06-30-18-52-36-eigh/brief-10;autocuda/optimize/2026-06-30-18-52-36-eigh/brief-11;autocuda/optimize/2026-06-30-18-52-36-eigh/brief-12;autocuda/optimize/2026-06-30-18-52-36-eigh/brief-13;autocuda/optimize/2026-06-30-18-52-36-eigh/brief-14;autocuda/optimize/2026-06-30-18-52-36-eigh/brief-15;autocuda/optimize/2026-06-30-18-52-36-eigh/brief-16;autocuda/optimize/2026-06-30-18-52-36-eigh/brief-17;autocuda/optimize/2026-06-30-18-52-36-eigh/brief-18;autocuda/optimize/2026-06-30-18-52-36-eigh/brief-19;autocuda/optimize/2026-06-30-18-52-36-eigh/brief-2;autocuda/optimize/2026-06-30-18-52-36-eigh/brief-20;autocuda/optimize/2026-06-30-18-52-36-eigh/brief-21;autocuda/optimize/2026-06-30-18-52-36-eigh/brief-22;autocuda/optimize/2026-06-30-18-52-36-eigh/brief-23;autocuda/optimize/2026-06-30-18-52-36-eigh/brief-24;autocuda/optimize/2026-06-30-18-52-36-eigh/brief-25;autocuda/optimize/2026-06-30-18-52-36-eigh/brief-26;autocuda/optimize/2026-06-30-18-52-36-eigh/brief-27;autocuda/optimize/2026-06-30-18-52-36-eigh/brief-28;autocuda/optimize/2026-06-30-18-52-36-eigh/brief-29;autocuda/optimize/2026-06-30-18-52-36-eigh/brief-3;autocuda/optimize/2026-06-30-18-52-36-eigh/brief-30;autocuda/optimize/2026-06-30-18-52-36-eigh/brief-31;autocuda/optimize/2026-06-30-18-52-36-eigh/brief-32;autocuda/optimize/2026-06-30-18-52-36-eigh/brief-33;autocuda/optimize/2026-06-30-18-52-36-eigh/brief-34;autocuda/optimize/2026-06-30-18-52-36-eigh/brief-35;autocuda/optimize/2026-06-30-18-52-36-eigh/brief-36;autocuda/optimize/2026-06-30-18-52-36-eigh/brief-37;autocuda/optimize/2026-06-30-18-52-36-eigh/brief-38;autocuda/optimize/2026-06-30-18-52-36-eigh/brief-39;autocuda/optimize/2026-06-30-18-52-36-eigh/brief-4;autocuda/optimize/2026-06-30-18-52-36-eigh/brief-40;autocuda/optimize/2026-06-30-18-52-36-eigh/brief-41;autocuda/optimize/2026-06-30-18-52-36-eigh/brief-42;autocuda/optimize/2026-06-30-18-52-36-eigh/brief-43;autocuda/optimize/2026-06-30-18-52-36-eigh/brief-44;autocuda/optimize/2026-06-30-18-52-36-eigh/brief-45;autocuda/optimize/2026-06-30-18-52-36-eigh/brief-46;autocuda/optimize/2026-06-30-18-52-36-eigh/brief-47;autocuda/optimize/2026-06-30-18-52-36-eigh/brief-48;autocuda/optimize/2026-06-30-18-52-36-eigh/brief-5;autocuda/optimize/2026-06-30-18-52-36-eigh/brief-6;autocuda/optimize/2026-06-30-18-52-36-eigh/brief-7;autocuda/optimize/2026-06-30-18-52-36-eigh/brief-8;autocuda/optimize/2026-06-30-18-52-36-eigh/brief-9,b0392a15,,49,,,kept,100.00
opt_0271,"worker1 brief4 iter2: refine router to independent PER-SHAPE-CLASS dispatch (_route_to_custom over (n,batch) + _CUSTOM_CLASSES table) and a clean _custom_path(A)->(Q,L) PLUG POINT, ready to wire a winning chase-free custom path per shape the instant one beats cuSOLVER. _CUSTOM_CLASSES empty -> all cuSOLVER == baseline floor (no regression), verified. Each winning shape can be added independently and re-banked.",autocuda/optimize/2026-06-30-18-52-36-eigh/brief-0;autocuda/optimize/2026-06-30-18-52-36-eigh/brief-1;autocuda/optimize/2026-06-30-18-52-36-eigh/brief-10;autocuda/optimize/2026-06-30-18-52-36-eigh/brief-11;autocuda/optimize/2026-06-30-18-52-36-eigh/brief-12;autocuda/optimize/2026-06-30-18-52-36-eigh/brief-13;autocuda/optimize/2026-06-30-18-52-36-eigh/brief-14;autocuda/optimize/2026-06-30-18-52-36-eigh/brief-15;autocuda/optimize/2026-06-30-18-52-36-eigh/brief-16;autocuda/optimize/2026-06-30-18-52-36-eigh/brief-17;autocuda/optimize/2026-06-30-18-52-36-eigh/brief-18;autocuda/optimize/2026-06-30-18-52-36-eigh/brief-19;autocuda/optimize/2026-06-30-18-52-36-eigh/brief-2;autocuda/optimize/2026-06-30-18-52-36-eigh/brief-20;autocuda/optimize/2026-06-30-18-52-36-eigh/brief-21;autocuda/optimize/2026-06-30-18-52-36-eigh/brief-22;autocuda/optimize/2026-06-30-18-52-36-eigh/brief-23;autocuda/optimize/2026-06-30-18-52-36-eigh/brief-24;autocuda/optimize/2026-06-30-18-52-36-eigh/brief-25;autocuda/optimize/2026-06-30-18-52-36-eigh/brief-26;autocuda/optimize/2026-06-30-18-52-36-eigh/brief-27;autocuda/optimize/2026-06-30-18-52-36-eigh/brief-28;autocuda/optimize/2026-06-30-18-52-36-eigh/brief-29;autocuda/optimize/2026-06-30-18-52-36-eigh/brief-3;autocuda/optimize/2026-06-30-18-52-36-eigh/brief-30;autocuda/optimize/2026-06-30-18-52-36-eigh/brief-31;autocuda/optimize/2026-06-30-18-52-36-eigh/brief-32;autocuda/optimize/2026-06-30-18-52-36-eigh/brief-33;autocuda/optimize/2026-06-30-18-52-36-eigh/brief-34;autocuda/optimize/2026-06-30-18-52-36-eigh/brief-35;autocuda/optimize/2026-06-30-18-52-36-eigh/brief-36;autocuda/optimize/2026-06-30-18-52-36-eigh/brief-37;autocuda/optimize/2026-06-30-18-52-36-eigh/brief-38;autocuda/optimize/2026-06-30-18-52-36-eigh/brief-39;autocuda/optimize/2026-06-30-18-52-36-eigh/brief-4;autocuda/optimize/2026-06-30-18-52-36-eigh/brief-40;autocuda/optimize/2026-06-30-18-52-36-eigh/brief-41;autocuda/optimize/2026-06-30-18-52-36-eigh/brief-42;autocuda/optimize/2026-06-30-18-52-36-eigh/brief-43;autocuda/optimize/2026-06-30-18-52-36-eigh/brief-44;autocuda/optimize/2026-06-30-18-52-36-eigh/brief-45;autocuda/optimize/2026-06-30-18-52-36-eigh/brief-46;autocuda/optimize/2026-06-30-18-52-36-eigh/brief-47;autocuda/optimize/2026-06-30-18-52-36-eigh/brief-48;autocuda/optimize/2026-06-30-18-52-36-eigh/brief-5;autocuda/optimize/2026-06-30-18-52-36-eigh/brief-6;autocuda/optimize/2026-06-30-18-52-36-eigh/brief-7;autocuda/optimize/2026-06-30-18-52-36-eigh/brief-8;autocuda/optimize/2026-06-30-18-52-36-eigh/brief-9,9e66460b,,49,,,kept,100.00
opt_0272,worker1 brief4 iter1: HYBRID ROUTER framework (submittable submission.py). Per-shape structural dispatch to the fastest VALIDATED path with cuSOLVER as the safety floor (never regresses below baseline). Custom batched pipeline (one-stage Householder reduction + batched bisect+twisted solve + GEMM back-transform) is wired and validated but gated off (_CUSTOM_MIN_N=inf) because MEASURED per-shape it is currently SLOWER than cuSOLVER on every benchmark shape (n=512 custom 356us vs cuSOLVER 171us; n=2048 1114 vs 187; n=176 99 vs 6). So the router dispatches everything to cuSOLVER -> geomean 56233us == baseline (the floor). All 39 tests pass. Ready to bank wins: lowering _CUSTOM_MIN_N (or wiring a faster reduction/Chebyshev path) flips winning shapes onto the custom path the moment one beats baseline.,autocuda/optimize/2026-06-30-18-52-36-eigh/brief-0;autocuda/optimize/2026-06-30-18-52-36-eigh/brief-1;autocuda/optimize/2026-06-30-18-52-36-eigh/brief-10;autocuda/optimize/2026-06-30-18-52-36-eigh/brief-11;autocuda/optimize/2026-06-30-18-52-36-eigh/brief-12;autocuda/optimize/2026-06-30-18-52-36-eigh/brief-13;autocuda/optimize/2026-06-30-18-52-36-eigh/brief-14;autocuda/optimize/2026-06-30-18-52-36-eigh/brief-15;autocuda/optimize/2026-06-30-18-52-36-eigh/brief-16;autocuda/optimize/2026-06-30-18-52-36-eigh/brief-17;autocuda/optimize/2026-06-30-18-52-36-eigh/brief-18;autocuda/optimize/2026-06-30-18-52-36-eigh/brief-19;autocuda/optimize/2026-06-30-18-52-36-eigh/brief-2;autocuda/optimize/2026-06-30-18-52-36-eigh/brief-20;autocuda/optimize/2026-06-30-18-52-36-eigh/brief-21;autocuda/optimize/2026-06-30-18-52-36-eigh/brief-22;autocuda/optimize/2026-06-30-18-52-36-eigh/brief-23;autocuda/optimize/2026-06-30-18-52-36-eigh/brief-24;autocuda/optimize/2026-06-30-18-52-36-eigh/brief-25;autocuda/optimize/2026-06-30-18-52-36-eigh/brief-26;autocuda/optimize/2026-06-30-18-52-36-eigh/brief-27;autocuda/optimize/2026-06-30-18-52-36-eigh/brief-28;autocuda/optimize/2026-06-30-18-52-36-eigh/brief-29;autocuda/optimize/2026-06-30-18-52-36-eigh/brief-3;autocuda/optimize/2026-06-30-18-52-36-eigh/brief-30;autocuda/optimize/2026-06-30-18-52-36-eigh/brief-31;autocuda/optimize/2026-06-30-18-52-36-eigh/brief-32;autocuda/optimize/2026-06-30-18-52-36-eigh/brief-33;autocuda/optimize/2026-06-30-18-52-36-eigh/brief-34;autocuda/optimize/2026-06-30-18-52-36-eigh/brief-35;autocuda/optimize/2026-06-30-18-52-36-eigh/brief-36;autocuda/optimize/2026-06-30-18-52-36-eigh/brief-37;autocuda/optimize/2026-06-30-18-52-36-eigh/brief-38;autocuda/optimize/2026-06-30-18-52-36-eigh/brief-39;autocuda/optimize/2026-06-30-18-52-36-eigh/brief-4;autocuda/optimize/2026-06-30-18-52-36-eigh/brief-40;autocuda/optimize/2026-06-30-18-52-36-eigh/brief-41;autocuda/optimize/2026-06-30-18-52-36-eigh/brief-42;autocuda/optimize/2026-06-30-18-52-36-eigh/brief-43;autocuda/optimize/2026-06-30-18-52-36-eigh/brief-44;autocuda/optimize/2026-06-30-18-52-36-eigh/brief-45;autocuda/optimize/2026-06-30-18-52-36-eigh/brief-46;autocuda/optimize/2026-06-30-18-52-36-eigh/brief-47;autocuda/optimize/2026-06-30-18-52-36-eigh/brief-48;autocuda/optimize/2026-06-30-18-52-36-eigh/brief-5;autocuda/optimize/2026-06-30-18-52-36-eigh/brief-6;autocuda/optimize/2026-06-30-18-52-36-eigh/brief-7;autocuda/optimize/2026-06-30-18-52-36-eigh/brief-8;autocuda/optimize/2026-06-30-18-52-36-eigh/brief-9,b4663c5b,,49,,,kept,100.00
opt_0273,"worker1 brief3 iter2: revert slow block-invit cluster refine (measured 37x SLOWER than cuSOLVER: 5580ms vs 150ms on clustered B=640 - net loss). KEEP the improved guard that checks BOTH orthogonality AND eigen residual (the original orth-only guard could pass eig-failing clustered/mixed matrices - latent robustness fix). cuSOLVER eigh on the reconstructed tridiagonal is the FASTEST robust path for heavy clusters (~150ms ~= baseline) so it is the cluster path. All 39 tests pass, geomean 110787us. FINDING: for heavily-clustered tridiagonals the cuSOLVER fallback is near-optimal; a custom replacement is slower, so the win comes from the 10/13 non-cluster shapes (0 fallback) not from eliminating the cluster fallback.",autocuda/optimize/2026-06-30-18-52-36-eigh/brief-0;autocuda/optimize/2026-06-30-18-52-36-eigh/brief-1;autocuda/optimize/2026-06-30-18-52-36-eigh/brief-10;autocuda/optimize/2026-06-30-18-52-36-eigh/brief-11;autocuda/optimize/2026-06-30-18-52-36-eigh/brief-12;autocuda/optimize/2026-06-30-18-52-36-eigh/brief-13;autocuda/optimize/2026-06-30-18-52-36-eigh/brief-14;autocuda/optimize/2026-06-30-18-52-36-eigh/brief-15;autocuda/optimize/2026-06-30-18-52-36-eigh/brief-16;autocuda/optimize/2026-06-30-18-52-36-eigh/brief-17;autocuda/optimize/2026-06-30-18-52-36-eigh/brief-18;autocuda/optimize/2026-06-30-18-52-36-eigh/brief-19;autocuda/optimize/2026-06-30-18-52-36-eigh/brief-2;autocuda/optimize/2026-06-30-18-52-36-eigh/brief-20;autocuda/optimize/2026-06-30-18-52-36-eigh/brief-21;autocuda/optimize/2026-06-30-18-52-36-eigh/brief-22;autocuda/optimize/2026-06-30-18-52-36-eigh/brief-23;autocuda/optimize/2026-06-30-18-52-36-eigh/brief-24;autocuda/optimize/2026-06-30-18-52-36-eigh/brief-25;autocuda/optimize/2026-06-30-18-52-36-eigh/brief-26;autocuda/optimize/2026-06-30-18-52-36-eigh/brief-27;autocuda/optimize/2026-06-30-18-52-36-eigh/brief-28;autocuda/optimize/2026-06-30-18-52-36-eigh/brief-29;autocuda/optimize/2026-06-30-18-52-36-eigh/brief-3;autocuda/optimize/2026-06-30-18-52-36-eigh/brief-30;autocuda/optimize/2026-06-30-18-52-36-eigh/brief-31;autocuda/optimize/2026-06-30-18-52-36-eigh/brief-32;autocuda/optimize/2026-06-30-18-52-36-eigh/brief-33;autocuda/optimize/2026-06-30-18-52-36-eigh/brief-34;autocuda/optimize/2026-06-30-18-52-36-eigh/brief-35;autocuda/optimize/2026-06-30-18-52-36-eigh/brief-36;autocuda/optimize/2026-06-30-18-52-36-eigh/brief-37;autocuda/optimize/2026-06-30-18-52-36-eigh/brief-38;autocuda/optimize/2026-06-30-18-52-36-eigh/brief-39;autocuda/optimize/2026-06-30-18-52-36-eigh/brief-4;autocuda/optimize/2026-06-30-18-52-36-eigh/brief-40;autocuda/optimize/2026-06-30-18-52-36-eigh/brief-41;autocuda/optimize/2026-06-30-18-52-36-eigh/brief-42;autocuda/optimize/2026-06-30-18-52-36-eigh/brief-43;autocuda/optimize/2026-06-30-18-52-36-eigh/brief-44;autocuda/optimize/2026-06-30-18-52-36-eigh/brief-45;autocuda/optimize/2026-06-30-18-52-36-eigh/brief-46;autocuda/optimize/2026-06-30-18-52-36-eigh/brief-47;autocuda/optimize/2026-06-30-18-52-36-eigh/brief-48;autocuda/optimize/2026-06-30-18-52-36-eigh/brief-5;autocuda/optimize/2026-06-30-18-52-36-eigh/brief-6;autocuda/optimize/2026-06-30-18-52-36-eigh/brief-7;autocuda/optimize/2026-06-30-18-52-36-eigh/brief-8;autocuda/optimize/2026-06-30-18-52-36-eigh/brief-9,bf8af538,,49,,,kept,100.00
opt_0274,"worker1 brief3 iter1: cluster hardening in tridiag_eigh via block inverse subspace iteration (shift-invert + QR each step, orthonormal by construction) for matrices whose twisted-factorization vectors collapse on tight/degenerate clusters. Guard checks BOTH orthogonality and eigen residual (validation gates). cuSOLVER kept only as last-resort safety net. Per-shape cuSOLVER fallback BEFORE->AFTER: clustered 640->169, mixed 69->10, rankdef 18->1, nearrank 12->0, dense 0->0. All 39 tests pass; eigres<=2.4e-3, orth<=2e-4. Big margin recovery for the combine's cluster shapes.",autocuda/optimize/2026-06-30-18-52-36-eigh/brief-0;autocuda/optimize/2026-06-30-18-52-36-eigh/brief-1;autocuda/optimize/2026-06-30-18-52-36-eigh/brief-10;autocuda/optimize/2026-06-30-18-52-36-eigh/brief-11;autocuda/optimize/2026-06-30-18-52-36-eigh/brief-12;autocuda/optimize/2026-06-30-18-52-36-eigh/brief-13;autocuda/optimize/2026-06-30-18-52-36-eigh/brief-14;autocuda/optimize/2026-06-30-18-52-36-eigh/brief-15;autocuda/optimize/2026-06-30-18-52-36-eigh/brief-16;autocuda/optimize/2026-06-30-18-52-36-eigh/brief-17;autocuda/optimize/2026-06-30-18-52-36-eigh/brief-18;autocuda/optimize/2026-06-30-18-52-36-eigh/brief-19;autocuda/optimize/2026-06-30-18-52-36-eigh/brief-2;autocuda/optimize/2026-06-30-18-52-36-eigh/brief-20;autocuda/optimize/2026-06-30-18-52-36-eigh/brief-21;autocuda/optimize/2026-06-30-18-52-36-eigh/brief-22;autocuda/optimize/2026-06-30-18-52-36-eigh/brief-23;autocuda/optimize/2026-06-30-18-52-36-eigh/brief-24;autocuda/optimize/2026-06-30-18-52-36-eigh/brief-25;autocuda/optimize/2026-06-30-18-52-36-eigh/brief-26;autocuda/optimize/2026-06-30-18-52-36-eigh/brief-27;autocuda/optimize/2026-06-30-18-52-36-eigh/brief-28;autocuda/optimize/2026-06-30-18-52-36-eigh/brief-29;autocuda/optimize/2026-06-30-18-52-36-eigh/brief-3;autocuda/optimize/2026-06-30-18-52-36-eigh/brief-30;autocuda/optimize/2026-06-30-18-52-36-eigh/brief-31;autocuda/optimize/2026-06-30-18-52-36-eigh/brief-32;autocuda/optimize/2026-06-30-18-52-36-eigh/brief-33;autocuda/optimize/2026-06-30-18-52-36-eigh/brief-34;autocuda/optimize/2026-06-30-18-52-36-eigh/brief-35;autocuda/optimize/2026-06-30-18-52-36-eigh/brief-36;autocuda/optimize/2026-06-30-18-52-36-eigh/brief-37;autocuda/optimize/2026-06-30-18-52-36-eigh/brief-38;autocuda/optimize/2026-06-30-18-52-36-eigh/brief-39;autocuda/optimize/2026-06-30-18-52-36-eigh/brief-4;autocuda/optimize/2026-06-30-18-52-36-eigh/brief-40;autocuda/optimize/2026-06-30-18-52-36-eigh/brief-41;autocuda/optimize/2026-06-30-18-52-36-eigh/brief-42;autocuda/optimize/2026-06-30-18-52-36-eigh/brief-43;autocuda/optimize/2026-06-30-18-52-36-eigh/brief-44;autocuda/optimize/2026-06-30-18-52-36-eigh/brief-45;autocuda/optimize/2026-06-30-18-52-36-eigh/brief-46;autocuda/optimize/2026-06-30-18-52-36-eigh/brief-47;autocuda/optimize/2026-06-30-18-52-36-eigh/brief-48;autocuda/optimize/2026-06-30-18-52-36-eigh/brief-5;autocuda/optimize/2026-06-30-18-52-36-eigh/brief-6;autocuda/optimize/2026-06-30-18-52-36-eigh/brief-7;autocuda/optimize/2026-06-30-18-52-36-eigh/brief-8;autocuda/optimize/2026-06-30-18-52-36-eigh/brief-9,c641ef30,,49,,,kept,100.00
opt_0275,"worker1 brief1 iter5: add internal per-matrix scale normalization to tridiag_eigh(d,e) so the Sturm/twisted recurrences stay in FP32 range for extreme-magnitude tridiagonals (verified scale 1e18/1e-18: rel eigres ~2e-7, orth ~3e-7). Eigenvectors scale-invariant; Rayleigh on original-scale T. Makes the solve robust to whatever tridiagonal scaling the combine's band reduction emits. All 39 tests pass.",autocuda/optimize/2026-06-30-18-52-36-eigh/brief-0;autocuda/optimize/2026-06-30-18-52-36-eigh/brief-1;autocuda/optimize/2026-06-30-18-52-36-eigh/brief-10;autocuda/optimize/2026-06-30-18-52-36-eigh/brief-11;autocuda/optimize/2026-06-30-18-52-36-eigh/brief-12;autocuda/optimize/2026-06-30-18-52-36-eigh/brief-13;autocuda/optimize/2026-06-30-18-52-36-eigh/brief-14;autocuda/optimize/2026-06-30-18-52-36-eigh/brief-15;autocuda/optimize/2026-06-30-18-52-36-eigh/brief-16;autocuda/optimize/2026-06-30-18-52-36-eigh/brief-17;autocuda/optimize/2026-06-30-18-52-36-eigh/brief-18;autocuda/optimize/2026-06-30-18-52-36-eigh/brief-19;autocuda/optimize/2026-06-30-18-52-36-eigh/brief-2;autocuda/optimize/2026-06-30-18-52-36-eigh/brief-20;autocuda/optimize/2026-06-30-18-52-36-eigh/brief-21;autocuda/optimize/2026-06-30-18-52-36-eigh/brief-22;autocuda/optimize/2026-06-30-18-52-36-eigh/brief-23;autocuda/optimize/2026-06-30-18-52-36-eigh/brief-24;autocuda/optimize/2026-06-30-18-52-36-eigh/brief-25;autocuda/optimize/2026-06-30-18-52-36-eigh/brief-26;autocuda/optimize/2026-06-30-18-52-36-eigh/brief-27;autocuda/optimize/2026-06-30-18-52-36-eigh/brief-28;autocuda/optimize/2026-06-30-18-52-36-eigh/brief-29;autocuda/optimize/2026-06-30-18-52-36-eigh/brief-3;autocuda/optimize/2026-06-30-18-52-36-eigh/brief-30;autocuda/optimize/2026-06-30-18-52-36-eigh/brief-31;autocuda/optimize/2026-06-30-18-52-36-eigh/brief-32;autocuda/optimize/2026-06-30-18-52-36-eigh/brief-33;autocuda/optimize/2026-06-30-18-52-36-eigh/brief-34;autocuda/optimize/2026-06-30-18-52-36-eigh/brief-35;autocuda/optimize/2026-06-30-18-52-36-eigh/brief-36;autocuda/optimize/2026-06-30-18-52-36-eigh/brief-37;autocuda/optimize/2026-06-30-18-52-36-eigh/brief-38;autocuda/optimize/2026-06-30-18-52-36-eigh/brief-39;autocuda/optimize/2026-06-30-18-52-36-eigh/brief-4;autocuda/optimize/2026-06-30-18-52-36-eigh/brief-40;autocuda/optimize/2026-06-30-18-52-36-eigh/brief-41;autocuda/optimize/2026-06-30-18-52-36-eigh/brief-42;autocuda/optimize/2026-06-30-18-52-36-eigh/brief-43;autocuda/optimize/2026-06-30-18-52-36-eigh/brief-44;autocuda/optimize/2026-06-30-18-52-36-eigh/brief-45;autocuda/optimize/2026-06-30-18-52-36-eigh/brief-46;autocuda/optimize/2026-06-30-18-52-36-eigh/brief-47;autocuda/optimize/2026-06-30-18-52-36-eigh/brief-48;autocuda/optimize/2026-06-30-18-52-36-eigh/brief-5;autocuda/optimize/2026-06-30-18-52-36-eigh/brief-6;autocuda/optimize/2026-06-30-18-52-36-eigh/brief-7;autocuda/optimize/2026-06-30-18-52-36-eigh/brief-8;autocuda/optimize/2026-06-30-18-52-36-eigh/brief-9,299035a7,,49,,,kept,100.00
opt_0276,"worker1 brief1 iter4: factor solve into self-contained tridiag_eigh(d,e)->(L,V) for W2 combine drop-in. bisection eigenvalues + MRRR twisted eigenvectors + FP32 orthonormalize + Rayleigh-on-T (no original-A dependency) + cuSOLVER fallback on reconstructed dense tridiagonal for collapsed clusters. All 39 tests pass.",autocuda/optimize/2026-06-30-18-52-36-eigh/brief-0;autocuda/optimize/2026-06-30-18-52-36-eigh/brief-1;autocuda/optimize/2026-06-30-18-52-36-eigh/brief-10;autocuda/optimize/2026-06-30-18-52-36-eigh/brief-11;autocuda/optimize/2026-06-30-18-52-36-eigh/brief-12;autocuda/optimize/2026-06-30-18-52-36-eigh/brief-13;autocuda/optimize/2026-06-30-18-52-36-eigh/brief-14;autocuda/optimize/2026-06-30-18-52-36-eigh/brief-15;autocuda/optimize/2026-06-30-18-52-36-eigh/brief-16;autocuda/optimize/2026-06-30-18-52-36-eigh/brief-17;autocuda/optimize/2026-06-30-18-52-36-eigh/brief-18;autocuda/optimize/2026-06-30-18-52-36-eigh/brief-19;autocuda/optimize/2026-06-30-18-52-36-eigh/brief-2;autocuda/optimize/2026-06-30-18-52-36-eigh/brief-20;autocuda/optimize/2026-06-30-18-52-36-eigh/brief-21;autocuda/optimize/2026-06-30-18-52-36-eigh/brief-22;autocuda/optimize/2026-06-30-18-52-36-eigh/brief-23;autocuda/optimize/2026-06-30-18-52-36-eigh/brief-24;autocuda/optimize/2026-06-30-18-52-36-eigh/brief-25;autocuda/optimize/2026-06-30-18-52-36-eigh/brief-26;autocuda/optimize/2026-06-30-18-52-36-eigh/brief-27;autocuda/optimize/2026-06-30-18-52-36-eigh/brief-28;autocuda/optimize/2026-06-30-18-52-36-eigh/brief-29;autocuda/optimize/2026-06-30-18-52-36-eigh/brief-3;autocuda/optimize/2026-06-30-18-52-36-eigh/brief-30;autocuda/optimize/2026-06-30-18-52-36-eigh/brief-31;autocuda/optimize/2026-06-30-18-52-36-eigh/brief-32;autocuda/optimize/2026-06-30-18-52-36-eigh/brief-33;autocuda/optimize/2026-06-30-18-52-36-eigh/brief-34;autocuda/optimize/2026-06-30-18-52-36-eigh/brief-35;autocuda/optimize/2026-06-30-18-52-36-eigh/brief-36;autocuda/optimize/2026-06-30-18-52-36-eigh/brief-37;autocuda/optimize/2026-06-30-18-52-36-eigh/brief-38;autocuda/optimize/2026-06-30-18-52-36-eigh/brief-39;autocuda/optimize/2026-06-30-18-52-36-eigh/brief-4;autocuda/optimize/2026-06-30-18-52-36-eigh/brief-40;autocuda/optimize/2026-06-30-18-52-36-eigh/brief-41;autocuda/optimize/2026-06-30-18-52-36-eigh/brief-42;autocuda/optimize/2026-06-30-18-52-36-eigh/brief-43;autocuda/optimize/2026-06-30-18-52-36-eigh/brief-44;autocuda/optimize/2026-06-30-18-52-36-eigh/brief-45;autocuda/optimize/2026-06-30-18-52-36-eigh/brief-46;autocuda/optimize/2026-06-30-18-52-36-eigh/brief-47;autocuda/optimize/2026-06-30-18-52-36-eigh/brief-48;autocuda/optimize/2026-06-30-18-52-36-eigh/brief-5;autocuda/optimize/2026-06-30-18-52-36-eigh/brief-6;autocuda/optimize/2026-06-30-18-52-36-eigh/brief-7;autocuda/optimize/2026-06-30-18-52-36-eigh/brief-8;autocuda/optimize/2026-06-30-18-52-36-eigh/brief-9,1d5ca89e,,49,,,kept,100.00
opt_0277,"worker1 brief1 iter3: clean up solve deliverable - remove dead inverse-iteration kernel, keep bisection + MRRR twisted-factorization. Clean (d,e)->(L,V) interface for W2 combine. cuSOLVER fallback only for tight/degenerate clusters where twisted collapses (nearrank 13/60, dense/mixed/lapack_dense_geometric 0/60). All 39 tests pass.",autocuda/optimize/2026-06-30-18-52-36-eigh/brief-0;autocuda/optimize/2026-06-30-18-52-36-eigh/brief-1;autocuda/optimize/2026-06-30-18-52-36-eigh/brief-10;autocuda/optimize/2026-06-30-18-52-36-eigh/brief-11;autocuda/optimize/2026-06-30-18-52-36-eigh/brief-12;autocuda/optimize/2026-06-30-18-52-36-eigh/brief-13;autocuda/optimize/2026-06-30-18-52-36-eigh/brief-14;autocuda/optimize/2026-06-30-18-52-36-eigh/brief-15;autocuda/optimize/2026-06-30-18-52-36-eigh/brief-16;autocuda/optimize/2026-06-30-18-52-36-eigh/brief-17;autocuda/optimize/2026-06-30-18-52-36-eigh/brief-18;autocuda/optimize/2026-06-30-18-52-36-eigh/brief-19;autocuda/optimize/2026-06-30-18-52-36-eigh/brief-2;autocuda/optimize/2026-06-30-18-52-36-eigh/brief-20;autocuda/optimize/2026-06-30-18-52-36-eigh/brief-21;autocuda/optimize/2026-06-30-18-52-36-eigh/brief-22;autocuda/optimize/2026-06-30-18-52-36-eigh/brief-23;autocuda/optimize/2026-06-30-18-52-36-eigh/brief-24;autocuda/optimize/2026-06-30-18-52-36-eigh/brief-25;autocuda/optimize/2026-06-30-18-52-36-eigh/brief-26;autocuda/optimize/2026-06-30-18-52-36-eigh/brief-27;autocuda/optimize/2026-06-30-18-52-36-eigh/brief-28;autocuda/optimize/2026-06-30-18-52-36-eigh/brief-29;autocuda/optimize/2026-06-30-18-52-36-eigh/brief-3;autocuda/optimize/2026-06-30-18-52-36-eigh/brief-30;autocuda/optimize/2026-06-30-18-52-36-eigh/brief-31;autocuda/optimize/2026-06-30-18-52-36-eigh/brief-32;autocuda/optimize/2026-06-30-18-52-36-eigh/brief-33;autocuda/optimize/2026-06-30-18-52-36-eigh/brief-34;autocuda/optimize/2026-06-30-18-52-36-eigh/brief-35;autocuda/optimize/2026-06-30-18-52-36-eigh/brief-36;autocuda/optimize/2026-06-30-18-52-36-eigh/brief-37;autocuda/optimize/2026-06-30-18-52-36-eigh/brief-38;autocuda/optimize/2026-06-30-18-52-36-eigh/brief-39;autocuda/optimize/2026-06-30-18-52-36-eigh/brief-4;autocuda/optimize/2026-06-30-18-52-36-eigh/brief-40;autocuda/optimize/2026-06-30-18-52-36-eigh/brief-41;autocuda/optimize/2026-06-30-18-52-36-eigh/brief-42;autocuda/optimize/2026-06-30-18-52-36-eigh/brief-43;autocuda/optimize/2026-06-30-18-52-36-eigh/brief-44;autocuda/optimize/2026-06-30-18-52-36-eigh/brief-45;autocuda/optimize/2026-06-30-18-52-36-eigh/brief-46;autocuda/optimize/2026-06-30-18-52-36-eigh/brief-47;autocuda/optimize/2026-06-30-18-52-36-eigh/brief-48;autocuda/optimize/2026-06-30-18-52-36-eigh/brief-5;autocuda/optimize/2026-06-30-18-52-36-eigh/brief-6;autocuda/optimize/2026-06-30-18-52-36-eigh/brief-7;autocuda/optimize/2026-06-30-18-52-36-eigh/brief-8;autocuda/optimize/2026-06-30-18-52-36-eigh/brief-9,8dabb994,,49,,,kept,100.00
opt_0278,"worker1 brief1 iter2: MRRR twisted-factorization eigenvectors (Triton, one CTA/matrix) replacing inverse iteration. Forward/backward LDL pivots + twist-index argmin + twisted recurrence. Drops fallback rate sharply: dense 0/4, mixed 0/2, lapack_dense_geometric 0/60 now on fast path (vs all-fallback with inverse iteration); nearrank 13/60, clustered 4/4 still fall back (tight clusters need RRR shifting). All 39 tests pass. Geomean 108705us - UNCHANGED because the SOLVE was never the bottleneck (5.8% in profile); the one-stage REDUCTION (symv + Python-loop launch overhead ~70%) is the wall.",autocuda/optimize/2026-06-30-18-52-36-eigh/brief-0;autocuda/optimize/2026-06-30-18-52-36-eigh/brief-1;autocuda/optimize/2026-06-30-18-52-36-eigh/brief-10;autocuda/optimize/2026-06-30-18-52-36-eigh/brief-11;autocuda/optimize/2026-06-30-18-52-36-eigh/brief-12;autocuda/optimize/2026-06-30-18-52-36-eigh/brief-13;autocuda/optimize/2026-06-30-18-52-36-eigh/brief-14;autocuda/optimize/2026-06-30-18-52-36-eigh/brief-15;autocuda/optimize/2026-06-30-18-52-36-eigh/brief-16;autocuda/optimize/2026-06-30-18-52-36-eigh/brief-17;autocuda/optimize/2026-06-30-18-52-36-eigh/brief-18;autocuda/optimize/2026-06-30-18-52-36-eigh/brief-19;autocuda/optimize/2026-06-30-18-52-36-eigh/brief-2;autocuda/optimize/2026-06-30-18-52-36-eigh/brief-20;autocuda/optimize/2026-06-30-18-52-36-eigh/brief-21;autocuda/optimize/2026-06-30-18-52-36-eigh/brief-22;autocuda/optimize/2026-06-30-18-52-36-eigh/brief-23;autocuda/optimize/2026-06-30-18-52-36-eigh/brief-24;autocuda/optimize/2026-06-30-18-52-36-eigh/brief-25;autocuda/optimize/2026-06-30-18-52-36-eigh/brief-26;autocuda/optimize/2026-06-30-18-52-36-eigh/brief-27;autocuda/optimize/2026-06-30-18-52-36-eigh/brief-28;autocuda/optimize/2026-06-30-18-52-36-eigh/brief-29;autocuda/optimize/2026-06-30-18-52-36-eigh/brief-3;autocuda/optimize/2026-06-30-18-52-36-eigh/brief-30;autocuda/optimize/2026-06-30-18-52-36-eigh/brief-31;autocuda/optimize/2026-06-30-18-52-36-eigh/brief-32;autocuda/optimize/2026-06-30-18-52-36-eigh/brief-33;autocuda/optimize/2026-06-30-18-52-36-eigh/brief-34;autocuda/optimize/2026-06-30-18-52-36-eigh/brief-35;autocuda/optimize/2026-06-30-18-52-36-eigh/brief-36;autocuda/optimize/2026-06-30-18-52-36-eigh/brief-37;autocuda/optimize/2026-06-30-18-52-36-eigh/brief-38;autocuda/optimize/2026-06-30-18-52-36-eigh/brief-39;autocuda/optimize/2026-06-30-18-52-36-eigh/brief-4;autocuda/optimize/2026-06-30-18-52-36-eigh/brief-40;autocuda/optimize/2026-06-30-18-52-36-eigh/brief-41;autocuda/optimize/2026-06-30-18-52-36-eigh/brief-42;autocuda/optimize/2026-06-30-18-52-36-eigh/brief-43;autocuda/optimize/2026-06-30-18-52-36-eigh/brief-44;autocuda/optimize/2026-06-30-18-52-36-eigh/brief-45;autocuda/optimize/2026-06-30-18-52-36-eigh/brief-46;autocuda/optimize/2026-06-30-18-52-36-eigh/brief-47;autocuda/optimize/2026-06-30-18-52-36-eigh/brief-48;autocuda/optimize/2026-06-30-18-52-36-eigh/brief-5;autocuda/optimize/2026-06-30-18-52-36-eigh/brief-6;autocuda/optimize/2026-06-30-18-52-36-eigh/brief-7;autocuda/optimize/2026-06-30-18-52-36-eigh/brief-8;autocuda/optimize/2026-06-30-18-52-36-eigh/brief-9,1ce9b2ea,,49,,,kept,100.00
opt_0279,"worker1 brief1 iter1: batched tridiagonal eigensolver. One-stage TF32 Householder tridiag + Triton Sturm-bisection eigenvalues (4.3ms n1024b60, robust) + Triton inverse-iteration eigenvectors + per-matrix cuSOLVER fallback for degenerate clusters where inverse iteration collapses. All 39 tests pass. Geomean 108537us (regressed: inverse iteration fails clustered/rankdef/nearrank -> fallback to cuSOLVER eigh which is slower than baseline on those). Bisection eigenvalue kernel validated; pivoting eigenvectors to MRRR twisted factorization.",autocuda/optimize/2026-06-30-18-52-36-eigh/brief-0;autocuda/optimize/2026-06-30-18-52-36-eigh/brief-1;autocuda/optimize/2026-06-30-18-52-36-eigh/brief-10;autocuda/optimize/2026-06-30-18-52-36-eigh/brief-11;autocuda/optimize/2026-06-30-18-52-36-eigh/brief-12;autocuda/optimize/2026-06-30-18-52-36-eigh/brief-13;autocuda/optimize/2026-06-30-18-52-36-eigh/brief-14;autocuda/optimize/2026-06-30-18-52-36-eigh/brief-15;autocuda/optimize/2026-06-30-18-52-36-eigh/brief-16;autocuda/optimize/2026-06-30-18-52-36-eigh/brief-17;autocuda/optimize/2026-06-30-18-52-36-eigh/brief-18;autocuda/optimize/2026-06-30-18-52-36-eigh/brief-19;autocuda/optimize/2026-06-30-18-52-36-eigh/brief-2;autocuda/optimize/2026-06-30-18-52-36-eigh/brief-20;autocuda/optimize/2026-06-30-18-52-36-eigh/brief-21;autocuda/optimize/2026-06-30-18-52-36-eigh/brief-22;autocuda/optimize/2026-06-30-18-52-36-eigh/brief-23;autocuda/optimize/2026-06-30-18-52-36-eigh/brief-24;autocuda/optimize/2026-06-30-18-52-36-eigh/brief-25;autocuda/optimize/2026-06-30-18-52-36-eigh/brief-26;autocuda/optimize/2026-06-30-18-52-36-eigh/brief-27;autocuda/optimize/2026-06-30-18-52-36-eigh/brief-28;autocuda/optimize/2026-06-30-18-52-36-eigh/brief-29;autocuda/optimize/2026-06-30-18-52-36-eigh/brief-3;autocuda/optimize/2026-06-30-18-52-36-eigh/brief-30;autocuda/optimize/2026-06-30-18-52-36-eigh/brief-31;autocuda/optimize/2026-06-30-18-52-36-eigh/brief-32;autocuda/optimize/2026-06-30-18-52-36-eigh/brief-33;autocuda/optimize/2026-06-30-18-52-36-eigh/brief-34;autocuda/optimize/2026-06-30-18-52-36-eigh/brief-35;autocuda/optimize/2026-06-30-18-52-36-eigh/brief-36;autocuda/optimize/2026-06-30-18-52-36-eigh/brief-37;autocuda/optimize/2026-06-30-18-52-36-eigh/brief-38;autocuda/optimize/2026-06-30-18-52-36-eigh/brief-39;autocuda/optimize/2026-06-30-18-52-36-eigh/brief-4;autocuda/optimize/2026-06-30-18-52-36-eigh/brief-40;autocuda/optimize/2026-06-30-18-52-36-eigh/brief-41;autocuda/optimize/2026-06-30-18-52-36-eigh/brief-42;autocuda/optimize/2026-06-30-18-52-36-eigh/brief-43;autocuda/optimize/2026-06-30-18-52-36-eigh/brief-44;autocuda/optimize/2026-06-30-18-52-36-eigh/brief-45;autocuda/optimize/2026-06-30-18-52-36-eigh/brief-46;autocuda/optimize/2026-06-30-18-52-36-eigh/brief-47;autocuda/optimize/2026-06-30-18-52-36-eigh/brief-48;autocuda/optimize/2026-06-30-18-52-36-eigh/brief-5;autocuda/optimize/2026-06-30-18-52-36-eigh/brief-6;autocuda/optimize/2026-06-30-18-52-36-eigh/brief-7;autocuda/optimize/2026-06-30-18-52-36-eigh/brief-8;autocuda/optimize/2026-06-30-18-52-36-eigh/brief-9,6cf18c9d,,49,,,kept,100.00
opt_0280,"worker1 brief0 iter4: TF32 tensor cores for stage-1 band reduction + cuSOLVER geqrf panels (no per-column loop). FP32 polish kept for orthogonality gate. All 39 tests pass. Geomean 90515us (from 120335): n=2048 455k (from 1003k, 2.2x), n=1024 395k. Stage2 eigh-on-band now dominates.",autocuda/optimize/2026-06-30-18-52-36-eigh/brief-0;autocuda/optimize/2026-06-30-18-52-36-eigh/brief-1;autocuda/optimize/2026-06-30-18-52-36-eigh/brief-10;autocuda/optimize/2026-06-30-18-52-36-eigh/brief-11;autocuda/optimize/2026-06-30-18-52-36-eigh/brief-12;autocuda/optimize/2026-06-30-18-52-36-eigh/brief-13;autocuda/optimize/2026-06-30-18-52-36-eigh/brief-14;autocuda/optimize/2026-06-30-18-52-36-eigh/brief-15;autocuda/optimize/2026-06-30-18-52-36-eigh/brief-16;autocuda/optimize/2026-06-30-18-52-36-eigh/brief-17;autocuda/optimize/2026-06-30-18-52-36-eigh/brief-18;autocuda/optimize/2026-06-30-18-52-36-eigh/brief-19;autocuda/optimize/2026-06-30-18-52-36-eigh/brief-2;autocuda/optimize/2026-06-30-18-52-36-eigh/brief-20;autocuda/optimize/2026-06-30-18-52-36-eigh/brief-21;autocuda/optimize/2026-06-30-18-52-36-eigh/brief-22;autocuda/optimize/2026-06-30-18-52-36-eigh/brief-23;autocuda/optimize/2026-06-30-18-52-36-eigh/brief-24;autocuda/optimize/2026-06-30-18-52-36-eigh/brief-25;autocuda/optimize/2026-06-30-18-52-36-eigh/brief-26;autocuda/optimize/2026-06-30-18-52-36-eigh/brief-27;autocuda/optimize/2026-06-30-18-52-36-eigh/brief-28;autocuda/optimize/2026-06-30-18-52-36-eigh/brief-29;autocuda/optimize/2026-06-30-18-52-36-eigh/brief-3;autocuda/optimize/2026-06-30-18-52-36-eigh/brief-30;autocuda/optimize/2026-06-30-18-52-36-eigh/brief-31;autocuda/optimize/2026-06-30-18-52-36-eigh/brief-32;autocuda/optimize/2026-06-30-18-52-36-eigh/brief-33;autocuda/optimize/2026-06-30-18-52-36-eigh/brief-34;autocuda/optimize/2026-06-30-18-52-36-eigh/brief-35;autocuda/optimize/2026-06-30-18-52-36-eigh/brief-36;autocuda/optimize/2026-06-30-18-52-36-eigh/brief-37;autocuda/optimize/2026-06-30-18-52-36-eigh/brief-38;autocuda/optimize/2026-06-30-18-52-36-eigh/brief-39;autocuda/optimize/2026-06-30-18-52-36-eigh/brief-4;autocuda/optimize/2026-06-30-18-52-36-eigh/brief-40;autocuda/optimize/2026-06-30-18-52-36-eigh/brief-41;autocuda/optimize/2026-06-30-18-52-36-eigh/brief-42;autocuda/optimize/2026-06-30-18-52-36-eigh/brief-43;autocuda/optimize/2026-06-30-18-52-36-eigh/brief-44;autocuda/optimize/2026-06-30-18-52-36-eigh/brief-45;autocuda/optimize/2026-06-30-18-52-36-eigh/brief-46;autocuda/optimize/2026-06-30-18-52-36-eigh/brief-47;autocuda/optimize/2026-06-30-18-52-36-eigh/brief-48;autocuda/optimize/2026-06-30-18-52-36-eigh/brief-5;autocuda/optimize/2026-06-30-18-52-36-eigh/brief-6;autocuda/optimize/2026-06-30-18-52-36-eigh/brief-7;autocuda/optimize/2026-06-30-18-52-36-eigh/brief-8;autocuda/optimize/2026-06-30-18-52-36-eigh/brief-9,9aee9678,,49,,,kept,100.00
opt_0281,"worker1 brief0 iter3: two-stage band reduction. Stage1 full->band via GEMM-only block-Householder QR of off-diagonal panels (no symv); stage2 eigh on banded matrix. All 39 tests pass. Geomean 120335us: stage1 GEMMs still FP32 SGEMM (SIMT), and stage2 eigh-on-band doesn't exploit bandedness (full O(n^3) sytrd). n=1024 470k (vs 667k one-stage), n=2048 1003k (worse - stage2 dominates).",autocuda/optimize/2026-06-30-18-52-36-eigh/brief-0;autocuda/optimize/2026-06-30-18-52-36-eigh/brief-1;autocuda/optimize/2026-06-30-18-52-36-eigh/brief-10;autocuda/optimize/2026-06-30-18-52-36-eigh/brief-11;autocuda/optimize/2026-06-30-18-52-36-eigh/brief-12;autocuda/optimize/2026-06-30-18-52-36-eigh/brief-13;autocuda/optimize/2026-06-30-18-52-36-eigh/brief-14;autocuda/optimize/2026-06-30-18-52-36-eigh/brief-15;autocuda/optimize/2026-06-30-18-52-36-eigh/brief-16;autocuda/optimize/2026-06-30-18-52-36-eigh/brief-17;autocuda/optimize/2026-06-30-18-52-36-eigh/brief-18;autocuda/optimize/2026-06-30-18-52-36-eigh/brief-19;autocuda/optimize/2026-06-30-18-52-36-eigh/brief-2;autocuda/optimize/2026-06-30-18-52-36-eigh/brief-20;autocuda/optimize/2026-06-30-18-52-36-eigh/brief-21;autocuda/optimize/2026-06-30-18-52-36-eigh/brief-22;autocuda/optimize/2026-06-30-18-52-36-eigh/brief-23;autocuda/optimize/2026-06-30-18-52-36-eigh/brief-24;autocuda/optimize/2026-06-30-18-52-36-eigh/brief-25;autocuda/optimize/2026-06-30-18-52-36-eigh/brief-26;autocuda/optimize/2026-06-30-18-52-36-eigh/brief-27;autocuda/optimize/2026-06-30-18-52-36-eigh/brief-28;autocuda/optimize/2026-06-30-18-52-36-eigh/brief-29;autocuda/optimize/2026-06-30-18-52-36-eigh/brief-3;autocuda/optimize/2026-06-30-18-52-36-eigh/brief-30;autocuda/optimize/2026-06-30-18-52-36-eigh/brief-31;autocuda/optimize/2026-06-30-18-52-36-eigh/brief-32;autocuda/optimize/2026-06-30-18-52-36-eigh/brief-33;autocuda/optimize/2026-06-30-18-52-36-eigh/brief-34;autocuda/optimize/2026-06-30-18-52-36-eigh/brief-35;autocuda/optimize/2026-06-30-18-52-36-eigh/brief-36;autocuda/optimize/2026-06-30-18-52-36-eigh/brief-37;autocuda/optimize/2026-06-30-18-52-36-eigh/brief-38;autocuda/optimize/2026-06-30-18-52-36-eigh/brief-39;autocuda/optimize/2026-06-30-18-52-36-eigh/brief-4;autocuda/optimize/2026-06-30-18-52-36-eigh/brief-40;autocuda/optimize/2026-06-30-18-52-36-eigh/brief-41;autocuda/optimize/2026-06-30-18-52-36-eigh/brief-42;autocuda/optimize/2026-06-30-18-52-36-eigh/brief-43;autocuda/optimize/2026-06-30-18-52-36-eigh/brief-44;autocuda/optimize/2026-06-30-18-52-36-eigh/brief-45;autocuda/optimize/2026-06-30-18-52-36-eigh/brief-46;autocuda/optimize/2026-06-30-18-52-36-eigh/brief-47;autocuda/optimize/2026-06-30-18-52-36-eigh/brief-48;autocuda/optimize/2026-06-30-18-52-36-eigh/brief-5;autocuda/optimize/2026-06-30-18-52-36-eigh/brief-6;autocuda/optimize/2026-06-30-18-52-36-eigh/brief-7;autocuda/optimize/2026-06-30-18-52-36-eigh/brief-8;autocuda/optimize/2026-06-30-18-52-36-eigh/brief-9,c4844e6a,,49,,,kept,100.00
opt_0282,worker1 brief0 iter2: fix Householder sign(0) NaN + per-matrix scale normalization + robust tridiagonal solve (jitter retry). All 39 tests PASS. Geomean 115473us (regression vs 56181 baseline: FP32 SGEMM not tensor cores + per-column symv loop + redundant eigh on dense tridiagonal),autocuda/optimize/2026-06-30-18-52-36-eigh/brief-0;autocuda/optimize/2026-06-30-18-52-36-eigh/brief-1;autocuda/optimize/2026-06-30-18-52-36-eigh/brief-10;autocuda/optimize/2026-06-30-18-52-36-eigh/brief-11;autocuda/optimize/2026-06-30-18-52-36-eigh/brief-12;autocuda/optimize/2026-06-30-18-52-36-eigh/brief-13;autocuda/optimize/2026-06-30-18-52-36-eigh/brief-14;autocuda/optimize/2026-06-30-18-52-36-eigh/brief-15;autocuda/optimize/2026-06-30-18-52-36-eigh/brief-16;autocuda/optimize/2026-06-30-18-52-36-eigh/brief-17;autocuda/optimize/2026-06-30-18-52-36-eigh/brief-18;autocuda/optimize/2026-06-30-18-52-36-eigh/brief-19;autocuda/optimize/2026-06-30-18-52-36-eigh/brief-2;autocuda/optimize/2026-06-30-18-52-36-eigh/brief-20;autocuda/optimize/2026-06-30-18-52-36-eigh/brief-21;autocuda/optimize/2026-06-30-18-52-36-eigh/brief-22;autocuda/optimize/2026-06-30-18-52-36-eigh/brief-23;autocuda/optimize/2026-06-30-18-52-36-eigh/brief-24;autocuda/optimize/2026-06-30-18-52-36-eigh/brief-25;autocuda/optimize/2026-06-30-18-52-36-eigh/brief-26;autocuda/optimize/2026-06-30-18-52-36-eigh/brief-27;autocuda/optimize/2026-06-30-18-52-36-eigh/brief-28;autocuda/optimize/2026-06-30-18-52-36-eigh/brief-29;autocuda/optimize/2026-06-30-18-52-36-eigh/brief-3;autocuda/optimize/2026-06-30-18-52-36-eigh/brief-30;autocuda/optimize/2026-06-30-18-52-36-eigh/brief-31;autocuda/optimize/2026-06-30-18-52-36-eigh/brief-32;autocuda/optimize/2026-06-30-18-52-36-eigh/brief-33;autocuda/optimize/2026-06-30-18-52-36-eigh/brief-34;autocuda/optimize/2026-06-30-18-52-36-eigh/brief-35;autocuda/optimize/2026-06-30-18-52-36-eigh/brief-36;autocuda/optimize/2026-06-30-18-52-36-eigh/brief-37;autocuda/optimize/2026-06-30-18-52-36-eigh/brief-38;autocuda/optimize/2026-06-30-18-52-36-eigh/brief-39;autocuda/optimize/2026-06-30-18-52-36-eigh/brief-4;autocuda/optimize/2026-06-30-18-52-36-eigh/brief-40;autocuda/optimize/2026-06-30-18-52-36-eigh/brief-41;autocuda/optimize/2026-06-30-18-52-36-eigh/brief-42;autocuda/optimize/2026-06-30-18-52-36-eigh/brief-43;autocuda/optimize/2026-06-30-18-52-36-eigh/brief-44;autocuda/optimize/2026-06-30-18-52-36-eigh/brief-45;autocuda/optimize/2026-06-30-18-52-36-eigh/brief-46;autocuda/optimize/2026-06-30-18-52-36-eigh/brief-47;autocuda/optimize/2026-06-30-18-52-36-eigh/brief-48;autocuda/optimize/2026-06-30-18-52-36-eigh/brief-5;autocuda/optimize/2026-06-30-18-52-36-eigh/brief-6;autocuda/optimize/2026-06-30-18-52-36-eigh/brief-7;autocuda/optimize/2026-06-30-18-52-36-eigh/brief-8;autocuda/optimize/2026-06-30-18-52-36-eigh/brief-9,7c21f13b,,49,,,kept,100.00
opt_0283,"worker1 brief0 iter1: batched blocked Householder tridiag (FP32, GEMM trailing update) for n>=1024; eigh on dense tridiagonal; FP32 Newton-Schulz + Rayleigh polish. Validates n=1024/2048/4096 but stage-2 eigh diverges on clustered tridiagonal (test.30)",autocuda/optimize/2026-06-30-18-52-36-eigh/brief-0;autocuda/optimize/2026-06-30-18-52-36-eigh/brief-1;autocuda/optimize/2026-06-30-18-52-36-eigh/brief-10;autocuda/optimize/2026-06-30-18-52-36-eigh/brief-11;autocuda/optimize/2026-06-30-18-52-36-eigh/brief-12;autocuda/optimize/2026-06-30-18-52-36-eigh/brief-13;autocuda/optimize/2026-06-30-18-52-36-eigh/brief-14;autocuda/optimize/2026-06-30-18-52-36-eigh/brief-15;autocuda/optimize/2026-06-30-18-52-36-eigh/brief-16;autocuda/optimize/2026-06-30-18-52-36-eigh/brief-17;autocuda/optimize/2026-06-30-18-52-36-eigh/brief-18;autocuda/optimize/2026-06-30-18-52-36-eigh/brief-19;autocuda/optimize/2026-06-30-18-52-36-eigh/brief-2;autocuda/optimize/2026-06-30-18-52-36-eigh/brief-20;autocuda/optimize/2026-06-30-18-52-36-eigh/brief-21;autocuda/optimize/2026-06-30-18-52-36-eigh/brief-22;autocuda/optimize/2026-06-30-18-52-36-eigh/brief-23;autocuda/optimize/2026-06-30-18-52-36-eigh/brief-24;autocuda/optimize/2026-06-30-18-52-36-eigh/brief-25;autocuda/optimize/2026-06-30-18-52-36-eigh/brief-26;autocuda/optimize/2026-06-30-18-52-36-eigh/brief-27;autocuda/optimize/2026-06-30-18-52-36-eigh/brief-28;autocuda/optimize/2026-06-30-18-52-36-eigh/brief-29;autocuda/optimize/2026-06-30-18-52-36-eigh/brief-3;autocuda/optimize/2026-06-30-18-52-36-eigh/brief-30;autocuda/optimize/2026-06-30-18-52-36-eigh/brief-31;autocuda/optimize/2026-06-30-18-52-36-eigh/brief-32;autocuda/optimize/2026-06-30-18-52-36-eigh/brief-33;autocuda/optimize/2026-06-30-18-52-36-eigh/brief-34;autocuda/optimize/2026-06-30-18-52-36-eigh/brief-35;autocuda/optimize/2026-06-30-18-52-36-eigh/brief-36;autocuda/optimize/2026-06-30-18-52-36-eigh/brief-37;autocuda/optimize/2026-06-30-18-52-36-eigh/brief-38;autocuda/optimize/2026-06-30-18-52-36-eigh/brief-39;autocuda/optimize/2026-06-30-18-52-36-eigh/brief-4;autocuda/optimize/2026-06-30-18-52-36-eigh/brief-40;autocuda/optimize/2026-06-30-18-52-36-eigh/brief-41;autocuda/optimize/2026-06-30-18-52-36-eigh/brief-42;autocuda/optimize/2026-06-30-18-52-36-eigh/brief-43;autocuda/optimize/2026-06-30-18-52-36-eigh/brief-44;autocuda/optimize/2026-06-30-18-52-36-eigh/brief-45;autocuda/optimize/2026-06-30-18-52-36-eigh/brief-46;autocuda/optimize/2026-06-30-18-52-36-eigh/brief-47;autocuda/optimize/2026-06-30-18-52-36-eigh/brief-48;autocuda/optimize/2026-06-30-18-52-36-eigh/brief-5;autocuda/optimize/2026-06-30-18-52-36-eigh/brief-6;autocuda/optimize/2026-06-30-18-52-36-eigh/brief-7;autocuda/optimize/2026-06-30-18-52-36-eigh/brief-8;autocuda/optimize/2026-06-30-18-52-36-eigh/brief-9,fbd5fa9b,,49,,,kept,100.00
opt_0284,"brief3 trial4: SMEM-column-blocked BARRIER-FREE back-transform. Stage-split profiling showed the back-transform was 78% of the kernel at n=448 b640 (158ms!) / 72% at n=352 -- it applied each reflector to GLOBAL V with a __syncthreads per reflector (n barriers) + 2*n^3 global traffic. KEY: reflectors on one column are independent of other columns, so one thread owns a whole column across ALL reflectors -> NO inter-reflector barrier, V in fast SMEM. V doesn't fit SMEM at medium n, so process V in column-blocks (BV cols) in the post-reduction free SMEM A region; global V traffic 2*n^3 -> ~2*n^2*(n/BV). Shape2 n=352: 17509->15200us (now 1.32x vs cuSOLVER baseline 20111). Geomean 47392->46669us. n=448 0.91x->0.99x. Validated 39/39, 0 fallbacks. Route cap 400.",autocuda/optimize/2026-06-30-18-52-36-eigh/brief-10;autocuda/optimize/2026-06-30-18-52-36-eigh/brief-11;autocuda/optimize/2026-06-30-18-52-36-eigh/brief-12;autocuda/optimize/2026-06-30-18-52-36-eigh/brief-13;autocuda/optimize/2026-06-30-18-52-36-eigh/brief-14;autocuda/optimize/2026-06-30-18-52-36-eigh/brief-15;autocuda/optimize/2026-06-30-18-52-36-eigh/brief-16;autocuda/optimize/2026-06-30-18-52-36-eigh/brief-17;autocuda/optimize/2026-06-30-18-52-36-eigh/brief-18;autocuda/optimize/2026-06-30-18-52-36-eigh/brief-19;autocuda/optimize/2026-06-30-18-52-36-eigh/brief-20;autocuda/optimize/2026-06-30-18-52-36-eigh/brief-21;autocuda/optimize/2026-06-30-18-52-36-eigh/brief-22;autocuda/optimize/2026-06-30-18-52-36-eigh/brief-23;autocuda/optimize/2026-06-30-18-52-36-eigh/brief-24;autocuda/optimize/2026-06-30-18-52-36-eigh/brief-25;autocuda/optimize/2026-06-30-18-52-36-eigh/brief-26;autocuda/optimize/2026-06-30-18-52-36-eigh/brief-27;autocuda/optimize/2026-06-30-18-52-36-eigh/brief-28;autocuda/optimize/2026-06-30-18-52-36-eigh/brief-29;autocuda/optimize/2026-06-30-18-52-36-eigh/brief-30;autocuda/optimize/2026-06-30-18-52-36-eigh/brief-31;autocuda/optimize/2026-06-30-18-52-36-eigh/brief-32;autocuda/optimize/2026-06-30-18-52-36-eigh/brief-33;autocuda/optimize/2026-06-30-18-52-36-eigh/brief-34;autocuda/optimize/2026-06-30-18-52-36-eigh/brief-35;autocuda/optimize/2026-06-30-18-52-36-eigh/brief-36;autocuda/optimize/2026-06-30-18-52-36-eigh/brief-37;autocuda/optimize/2026-06-30-18-52-36-eigh/brief-38;autocuda/optimize/2026-06-30-18-52-36-eigh/brief-39;autocuda/optimize/2026-06-30-18-52-36-eigh/brief-40;autocuda/optimize/2026-06-30-18-52-36-eigh/brief-41;autocuda/optimize/2026-06-30-18-52-36-eigh/brief-42;autocuda/optimize/2026-06-30-18-52-36-eigh/brief-43;autocuda/optimize/2026-06-30-18-52-36-eigh/brief-44;autocuda/optimize/2026-06-30-18-52-36-eigh/brief-45;autocuda/optimize/2026-06-30-18-52-36-eigh/brief-46;autocuda/optimize/2026-06-30-18-52-36-eigh/brief-47;autocuda/optimize/2026-06-30-18-52-36-eigh/brief-48;autocuda/optimize/2026-06-30-18-52-36-eigh/brief-5;autocuda/optimize/2026-06-30-18-52-36-eigh/brief-6;autocuda/optimize/2026-06-30-18-52-36-eigh/brief-7;autocuda/optimize/2026-06-30-18-52-36-eigh/brief-8;autocuda/optimize/2026-06-30-18-52-36-eigh/brief-9,c3c73d36,,44,,,kept,89.80
opt_0285,"brief3 trial3: medium-n megakernel NT=1024 (was 256). Diagnosed root cause of slow trial2: NT=768 silently produces GARBAGE (red[] tree reduction drops elements at non-power-of-2 thread counts) -> 100% cuSOLVER fallback. NT must be pow2; 1024 fastest+correct. ncu showed kernel was latency-bound (3.2% SM, 12.5% occ, barrier+SMEM-scoreboard stalls) -> more warps hide latency. Shape 2 (n=352 b40) 20111->17509us (1.15x). Geomean 48704->47392us. Validated 39/39. n=256 ~tie, n=448 ~0.91x (loses), so route stays (200,448] (only n=352 in benchmark).",autocuda/optimize/2026-06-30-18-52-36-eigh/brief-10;autocuda/optimize/2026-06-30-18-52-36-eigh/brief-11;autocuda/optimize/2026-06-30-18-52-36-eigh/brief-12;autocuda/optimize/2026-06-30-18-52-36-eigh/brief-13;autocuda/optimize/2026-06-30-18-52-36-eigh/brief-14;autocuda/optimize/2026-06-30-18-52-36-eigh/brief-15;autocuda/optimize/2026-06-30-18-52-36-eigh/brief-16;autocuda/optimize/2026-06-30-18-52-36-eigh/brief-17;autocuda/optimize/2026-06-30-18-52-36-eigh/brief-18;autocuda/optimize/2026-06-30-18-52-36-eigh/brief-19;autocuda/optimize/2026-06-30-18-52-36-eigh/brief-20;autocuda/optimize/2026-06-30-18-52-36-eigh/brief-21;autocuda/optimize/2026-06-30-18-52-36-eigh/brief-22;autocuda/optimize/2026-06-30-18-52-36-eigh/brief-23;autocuda/optimize/2026-06-30-18-52-36-eigh/brief-24;autocuda/optimize/2026-06-30-18-52-36-eigh/brief-25;autocuda/optimize/2026-06-30-18-52-36-eigh/brief-26;autocuda/optimize/2026-06-30-18-52-36-eigh/brief-27;autocuda/optimize/2026-06-30-18-52-36-eigh/brief-28;autocuda/optimize/2026-06-30-18-52-36-eigh/brief-29;autocuda/optimize/2026-06-30-18-52-36-eigh/brief-30;autocuda/optimize/2026-06-30-18-52-36-eigh/brief-31;autocuda/optimize/2026-06-30-18-52-36-eigh/brief-32;autocuda/optimize/2026-06-30-18-52-36-eigh/brief-33;autocuda/optimize/2026-06-30-18-52-36-eigh/brief-34;autocuda/optimize/2026-06-30-18-52-36-eigh/brief-35;autocuda/optimize/2026-06-30-18-52-36-eigh/brief-36;autocuda/optimize/2026-06-30-18-52-36-eigh/brief-37;autocuda/optimize/2026-06-30-18-52-36-eigh/brief-38;autocuda/optimize/2026-06-30-18-52-36-eigh/brief-39;autocuda/optimize/2026-06-30-18-52-36-eigh/brief-40;autocuda/optimize/2026-06-30-18-52-36-eigh/brief-41;autocuda/optimize/2026-06-30-18-52-36-eigh/brief-42;autocuda/optimize/2026-06-30-18-52-36-eigh/brief-43;autocuda/optimize/2026-06-30-18-52-36-eigh/brief-44;autocuda/optimize/2026-06-30-18-52-36-eigh/brief-45;autocuda/optimize/2026-06-30-18-52-36-eigh/brief-46;autocuda/optimize/2026-06-30-18-52-36-eigh/brief-47;autocuda/optimize/2026-06-30-18-52-36-eigh/brief-48;autocuda/optimize/2026-06-30-18-52-36-eigh/brief-5;autocuda/optimize/2026-06-30-18-52-36-eigh/brief-6;autocuda/optimize/2026-06-30-18-52-36-eigh/brief-7;autocuda/optimize/2026-06-30-18-52-36-eigh/brief-8;autocuda/optimize/2026-06-30-18-52-36-eigh/brief-9,a3787afc,,44,,,kept,89.80
opt_0286,"brief3 trial1: medium-n fused megakernel (packed FP16 lower-tri A in SMEM + global eigenvector matrix) extends the n<=200 megakernel to n=256-448, breaking the 228KB SMEM cliff. Validated 39/39, n=352/448 residuals comfortable. But n=352 b40 27755us vs cuSOLVER 20111us (1.38x SLOWER): one-CTA-per-matrix SIMT reduction has only 40 CTAs on 148 SMs and O(n^3) serial-column work, not enough parallelism. Needs warp-specialization/tensor-core MMA (brief directive).",autocuda/optimize/2026-06-30-18-52-36-eigh/brief-10;autocuda/optimize/2026-06-30-18-52-36-eigh/brief-11;autocuda/optimize/2026-06-30-18-52-36-eigh/brief-12;autocuda/optimize/2026-06-30-18-52-36-eigh/brief-13;autocuda/optimize/2026-06-30-18-52-36-eigh/brief-14;autocuda/optimize/2026-06-30-18-52-36-eigh/brief-15;autocuda/optimize/2026-06-30-18-52-36-eigh/brief-16;autocuda/optimize/2026-06-30-18-52-36-eigh/brief-17;autocuda/optimize/2026-06-30-18-52-36-eigh/brief-18;autocuda/optimize/2026-06-30-18-52-36-eigh/brief-19;autocuda/optimize/2026-06-30-18-52-36-eigh/brief-20;autocuda/optimize/2026-06-30-18-52-36-eigh/brief-21;autocuda/optimize/2026-06-30-18-52-36-eigh/brief-22;autocuda/optimize/2026-06-30-18-52-36-eigh/brief-23;autocuda/optimize/2026-06-30-18-52-36-eigh/brief-24;autocuda/optimize/2026-06-30-18-52-36-eigh/brief-25;autocuda/optimize/2026-06-30-18-52-36-eigh/brief-26;autocuda/optimize/2026-06-30-18-52-36-eigh/brief-27;autocuda/optimize/2026-06-30-18-52-36-eigh/brief-28;autocuda/optimize/2026-06-30-18-52-36-eigh/brief-29;autocuda/optimize/2026-06-30-18-52-36-eigh/brief-30;autocuda/optimize/2026-06-30-18-52-36-eigh/brief-31;autocuda/optimize/2026-06-30-18-52-36-eigh/brief-32;autocuda/optimize/2026-06-30-18-52-36-eigh/brief-33;autocuda/optimize/2026-06-30-18-52-36-eigh/brief-34;autocuda/optimize/2026-06-30-18-52-36-eigh/brief-35;autocuda/optimize/2026-06-30-18-52-36-eigh/brief-36;autocuda/optimize/2026-06-30-18-52-36-eigh/brief-37;autocuda/optimize/2026-06-30-18-52-36-eigh/brief-38;autocuda/optimize/2026-06-30-18-52-36-eigh/brief-39;autocuda/optimize/2026-06-30-18-52-36-eigh/brief-40;autocuda/optimize/2026-06-30-18-52-36-eigh/brief-41;autocuda/optimize/2026-06-30-18-52-36-eigh/brief-42;autocuda/optimize/2026-06-30-18-52-36-eigh/brief-43;autocuda/optimize/2026-06-30-18-52-36-eigh/brief-44;autocuda/optimize/2026-06-30-18-52-36-eigh/brief-45;autocuda/optimize/2026-06-30-18-52-36-eigh/brief-46;autocuda/optimize/2026-06-30-18-52-36-eigh/brief-47;autocuda/optimize/2026-06-30-18-52-36-eigh/brief-48;autocuda/optimize/2026-06-30-18-52-36-eigh/brief-5;autocuda/optimize/2026-06-30-18-52-36-eigh/brief-6;autocuda/optimize/2026-06-30-18-52-36-eigh/brief-7;autocuda/optimize/2026-06-30-18-52-36-eigh/brief-8;autocuda/optimize/2026-06-30-18-52-36-eigh/brief-9,0a4a39c4,,44,,,kept,89.80
opt_0287,"brief3 trial7: raise medium-route cap 400->448. With the fast blocked-WY back-transform the kernel now WINS the whole SMEM-fit range at both batch sizes (b40 n=384 1.80x/n=416 1.83x/n=448 1.64x; b640 n=384 1.53x/n=416 1.77x/n=448 1.70x), so route all of (200,448] -- banks reseed robustness; residual gate falls any unresolved matrix. Geomean 45475us (== trial6 45489 within noise; no benchmark shape in 400-448). Validated 39/39 (7s, 0 fallback).",autocuda/optimize/2026-06-30-18-52-36-eigh/brief-10;autocuda/optimize/2026-06-30-18-52-36-eigh/brief-11;autocuda/optimize/2026-06-30-18-52-36-eigh/brief-12;autocuda/optimize/2026-06-30-18-52-36-eigh/brief-13;autocuda/optimize/2026-06-30-18-52-36-eigh/brief-14;autocuda/optimize/2026-06-30-18-52-36-eigh/brief-15;autocuda/optimize/2026-06-30-18-52-36-eigh/brief-16;autocuda/optimize/2026-06-30-18-52-36-eigh/brief-17;autocuda/optimize/2026-06-30-18-52-36-eigh/brief-18;autocuda/optimize/2026-06-30-18-52-36-eigh/brief-19;autocuda/optimize/2026-06-30-18-52-36-eigh/brief-20;autocuda/optimize/2026-06-30-18-52-36-eigh/brief-21;autocuda/optimize/2026-06-30-18-52-36-eigh/brief-22;autocuda/optimize/2026-06-30-18-52-36-eigh/brief-23;autocuda/optimize/2026-06-30-18-52-36-eigh/brief-24;autocuda/optimize/2026-06-30-18-52-36-eigh/brief-25;autocuda/optimize/2026-06-30-18-52-36-eigh/brief-26;autocuda/optimize/2026-06-30-18-52-36-eigh/brief-27;autocuda/optimize/2026-06-30-18-52-36-eigh/brief-28;autocuda/optimize/2026-06-30-18-52-36-eigh/brief-29;autocuda/optimize/2026-06-30-18-52-36-eigh/brief-30;autocuda/optimize/2026-06-30-18-52-36-eigh/brief-31;autocuda/optimize/2026-06-30-18-52-36-eigh/brief-32;autocuda/optimize/2026-06-30-18-52-36-eigh/brief-33;autocuda/optimize/2026-06-30-18-52-36-eigh/brief-34;autocuda/optimize/2026-06-30-18-52-36-eigh/brief-35;autocuda/optimize/2026-06-30-18-52-36-eigh/brief-36;autocuda/optimize/2026-06-30-18-52-36-eigh/brief-37;autocuda/optimize/2026-06-30-18-52-36-eigh/brief-38;autocuda/optimize/2026-06-30-18-52-36-eigh/brief-39;autocuda/optimize/2026-06-30-18-52-36-eigh/brief-40;autocuda/optimize/2026-06-30-18-52-36-eigh/brief-41;autocuda/optimize/2026-06-30-18-52-36-eigh/brief-42;autocuda/optimize/2026-06-30-18-52-36-eigh/brief-43;autocuda/optimize/2026-06-30-18-52-36-eigh/brief-44;autocuda/optimize/2026-06-30-18-52-36-eigh/brief-45;autocuda/optimize/2026-06-30-18-52-36-eigh/brief-46;autocuda/optimize/2026-06-30-18-52-36-eigh/brief-47;autocuda/optimize/2026-06-30-18-52-36-eigh/brief-48;autocuda/optimize/2026-06-30-18-52-36-eigh/brief-6;autocuda/optimize/2026-06-30-18-52-36-eigh/brief-7;autocuda/optimize/2026-06-30-18-52-36-eigh/brief-8;autocuda/optimize/2026-06-30-18-52-36-eigh/brief-9,9d38abc2,,43,,,kept,87.76
opt_0288,"brief3 trial6: tune blocked-WY panel NB=32->16. Swept 8/16/24/32: NB=16 fastest (smaller panel -> larger V column block cw fits SMEM, more GEMM parallelism; NB must be <=32 for the one-warp block-T build). Shape2 n=352: 13142->10840us (1.86x vs baseline 20111). Geomean 46132->45489us. Validated 39/39.",autocuda/optimize/2026-06-30-18-52-36-eigh/brief-10;autocuda/optimize/2026-06-30-18-52-36-eigh/brief-11;autocuda/optimize/2026-06-30-18-52-36-eigh/brief-12;autocuda/optimize/2026-06-30-18-52-36-eigh/brief-13;autocuda/optimize/2026-06-30-18-52-36-eigh/brief-14;autocuda/optimize/2026-06-30-18-52-36-eigh/brief-15;autocuda/optimize/2026-06-30-18-52-36-eigh/brief-16;autocuda/optimize/2026-06-30-18-52-36-eigh/brief-17;autocuda/optimize/2026-06-30-18-52-36-eigh/brief-18;autocuda/optimize/2026-06-30-18-52-36-eigh/brief-19;autocuda/optimize/2026-06-30-18-52-36-eigh/brief-20;autocuda/optimize/2026-06-30-18-52-36-eigh/brief-21;autocuda/optimize/2026-06-30-18-52-36-eigh/brief-22;autocuda/optimize/2026-06-30-18-52-36-eigh/brief-23;autocuda/optimize/2026-06-30-18-52-36-eigh/brief-24;autocuda/optimize/2026-06-30-18-52-36-eigh/brief-25;autocuda/optimize/2026-06-30-18-52-36-eigh/brief-26;autocuda/optimize/2026-06-30-18-52-36-eigh/brief-27;autocuda/optimize/2026-06-30-18-52-36-eigh/brief-28;autocuda/optimize/2026-06-30-18-52-36-eigh/brief-29;autocuda/optimize/2026-06-30-18-52-36-eigh/brief-30;autocuda/optimize/2026-06-30-18-52-36-eigh/brief-31;autocuda/optimize/2026-06-30-18-52-36-eigh/brief-32;autocuda/optimize/2026-06-30-18-52-36-eigh/brief-33;autocuda/optimize/2026-06-30-18-52-36-eigh/brief-34;autocuda/optimize/2026-06-30-18-52-36-eigh/brief-35;autocuda/optimize/2026-06-30-18-52-36-eigh/brief-36;autocuda/optimize/2026-06-30-18-52-36-eigh/brief-37;autocuda/optimize/2026-06-30-18-52-36-eigh/brief-38;autocuda/optimize/2026-06-30-18-52-36-eigh/brief-39;autocuda/optimize/2026-06-30-18-52-36-eigh/brief-40;autocuda/optimize/2026-06-30-18-52-36-eigh/brief-41;autocuda/optimize/2026-06-30-18-52-36-eigh/brief-42;autocuda/optimize/2026-06-30-18-52-36-eigh/brief-43;autocuda/optimize/2026-06-30-18-52-36-eigh/brief-44;autocuda/optimize/2026-06-30-18-52-36-eigh/brief-45;autocuda/optimize/2026-06-30-18-52-36-eigh/brief-46;autocuda/optimize/2026-06-30-18-52-36-eigh/brief-47;autocuda/optimize/2026-06-30-18-52-36-eigh/brief-48;autocuda/optimize/2026-06-30-18-52-36-eigh/brief-6;autocuda/optimize/2026-06-30-18-52-36-eigh/brief-7;autocuda/optimize/2026-06-30-18-52-36-eigh/brief-8;autocuda/optimize/2026-06-30-18-52-36-eigh/brief-9,8a1b527b,,43,,,kept,87.76
opt_0289,"brief3 trial5: BLOCKED COMPACT-WY back-transform via cooperative SMEM GEMMs. Replaces the per-column-serial sweep (only BV<<nt threads active) with panel-blocked WY: Q_blk -= Y(T(Y^T Q_blk)) as matrix products engaging ALL nt threads, ~n/NB barriers. V processed in column blocks in the free post-reduction SMEM region + panel Y(n*NB) + Gram->block-T(NB*NB, built by one warp via shfl) + Z/Z2 workspace. Panels in reverse order (verified composition). Fixed two bugs: __shfl_sync deadlock (only lane<a called it under full mask) + block-T strict-lower not zeroed before recursion (read stale Gram). Shape2 n=352: 15200->13142us (1.53x vs baseline 20111). Geomean 46669->46132us. n=256 1.12x, n=448 0.99x. Validated 39/39, 0 fallback.",autocuda/optimize/2026-06-30-18-52-36-eigh/brief-10;autocuda/optimize/2026-06-30-18-52-36-eigh/brief-11;autocuda/optimize/2026-06-30-18-52-36-eigh/brief-12;autocuda/optimize/2026-06-30-18-52-36-eigh/brief-13;autocuda/optimize/2026-06-30-18-52-36-eigh/brief-14;autocuda/optimize/2026-06-30-18-52-36-eigh/brief-15;autocuda/optimize/2026-06-30-18-52-36-eigh/brief-16;autocuda/optimize/2026-06-30-18-52-36-eigh/brief-17;autocuda/optimize/2026-06-30-18-52-36-eigh/brief-18;autocuda/optimize/2026-06-30-18-52-36-eigh/brief-19;autocuda/optimize/2026-06-30-18-52-36-eigh/brief-20;autocuda/optimize/2026-06-30-18-52-36-eigh/brief-21;autocuda/optimize/2026-06-30-18-52-36-eigh/brief-22;autocuda/optimize/2026-06-30-18-52-36-eigh/brief-23;autocuda/optimize/2026-06-30-18-52-36-eigh/brief-24;autocuda/optimize/2026-06-30-18-52-36-eigh/brief-25;autocuda/optimize/2026-06-30-18-52-36-eigh/brief-26;autocuda/optimize/2026-06-30-18-52-36-eigh/brief-27;autocuda/optimize/2026-06-30-18-52-36-eigh/brief-28;autocuda/optimize/2026-06-30-18-52-36-eigh/brief-29;autocuda/optimize/2026-06-30-18-52-36-eigh/brief-30;autocuda/optimize/2026-06-30-18-52-36-eigh/brief-31;autocuda/optimize/2026-06-30-18-52-36-eigh/brief-32;autocuda/optimize/2026-06-30-18-52-36-eigh/brief-33;autocuda/optimize/2026-06-30-18-52-36-eigh/brief-34;autocuda/optimize/2026-06-30-18-52-36-eigh/brief-35;autocuda/optimize/2026-06-30-18-52-36-eigh/brief-36;autocuda/optimize/2026-06-30-18-52-36-eigh/brief-37;autocuda/optimize/2026-06-30-18-52-36-eigh/brief-38;autocuda/optimize/2026-06-30-18-52-36-eigh/brief-39;autocuda/optimize/2026-06-30-18-52-36-eigh/brief-40;autocuda/optimize/2026-06-30-18-52-36-eigh/brief-41;autocuda/optimize/2026-06-30-18-52-36-eigh/brief-42;autocuda/optimize/2026-06-30-18-52-36-eigh/brief-43;autocuda/optimize/2026-06-30-18-52-36-eigh/brief-44;autocuda/optimize/2026-06-30-18-52-36-eigh/brief-45;autocuda/optimize/2026-06-30-18-52-36-eigh/brief-46;autocuda/optimize/2026-06-30-18-52-36-eigh/brief-47;autocuda/optimize/2026-06-30-18-52-36-eigh/brief-48;autocuda/optimize/2026-06-30-18-52-36-eigh/brief-6;autocuda/optimize/2026-06-30-18-52-36-eigh/brief-7;autocuda/optimize/2026-06-30-18-52-36-eigh/brief-8;autocuda/optimize/2026-06-30-18-52-36-eigh/brief-9,816e19a7,,43,,,kept,87.76
opt_0290,brief7 t3: generalize low-rank routing to PR bands; add rankdef512 (k=384),autocuda/optimize/2026-06-30-18-52-36-eigh/brief-10;autocuda/optimize/2026-06-30-18-52-36-eigh/brief-11;autocuda/optimize/2026-06-30-18-52-36-eigh/brief-12;autocuda/optimize/2026-06-30-18-52-36-eigh/brief-13;autocuda/optimize/2026-06-30-18-52-36-eigh/brief-14;autocuda/optimize/2026-06-30-18-52-36-eigh/brief-15;autocuda/optimize/2026-06-30-18-52-36-eigh/brief-16;autocuda/optimize/2026-06-30-18-52-36-eigh/brief-17;autocuda/optimize/2026-06-30-18-52-36-eigh/brief-18;autocuda/optimize/2026-06-30-18-52-36-eigh/brief-19;autocuda/optimize/2026-06-30-18-52-36-eigh/brief-20;autocuda/optimize/2026-06-30-18-52-36-eigh/brief-21;autocuda/optimize/2026-06-30-18-52-36-eigh/brief-22;autocuda/optimize/2026-06-30-18-52-36-eigh/brief-23;autocuda/optimize/2026-06-30-18-52-36-eigh/brief-24;autocuda/optimize/2026-06-30-18-52-36-eigh/brief-25;autocuda/optimize/2026-06-30-18-52-36-eigh/brief-26;autocuda/optimize/2026-06-30-18-52-36-eigh/brief-27;autocuda/optimize/2026-06-30-18-52-36-eigh/brief-28;autocuda/optimize/2026-06-30-18-52-36-eigh/brief-29;autocuda/optimize/2026-06-30-18-52-36-eigh/brief-30;autocuda/optimize/2026-06-30-18-52-36-eigh/brief-31;autocuda/optimize/2026-06-30-18-52-36-eigh/brief-32;autocuda/optimize/2026-06-30-18-52-36-eigh/brief-33;autocuda/optimize/2026-06-30-18-52-36-eigh/brief-34;autocuda/optimize/2026-06-30-18-52-36-eigh/brief-35;autocuda/optimize/2026-06-30-18-52-36-eigh/brief-36;autocuda/optimize/2026-06-30-18-52-36-eigh/brief-37;autocuda/optimize/2026-06-30-18-52-36-eigh/brief-38;autocuda/optimize/2026-06-30-18-52-36-eigh/brief-39;autocuda/optimize/2026-06-30-18-52-36-eigh/brief-40;autocuda/optimize/2026-06-30-18-52-36-eigh/brief-41;autocuda/optimize/2026-06-30-18-52-36-eigh/brief-42;autocuda/optimize/2026-06-30-18-52-36-eigh/brief-43;autocuda/optimize/2026-06-30-18-52-36-eigh/brief-44;autocuda/optimize/2026-06-30-18-52-36-eigh/brief-45;autocuda/optimize/2026-06-30-18-52-36-eigh/brief-46;autocuda/optimize/2026-06-30-18-52-36-eigh/brief-47;autocuda/optimize/2026-06-30-18-52-36-eigh/brief-48;autocuda/optimize/2026-06-30-18-52-36-eigh/brief-9,ce4c5eb9,,40,,,kept,81.63
opt_0291,brief7 t2: route dense1024 cond2 (PR~110 band) to low-rank k=640,autocuda/optimize/2026-06-30-18-52-36-eigh/brief-10;autocuda/optimize/2026-06-30-18-52-36-eigh/brief-11;autocuda/optimize/2026-06-30-18-52-36-eigh/brief-12;autocuda/optimize/2026-06-30-18-52-36-eigh/brief-13;autocuda/optimize/2026-06-30-18-52-36-eigh/brief-14;autocuda/optimize/2026-06-30-18-52-36-eigh/brief-15;autocuda/optimize/2026-06-30-18-52-36-eigh/brief-16;autocuda/optimize/2026-06-30-18-52-36-eigh/brief-17;autocuda/optimize/2026-06-30-18-52-36-eigh/brief-18;autocuda/optimize/2026-06-30-18-52-36-eigh/brief-19;autocuda/optimize/2026-06-30-18-52-36-eigh/brief-20;autocuda/optimize/2026-06-30-18-52-36-eigh/brief-21;autocuda/optimize/2026-06-30-18-52-36-eigh/brief-22;autocuda/optimize/2026-06-30-18-52-36-eigh/brief-23;autocuda/optimize/2026-06-30-18-52-36-eigh/brief-24;autocuda/optimize/2026-06-30-18-52-36-eigh/brief-25;autocuda/optimize/2026-06-30-18-52-36-eigh/brief-26;autocuda/optimize/2026-06-30-18-52-36-eigh/brief-27;autocuda/optimize/2026-06-30-18-52-36-eigh/brief-28;autocuda/optimize/2026-06-30-18-52-36-eigh/brief-29;autocuda/optimize/2026-06-30-18-52-36-eigh/brief-30;autocuda/optimize/2026-06-30-18-52-36-eigh/brief-31;autocuda/optimize/2026-06-30-18-52-36-eigh/brief-32;autocuda/optimize/2026-06-30-18-52-36-eigh/brief-33;autocuda/optimize/2026-06-30-18-52-36-eigh/brief-34;autocuda/optimize/2026-06-30-18-52-36-eigh/brief-35;autocuda/optimize/2026-06-30-18-52-36-eigh/brief-36;autocuda/optimize/2026-06-30-18-52-36-eigh/brief-37;autocuda/optimize/2026-06-30-18-52-36-eigh/brief-38;autocuda/optimize/2026-06-30-18-52-36-eigh/brief-39;autocuda/optimize/2026-06-30-18-52-36-eigh/brief-40;autocuda/optimize/2026-06-30-18-52-36-eigh/brief-41;autocuda/optimize/2026-06-30-18-52-36-eigh/brief-42;autocuda/optimize/2026-06-30-18-52-36-eigh/brief-43;autocuda/optimize/2026-06-30-18-52-36-eigh/brief-44;autocuda/optimize/2026-06-30-18-52-36-eigh/brief-45;autocuda/optimize/2026-06-30-18-52-36-eigh/brief-46;autocuda/optimize/2026-06-30-18-52-36-eigh/brief-47;autocuda/optimize/2026-06-30-18-52-36-eigh/brief-48;autocuda/optimize/2026-06-30-18-52-36-eigh/brief-9,e0fde89e,,40,,,kept,81.63
opt_0292,"brief7 t1: route dense512 cond2 (PR~55, erank~24) to low-rank k=352",autocuda/optimize/2026-06-30-18-52-36-eigh/brief-10;autocuda/optimize/2026-06-30-18-52-36-eigh/brief-11;autocuda/optimize/2026-06-30-18-52-36-eigh/brief-12;autocuda/optimize/2026-06-30-18-52-36-eigh/brief-13;autocuda/optimize/2026-06-30-18-52-36-eigh/brief-14;autocuda/optimize/2026-06-30-18-52-36-eigh/brief-15;autocuda/optimize/2026-06-30-18-52-36-eigh/brief-16;autocuda/optimize/2026-06-30-18-52-36-eigh/brief-17;autocuda/optimize/2026-06-30-18-52-36-eigh/brief-18;autocuda/optimize/2026-06-30-18-52-36-eigh/brief-19;autocuda/optimize/2026-06-30-18-52-36-eigh/brief-20;autocuda/optimize/2026-06-30-18-52-36-eigh/brief-21;autocuda/optimize/2026-06-30-18-52-36-eigh/brief-22;autocuda/optimize/2026-06-30-18-52-36-eigh/brief-23;autocuda/optimize/2026-06-30-18-52-36-eigh/brief-24;autocuda/optimize/2026-06-30-18-52-36-eigh/brief-25;autocuda/optimize/2026-06-30-18-52-36-eigh/brief-26;autocuda/optimize/2026-06-30-18-52-36-eigh/brief-27;autocuda/optimize/2026-06-30-18-52-36-eigh/brief-28;autocuda/optimize/2026-06-30-18-52-36-eigh/brief-29;autocuda/optimize/2026-06-30-18-52-36-eigh/brief-30;autocuda/optimize/2026-06-30-18-52-36-eigh/brief-31;autocuda/optimize/2026-06-30-18-52-36-eigh/brief-32;autocuda/optimize/2026-06-30-18-52-36-eigh/brief-33;autocuda/optimize/2026-06-30-18-52-36-eigh/brief-34;autocuda/optimize/2026-06-30-18-52-36-eigh/brief-35;autocuda/optimize/2026-06-30-18-52-36-eigh/brief-36;autocuda/optimize/2026-06-30-18-52-36-eigh/brief-37;autocuda/optimize/2026-06-30-18-52-36-eigh/brief-38;autocuda/optimize/2026-06-30-18-52-36-eigh/brief-39;autocuda/optimize/2026-06-30-18-52-36-eigh/brief-40;autocuda/optimize/2026-06-30-18-52-36-eigh/brief-41;autocuda/optimize/2026-06-30-18-52-36-eigh/brief-42;autocuda/optimize/2026-06-30-18-52-36-eigh/brief-43;autocuda/optimize/2026-06-30-18-52-36-eigh/brief-44;autocuda/optimize/2026-06-30-18-52-36-eigh/brief-45;autocuda/optimize/2026-06-30-18-52-36-eigh/brief-46;autocuda/optimize/2026-06-30-18-52-36-eigh/brief-47;autocuda/optimize/2026-06-30-18-52-36-eigh/brief-48;autocuda/optimize/2026-06-30-18-52-36-eigh/brief-9,5b632546,,40,,,kept,81.63
opt_0293,brief7 t7: AVd (gate-residual reconstruction) on TF32 tensor cores,autocuda/optimize/2026-06-30-18-52-36-eigh/brief-10;autocuda/optimize/2026-06-30-18-52-36-eigh/brief-11;autocuda/optimize/2026-06-30-18-52-36-eigh/brief-12;autocuda/optimize/2026-06-30-18-52-36-eigh/brief-13;autocuda/optimize/2026-06-30-18-52-36-eigh/brief-14;autocuda/optimize/2026-06-30-18-52-36-eigh/brief-15;autocuda/optimize/2026-06-30-18-52-36-eigh/brief-16;autocuda/optimize/2026-06-30-18-52-36-eigh/brief-17;autocuda/optimize/2026-06-30-18-52-36-eigh/brief-18;autocuda/optimize/2026-06-30-18-52-36-eigh/brief-19;autocuda/optimize/2026-06-30-18-52-36-eigh/brief-20;autocuda/optimize/2026-06-30-18-52-36-eigh/brief-21;autocuda/optimize/2026-06-30-18-52-36-eigh/brief-22;autocuda/optimize/2026-06-30-18-52-36-eigh/brief-23;autocuda/optimize/2026-06-30-18-52-36-eigh/brief-24;autocuda/optimize/2026-06-30-18-52-36-eigh/brief-25;autocuda/optimize/2026-06-30-18-52-36-eigh/brief-26;autocuda/optimize/2026-06-30-18-52-36-eigh/brief-27;autocuda/optimize/2026-06-30-18-52-36-eigh/brief-28;autocuda/optimize/2026-06-30-18-52-36-eigh/brief-29;autocuda/optimize/2026-06-30-18-52-36-eigh/brief-30;autocuda/optimize/2026-06-30-18-52-36-eigh/brief-31;autocuda/optimize/2026-06-30-18-52-36-eigh/brief-32;autocuda/optimize/2026-06-30-18-52-36-eigh/brief-33;autocuda/optimize/2026-06-30-18-52-36-eigh/brief-34;autocuda/optimize/2026-06-30-18-52-36-eigh/brief-35;autocuda/optimize/2026-06-30-18-52-36-eigh/brief-36;autocuda/optimize/2026-06-30-18-52-36-eigh/brief-37;autocuda/optimize/2026-06-30-18-52-36-eigh/brief-38;autocuda/optimize/2026-06-30-18-52-36-eigh/brief-39;autocuda/optimize/2026-06-30-18-52-36-eigh/brief-40;autocuda/optimize/2026-06-30-18-52-36-eigh/brief-41;autocuda/optimize/2026-06-30-18-52-36-eigh/brief-42;autocuda/optimize/2026-06-30-18-52-36-eigh/brief-43;autocuda/optimize/2026-06-30-18-52-36-eigh/brief-44;autocuda/optimize/2026-06-30-18-52-36-eigh/brief-45;autocuda/optimize/2026-06-30-18-52-36-eigh/brief-46;autocuda/optimize/2026-06-30-18-52-36-eigh/brief-47;autocuda/optimize/2026-06-30-18-52-36-eigh/brief-48,9949a990,,39,,,kept,79.59
opt_0294,brief7 t6: re-sweep k under cheap gate (dense1024 640->608) + nearrank1024 band,autocuda/optimize/2026-06-30-18-52-36-eigh/brief-10;autocuda/optimize/2026-06-30-18-52-36-eigh/brief-11;autocuda/optimize/2026-06-30-18-52-36-eigh/brief-12;autocuda/optimize/2026-06-30-18-52-36-eigh/brief-13;autocuda/optimize/2026-06-30-18-52-36-eigh/brief-14;autocuda/optimize/2026-06-30-18-52-36-eigh/brief-15;autocuda/optimize/2026-06-30-18-52-36-eigh/brief-16;autocuda/optimize/2026-06-30-18-52-36-eigh/brief-17;autocuda/optimize/2026-06-30-18-52-36-eigh/brief-18;autocuda/optimize/2026-06-30-18-52-36-eigh/brief-19;autocuda/optimize/2026-06-30-18-52-36-eigh/brief-20;autocuda/optimize/2026-06-30-18-52-36-eigh/brief-21;autocuda/optimize/2026-06-30-18-52-36-eigh/brief-22;autocuda/optimize/2026-06-30-18-52-36-eigh/brief-23;autocuda/optimize/2026-06-30-18-52-36-eigh/brief-24;autocuda/optimize/2026-06-30-18-52-36-eigh/brief-25;autocuda/optimize/2026-06-30-18-52-36-eigh/brief-26;autocuda/optimize/2026-06-30-18-52-36-eigh/brief-27;autocuda/optimize/2026-06-30-18-52-36-eigh/brief-28;autocuda/optimize/2026-06-30-18-52-36-eigh/brief-29;autocuda/optimize/2026-06-30-18-52-36-eigh/brief-30;autocuda/optimize/2026-06-30-18-52-36-eigh/brief-31;autocuda/optimize/2026-06-30-18-52-36-eigh/brief-32;autocuda/optimize/2026-06-30-18-52-36-eigh/brief-33;autocuda/optimize/2026-06-30-18-52-36-eigh/brief-34;autocuda/optimize/2026-06-30-18-52-36-eigh/brief-35;autocuda/optimize/2026-06-30-18-52-36-eigh/brief-36;autocuda/optimize/2026-06-30-18-52-36-eigh/brief-37;autocuda/optimize/2026-06-30-18-52-36-eigh/brief-38;autocuda/optimize/2026-06-30-18-52-36-eigh/brief-39;autocuda/optimize/2026-06-30-18-52-36-eigh/brief-40;autocuda/optimize/2026-06-30-18-52-36-eigh/brief-41;autocuda/optimize/2026-06-30-18-52-36-eigh/brief-42;autocuda/optimize/2026-06-30-18-52-36-eigh/brief-43;autocuda/optimize/2026-06-30-18-52-36-eigh/brief-44;autocuda/optimize/2026-06-30-18-52-36-eigh/brief-45;autocuda/optimize/2026-06-30-18-52-36-eigh/brief-46;autocuda/optimize/2026-06-30-18-52-36-eigh/brief-47;autocuda/optimize/2026-06-30-18-52-36-eigh/brief-48,552f9055,,39,,,kept,79.59
opt_0295,brief7 t5: route reduced k-block eigh to megakernel -- MEASURED REGRESSION,autocuda/optimize/2026-06-30-18-52-36-eigh/brief-10;autocuda/optimize/2026-06-30-18-52-36-eigh/brief-11;autocuda/optimize/2026-06-30-18-52-36-eigh/brief-12;autocuda/optimize/2026-06-30-18-52-36-eigh/brief-13;autocuda/optimize/2026-06-30-18-52-36-eigh/brief-14;autocuda/optimize/2026-06-30-18-52-36-eigh/brief-15;autocuda/optimize/2026-06-30-18-52-36-eigh/brief-16;autocuda/optimize/2026-06-30-18-52-36-eigh/brief-17;autocuda/optimize/2026-06-30-18-52-36-eigh/brief-18;autocuda/optimize/2026-06-30-18-52-36-eigh/brief-19;autocuda/optimize/2026-06-30-18-52-36-eigh/brief-20;autocuda/optimize/2026-06-30-18-52-36-eigh/brief-21;autocuda/optimize/2026-06-30-18-52-36-eigh/brief-22;autocuda/optimize/2026-06-30-18-52-36-eigh/brief-23;autocuda/optimize/2026-06-30-18-52-36-eigh/brief-24;autocuda/optimize/2026-06-30-18-52-36-eigh/brief-25;autocuda/optimize/2026-06-30-18-52-36-eigh/brief-26;autocuda/optimize/2026-06-30-18-52-36-eigh/brief-27;autocuda/optimize/2026-06-30-18-52-36-eigh/brief-28;autocuda/optimize/2026-06-30-18-52-36-eigh/brief-29;autocuda/optimize/2026-06-30-18-52-36-eigh/brief-30;autocuda/optimize/2026-06-30-18-52-36-eigh/brief-31;autocuda/optimize/2026-06-30-18-52-36-eigh/brief-32;autocuda/optimize/2026-06-30-18-52-36-eigh/brief-33;autocuda/optimize/2026-06-30-18-52-36-eigh/brief-34;autocuda/optimize/2026-06-30-18-52-36-eigh/brief-35;autocuda/optimize/2026-06-30-18-52-36-eigh/brief-36;autocuda/optimize/2026-06-30-18-52-36-eigh/brief-37;autocuda/optimize/2026-06-30-18-52-36-eigh/brief-38;autocuda/optimize/2026-06-30-18-52-36-eigh/brief-39;autocuda/optimize/2026-06-30-18-52-36-eigh/brief-40;autocuda/optimize/2026-06-30-18-52-36-eigh/brief-41;autocuda/optimize/2026-06-30-18-52-36-eigh/brief-42;autocuda/optimize/2026-06-30-18-52-36-eigh/brief-43;autocuda/optimize/2026-06-30-18-52-36-eigh/brief-44;autocuda/optimize/2026-06-30-18-52-36-eigh/brief-45;autocuda/optimize/2026-06-30-18-52-36-eigh/brief-46;autocuda/optimize/2026-06-30-18-52-36-eigh/brief-47;autocuda/optimize/2026-06-30-18-52-36-eigh/brief-48,b2c8a392,,39,,,kept,79.59
opt_0296,brief7 t4: cheap FP32 low-rank gate reusing A@V (kills ~9.6% FP64 overhead),autocuda/optimize/2026-06-30-18-52-36-eigh/brief-10;autocuda/optimize/2026-06-30-18-52-36-eigh/brief-11;autocuda/optimize/2026-06-30-18-52-36-eigh/brief-12;autocuda/optimize/2026-06-30-18-52-36-eigh/brief-13;autocuda/optimize/2026-06-30-18-52-36-eigh/brief-14;autocuda/optimize/2026-06-30-18-52-36-eigh/brief-15;autocuda/optimize/2026-06-30-18-52-36-eigh/brief-16;autocuda/optimize/2026-06-30-18-52-36-eigh/brief-17;autocuda/optimize/2026-06-30-18-52-36-eigh/brief-18;autocuda/optimize/2026-06-30-18-52-36-eigh/brief-19;autocuda/optimize/2026-06-30-18-52-36-eigh/brief-20;autocuda/optimize/2026-06-30-18-52-36-eigh/brief-21;autocuda/optimize/2026-06-30-18-52-36-eigh/brief-22;autocuda/optimize/2026-06-30-18-52-36-eigh/brief-23;autocuda/optimize/2026-06-30-18-52-36-eigh/brief-24;autocuda/optimize/2026-06-30-18-52-36-eigh/brief-25;autocuda/optimize/2026-06-30-18-52-36-eigh/brief-26;autocuda/optimize/2026-06-30-18-52-36-eigh/brief-27;autocuda/optimize/2026-06-30-18-52-36-eigh/brief-28;autocuda/optimize/2026-06-30-18-52-36-eigh/brief-29;autocuda/optimize/2026-06-30-18-52-36-eigh/brief-30;autocuda/optimize/2026-06-30-18-52-36-eigh/brief-31;autocuda/optimize/2026-06-30-18-52-36-eigh/brief-32;autocuda/optimize/2026-06-30-18-52-36-eigh/brief-33;autocuda/optimize/2026-06-30-18-52-36-eigh/brief-34;autocuda/optimize/2026-06-30-18-52-36-eigh/brief-35;autocuda/optimize/2026-06-30-18-52-36-eigh/brief-36;autocuda/optimize/2026-06-30-18-52-36-eigh/brief-37;autocuda/optimize/2026-06-30-18-52-36-eigh/brief-38;autocuda/optimize/2026-06-30-18-52-36-eigh/brief-39;autocuda/optimize/2026-06-30-18-52-36-eigh/brief-40;autocuda/optimize/2026-06-30-18-52-36-eigh/brief-41;autocuda/optimize/2026-06-30-18-52-36-eigh/brief-42;autocuda/optimize/2026-06-30-18-52-36-eigh/brief-43;autocuda/optimize/2026-06-30-18-52-36-eigh/brief-44;autocuda/optimize/2026-06-30-18-52-36-eigh/brief-45;autocuda/optimize/2026-06-30-18-52-36-eigh/brief-46;autocuda/optimize/2026-06-30-18-52-36-eigh/brief-47;autocuda/optimize/2026-06-30-18-52-36-eigh/brief-48,7e2beab7,,39,,,kept,79.59
opt_0297,brief11 t4: cusolverDnXsyevBatched inner solve for k>448 -- NEUTRAL,autocuda/optimize/2026-06-30-18-52-36-eigh/brief-11;autocuda/optimize/2026-06-30-18-52-36-eigh/brief-13;autocuda/optimize/2026-06-30-18-52-36-eigh/brief-14;autocuda/optimize/2026-06-30-18-52-36-eigh/brief-15;autocuda/optimize/2026-06-30-18-52-36-eigh/brief-16;autocuda/optimize/2026-06-30-18-52-36-eigh/brief-17;autocuda/optimize/2026-06-30-18-52-36-eigh/brief-18;autocuda/optimize/2026-06-30-18-52-36-eigh/brief-19;autocuda/optimize/2026-06-30-18-52-36-eigh/brief-20;autocuda/optimize/2026-06-30-18-52-36-eigh/brief-21;autocuda/optimize/2026-06-30-18-52-36-eigh/brief-22;autocuda/optimize/2026-06-30-18-52-36-eigh/brief-23;autocuda/optimize/2026-06-30-18-52-36-eigh/brief-24;autocuda/optimize/2026-06-30-18-52-36-eigh/brief-25;autocuda/optimize/2026-06-30-18-52-36-eigh/brief-26;autocuda/optimize/2026-06-30-18-52-36-eigh/brief-27;autocuda/optimize/2026-06-30-18-52-36-eigh/brief-28;autocuda/optimize/2026-06-30-18-52-36-eigh/brief-29;autocuda/optimize/2026-06-30-18-52-36-eigh/brief-30;autocuda/optimize/2026-06-30-18-52-36-eigh/brief-31;autocuda/optimize/2026-06-30-18-52-36-eigh/brief-32;autocuda/optimize/2026-06-30-18-52-36-eigh/brief-33;autocuda/optimize/2026-06-30-18-52-36-eigh/brief-34;autocuda/optimize/2026-06-30-18-52-36-eigh/brief-35;autocuda/optimize/2026-06-30-18-52-36-eigh/brief-36;autocuda/optimize/2026-06-30-18-52-36-eigh/brief-37;autocuda/optimize/2026-06-30-18-52-36-eigh/brief-38;autocuda/optimize/2026-06-30-18-52-36-eigh/brief-39;autocuda/optimize/2026-06-30-18-52-36-eigh/brief-40;autocuda/optimize/2026-06-30-18-52-36-eigh/brief-41;autocuda/optimize/2026-06-30-18-52-36-eigh/brief-42;autocuda/optimize/2026-06-30-18-52-36-eigh/brief-43;autocuda/optimize/2026-06-30-18-52-36-eigh/brief-44;autocuda/optimize/2026-06-30-18-52-36-eigh/brief-45;autocuda/optimize/2026-06-30-18-52-36-eigh/brief-46;autocuda/optimize/2026-06-30-18-52-36-eigh/brief-47;autocuda/optimize/2026-06-30-18-52-36-eigh/brief-48,c5fd645f,,37,,,kept,75.51
opt_0298,brief11 t8: revert spectral split; final clean best (k<=448 bare megakernel inner solve),autocuda/optimize/2026-06-30-18-52-36-eigh/brief-13;autocuda/optimize/2026-06-30-18-52-36-eigh/brief-14;autocuda/optimize/2026-06-30-18-52-36-eigh/brief-15;autocuda/optimize/2026-06-30-18-52-36-eigh/brief-16;autocuda/optimize/2026-06-30-18-52-36-eigh/brief-17;autocuda/optimize/2026-06-30-18-52-36-eigh/brief-18;autocuda/optimize/2026-06-30-18-52-36-eigh/brief-19;autocuda/optimize/2026-06-30-18-52-36-eigh/brief-20;autocuda/optimize/2026-06-30-18-52-36-eigh/brief-21;autocuda/optimize/2026-06-30-18-52-36-eigh/brief-22;autocuda/optimize/2026-06-30-18-52-36-eigh/brief-23;autocuda/optimize/2026-06-30-18-52-36-eigh/brief-24;autocuda/optimize/2026-06-30-18-52-36-eigh/brief-25;autocuda/optimize/2026-06-30-18-52-36-eigh/brief-26;autocuda/optimize/2026-06-30-18-52-36-eigh/brief-27;autocuda/optimize/2026-06-30-18-52-36-eigh/brief-28;autocuda/optimize/2026-06-30-18-52-36-eigh/brief-29;autocuda/optimize/2026-06-30-18-52-36-eigh/brief-30;autocuda/optimize/2026-06-30-18-52-36-eigh/brief-31;autocuda/optimize/2026-06-30-18-52-36-eigh/brief-32;autocuda/optimize/2026-06-30-18-52-36-eigh/brief-33;autocuda/optimize/2026-06-30-18-52-36-eigh/brief-34;autocuda/optimize/2026-06-30-18-52-36-eigh/brief-35;autocuda/optimize/2026-06-30-18-52-36-eigh/brief-36;autocuda/optimize/2026-06-30-18-52-36-eigh/brief-37;autocuda/optimize/2026-06-30-18-52-36-eigh/brief-38;autocuda/optimize/2026-06-30-18-52-36-eigh/brief-39;autocuda/optimize/2026-06-30-18-52-36-eigh/brief-40;autocuda/optimize/2026-06-30-18-52-36-eigh/brief-41;autocuda/optimize/2026-06-30-18-52-36-eigh/brief-42;autocuda/optimize/2026-06-30-18-52-36-eigh/brief-43;autocuda/optimize/2026-06-30-18-52-36-eigh/brief-44;autocuda/optimize/2026-06-30-18-52-36-eigh/brief-45;autocuda/optimize/2026-06-30-18-52-36-eigh/brief-46;autocuda/optimize/2026-06-30-18-52-36-eigh/brief-47;autocuda/optimize/2026-06-30-18-52-36-eigh/brief-48,12251fe7,,36,,,kept,73.47
opt_0299,brief11 t7: spectral 2-way matrix-sign split for k>448 -- REGRESSION,autocuda/optimize/2026-06-30-18-52-36-eigh/brief-13;autocuda/optimize/2026-06-30-18-52-36-eigh/brief-14;autocuda/optimize/2026-06-30-18-52-36-eigh/brief-15;autocuda/optimize/2026-06-30-18-52-36-eigh/brief-16;autocuda/optimize/2026-06-30-18-52-36-eigh/brief-17;autocuda/optimize/2026-06-30-18-52-36-eigh/brief-18;autocuda/optimize/2026-06-30-18-52-36-eigh/brief-19;autocuda/optimize/2026-06-30-18-52-36-eigh/brief-20;autocuda/optimize/2026-06-30-18-52-36-eigh/brief-21;autocuda/optimize/2026-06-30-18-52-36-eigh/brief-22;autocuda/optimize/2026-06-30-18-52-36-eigh/brief-23;autocuda/optimize/2026-06-30-18-52-36-eigh/brief-24;autocuda/optimize/2026-06-30-18-52-36-eigh/brief-25;autocuda/optimize/2026-06-30-18-52-36-eigh/brief-26;autocuda/optimize/2026-06-30-18-52-36-eigh/brief-27;autocuda/optimize/2026-06-30-18-52-36-eigh/brief-28;autocuda/optimize/2026-06-30-18-52-36-eigh/brief-29;autocuda/optimize/2026-06-30-18-52-36-eigh/brief-30;autocuda/optimize/2026-06-30-18-52-36-eigh/brief-31;autocuda/optimize/2026-06-30-18-52-36-eigh/brief-32;autocuda/optimize/2026-06-30-18-52-36-eigh/brief-33;autocuda/optimize/2026-06-30-18-52-36-eigh/brief-34;autocuda/optimize/2026-06-30-18-52-36-eigh/brief-35;autocuda/optimize/2026-06-30-18-52-36-eigh/brief-36;autocuda/optimize/2026-06-30-18-52-36-eigh/brief-37;autocuda/optimize/2026-06-30-18-52-36-eigh/brief-38;autocuda/optimize/2026-06-30-18-52-36-eigh/brief-39;autocuda/optimize/2026-06-30-18-52-36-eigh/brief-40;autocuda/optimize/2026-06-30-18-52-36-eigh/brief-41;autocuda/optimize/2026-06-30-18-52-36-eigh/brief-42;autocuda/optimize/2026-06-30-18-52-36-eigh/brief-43;autocuda/optimize/2026-06-30-18-52-36-eigh/brief-44;autocuda/optimize/2026-06-30-18-52-36-eigh/brief-45;autocuda/optimize/2026-06-30-18-52-36-eigh/brief-46;autocuda/optimize/2026-06-30-18-52-36-eigh/brief-47;autocuda/optimize/2026-06-30-18-52-36-eigh/brief-48,3c33263a,,36,,,kept,73.47
opt_0300,brief11 t6: _eigh_custom pipeline for k>448 regressed 5.4x -- revert to best,autocuda/optimize/2026-06-30-18-52-36-eigh/brief-13;autocuda/optimize/2026-06-30-18-52-36-eigh/brief-14;autocuda/optimize/2026-06-30-18-52-36-eigh/brief-15;autocuda/optimize/2026-06-30-18-52-36-eigh/brief-16;autocuda/optimize/2026-06-30-18-52-36-eigh/brief-17;autocuda/optimize/2026-06-30-18-52-36-eigh/brief-18;autocuda/optimize/2026-06-30-18-52-36-eigh/brief-19;autocuda/optimize/2026-06-30-18-52-36-eigh/brief-20;autocuda/optimize/2026-06-30-18-52-36-eigh/brief-21;autocuda/optimize/2026-06-30-18-52-36-eigh/brief-22;autocuda/optimize/2026-06-30-18-52-36-eigh/brief-23;autocuda/optimize/2026-06-30-18-52-36-eigh/brief-24;autocuda/optimize/2026-06-30-18-52-36-eigh/brief-25;autocuda/optimize/2026-06-30-18-52-36-eigh/brief-26;autocuda/optimize/2026-06-30-18-52-36-eigh/brief-27;autocuda/optimize/2026-06-30-18-52-36-eigh/brief-28;autocuda/optimize/2026-06-30-18-52-36-eigh/brief-29;autocuda/optimize/2026-06-30-18-52-36-eigh/brief-30;autocuda/optimize/2026-06-30-18-52-36-eigh/brief-31;autocuda/optimize/2026-06-30-18-52-36-eigh/brief-32;autocuda/optimize/2026-06-30-18-52-36-eigh/brief-33;autocuda/optimize/2026-06-30-18-52-36-eigh/brief-34;autocuda/optimize/2026-06-30-18-52-36-eigh/brief-35;autocuda/optimize/2026-06-30-18-52-36-eigh/brief-36;autocuda/optimize/2026-06-30-18-52-36-eigh/brief-37;autocuda/optimize/2026-06-30-18-52-36-eigh/brief-38;autocuda/optimize/2026-06-30-18-52-36-eigh/brief-39;autocuda/optimize/2026-06-30-18-52-36-eigh/brief-40;autocuda/optimize/2026-06-30-18-52-36-eigh/brief-41;autocuda/optimize/2026-06-30-18-52-36-eigh/brief-42;autocuda/optimize/2026-06-30-18-52-36-eigh/brief-43;autocuda/optimize/2026-06-30-18-52-36-eigh/brief-44;autocuda/optimize/2026-06-30-18-52-36-eigh/brief-45;autocuda/optimize/2026-06-30-18-52-36-eigh/brief-46;autocuda/optimize/2026-06-30-18-52-36-eigh/brief-47;autocuda/optimize/2026-06-30-18-52-36-eigh/brief-48,8245ad9b,,36,,,kept,73.47
opt_0301,brief11 t5: cusolverDnXsyevBatched is NOT genuinely batched -- remove; keep best,autocuda/optimize/2026-06-30-18-52-36-eigh/brief-13;autocuda/optimize/2026-06-30-18-52-36-eigh/brief-14;autocuda/optimize/2026-06-30-18-52-36-eigh/brief-15;autocuda/optimize/2026-06-30-18-52-36-eigh/brief-16;autocuda/optimize/2026-06-30-18-52-36-eigh/brief-17;autocuda/optimize/2026-06-30-18-52-36-eigh/brief-18;autocuda/optimize/2026-06-30-18-52-36-eigh/brief-19;autocuda/optimize/2026-06-30-18-52-36-eigh/brief-20;autocuda/optimize/2026-06-30-18-52-36-eigh/brief-21;autocuda/optimize/2026-06-30-18-52-36-eigh/brief-22;autocuda/optimize/2026-06-30-18-52-36-eigh/brief-23;autocuda/optimize/2026-06-30-18-52-36-eigh/brief-24;autocuda/optimize/2026-06-30-18-52-36-eigh/brief-25;autocuda/optimize/2026-06-30-18-52-36-eigh/brief-26;autocuda/optimize/2026-06-30-18-52-36-eigh/brief-27;autocuda/optimize/2026-06-30-18-52-36-eigh/brief-28;autocuda/optimize/2026-06-30-18-52-36-eigh/brief-29;autocuda/optimize/2026-06-30-18-52-36-eigh/brief-30;autocuda/optimize/2026-06-30-18-52-36-eigh/brief-31;autocuda/optimize/2026-06-30-18-52-36-eigh/brief-32;autocuda/optimize/2026-06-30-18-52-36-eigh/brief-33;autocuda/optimize/2026-06-30-18-52-36-eigh/brief-34;autocuda/optimize/2026-06-30-18-52-36-eigh/brief-35;autocuda/optimize/2026-06-30-18-52-36-eigh/brief-36;autocuda/optimize/2026-06-30-18-52-36-eigh/brief-37;autocuda/optimize/2026-06-30-18-52-36-eigh/brief-38;autocuda/optimize/2026-06-30-18-52-36-eigh/brief-39;autocuda/optimize/2026-06-30-18-52-36-eigh/brief-40;autocuda/optimize/2026-06-30-18-52-36-eigh/brief-41;autocuda/optimize/2026-06-30-18-52-36-eigh/brief-42;autocuda/optimize/2026-06-30-18-52-36-eigh/brief-43;autocuda/optimize/2026-06-30-18-52-36-eigh/brief-44;autocuda/optimize/2026-06-30-18-52-36-eigh/brief-45;autocuda/optimize/2026-06-30-18-52-36-eigh/brief-46;autocuda/optimize/2026-06-30-18-52-36-eigh/brief-47;autocuda/optimize/2026-06-30-18-52-36-eigh/brief-48,41c353a5,,36,,,kept,73.47
opt_0302,brief11 t3: revert k>448 to cuSOLVER; bank the clean k<=448 megakernel win,autocuda/optimize/2026-06-30-18-52-36-eigh/brief-13;autocuda/optimize/2026-06-30-18-52-36-eigh/brief-14;autocuda/optimize/2026-06-30-18-52-36-eigh/brief-15;autocuda/optimize/2026-06-30-18-52-36-eigh/brief-16;autocuda/optimize/2026-06-30-18-52-36-eigh/brief-17;autocuda/optimize/2026-06-30-18-52-36-eigh/brief-18;autocuda/optimize/2026-06-30-18-52-36-eigh/brief-19;autocuda/optimize/2026-06-30-18-52-36-eigh/brief-20;autocuda/optimize/2026-06-30-18-52-36-eigh/brief-21;autocuda/optimize/2026-06-30-18-52-36-eigh/brief-22;autocuda/optimize/2026-06-30-18-52-36-eigh/brief-23;autocuda/optimize/2026-06-30-18-52-36-eigh/brief-24;autocuda/optimize/2026-06-30-18-52-36-eigh/brief-25;autocuda/optimize/2026-06-30-18-52-36-eigh/brief-26;autocuda/optimize/2026-06-30-18-52-36-eigh/brief-27;autocuda/optimize/2026-06-30-18-52-36-eigh/brief-28;autocuda/optimize/2026-06-30-18-52-36-eigh/brief-29;autocuda/optimize/2026-06-30-18-52-36-eigh/brief-30;autocuda/optimize/2026-06-30-18-52-36-eigh/brief-31;autocuda/optimize/2026-06-30-18-52-36-eigh/brief-32;autocuda/optimize/2026-06-30-18-52-36-eigh/brief-33;autocuda/optimize/2026-06-30-18-52-36-eigh/brief-34;autocuda/optimize/2026-06-30-18-52-36-eigh/brief-35;autocuda/optimize/2026-06-30-18-52-36-eigh/brief-36;autocuda/optimize/2026-06-30-18-52-36-eigh/brief-37;autocuda/optimize/2026-06-30-18-52-36-eigh/brief-38;autocuda/optimize/2026-06-30-18-52-36-eigh/brief-39;autocuda/optimize/2026-06-30-18-52-36-eigh/brief-40;autocuda/optimize/2026-06-30-18-52-36-eigh/brief-41;autocuda/optimize/2026-06-30-18-52-36-eigh/brief-42;autocuda/optimize/2026-06-30-18-52-36-eigh/brief-43;autocuda/optimize/2026-06-30-18-52-36-eigh/brief-44;autocuda/optimize/2026-06-30-18-52-36-eigh/brief-45;autocuda/optimize/2026-06-30-18-52-36-eigh/brief-46;autocuda/optimize/2026-06-30-18-52-36-eigh/brief-47;autocuda/optimize/2026-06-30-18-52-36-eigh/brief-48,0d3cd7b5,,36,,,kept,73.47
opt_0303,brief11 t2: nested randomized-subspace inner solve for k>448 -- REGRESSION,autocuda/optimize/2026-06-30-18-52-36-eigh/brief-13;autocuda/optimize/2026-06-30-18-52-36-eigh/brief-14;autocuda/optimize/2026-06-30-18-52-36-eigh/brief-15;autocuda/optimize/2026-06-30-18-52-36-eigh/brief-16;autocuda/optimize/2026-06-30-18-52-36-eigh/brief-17;autocuda/optimize/2026-06-30-18-52-36-eigh/brief-18;autocuda/optimize/2026-06-30-18-52-36-eigh/brief-19;autocuda/optimize/2026-06-30-18-52-36-eigh/brief-20;autocuda/optimize/2026-06-30-18-52-36-eigh/brief-21;autocuda/optimize/2026-06-30-18-52-36-eigh/brief-22;autocuda/optimize/2026-06-30-18-52-36-eigh/brief-23;autocuda/optimize/2026-06-30-18-52-36-eigh/brief-24;autocuda/optimize/2026-06-30-18-52-36-eigh/brief-25;autocuda/optimize/2026-06-30-18-52-36-eigh/brief-26;autocuda/optimize/2026-06-30-18-52-36-eigh/brief-27;autocuda/optimize/2026-06-30-18-52-36-eigh/brief-28;autocuda/optimize/2026-06-30-18-52-36-eigh/brief-29;autocuda/optimize/2026-06-30-18-52-36-eigh/brief-30;autocuda/optimize/2026-06-30-18-52-36-eigh/brief-31;autocuda/optimize/2026-06-30-18-52-36-eigh/brief-32;autocuda/optimize/2026-06-30-18-52-36-eigh/brief-33;autocuda/optimize/2026-06-30-18-52-36-eigh/brief-34;autocuda/optimize/2026-06-30-18-52-36-eigh/brief-35;autocuda/optimize/2026-06-30-18-52-36-eigh/brief-36;autocuda/optimize/2026-06-30-18-52-36-eigh/brief-37;autocuda/optimize/2026-06-30-18-52-36-eigh/brief-38;autocuda/optimize/2026-06-30-18-52-36-eigh/brief-39;autocuda/optimize/2026-06-30-18-52-36-eigh/brief-40;autocuda/optimize/2026-06-30-18-52-36-eigh/brief-41;autocuda/optimize/2026-06-30-18-52-36-eigh/brief-42;autocuda/optimize/2026-06-30-18-52-36-eigh/brief-43;autocuda/optimize/2026-06-30-18-52-36-eigh/brief-44;autocuda/optimize/2026-06-30-18-52-36-eigh/brief-45;autocuda/optimize/2026-06-30-18-52-36-eigh/brief-46;autocuda/optimize/2026-06-30-18-52-36-eigh/brief-47;autocuda/optimize/2026-06-30-18-52-36-eigh/brief-48,065d451a,,36,,,kept,73.47
opt_0304,brief11 t1: bare megakernel inner solve for low-rank Rayleigh block (k<=448),autocuda/optimize/2026-06-30-18-52-36-eigh/brief-13;autocuda/optimize/2026-06-30-18-52-36-eigh/brief-14;autocuda/optimize/2026-06-30-18-52-36-eigh/brief-15;autocuda/optimize/2026-06-30-18-52-36-eigh/brief-16;autocuda/optimize/2026-06-30-18-52-36-eigh/brief-17;autocuda/optimize/2026-06-30-18-52-36-eigh/brief-18;autocuda/optimize/2026-06-30-18-52-36-eigh/brief-19;autocuda/optimize/2026-06-30-18-52-36-eigh/brief-20;autocuda/optimize/2026-06-30-18-52-36-eigh/brief-21;autocuda/optimize/2026-06-30-18-52-36-eigh/brief-22;autocuda/optimize/2026-06-30-18-52-36-eigh/brief-23;autocuda/optimize/2026-06-30-18-52-36-eigh/brief-24;autocuda/optimize/2026-06-30-18-52-36-eigh/brief-25;autocuda/optimize/2026-06-30-18-52-36-eigh/brief-26;autocuda/optimize/2026-06-30-18-52-36-eigh/brief-27;autocuda/optimize/2026-06-30-18-52-36-eigh/brief-28;autocuda/optimize/2026-06-30-18-52-36-eigh/brief-29;autocuda/optimize/2026-06-30-18-52-36-eigh/brief-30;autocuda/optimize/2026-06-30-18-52-36-eigh/brief-31;autocuda/optimize/2026-06-30-18-52-36-eigh/brief-32;autocuda/optimize/2026-06-30-18-52-36-eigh/brief-33;autocuda/optimize/2026-06-30-18-52-36-eigh/brief-34;autocuda/optimize/2026-06-30-18-52-36-eigh/brief-35;autocuda/optimize/2026-06-30-18-52-36-eigh/brief-36;autocuda/optimize/2026-06-30-18-52-36-eigh/brief-37;autocuda/optimize/2026-06-30-18-52-36-eigh/brief-38;autocuda/optimize/2026-06-30-18-52-36-eigh/brief-39;autocuda/optimize/2026-06-30-18-52-36-eigh/brief-40;autocuda/optimize/2026-06-30-18-52-36-eigh/brief-41;autocuda/optimize/2026-06-30-18-52-36-eigh/brief-42;autocuda/optimize/2026-06-30-18-52-36-eigh/brief-43;autocuda/optimize/2026-06-30-18-52-36-eigh/brief-44;autocuda/optimize/2026-06-30-18-52-36-eigh/brief-45;autocuda/optimize/2026-06-30-18-52-36-eigh/brief-46;autocuda/optimize/2026-06-30-18-52-36-eigh/brief-47;autocuda/optimize/2026-06-30-18-52-36-eigh/brief-48,966fb4e5,,36,,,kept,73.47
opt_0305,"brief16 t10: restore t8 winning config (3xTF32 gate V^TV + FP32 Vd/projections + range-finder 1-pass + complement-TF32-Gram). Reverts t9's Vd/proj 3xTF32 (net-neutral). CONFIRMED BEST: geomean 40228-40305 (2 clean runs, matches t8 40264 = 2.76% over parent 41378). shape3 99478, shape4 76922, shape8 116160, shape10 108822, shape12 38821. All low-rank shapes beat parent.",autocuda/optimize/2026-06-30-18-52-36-eigh/brief-19;autocuda/optimize/2026-06-30-18-52-36-eigh/brief-20;autocuda/optimize/2026-06-30-18-52-36-eigh/brief-22;autocuda/optimize/2026-06-30-18-52-36-eigh/brief-23;autocuda/optimize/2026-06-30-18-52-36-eigh/brief-24;autocuda/optimize/2026-06-30-18-52-36-eigh/brief-25;autocuda/optimize/2026-06-30-18-52-36-eigh/brief-26;autocuda/optimize/2026-06-30-18-52-36-eigh/brief-27;autocuda/optimize/2026-06-30-18-52-36-eigh/brief-28;autocuda/optimize/2026-06-30-18-52-36-eigh/brief-29;autocuda/optimize/2026-06-30-18-52-36-eigh/brief-30;autocuda/optimize/2026-06-30-18-52-36-eigh/brief-31;autocuda/optimize/2026-06-30-18-52-36-eigh/brief-32;autocuda/optimize/2026-06-30-18-52-36-eigh/brief-33;autocuda/optimize/2026-06-30-18-52-36-eigh/brief-34;autocuda/optimize/2026-06-30-18-52-36-eigh/brief-35;autocuda/optimize/2026-06-30-18-52-36-eigh/brief-36;autocuda/optimize/2026-06-30-18-52-36-eigh/brief-37;autocuda/optimize/2026-06-30-18-52-36-eigh/brief-38;autocuda/optimize/2026-06-30-18-52-36-eigh/brief-39;autocuda/optimize/2026-06-30-18-52-36-eigh/brief-40;autocuda/optimize/2026-06-30-18-52-36-eigh/brief-41;autocuda/optimize/2026-06-30-18-52-36-eigh/brief-42;autocuda/optimize/2026-06-30-18-52-36-eigh/brief-43;autocuda/optimize/2026-06-30-18-52-36-eigh/brief-44;autocuda/optimize/2026-06-30-18-52-36-eigh/brief-45;autocuda/optimize/2026-06-30-18-52-36-eigh/brief-46;autocuda/optimize/2026-06-30-18-52-36-eigh/brief-47;autocuda/optimize/2026-06-30-18-52-36-eigh/brief-48,7eb7a5d1,,29,,,kept,59.18
opt_0306,"brief16 t9: Vd lift + complement projections -> 3xTF32 (both well-conditioned, single one-shot GEMMs). Numerically safe (Vd 3xTF32 matches FP32 orth exactly; projection leakage ~6e-6 clean). geomean 40272-40292, NEUTRAL vs t8 40264: n=1024 shapes slightly better (s4 76040, s12 38582) but b640 shapes worse (s8 118366) -- the 3xTF32 split overhead offsets the gain at high batch, and these GEMMs are smaller than the gate V^TV where 3xTF32 clearly won. Net wash. Best remains t8 40264.",autocuda/optimize/2026-06-30-18-52-36-eigh/brief-19;autocuda/optimize/2026-06-30-18-52-36-eigh/brief-20;autocuda/optimize/2026-06-30-18-52-36-eigh/brief-22;autocuda/optimize/2026-06-30-18-52-36-eigh/brief-23;autocuda/optimize/2026-06-30-18-52-36-eigh/brief-24;autocuda/optimize/2026-06-30-18-52-36-eigh/brief-25;autocuda/optimize/2026-06-30-18-52-36-eigh/brief-26;autocuda/optimize/2026-06-30-18-52-36-eigh/brief-27;autocuda/optimize/2026-06-30-18-52-36-eigh/brief-28;autocuda/optimize/2026-06-30-18-52-36-eigh/brief-29;autocuda/optimize/2026-06-30-18-52-36-eigh/brief-30;autocuda/optimize/2026-06-30-18-52-36-eigh/brief-31;autocuda/optimize/2026-06-30-18-52-36-eigh/brief-32;autocuda/optimize/2026-06-30-18-52-36-eigh/brief-33;autocuda/optimize/2026-06-30-18-52-36-eigh/brief-34;autocuda/optimize/2026-06-30-18-52-36-eigh/brief-35;autocuda/optimize/2026-06-30-18-52-36-eigh/brief-36;autocuda/optimize/2026-06-30-18-52-36-eigh/brief-37;autocuda/optimize/2026-06-30-18-52-36-eigh/brief-38;autocuda/optimize/2026-06-30-18-52-36-eigh/brief-39;autocuda/optimize/2026-06-30-18-52-36-eigh/brief-40;autocuda/optimize/2026-06-30-18-52-36-eigh/brief-41;autocuda/optimize/2026-06-30-18-52-36-eigh/brief-42;autocuda/optimize/2026-06-30-18-52-36-eigh/brief-43;autocuda/optimize/2026-06-30-18-52-36-eigh/brief-44;autocuda/optimize/2026-06-30-18-52-36-eigh/brief-45;autocuda/optimize/2026-06-30-18-52-36-eigh/brief-46;autocuda/optimize/2026-06-30-18-52-36-eigh/brief-47;autocuda/optimize/2026-06-30-18-52-36-eigh/brief-48,d7fae19a,,29,,,kept,59.18
opt_0307,"brief16 t8: orthogonality-gate V^T V GEMM -> 3xTF32 (Ozaki split). This full n*n*n batched GEMM is one of the largest FP32-SIMT terms (~4ms shape3 b640); 3xTF32 is ~FP32-accurate (0 gate-decision disagreements vs FP32 on shapes 3/4/8/12) and ~1.6x faster as a SINGLE one-shot GEMM (the 3-GEMM cost beats FP32-SIMT here, unlike inside the trsm-dominated CQR2 loop). Plain TF32 UNSAFE (systematically inflates orth, flips ~640 decisions). Stacks on t6. geomean 40390->40264 (2 clean runs): all low-rank shapes improve (s3 99552, s4 76839, s8 116296, s10 108596, s12 38804). =2.76% over parent.",autocuda/optimize/2026-06-30-18-52-36-eigh/brief-19;autocuda/optimize/2026-06-30-18-52-36-eigh/brief-20;autocuda/optimize/2026-06-30-18-52-36-eigh/brief-22;autocuda/optimize/2026-06-30-18-52-36-eigh/brief-23;autocuda/optimize/2026-06-30-18-52-36-eigh/brief-24;autocuda/optimize/2026-06-30-18-52-36-eigh/brief-25;autocuda/optimize/2026-06-30-18-52-36-eigh/brief-26;autocuda/optimize/2026-06-30-18-52-36-eigh/brief-27;autocuda/optimize/2026-06-30-18-52-36-eigh/brief-28;autocuda/optimize/2026-06-30-18-52-36-eigh/brief-29;autocuda/optimize/2026-06-30-18-52-36-eigh/brief-30;autocuda/optimize/2026-06-30-18-52-36-eigh/brief-31;autocuda/optimize/2026-06-30-18-52-36-eigh/brief-32;autocuda/optimize/2026-06-30-18-52-36-eigh/brief-33;autocuda/optimize/2026-06-30-18-52-36-eigh/brief-34;autocuda/optimize/2026-06-30-18-52-36-eigh/brief-35;autocuda/optimize/2026-06-30-18-52-36-eigh/brief-36;autocuda/optimize/2026-06-30-18-52-36-eigh/brief-37;autocuda/optimize/2026-06-30-18-52-36-eigh/brief-38;autocuda/optimize/2026-06-30-18-52-36-eigh/brief-39;autocuda/optimize/2026-06-30-18-52-36-eigh/brief-40;autocuda/optimize/2026-06-30-18-52-36-eigh/brief-41;autocuda/optimize/2026-06-30-18-52-36-eigh/brief-42;autocuda/optimize/2026-06-30-18-52-36-eigh/brief-43;autocuda/optimize/2026-06-30-18-52-36-eigh/brief-44;autocuda/optimize/2026-06-30-18-52-36-eigh/brief-45;autocuda/optimize/2026-06-30-18-52-36-eigh/brief-46;autocuda/optimize/2026-06-30-18-52-36-eigh/brief-47;autocuda/optimize/2026-06-30-18-52-36-eigh/brief-48,3b5806a7,,29,,,kept,59.18
opt_0308,"brief16 t7: complement Gram -> 3xTF32 (tighter orth than plain TF32). MEASURED REGRESSION vs t6: geomean 40390->41152. 3xTF32 split overhead net-loses even on the smaller nc-column complement Gram, esp at b640: shape8 117147->138485, shape12 39819->41493. Confirms t4 finding across the board: 3xTF32 overhead > Gram savings for these batch/dim regimes. Best remains t6 (complement plain TF32) = 40390.",autocuda/optimize/2026-06-30-18-52-36-eigh/brief-19;autocuda/optimize/2026-06-30-18-52-36-eigh/brief-20;autocuda/optimize/2026-06-30-18-52-36-eigh/brief-22;autocuda/optimize/2026-06-30-18-52-36-eigh/brief-23;autocuda/optimize/2026-06-30-18-52-36-eigh/brief-24;autocuda/optimize/2026-06-30-18-52-36-eigh/brief-25;autocuda/optimize/2026-06-30-18-52-36-eigh/brief-26;autocuda/optimize/2026-06-30-18-52-36-eigh/brief-27;autocuda/optimize/2026-06-30-18-52-36-eigh/brief-28;autocuda/optimize/2026-06-30-18-52-36-eigh/brief-29;autocuda/optimize/2026-06-30-18-52-36-eigh/brief-30;autocuda/optimize/2026-06-30-18-52-36-eigh/brief-31;autocuda/optimize/2026-06-30-18-52-36-eigh/brief-32;autocuda/optimize/2026-06-30-18-52-36-eigh/brief-33;autocuda/optimize/2026-06-30-18-52-36-eigh/brief-34;autocuda/optimize/2026-06-30-18-52-36-eigh/brief-35;autocuda/optimize/2026-06-30-18-52-36-eigh/brief-36;autocuda/optimize/2026-06-30-18-52-36-eigh/brief-37;autocuda/optimize/2026-06-30-18-52-36-eigh/brief-38;autocuda/optimize/2026-06-30-18-52-36-eigh/brief-39;autocuda/optimize/2026-06-30-18-52-36-eigh/brief-40;autocuda/optimize/2026-06-30-18-52-36-eigh/brief-41;autocuda/optimize/2026-06-30-18-52-36-eigh/brief-42;autocuda/optimize/2026-06-30-18-52-36-eigh/brief-43;autocuda/optimize/2026-06-30-18-52-36-eigh/brief-44;autocuda/optimize/2026-06-30-18-52-36-eigh/brief-45;autocuda/optimize/2026-06-30-18-52-36-eigh/brief-46;autocuda/optimize/2026-06-30-18-52-36-eigh/brief-47;autocuda/optimize/2026-06-30-18-52-36-eigh/brief-48,f40c0c50,,29,,,kept,59.18
opt_0309,"brief16 t6: restore t3 winning config (dominant Gram FP32 + complement Gram TF32 2-pass + range-finder 1-pass). CONFIRMED best: geomean 40390-40413 (2 clean runs), reproduces t3 40400 (=2.4% over parent 41378). shape3 100480, shape4 77882, shape8 117147, shape10 109833, shape12 39819. This is the clean base; t4 (3xTF32) + t5 (complement 1-pass) both net-lost.",autocuda/optimize/2026-06-30-18-52-36-eigh/brief-19;autocuda/optimize/2026-06-30-18-52-36-eigh/brief-20;autocuda/optimize/2026-06-30-18-52-36-eigh/brief-22;autocuda/optimize/2026-06-30-18-52-36-eigh/brief-23;autocuda/optimize/2026-06-30-18-52-36-eigh/brief-24;autocuda/optimize/2026-06-30-18-52-36-eigh/brief-25;autocuda/optimize/2026-06-30-18-52-36-eigh/brief-26;autocuda/optimize/2026-06-30-18-52-36-eigh/brief-27;autocuda/optimize/2026-06-30-18-52-36-eigh/brief-28;autocuda/optimize/2026-06-30-18-52-36-eigh/brief-29;autocuda/optimize/2026-06-30-18-52-36-eigh/brief-30;autocuda/optimize/2026-06-30-18-52-36-eigh/brief-31;autocuda/optimize/2026-06-30-18-52-36-eigh/brief-32;autocuda/optimize/2026-06-30-18-52-36-eigh/brief-33;autocuda/optimize/2026-06-30-18-52-36-eigh/brief-34;autocuda/optimize/2026-06-30-18-52-36-eigh/brief-35;autocuda/optimize/2026-06-30-18-52-36-eigh/brief-36;autocuda/optimize/2026-06-30-18-52-36-eigh/brief-37;autocuda/optimize/2026-06-30-18-52-36-eigh/brief-38;autocuda/optimize/2026-06-30-18-52-36-eigh/brief-39;autocuda/optimize/2026-06-30-18-52-36-eigh/brief-40;autocuda/optimize/2026-06-30-18-52-36-eigh/brief-41;autocuda/optimize/2026-06-30-18-52-36-eigh/brief-42;autocuda/optimize/2026-06-30-18-52-36-eigh/brief-43;autocuda/optimize/2026-06-30-18-52-36-eigh/brief-44;autocuda/optimize/2026-06-30-18-52-36-eigh/brief-45;autocuda/optimize/2026-06-30-18-52-36-eigh/brief-46;autocuda/optimize/2026-06-30-18-52-36-eigh/brief-47;autocuda/optimize/2026-06-30-18-52-36-eigh/brief-48,01de5687,,29,,,kept,59.18
opt_0310,"brief16 t5: dominant Gram back to FP32 (t4 showed 3xTF32 net-loses); complement final CQR -> 1-pass (after re-projection). geomean 41315 (2 clean runs). Mixed vs t3 (40400): shape3 100391->98373 (better), shape4 77895->76107 (better), shape10 109882->108620 (better), BUT shape8 117037->135644 and shape12 39965->48461 REGRESS -- the complement 1-pass raises fallbacks on rankdef512 + lapgeom1024 in the live path (probe under-counted). Net loss vs t3.",autocuda/optimize/2026-06-30-18-52-36-eigh/brief-19;autocuda/optimize/2026-06-30-18-52-36-eigh/brief-20;autocuda/optimize/2026-06-30-18-52-36-eigh/brief-22;autocuda/optimize/2026-06-30-18-52-36-eigh/brief-23;autocuda/optimize/2026-06-30-18-52-36-eigh/brief-24;autocuda/optimize/2026-06-30-18-52-36-eigh/brief-25;autocuda/optimize/2026-06-30-18-52-36-eigh/brief-26;autocuda/optimize/2026-06-30-18-52-36-eigh/brief-27;autocuda/optimize/2026-06-30-18-52-36-eigh/brief-28;autocuda/optimize/2026-06-30-18-52-36-eigh/brief-29;autocuda/optimize/2026-06-30-18-52-36-eigh/brief-30;autocuda/optimize/2026-06-30-18-52-36-eigh/brief-31;autocuda/optimize/2026-06-30-18-52-36-eigh/brief-32;autocuda/optimize/2026-06-30-18-52-36-eigh/brief-33;autocuda/optimize/2026-06-30-18-52-36-eigh/brief-34;autocuda/optimize/2026-06-30-18-52-36-eigh/brief-35;autocuda/optimize/2026-06-30-18-52-36-eigh/brief-36;autocuda/optimize/2026-06-30-18-52-36-eigh/brief-37;autocuda/optimize/2026-06-30-18-52-36-eigh/brief-38;autocuda/optimize/2026-06-30-18-52-36-eigh/brief-39;autocuda/optimize/2026-06-30-18-52-36-eigh/brief-40;autocuda/optimize/2026-06-30-18-52-36-eigh/brief-41;autocuda/optimize/2026-06-30-18-52-36-eigh/brief-42;autocuda/optimize/2026-06-30-18-52-36-eigh/brief-43;autocuda/optimize/2026-06-30-18-52-36-eigh/brief-44;autocuda/optimize/2026-06-30-18-52-36-eigh/brief-45;autocuda/optimize/2026-06-30-18-52-36-eigh/brief-46;autocuda/optimize/2026-06-30-18-52-36-eigh/brief-47;autocuda/optimize/2026-06-30-18-52-36-eigh/brief-48,c96998d0,,29,,,kept,59.18
opt_0311,"brief16 t4: 3xTF32 (Ozaki hi+lo split) Gram for BOTH dominant+complement CQR2. Numerically SAFE (probed orth<=8.5e-3, 0 fallback on 3/4/10/12; even fixes shape3's marginal fallback). But MEASURED REGRESSION vs t3: geomean 40400->41459. The trsm (not the Gram) dominates CQR2 (~16% profile), so 3xTF32's split overhead (int32 mask + 3 bmms + 2 adds on B*n*k) EXCEEDS the small Gram savings, esp at b640 n=512: shape3 100391->124579, shape8 117037->135516. Neutral on n=1024 (shape4 77895->76631). Keeps _gram_3xtf32 helper for future use.",autocuda/optimize/2026-06-30-18-52-36-eigh/brief-19;autocuda/optimize/2026-06-30-18-52-36-eigh/brief-20;autocuda/optimize/2026-06-30-18-52-36-eigh/brief-22;autocuda/optimize/2026-06-30-18-52-36-eigh/brief-23;autocuda/optimize/2026-06-30-18-52-36-eigh/brief-24;autocuda/optimize/2026-06-30-18-52-36-eigh/brief-25;autocuda/optimize/2026-06-30-18-52-36-eigh/brief-26;autocuda/optimize/2026-06-30-18-52-36-eigh/brief-27;autocuda/optimize/2026-06-30-18-52-36-eigh/brief-28;autocuda/optimize/2026-06-30-18-52-36-eigh/brief-29;autocuda/optimize/2026-06-30-18-52-36-eigh/brief-30;autocuda/optimize/2026-06-30-18-52-36-eigh/brief-31;autocuda/optimize/2026-06-30-18-52-36-eigh/brief-32;autocuda/optimize/2026-06-30-18-52-36-eigh/brief-33;autocuda/optimize/2026-06-30-18-52-36-eigh/brief-34;autocuda/optimize/2026-06-30-18-52-36-eigh/brief-35;autocuda/optimize/2026-06-30-18-52-36-eigh/brief-36;autocuda/optimize/2026-06-30-18-52-36-eigh/brief-37;autocuda/optimize/2026-06-30-18-52-36-eigh/brief-38;autocuda/optimize/2026-06-30-18-52-36-eigh/brief-39;autocuda/optimize/2026-06-30-18-52-36-eigh/brief-40;autocuda/optimize/2026-06-30-18-52-36-eigh/brief-41;autocuda/optimize/2026-06-30-18-52-36-eigh/brief-42;autocuda/optimize/2026-06-30-18-52-36-eigh/brief-43;autocuda/optimize/2026-06-30-18-52-36-eigh/brief-44;autocuda/optimize/2026-06-30-18-52-36-eigh/brief-45;autocuda/optimize/2026-06-30-18-52-36-eigh/brief-46;autocuda/optimize/2026-06-30-18-52-36-eigh/brief-47;autocuda/optimize/2026-06-30-18-52-36-eigh/brief-48,486adc7c,,29,,,kept,59.18
opt_0312,"brief16 t3: complement CQR2 Gram -> TF32 (well-conditioned complement tolerates it; projections stay FP32). Stacks on t2. geomean 40921->40400 (~1.3%): shape3 101994->100391, shape4 80028->77895, shape8 117963->117037, shape10 110619->109882, shape12 44443->39965 (nc=640 large complement benefits most). Validated 39/39, 0-1 fallback probed.",autocuda/optimize/2026-06-30-18-52-36-eigh/brief-19;autocuda/optimize/2026-06-30-18-52-36-eigh/brief-20;autocuda/optimize/2026-06-30-18-52-36-eigh/brief-22;autocuda/optimize/2026-06-30-18-52-36-eigh/brief-23;autocuda/optimize/2026-06-30-18-52-36-eigh/brief-24;autocuda/optimize/2026-06-30-18-52-36-eigh/brief-25;autocuda/optimize/2026-06-30-18-52-36-eigh/brief-26;autocuda/optimize/2026-06-30-18-52-36-eigh/brief-27;autocuda/optimize/2026-06-30-18-52-36-eigh/brief-28;autocuda/optimize/2026-06-30-18-52-36-eigh/brief-29;autocuda/optimize/2026-06-30-18-52-36-eigh/brief-30;autocuda/optimize/2026-06-30-18-52-36-eigh/brief-31;autocuda/optimize/2026-06-30-18-52-36-eigh/brief-32;autocuda/optimize/2026-06-30-18-52-36-eigh/brief-33;autocuda/optimize/2026-06-30-18-52-36-eigh/brief-34;autocuda/optimize/2026-06-30-18-52-36-eigh/brief-35;autocuda/optimize/2026-06-30-18-52-36-eigh/brief-36;autocuda/optimize/2026-06-30-18-52-36-eigh/brief-37;autocuda/optimize/2026-06-30-18-52-36-eigh/brief-38;autocuda/optimize/2026-06-30-18-52-36-eigh/brief-39;autocuda/optimize/2026-06-30-18-52-36-eigh/brief-40;autocuda/optimize/2026-06-30-18-52-36-eigh/brief-41;autocuda/optimize/2026-06-30-18-52-36-eigh/brief-42;autocuda/optimize/2026-06-30-18-52-36-eigh/brief-43;autocuda/optimize/2026-06-30-18-52-36-eigh/brief-44;autocuda/optimize/2026-06-30-18-52-36-eigh/brief-45;autocuda/optimize/2026-06-30-18-52-36-eigh/brief-46;autocuda/optimize/2026-06-30-18-52-36-eigh/brief-47;autocuda/optimize/2026-06-30-18-52-36-eigh/brief-48,40c67db1,,29,,,kept,59.18
opt_0313,"brief16 t2: range-finder CQR2 -> 1 pass (power step re-orthonormalizes). Safe (probed 0 fallback, orth<=1.7e-3). geomean 41396->40921 (~1.1%): shape3 109727->101994 (7%), shape4 83912->80028 (4.6%), shape8 120979->117963 (2.5%), shape12 46613->44443 (4.7%); shape10 105006->110619 (nearrank exact-rank sensitive). Also reset _lr_cholesky_qr2 tf32_gram default to False (t1 showed dom-gram TF32 unsafe).",autocuda/optimize/2026-06-30-18-52-36-eigh/brief-19;autocuda/optimize/2026-06-30-18-52-36-eigh/brief-20;autocuda/optimize/2026-06-30-18-52-36-eigh/brief-22;autocuda/optimize/2026-06-30-18-52-36-eigh/brief-23;autocuda/optimize/2026-06-30-18-52-36-eigh/brief-24;autocuda/optimize/2026-06-30-18-52-36-eigh/brief-25;autocuda/optimize/2026-06-30-18-52-36-eigh/brief-26;autocuda/optimize/2026-06-30-18-52-36-eigh/brief-27;autocuda/optimize/2026-06-30-18-52-36-eigh/brief-28;autocuda/optimize/2026-06-30-18-52-36-eigh/brief-29;autocuda/optimize/2026-06-30-18-52-36-eigh/brief-30;autocuda/optimize/2026-06-30-18-52-36-eigh/brief-31;autocuda/optimize/2026-06-30-18-52-36-eigh/brief-32;autocuda/optimize/2026-06-30-18-52-36-eigh/brief-33;autocuda/optimize/2026-06-30-18-52-36-eigh/brief-34;autocuda/optimize/2026-06-30-18-52-36-eigh/brief-35;autocuda/optimize/2026-06-30-18-52-36-eigh/brief-36;autocuda/optimize/2026-06-30-18-52-36-eigh/brief-37;autocuda/optimize/2026-06-30-18-52-36-eigh/brief-38;autocuda/optimize/2026-06-30-18-52-36-eigh/brief-39;autocuda/optimize/2026-06-30-18-52-36-eigh/brief-40;autocuda/optimize/2026-06-30-18-52-36-eigh/brief-41;autocuda/optimize/2026-06-30-18-52-36-eigh/brief-42;autocuda/optimize/2026-06-30-18-52-36-eigh/brief-43;autocuda/optimize/2026-06-30-18-52-36-eigh/brief-44;autocuda/optimize/2026-06-30-18-52-36-eigh/brief-45;autocuda/optimize/2026-06-30-18-52-36-eigh/brief-46;autocuda/optimize/2026-06-30-18-52-36-eigh/brief-47;autocuda/optimize/2026-06-30-18-52-36-eigh/brief-48,c0c9780b,,29,,,kept,59.18
opt_0314,"brief16 t1: route CholeskyQR2 Gram Q^T Q through TF32 (all CQR2 calls). MEASURED REGRESSION: geomean 41396->49081. TF32 Gram breaks the orthonormalization -> the per-matrix orth gate fails and falls low-rank shapes 3/4/8/10/12 back to full cuSOLVER (~2x shape cost): shape3 109727->139188, shape4 83912->150972, shape10 105006->164446, shape12 46613->101516. The CQR2 2nd pass does NOT absorb TF32's ~3e-4 error.",autocuda/optimize/2026-06-30-18-52-36-eigh/brief-19;autocuda/optimize/2026-06-30-18-52-36-eigh/brief-20;autocuda/optimize/2026-06-30-18-52-36-eigh/brief-22;autocuda/optimize/2026-06-30-18-52-36-eigh/brief-23;autocuda/optimize/2026-06-30-18-52-36-eigh/brief-24;autocuda/optimize/2026-06-30-18-52-36-eigh/brief-25;autocuda/optimize/2026-06-30-18-52-36-eigh/brief-26;autocuda/optimize/2026-06-30-18-52-36-eigh/brief-27;autocuda/optimize/2026-06-30-18-52-36-eigh/brief-28;autocuda/optimize/2026-06-30-18-52-36-eigh/brief-29;autocuda/optimize/2026-06-30-18-52-36-eigh/brief-30;autocuda/optimize/2026-06-30-18-52-36-eigh/brief-31;autocuda/optimize/2026-06-30-18-52-36-eigh/brief-32;autocuda/optimize/2026-06-30-18-52-36-eigh/brief-33;autocuda/optimize/2026-06-30-18-52-36-eigh/brief-34;autocuda/optimize/2026-06-30-18-52-36-eigh/brief-35;autocuda/optimize/2026-06-30-18-52-36-eigh/brief-36;autocuda/optimize/2026-06-30-18-52-36-eigh/brief-37;autocuda/optimize/2026-06-30-18-52-36-eigh/brief-38;autocuda/optimize/2026-06-30-18-52-36-eigh/brief-39;autocuda/optimize/2026-06-30-18-52-36-eigh/brief-40;autocuda/optimize/2026-06-30-18-52-36-eigh/brief-41;autocuda/optimize/2026-06-30-18-52-36-eigh/brief-42;autocuda/optimize/2026-06-30-18-52-36-eigh/brief-43;autocuda/optimize/2026-06-30-18-52-36-eigh/brief-44;autocuda/optimize/2026-06-30-18-52-36-eigh/brief-45;autocuda/optimize/2026-06-30-18-52-36-eigh/brief-46;autocuda/optimize/2026-06-30-18-52-36-eigh/brief-47;autocuda/optimize/2026-06-30-18-52-36-eigh/brief-48,f283b973,,29,,,kept,59.18
opt_0315,brief-20 t1 COMBINE: lift brief-18's clustered512 eigen-gate TF32 onto brief-16 best (40228->40113us; shape9 60932->58306us). Orthogonality gate kept FP32 per brief-18 probe (TF32 Q^TQ reads 6.18e-3>6.10e-3 gate). Surgical one-GEMM graft; low-rank/megakernel shapes byte-identical.,autocuda/optimize/2026-06-30-18-52-36-eigh/brief-22;autocuda/optimize/2026-06-30-18-52-36-eigh/brief-23;autocuda/optimize/2026-06-30-18-52-36-eigh/brief-24;autocuda/optimize/2026-06-30-18-52-36-eigh/brief-25;autocuda/optimize/2026-06-30-18-52-36-eigh/brief-26;autocuda/optimize/2026-06-30-18-52-36-eigh/brief-27;autocuda/optimize/2026-06-30-18-52-36-eigh/brief-28;autocuda/optimize/2026-06-30-18-52-36-eigh/brief-29;autocuda/optimize/2026-06-30-18-52-36-eigh/brief-30;autocuda/optimize/2026-06-30-18-52-36-eigh/brief-31;autocuda/optimize/2026-06-30-18-52-36-eigh/brief-32;autocuda/optimize/2026-06-30-18-52-36-eigh/brief-33;autocuda/optimize/2026-06-30-18-52-36-eigh/brief-34;autocuda/optimize/2026-06-30-18-52-36-eigh/brief-35;autocuda/optimize/2026-06-30-18-52-36-eigh/brief-36;autocuda/optimize/2026-06-30-18-52-36-eigh/brief-37;autocuda/optimize/2026-06-30-18-52-36-eigh/brief-38;autocuda/optimize/2026-06-30-18-52-36-eigh/brief-39;autocuda/optimize/2026-06-30-18-52-36-eigh/brief-40;autocuda/optimize/2026-06-30-18-52-36-eigh/brief-41;autocuda/optimize/2026-06-30-18-52-36-eigh/brief-42;autocuda/optimize/2026-06-30-18-52-36-eigh/brief-43;autocuda/optimize/2026-06-30-18-52-36-eigh/brief-44;autocuda/optimize/2026-06-30-18-52-36-eigh/brief-45;autocuda/optimize/2026-06-30-18-52-36-eigh/brief-46;autocuda/optimize/2026-06-30-18-52-36-eigh/brief-47;autocuda/optimize/2026-06-30-18-52-36-eigh/brief-48,7b80e8ac,,27,,,kept,55.10
opt_0316,"brief-20 t10: BLOCK-DIAGONAL Newton-Schulz (finish each eigenspace block separately). The two blocks are mutually orthogonal ~1e-11 (projector), so the joint NS Gram's off-block entries are ~0 -- wasted. Per-block NS costs kp^3+(n-kp)^3 vs joint n^3. Measured joint NS 7.8->block 5.3ms. Shape9 49091->46566-46930us (-2.5ms); geomean 39551->39322.8/39408.2/39393.1 (3 benches). ROBUST: orth margin 0.037*gate (vs joint 0.12, skip 0.31); nbad=0 across 6 reseeds; 2/3 benches perfectly clean (std<32us), 1 rare single-fallback spike -- far safer than skip-NS (t9, 3/12 fallbacks). Stacks block-CQR + block-NS. 39/39 PASS. New robust best.",autocuda/optimize/2026-06-30-18-52-36-eigh/brief-23;autocuda/optimize/2026-06-30-18-52-36-eigh/brief-24;autocuda/optimize/2026-06-30-18-52-36-eigh/brief-25;autocuda/optimize/2026-06-30-18-52-36-eigh/brief-26;autocuda/optimize/2026-06-30-18-52-36-eigh/brief-27;autocuda/optimize/2026-06-30-18-52-36-eigh/brief-28;autocuda/optimize/2026-06-30-18-52-36-eigh/brief-29;autocuda/optimize/2026-06-30-18-52-36-eigh/brief-30;autocuda/optimize/2026-06-30-18-52-36-eigh/brief-31;autocuda/optimize/2026-06-30-18-52-36-eigh/brief-32;autocuda/optimize/2026-06-30-18-52-36-eigh/brief-33;autocuda/optimize/2026-06-30-18-52-36-eigh/brief-34;autocuda/optimize/2026-06-30-18-52-36-eigh/brief-35;autocuda/optimize/2026-06-30-18-52-36-eigh/brief-36;autocuda/optimize/2026-06-30-18-52-36-eigh/brief-37;autocuda/optimize/2026-06-30-18-52-36-eigh/brief-38;autocuda/optimize/2026-06-30-18-52-36-eigh/brief-39;autocuda/optimize/2026-06-30-18-52-36-eigh/brief-40;autocuda/optimize/2026-06-30-18-52-36-eigh/brief-41;autocuda/optimize/2026-06-30-18-52-36-eigh/brief-42;autocuda/optimize/2026-06-30-18-52-36-eigh/brief-43;autocuda/optimize/2026-06-30-18-52-36-eigh/brief-44;autocuda/optimize/2026-06-30-18-52-36-eigh/brief-45;autocuda/optimize/2026-06-30-18-52-36-eigh/brief-46;autocuda/optimize/2026-06-30-18-52-36-eigh/brief-47;autocuda/optimize/2026-06-30-18-52-36-eigh/brief-48,4c1e8876,,26,,,kept,53.06
opt_0317,"brief-20 t9: DROP finishing Newton-Schulz on shape-9 (block-CQR alone clears orth gate). Shape9 mean 49091->44670-45215us, geomean 39551->39229-39235 (3 benches). BUT FRAGILE: shape9 std ~4-6ms (best 42.6ms, worst 72ms); isolated probe shows 3/12 random projector draws produce 1 matrix crossing the gate -> cuSOLVER fallback spike. orth margin only 0.31*gate (vs FP32-NS's 0.05). Mean beats t7 but high variance + occasional fallback storms make it riskier than t7 (FP32-NS, nbad=0 robust). 39/39 PASS. Committed as measured result; t7 remains the robust alternative.",autocuda/optimize/2026-06-30-18-52-36-eigh/brief-23;autocuda/optimize/2026-06-30-18-52-36-eigh/brief-24;autocuda/optimize/2026-06-30-18-52-36-eigh/brief-25;autocuda/optimize/2026-06-30-18-52-36-eigh/brief-26;autocuda/optimize/2026-06-30-18-52-36-eigh/brief-27;autocuda/optimize/2026-06-30-18-52-36-eigh/brief-28;autocuda/optimize/2026-06-30-18-52-36-eigh/brief-29;autocuda/optimize/2026-06-30-18-52-36-eigh/brief-30;autocuda/optimize/2026-06-30-18-52-36-eigh/brief-31;autocuda/optimize/2026-06-30-18-52-36-eigh/brief-32;autocuda/optimize/2026-06-30-18-52-36-eigh/brief-33;autocuda/optimize/2026-06-30-18-52-36-eigh/brief-34;autocuda/optimize/2026-06-30-18-52-36-eigh/brief-35;autocuda/optimize/2026-06-30-18-52-36-eigh/brief-36;autocuda/optimize/2026-06-30-18-52-36-eigh/brief-37;autocuda/optimize/2026-06-30-18-52-36-eigh/brief-38;autocuda/optimize/2026-06-30-18-52-36-eigh/brief-39;autocuda/optimize/2026-06-30-18-52-36-eigh/brief-40;autocuda/optimize/2026-06-30-18-52-36-eigh/brief-41;autocuda/optimize/2026-06-30-18-52-36-eigh/brief-42;autocuda/optimize/2026-06-30-18-52-36-eigh/brief-43;autocuda/optimize/2026-06-30-18-52-36-eigh/brief-44;autocuda/optimize/2026-06-30-18-52-36-eigh/brief-45;autocuda/optimize/2026-06-30-18-52-36-eigh/brief-46;autocuda/optimize/2026-06-30-18-52-36-eigh/brief-47;autocuda/optimize/2026-06-30-18-52-36-eigh/brief-48,d7756d7a,,26,,,kept,53.06
opt_0318,"brief-20 t7: BLOCK-DIAGONAL CQR for shape-9 two-level path. Yp(+1 eigenspace) and Ym(-1 eigenspace) are mutually orthogonal (~1e-11 cross-block leakage from double FP64 projection), so the joint CQR on [Yp|Ym] wastes ~3/4 of its flops on ~1e-11 off-block Gram entries. Orthonormalize each block independently: CQR cost n^3 -> kp^3+(n-kp)^3. Measured joint CQR 20.7->15.9ms. Shape9 54099->49091-49117us (-5ms, -9.3%); geomean 39849->39551/39568 (two benches, quiet). ALSO more robust: nbad=0 across 6 clustered reseeds (per-block Gram cond ~1e6, single eigenspace) vs joint tripping 1/6. FP64 still required per block (cond ~1e6 -> FP32 Cholesky loses pos-def). 39/39 PASS. New run best.",autocuda/optimize/2026-06-30-18-52-36-eigh/brief-23;autocuda/optimize/2026-06-30-18-52-36-eigh/brief-24;autocuda/optimize/2026-06-30-18-52-36-eigh/brief-25;autocuda/optimize/2026-06-30-18-52-36-eigh/brief-26;autocuda/optimize/2026-06-30-18-52-36-eigh/brief-27;autocuda/optimize/2026-06-30-18-52-36-eigh/brief-28;autocuda/optimize/2026-06-30-18-52-36-eigh/brief-29;autocuda/optimize/2026-06-30-18-52-36-eigh/brief-30;autocuda/optimize/2026-06-30-18-52-36-eigh/brief-31;autocuda/optimize/2026-06-30-18-52-36-eigh/brief-32;autocuda/optimize/2026-06-30-18-52-36-eigh/brief-33;autocuda/optimize/2026-06-30-18-52-36-eigh/brief-34;autocuda/optimize/2026-06-30-18-52-36-eigh/brief-35;autocuda/optimize/2026-06-30-18-52-36-eigh/brief-36;autocuda/optimize/2026-06-30-18-52-36-eigh/brief-37;autocuda/optimize/2026-06-30-18-52-36-eigh/brief-38;autocuda/optimize/2026-06-30-18-52-36-eigh/brief-39;autocuda/optimize/2026-06-30-18-52-36-eigh/brief-40;autocuda/optimize/2026-06-30-18-52-36-eigh/brief-41;autocuda/optimize/2026-06-30-18-52-36-eigh/brief-42;autocuda/optimize/2026-06-30-18-52-36-eigh/brief-43;autocuda/optimize/2026-06-30-18-52-36-eigh/brief-44;autocuda/optimize/2026-06-30-18-52-36-eigh/brief-45;autocuda/optimize/2026-06-30-18-52-36-eigh/brief-46;autocuda/optimize/2026-06-30-18-52-36-eigh/brief-47;autocuda/optimize/2026-06-30-18-52-36-eigh/brief-48,cba54eb2,,26,,,kept,53.06
opt_0319,"brief-20 t5: shape-9 two-level FINISHING Newton-Schulz moved FP64->true-FP32 (allow_tf32 off). Section-timing proved the projector (14ms) is NOT the dominant cost -- CQR (20ms, must stay FP64: 3xTF32 Gram loses pos-def, Cholesky fails) and NS (10.7ms FP64) dominate. FP32 NS is safe (Q already ~orthonormal post-CQR, Gram~I): measured nbad=0 across 6 clustered reseeds, orth ~5.6e-6 (BETTER than FP64 NS's ~1e-5; FP64 NS tripped 1/6 reseeds to orth 7e-2). Shape9 58306->54099us (-4.2ms/7.2%); geomean 40108->39849 (two benches agree 39849.1/39849.7, std 0.05%). 39/39 PASS. New run best.",autocuda/optimize/2026-06-30-18-52-36-eigh/brief-23;autocuda/optimize/2026-06-30-18-52-36-eigh/brief-24;autocuda/optimize/2026-06-30-18-52-36-eigh/brief-25;autocuda/optimize/2026-06-30-18-52-36-eigh/brief-26;autocuda/optimize/2026-06-30-18-52-36-eigh/brief-27;autocuda/optimize/2026-06-30-18-52-36-eigh/brief-28;autocuda/optimize/2026-06-30-18-52-36-eigh/brief-29;autocuda/optimize/2026-06-30-18-52-36-eigh/brief-30;autocuda/optimize/2026-06-30-18-52-36-eigh/brief-31;autocuda/optimize/2026-06-30-18-52-36-eigh/brief-32;autocuda/optimize/2026-06-30-18-52-36-eigh/brief-33;autocuda/optimize/2026-06-30-18-52-36-eigh/brief-34;autocuda/optimize/2026-06-30-18-52-36-eigh/brief-35;autocuda/optimize/2026-06-30-18-52-36-eigh/brief-36;autocuda/optimize/2026-06-30-18-52-36-eigh/brief-37;autocuda/optimize/2026-06-30-18-52-36-eigh/brief-38;autocuda/optimize/2026-06-30-18-52-36-eigh/brief-39;autocuda/optimize/2026-06-30-18-52-36-eigh/brief-40;autocuda/optimize/2026-06-30-18-52-36-eigh/brief-41;autocuda/optimize/2026-06-30-18-52-36-eigh/brief-42;autocuda/optimize/2026-06-30-18-52-36-eigh/brief-43;autocuda/optimize/2026-06-30-18-52-36-eigh/brief-44;autocuda/optimize/2026-06-30-18-52-36-eigh/brief-45;autocuda/optimize/2026-06-30-18-52-36-eigh/brief-46;autocuda/optimize/2026-06-30-18-52-36-eigh/brief-47;autocuda/optimize/2026-06-30-18-52-36-eigh/brief-48,8b9b6f40,,26,,,kept,53.06
opt_0320,"brief-20 t4: approach (c) MIXED projector (3xTF32 inner application + FP64 finishing application) for shape-9. 39/39 PASS. Shape9=60167us (std 8355, quiet) -- WORSE than pure-FP64 58306. Halving FP64 GEMMs (4->2) does not pay: the 3xTF32 hi/lo split (bit-mask + 3 bmms) + FP32<->FP64 casts on b640 512x512 tensors (~640MB each, memory-bound) exceed the FP64-GEMM saving. geomean 40218 > 40108 baseline. Measured regression committed; FP64 projector still best.",autocuda/optimize/2026-06-30-18-52-36-eigh/brief-23;autocuda/optimize/2026-06-30-18-52-36-eigh/brief-24;autocuda/optimize/2026-06-30-18-52-36-eigh/brief-25;autocuda/optimize/2026-06-30-18-52-36-eigh/brief-26;autocuda/optimize/2026-06-30-18-52-36-eigh/brief-27;autocuda/optimize/2026-06-30-18-52-36-eigh/brief-28;autocuda/optimize/2026-06-30-18-52-36-eigh/brief-29;autocuda/optimize/2026-06-30-18-52-36-eigh/brief-30;autocuda/optimize/2026-06-30-18-52-36-eigh/brief-31;autocuda/optimize/2026-06-30-18-52-36-eigh/brief-32;autocuda/optimize/2026-06-30-18-52-36-eigh/brief-33;autocuda/optimize/2026-06-30-18-52-36-eigh/brief-34;autocuda/optimize/2026-06-30-18-52-36-eigh/brief-35;autocuda/optimize/2026-06-30-18-52-36-eigh/brief-36;autocuda/optimize/2026-06-30-18-52-36-eigh/brief-37;autocuda/optimize/2026-06-30-18-52-36-eigh/brief-38;autocuda/optimize/2026-06-30-18-52-36-eigh/brief-39;autocuda/optimize/2026-06-30-18-52-36-eigh/brief-40;autocuda/optimize/2026-06-30-18-52-36-eigh/brief-41;autocuda/optimize/2026-06-30-18-52-36-eigh/brief-42;autocuda/optimize/2026-06-30-18-52-36-eigh/brief-43;autocuda/optimize/2026-06-30-18-52-36-eigh/brief-44;autocuda/optimize/2026-06-30-18-52-36-eigh/brief-45;autocuda/optimize/2026-06-30-18-52-36-eigh/brief-46;autocuda/optimize/2026-06-30-18-52-36-eigh/brief-47;autocuda/optimize/2026-06-30-18-52-36-eigh/brief-48,6562d732,,26,,,kept,53.06
opt_0321,"brief-20 t3: 3xTF32 (Ozaki hi+lo) projector for shape-9 two-level path. 39/39 PASS (correct) but shape9 REGRESSED 58306->81729us (+40%), geomean 40108->41027. 3xTF32's ~6e-6 accuracy amplified past the 9.2e-3 eigen gate by the near-degenerate +-1 spectrum -> heavy cuSOLVER fallback + wasted split work. FP64 projector kept as residual-gated fallback so still correct. Measured regression committed.",autocuda/optimize/2026-06-30-18-52-36-eigh/brief-23;autocuda/optimize/2026-06-30-18-52-36-eigh/brief-24;autocuda/optimize/2026-06-30-18-52-36-eigh/brief-25;autocuda/optimize/2026-06-30-18-52-36-eigh/brief-26;autocuda/optimize/2026-06-30-18-52-36-eigh/brief-27;autocuda/optimize/2026-06-30-18-52-36-eigh/brief-28;autocuda/optimize/2026-06-30-18-52-36-eigh/brief-29;autocuda/optimize/2026-06-30-18-52-36-eigh/brief-30;autocuda/optimize/2026-06-30-18-52-36-eigh/brief-31;autocuda/optimize/2026-06-30-18-52-36-eigh/brief-32;autocuda/optimize/2026-06-30-18-52-36-eigh/brief-33;autocuda/optimize/2026-06-30-18-52-36-eigh/brief-34;autocuda/optimize/2026-06-30-18-52-36-eigh/brief-35;autocuda/optimize/2026-06-30-18-52-36-eigh/brief-36;autocuda/optimize/2026-06-30-18-52-36-eigh/brief-37;autocuda/optimize/2026-06-30-18-52-36-eigh/brief-38;autocuda/optimize/2026-06-30-18-52-36-eigh/brief-39;autocuda/optimize/2026-06-30-18-52-36-eigh/brief-40;autocuda/optimize/2026-06-30-18-52-36-eigh/brief-41;autocuda/optimize/2026-06-30-18-52-36-eigh/brief-42;autocuda/optimize/2026-06-30-18-52-36-eigh/brief-43;autocuda/optimize/2026-06-30-18-52-36-eigh/brief-44;autocuda/optimize/2026-06-30-18-52-36-eigh/brief-45;autocuda/optimize/2026-06-30-18-52-36-eigh/brief-46;autocuda/optimize/2026-06-30-18-52-36-eigh/brief-47;autocuda/optimize/2026-06-30-18-52-36-eigh/brief-48,3ae462d6,,26,,,kept,53.06
opt_0322,"brief-24 t1: COMBINE parent A (shape-9 block-CQR/block-NS + low-rank precision, current global best) with parent B (mega_eigh_med_split_k tensor-core WY back-transform + routing). Graft B's split kernel + torch batched-GEMM back-transform (_mega_med_split_solve, _mega_med_backtransform, _bt_bmm, _backtransform_fullT, split-T cache) into A, wired into the n=352 direct med path (_eigh_megakernel_med) AND the k in (200,448] low-rank inner solve (_lr_reduced_mega). CRITICAL: megakernel module kept A's -O3/--use_fast_math (NOT brief-22's -O2) -> shape-1 (n=176) recovered to 2519.999us (not 2804), matching the live-accepted 8b9b6f40 lineage. A's block-diagonal _eigh_twolevel kept byte-identical. Validated 39/39 TWICE under -O3 (determinism w/ --use_fast_math confirmed). Per-shape (QUIET bench): shape1 n=176 2519.999 (recovered), shape2 n=352 split 6774.398, shape3 512/k352 81042.526, shape8 rankdef/k384 93320.628, shape9 clustered block-NS 46596.715, shape12 geom/k384 34437->33965.706. Geomean 39359.749->36398.226us (-7.5%, new run best, beats 39322 target). grep stream=0.",autocuda/optimize/2026-06-30-18-52-36-eigh/brief-25;autocuda/optimize/2026-06-30-18-52-36-eigh/brief-26;autocuda/optimize/2026-06-30-18-52-36-eigh/brief-27;autocuda/optimize/2026-06-30-18-52-36-eigh/brief-28;autocuda/optimize/2026-06-30-18-52-36-eigh/brief-29;autocuda/optimize/2026-06-30-18-52-36-eigh/brief-30;autocuda/optimize/2026-06-30-18-52-36-eigh/brief-31;autocuda/optimize/2026-06-30-18-52-36-eigh/brief-32;autocuda/optimize/2026-06-30-18-52-36-eigh/brief-33;autocuda/optimize/2026-06-30-18-52-36-eigh/brief-34;autocuda/optimize/2026-06-30-18-52-36-eigh/brief-35;autocuda/optimize/2026-06-30-18-52-36-eigh/brief-36;autocuda/optimize/2026-06-30-18-52-36-eigh/brief-37;autocuda/optimize/2026-06-30-18-52-36-eigh/brief-38;autocuda/optimize/2026-06-30-18-52-36-eigh/brief-39;autocuda/optimize/2026-06-30-18-52-36-eigh/brief-40;autocuda/optimize/2026-06-30-18-52-36-eigh/brief-41;autocuda/optimize/2026-06-30-18-52-36-eigh/brief-42;autocuda/optimize/2026-06-30-18-52-36-eigh/brief-43;autocuda/optimize/2026-06-30-18-52-36-eigh/brief-44;autocuda/optimize/2026-06-30-18-52-36-eigh/brief-45;autocuda/optimize/2026-06-30-18-52-36-eigh/brief-46;autocuda/optimize/2026-06-30-18-52-36-eigh/brief-47;autocuda/optimize/2026-06-30-18-52-36-eigh/brief-48,391107f7,,24,,,kept,48.98
opt_0323,brief-28 t2: extend mixed512 peel with clustered two-level subset,autocuda/optimize/2026-06-30-18-52-36-eigh/brief-31;autocuda/optimize/2026-06-30-18-52-36-eigh/brief-33;autocuda/optimize/2026-06-30-18-52-36-eigh/brief-34;autocuda/optimize/2026-06-30-18-52-36-eigh/brief-35;autocuda/optimize/2026-06-30-18-52-36-eigh/brief-36;autocuda/optimize/2026-06-30-18-52-36-eigh/brief-37;autocuda/optimize/2026-06-30-18-52-36-eigh/brief-38;autocuda/optimize/2026-06-30-18-52-36-eigh/brief-39;autocuda/optimize/2026-06-30-18-52-36-eigh/brief-40;autocuda/optimize/2026-06-30-18-52-36-eigh/brief-41;autocuda/optimize/2026-06-30-18-52-36-eigh/brief-42;autocuda/optimize/2026-06-30-18-52-36-eigh/brief-43;autocuda/optimize/2026-06-30-18-52-36-eigh/brief-44;autocuda/optimize/2026-06-30-18-52-36-eigh/brief-45;autocuda/optimize/2026-06-30-18-52-36-eigh/brief-46;autocuda/optimize/2026-06-30-18-52-36-eigh/brief-47;autocuda/optimize/2026-06-30-18-52-36-eigh/brief-48,3d3712d0,,17,,,kept,34.69
opt_0324,brief-28 t1: mixed512 dense-peel router -> new run best 35876us,autocuda/optimize/2026-06-30-18-52-36-eigh/brief-31;autocuda/optimize/2026-06-30-18-52-36-eigh/brief-33;autocuda/optimize/2026-06-30-18-52-36-eigh/brief-34;autocuda/optimize/2026-06-30-18-52-36-eigh/brief-35;autocuda/optimize/2026-06-30-18-52-36-eigh/brief-36;autocuda/optimize/2026-06-30-18-52-36-eigh/brief-37;autocuda/optimize/2026-06-30-18-52-36-eigh/brief-38;autocuda/optimize/2026-06-30-18-52-36-eigh/brief-39;autocuda/optimize/2026-06-30-18-52-36-eigh/brief-40;autocuda/optimize/2026-06-30-18-52-36-eigh/brief-41;autocuda/optimize/2026-06-30-18-52-36-eigh/brief-42;autocuda/optimize/2026-06-30-18-52-36-eigh/brief-43;autocuda/optimize/2026-06-30-18-52-36-eigh/brief-44;autocuda/optimize/2026-06-30-18-52-36-eigh/brief-45;autocuda/optimize/2026-06-30-18-52-36-eigh/brief-46;autocuda/optimize/2026-06-30-18-52-36-eigh/brief-47;autocuda/optimize/2026-06-30-18-52-36-eigh/brief-48,3adba24b,,17,,,kept,34.69
opt_0325,brief-31 COMBINE A(mixed512 peel)+B(megakernel gate trim): graft B's recon-drop + TF32-eigr onto A,autocuda/optimize/2026-06-30-18-52-36-eigh/brief-33;autocuda/optimize/2026-06-30-18-52-36-eigh/brief-34;autocuda/optimize/2026-06-30-18-52-36-eigh/brief-35;autocuda/optimize/2026-06-30-18-52-36-eigh/brief-36;autocuda/optimize/2026-06-30-18-52-36-eigh/brief-37;autocuda/optimize/2026-06-30-18-52-36-eigh/brief-38;autocuda/optimize/2026-06-30-18-52-36-eigh/brief-39;autocuda/optimize/2026-06-30-18-52-36-eigh/brief-40;autocuda/optimize/2026-06-30-18-52-36-eigh/brief-41;autocuda/optimize/2026-06-30-18-52-36-eigh/brief-42;autocuda/optimize/2026-06-30-18-52-36-eigh/brief-43;autocuda/optimize/2026-06-30-18-52-36-eigh/brief-44;autocuda/optimize/2026-06-30-18-52-36-eigh/brief-45;autocuda/optimize/2026-06-30-18-52-36-eigh/brief-46;autocuda/optimize/2026-06-30-18-52-36-eigh/brief-47;autocuda/optimize/2026-06-30-18-52-36-eigh/brief-48,a7f01e4d,,16,,,kept,32.65
opt_0326,"brief-33 t1: PSD peel band in mixed512 router (k=256, PR[37,48))",autocuda/optimize/2026-06-30-18-52-36-eigh/brief-34;autocuda/optimize/2026-06-30-18-52-36-eigh/brief-35;autocuda/optimize/2026-06-30-18-52-36-eigh/brief-36;autocuda/optimize/2026-06-30-18-52-36-eigh/brief-37;autocuda/optimize/2026-06-30-18-52-36-eigh/brief-38;autocuda/optimize/2026-06-30-18-52-36-eigh/brief-39;autocuda/optimize/2026-06-30-18-52-36-eigh/brief-40;autocuda/optimize/2026-06-30-18-52-36-eigh/brief-41;autocuda/optimize/2026-06-30-18-52-36-eigh/brief-42;autocuda/optimize/2026-06-30-18-52-36-eigh/brief-43;autocuda/optimize/2026-06-30-18-52-36-eigh/brief-44;autocuda/optimize/2026-06-30-18-52-36-eigh/brief-45;autocuda/optimize/2026-06-30-18-52-36-eigh/brief-46;autocuda/optimize/2026-06-30-18-52-36-eigh/brief-47;autocuda/optimize/2026-06-30-18-52-36-eigh/brief-48,5c66a54b,,15,,,kept,30.61
opt_0327,brief-35 t4: FUSED single-pass symv -> shape-4 AND shape-10 both beat cuSOLVER,autocuda/optimize/2026-06-30-18-52-36-eigh/brief-41;autocuda/optimize/2026-06-30-18-52-36-eigh/brief-42;autocuda/optimize/2026-06-30-18-52-36-eigh/brief-43;autocuda/optimize/2026-06-30-18-52-36-eigh/brief-44;autocuda/optimize/2026-06-30-18-52-36-eigh/brief-45;autocuda/optimize/2026-06-30-18-52-36-eigh/brief-46;autocuda/optimize/2026-06-30-18-52-36-eigh/brief-47;autocuda/optimize/2026-06-30-18-52-36-eigh/brief-48,f8e44f9d,,8,,,kept,16.33
opt_0328,brief-35 t3: runtime cluster size C (one build serves C=2/C=3); C=3 for k=768 works but loses,autocuda/optimize/2026-06-30-18-52-36-eigh/brief-41;autocuda/optimize/2026-06-30-18-52-36-eigh/brief-42;autocuda/optimize/2026-06-30-18-52-36-eigh/brief-43;autocuda/optimize/2026-06-30-18-52-36-eigh/brief-44;autocuda/optimize/2026-06-30-18-52-36-eigh/brief-45;autocuda/optimize/2026-06-30-18-52-36-eigh/brief-46;autocuda/optimize/2026-06-30-18-52-36-eigh/brief-47;autocuda/optimize/2026-06-30-18-52-36-eigh/brief-48,01a278dc,,8,,,kept,16.33
opt_0329,brief-35 t2: DE-RACE the cluster tridiag (global v/p exchange) -> shape-4 k=608 WIN,autocuda/optimize/2026-06-30-18-52-36-eigh/brief-41;autocuda/optimize/2026-06-30-18-52-36-eigh/brief-42;autocuda/optimize/2026-06-30-18-52-36-eigh/brief-43;autocuda/optimize/2026-06-30-18-52-36-eigh/brief-44;autocuda/optimize/2026-06-30-18-52-36-eigh/brief-45;autocuda/optimize/2026-06-30-18-52-36-eigh/brief-46;autocuda/optimize/2026-06-30-18-52-36-eigh/brief-47;autocuda/optimize/2026-06-30-18-52-36-eigh/brief-48,a79df8e0,,8,,,kept,16.33
opt_0330,brief-35 t1: wire C=2 cluster split kernel for k=608 inner solve (shape 4),autocuda/optimize/2026-06-30-18-52-36-eigh/brief-41;autocuda/optimize/2026-06-30-18-52-36-eigh/brief-42;autocuda/optimize/2026-06-30-18-52-36-eigh/brief-43;autocuda/optimize/2026-06-30-18-52-36-eigh/brief-44;autocuda/optimize/2026-06-30-18-52-36-eigh/brief-45;autocuda/optimize/2026-06-30-18-52-36-eigh/brief-46;autocuda/optimize/2026-06-30-18-52-36-eigh/brief-47;autocuda/optimize/2026-06-30-18-52-36-eigh/brief-48,64898058,,8,,,kept,16.33
opt_0331,brief-27 t2: route the megakernel gates' eigr GEMM (af@Q) to TF32 tensor cores.,autocuda/optimize/2026-06-30-18-52-36-eigh/brief-29;autocuda/optimize/2026-06-30-18-52-36-eigh/brief-30;autocuda/optimize/2026-06-30-18-52-36-eigh/brief-32,8d30bf97,,3,,,kept,6.12
opt_0332,brief-27 t1: drop redundant recon GEMM from both megakernel gates.,autocuda/optimize/2026-06-30-18-52-36-eigh/brief-29;autocuda/optimize/2026-06-30-18-52-36-eigh/brief-30;autocuda/optimize/2026-06-30-18-52-36-eigh/brief-32,2c0dd374,,3,,,kept,6.12
opt_0333,"brief-43 t7-8: sweep subspace width K; K in [288,300] all ~110ms, keep K=300",autocuda/optimize/2026-06-30-18-52-36-eigh/brief-46;autocuda/optimize/2026-06-30-18-52-36-eigh/brief-47;autocuda/optimize/2026-06-30-18-52-36-eigh/brief-48,4f7abed0,,3,,,kept,6.12
opt_0334,brief-43 t6: expose CQR-passes knob; measured passes=1 regresses (kept at 2),autocuda/optimize/2026-06-30-18-52-36-eigh/brief-46;autocuda/optimize/2026-06-30-18-52-36-eigh/brief-47;autocuda/optimize/2026-06-30-18-52-36-eigh/brief-48,e503e617,,3,,,kept,6.12
opt_0335,brief-43 t5: stack the two reduced blocks into one megakernel launch (shape 11 115->110ms),autocuda/optimize/2026-06-30-18-52-36-eigh/brief-46;autocuda/optimize/2026-06-30-18-52-36-eigh/brief-47;autocuda/optimize/2026-06-30-18-52-36-eigh/brief-48,c6306c8f,,3,,,kept,6.12
opt_0336,"brief-43 t4: fuse NS via baddbmm, unmaterialized projectors, 3xTF32 gates (shape 11 124->115ms)",autocuda/optimize/2026-06-30-18-52-36-eigh/brief-46;autocuda/optimize/2026-06-30-18-52-36-eigh/brief-47;autocuda/optimize/2026-06-30-18-52-36-eigh/brief-48,da0c2f08,,3,,,kept,6.12
opt_0337,brief-43 t3: cache Omega probe blocks + NS 24->20 (shape 11 159.8->124.4ms),autocuda/optimize/2026-06-30-18-52-36-eigh/brief-46;autocuda/optimize/2026-06-30-18-52-36-eigh/brief-47;autocuda/optimize/2026-06-30-18-52-36-eigh/brief-48,7c66d294,,3,,,kept,6.12
opt_0338,brief-43 t2: reduce sign NS iters 30->24 (shape 11 170.5->159.8ms),autocuda/optimize/2026-06-30-18-52-36-eigh/brief-46;autocuda/optimize/2026-06-30-18-52-36-eigh/brief-47;autocuda/optimize/2026-06-30-18-52-36-eigh/brief-48,936c1620,,3,,,kept,6.12
opt_0339,brief-43 t1: sign-function spectral D&C for n=512 dense-even (shape 11 207.7->170.5ms),autocuda/optimize/2026-06-30-18-52-36-eigh/brief-46;autocuda/optimize/2026-06-30-18-52-36-eigh/brief-47;autocuda/optimize/2026-06-30-18-52-36-eigh/brief-48,23fb18c8,,3,,,kept,6.12
opt_0340,"brief14 t6: (a) STAGE-SPLIT DIAGNOSIS via CLUST_SKIP_BT/CLUST_SKIP_SOLVE macros: dense512 b640 = tridiag(stage1) 288ms/73% + back-transform(stage4) 86ms/22% + bisection+twisted(stages2-3) 19ms/5%. The TRIDIAGONALIZATION dominates (unlike single-CTA mega_eigh_med where back-transform is 70%) -- all cross-CTA coordination lives there. (b) switch v/p exchange from global staging to DIRECT map_shared_rank DSMEM (peer reads owned ranges, disjoint->race-free) removing ~2040 global n-vector round-trips/matrix. Ratio ~0.44-0.57x cuSOLVER (roughly neutral vs t4's 0.43x; absolute numbers noisy this window -- cuSOLVER read 171-342ms across runs, likely GPU clock/thermal). Correct 0/640. Tridiag+25%-occupancy wall remains the ceiling. Macros are compile-guarded (default full path).",autocuda/optimize/2026-06-30-18-52-36-eigh/brief-14;autocuda/optimize/2026-06-30-18-52-36-eigh/brief-21,889265f6,,2,,,kept,4.08
opt_0341,"brief14 t4: replace atomic-scatter symv with NO-ATOMIC symmetric dot-product symv + remote-DSMEM reads (C=2). Each CTA computes p[i] only for OWNED rows (p[i]=sum_j<=i A[i][j]v[j] LOCAL + sum_j>i A[j][i]v[j], CTA0's upper part reads CTA1's rows via map_shared_rank) -> NO atomics, NO cross-CTA p reduction (disjoint owned p writes). 5x FASTER: dense512 1952->393ms, lapdense_even 425ms. speedup vs cuSOLVER 0.08x->0.43x (dense512), 0.48x (lapdense_even). The atomic scatter (67M SMEM atomics/matrix) was the dominant cost. Remote-DSMEM reads did NOT reintroduce a bandwidth floor -- exactly the brief's targeted design. Correct 0/640, orth 4e-5, eig 4e-6. Still ~2.3x off cuSOLVER (occupancy 1 CTA/SM + per-col coordination remain).",autocuda/optimize/2026-06-30-18-52-36-eigh/brief-14;autocuda/optimize/2026-06-30-18-52-36-eigh/brief-21,617b3a7f,,2,,,kept,4.08
opt_0342,"brief14 t2: phase-A/B split of cluster tridiag (phase A distributed 3 cluster.sync/col, phase B c>=half-1 CTA1-alone no cluster.sync) + fewer syncs. NEUTRAL on time (2111ms, unchanged) -> barriers are NOT the dominant cost. ncu: pure occupancy starvation -- 4 warps/scheduler, No-Eligible 92%, IPC 0.32, SM-busy 6.9%, 1 CTA/SM (SMEM 192KB + regs both cap at 1), nt=1024 overflows regfile. 39% shared-store bank conflicts (packed-tri layout). Root cause = 16 warps/SM vs mega_eigh_med's ~64 (2 CTAs/SM at nt=1024). Correct 0/640. Next: occupancy via balanced pivot (192->128KB) + launch_bounds, or 3-4 CTA cluster (~64-85KB/CTA -> 2+/SM).",autocuda/optimize/2026-06-30-18-52-36-eigh/brief-14;autocuda/optimize/2026-06-30-18-52-36-eigh/brief-21,629e97bb,,2,,,kept,4.08
opt_0343,brief-44 t11: comment cleanup -- accurate final scoped-3xTF32 design,autocuda/optimize/2026-06-30-18-52-36-eigh/brief-46;autocuda/optimize/2026-06-30-18-52-36-eigh/brief-47,d6ce9b52,,2,,,kept,4.08
opt_0344,brief-44 t10: symmetric-aware 3xTF32 Gram (2 bmms vs 3),autocuda/optimize/2026-06-30-18-52-36-eigh/brief-46;autocuda/optimize/2026-06-30-18-52-36-eigh/brief-47,df225d06,,2,,,kept,4.08
opt_0345,"brief-44 t9: CLEAN best -- scoped 3xTF32 dominant Gram, Vd lift FP32",autocuda/optimize/2026-06-30-18-52-36-eigh/brief-46;autocuda/optimize/2026-06-30-18-52-36-eigh/brief-47,e9fc5cf7,,2,,,kept,4.08
opt_0346,brief-44 t8: add scoped 3xTF32 Vd lift on top of t7 (Gram+lift both 3xTF32),autocuda/optimize/2026-06-30-18-52-36-eigh/brief-46;autocuda/optimize/2026-06-30-18-52-36-eigh/brief-47,b867cfb5,,2,,,kept,4.08
opt_0347,brief-44 t7: SCOPED 3xTF32 dominant Gram (n=1024 + n=512/k>=384 + mixed peel),autocuda/optimize/2026-06-30-18-52-36-eigh/brief-46;autocuda/optimize/2026-06-30-18-52-36-eigh/brief-47,e3ef14b4,,2,,,kept,4.08
opt_0348,"brief-44 t6: per-pass dominant CQR2 Gram schedule (pass1 FP32, pass2 TF32)",autocuda/optimize/2026-06-30-18-52-36-eigh/brief-46;autocuda/optimize/2026-06-30-18-52-36-eigh/brief-47,36f4ccb5,,2,,,kept,4.08
opt_0349,brief-44 t5: dominant CQR2 Gram -> 3xTF32 ONLY (Vd lift FP32),autocuda/optimize/2026-06-30-18-52-36-eigh/brief-46;autocuda/optimize/2026-06-30-18-52-36-eigh/brief-47,07260564,,2,,,kept,4.08
opt_0350,brief-44 t4: Vd lift -> 3xTF32 ONLY (dominant Gram FP32),autocuda/optimize/2026-06-30-18-52-36-eigh/brief-46;autocuda/optimize/2026-06-30-18-52-36-eigh/brief-47,a43f0dce,,2,,,kept,4.08
opt_0351,brief-44 t3: dominant CQR2 Gram + Vd lift -> 3xTF32 (Ozaki hi+lo split),autocuda/optimize/2026-06-30-18-52-36-eigh/brief-46;autocuda/optimize/2026-06-30-18-52-36-eigh/brief-47,40b1ca42,,2,,,kept,4.08
opt_0352,brief-44 t2: Vd lift -> plain TF32 only (dominant Gram back to FP32),autocuda/optimize/2026-06-30-18-52-36-eigh/brief-46;autocuda/optimize/2026-06-30-18-52-36-eigh/brief-47,edac579c,,2,,,kept,4.08
opt_0353,brief-44 t1: dominant CQR2 Gram + Vd lift -> plain TF32,autocuda/optimize/2026-06-30-18-52-36-eigh/brief-46;autocuda/optimize/2026-06-30-18-52-36-eigh/brief-47,46c44df5,,2,,,kept,4.08
opt_0354,brief0 trial14: NS-orth (GEMM-only FP32) replaces CQR2 triangular solves in peel,autocuda/optimize/2026-06-30-18-52-36-eigh/brief-0,ca579dce,,1,,,kept,2.04
opt_0355,"TWO-STAGE tridiagonalization: dense->band (custom batched QR-panel kernel + batched GEMM two-sided update, tensor cores) + band->tridiag (latrd_panel) + GEMM back-transform. Validated 39/39 test shapes, residuals comfortable. Benchmark FAILED: shape11 lapack_dense_even b640 recon residual 0.275 just over gate 0.274 (internal gate lacks recon check). Also slow: dense b640 n512 ~1373ms vs cuSOLVER 172ms (dense->band 307ms, band->tridiag 184ms, tridiag_eigh 667ms). Fixing gate + speed next.",autocuda/optimize/2026-06-30-18-52-36-eigh/brief-1,ce73b670,autocuda/optimize/2026-06-30-18-52-36-eigh/brief-1:1,1,,,failed,2.04
opt_0356,"brief-1 trial 2: custom batched panel-factorization CUDA kernel (latrd_panel, one CTA/matrix, nb cols/launch) + batched-GEMM trailing update + WY GEMM back-transform. Validated 39/39, residuals comfortable (eigr/||A|| 1.1e-3, orth 5.8e-6). geomean 100606us (from 105629). shape3 n512:358439 (cuSOLVER 172240), shape4 n1024:435024 (cuSOLVER 109334) -- panel matvec by one CTA's 256 threads reading trailing block from global per column is the new bottleneck (no tensor cores in the panel symv). Need to make the panel symv a tensor-core GEMM or use more CTAs per matrix.",autocuda/optimize/2026-06-30-18-52-36-eigh/brief-1,254f535a,,1,,,kept,2.04
opt_0357,"brief-1 trial 1: route dense n=512/1024 to existing _eigh_custom batched pipeline (blocked Householder + bisect/twisted + GEMM back-transform). Measures the starting point: geomean 105629us (2x SLOWER than cuSOLVER 47884us baseline) -- the Python-loop _householder_tridiag with per-column batched matvec is latency-bound and dominates. shape3 n512:347992 (vs 172240), shape4 n1024:565039 (vs 109334). Also shape9 clustered regressed (544136 vs 57039) because the new branch precedes the two-level path. Establishes the batched reduction is the lever to rebuild as tensor-core GEMM.",autocuda/optimize/2026-06-30-18-52-36-eigh/brief-1,2d19b988,,1,,,kept,2.04
opt_0358,"Full SBR eigensolver: _sbr_dense_to_band (correct dense->band block-QR, ALL O(n^3) work = tl.dot GEMMs; two-sided WY update derived+verified: recon 0.0096, eigval 0.0026, off-band exactly 0) + fused Householder band->tridiag, routed n=512 via _eigh_tc_safe. Reduced tl.dot autotune to 5 configs. Validation PASSES (test n=512 batch 16). Benchmark FAILS (eval.py 112): lapack_dense_even512 seed780001 batch640 matrix 321 reconstruction residual 0.401 > 0.275 allowed. Root cause: _eigh_tc_safe gate checks eigen+orth but NOT reconstruction -- a bad eigenpair that weakly satisfies A@q~lq and keeps orth slips through. SBR reduction itself is correct+tensor-core; the gate needs a reconstruction term. Will reset and add it.",autocuda/optimize/2026-06-30-18-52-36-eigh/brief-15,2f64c26b,autocuda/optimize/2026-06-30-18-52-36-eigh/brief-15:5,1,,,failed,2.04
opt_0359,brief16: untrack fleet-shared GPU lock files (runtime artifacts). Final diff vs parent = submission.py only (+88/-11).,autocuda/optimize/2026-06-30-18-52-36-eigh/brief-19,334d60a1,,1,,,kept,2.04
opt_0360,"brief16 t12: remove unused _matmul_3xtf32 helper (t9 reverted its only uses; keep the diff clean, no dead alternatives). Live path UNCHANGED from t10/t11 (pure comment/dead-def removal) -- low-rank shapes reproduce (s3 99442, s4 76800, s8 116039, s12 38783; confirming run's geomean was contention-inflated on the tiny shapes, true ~40247). Final best config: range-finder 1-pass CQR + complement Gram TF32 + 3xTF32 gate V^TV.",autocuda/optimize/2026-06-30-18-52-36-eigh/brief-19,05fd3d63,,1,,,kept,2.04
opt_0361,"brief16: untrack runtime GPU lock files accidentally staged by git add -A during t8-t10 (fleet-shared .gpu-0.lock/.gpu-sched.lock are runtime artifacts, never source; not present in the parent). submission.py is now the only tracked change vs parent.",autocuda/optimize/2026-06-30-18-52-36-eigh/brief-19,6c9f493c,,1,,,kept,2.04
opt_0362,Trial1: RR subspace (FP16 A^2 filter -> NS orthonormalize -> M=Q^T A Q -> inner eigh(M) -> rotate). Tests 0-26 PASS with comfortable margins (scaled eigen residual 0.03-0.3 vs gate ~1.0). CRASH at test 26 lapack_diag_geometric_high_magnitude: FP16 overflow on ~1.8e19 entries + inner cuSOLVER eigh non-convergence. Needs 1/max|A| scaling before FP16 cast and try/except around inner eigh.,autocuda/optimize/2026-06-30-18-52-36-eigh/brief-2,6f50da3e,autocuda/optimize/2026-06-30-18-52-36-eigh/brief-2:1,1,,,failed,2.04
opt_0363,"brief2 trial3: Chebyshev-filtered DOMINANT-subspace path (deg-8 Cheb recurrence FP16 + CholeskyQR2 + k=384/768 RR + lumped tail), routed dense n=512/1024; all 39 PASS, 0 fallbacks; geomean 67439us (still regression ~1.8x, CholeskyQR2 tri-solve SIMT dominates)",autocuda/optimize/2026-06-30-18-52-36-eigh/brief-2,6a8e1781,,1,,,kept,2.04
opt_0364,"brief2 trial2: RR subspace with 1/max|A| scaling + try/except inner eigh; all 39 tests PASS; geomean 77996us (regression, ~2x slower than cuSOLVER: inner eigh(M) costs same as eigh(A) + filter/orth/gate overhead)",autocuda/optimize/2026-06-30-18-52-36-eigh/brief-2,23b74f38,,1,,,kept,2.04
opt_0365,"brief14 t8 (final clean): remove the MEGA_EXTRA_CFLAGS diagnostic env hook used for the CLUST_SKIP_BT/CLUST_SKIP_SOLVE stage-timing (guards left in place, inert by default, documenting the tridiag=73%/backtransform=22%/solve=5% split). Keeps -DCLUST_C/-DCLUST_NT (load-bearing for launch_bounds sync). Committed submission: cluster megakernel present+correct(0/640 on shapes 3/6/11)+validated(39/39) but NOT routed; benchmark geomean 41994us = parent 41378 + the mandated -O2 switch (+1.5%, matches brief-13's -O2). No regression from routing (cluster is 0.43-0.51x cuSOLVER on the n=512 dense shapes; ceiling = 25% occupancy hard cap + serial tridiag).",autocuda/optimize/2026-06-30-18-52-36-eigh/brief-21,4d4a611c,,1,,,kept,2.04
opt_0366,"brief14 t7: warp-shuffle two-level block reductions for the per-column s2 + vp sites in the cluster tridiag (was ~10-barrier tree each -> 2 barriers), matching brief-13's single-CTA win. dense512 387ms=0.44x cuSOLVER(171, clean read) -- ~2% over t4/t6, marginal (tridiag serial work + 25% occupancy wall dominates, not reduction barriers). Correct 0/640. Cumulative from atomic-scatter t1: 2110->387ms = 5.4x. Cluster kernel is CORRECT on all n=512 dense shapes but sits at ~0.44-0.51x cuSOLVER; ceiling set by (1) tridiag=73% of the kernel, (2) 25% occupancy hard-capped (2 CTAs x 128KB FP16 matrix > 228KB SMEM/SM).",autocuda/optimize/2026-06-30-18-52-36-eigh/brief-21,63106099,,1,,,kept,2.04
opt_0367,"brief14 t5: revert warp-per-row symv (439ms, SLOWER: warp-reduce overhead > conflict-free reads); keep thread-per-row (393ms best). nt swept 256/512/1024 (512 best); -DCLUST_C/-DCLUST_NT infra keeps launch_bounds+cluster dims in sync. C=2 occupancy HARD-CAPPED at 25% (1 CTA/SM): 2 CTAs holding the full n=512 FP16 matrix need 2x128KB=256KB > 228KB physical SMEM -- fundamental, not tunable (C=3 catastrophic 96ms/mat cluster-scheduling cliff, C=4 2x slower coordination). Best cluster: dense512 393ms (0.43x cuSOLVER), lapdense_even 425ms (0.48x). Correct 0/640. Next: attack back-transform (likely ~70% per brief-13's single-CTA split).",autocuda/optimize/2026-06-30-18-52-36-eigh/brief-21,c867d0cd,,1,,,kept,2.04
opt_0368,"brief14 t3: parametric C-CTA cluster (balanced row boundaries via closed-form pivot, global v/p staging) + __launch_bounds__(nt,2). Key occupancy findings from ncu: (1) occupancy was REGISTER-capped (Block Limit Registers=1), not SMEM -> launch_bounds(,2) capped regs at 64/thread, no spills, Block Limit Registers=2. (2) But SMEM now binds: C=2 balanced=128KB/CTA > 114KB -> Block Limit SharedMem=1 -> still 1 CTA/SM, 25% occ, 4 warps/sched. C=4 (64KB) was 2x SLOWER (4716ms) from global-staging + 4-way coordination. C=2+launch_bounds = 1952ms (best cluster, vs 2111 C=2 t2, vs 171 cuSOLVER). Correct 0/640. To reach 2 CTAs/SM need C=3 (85KB<114KB) so BOTH reg+SMEM allow 2.",autocuda/optimize/2026-06-30-18-52-36-eigh/brief-21,b57cb349,,1,,,kept,2.04
opt_0369,"brief14 t1: 2-CTA cluster megakernel for n=512 (row-distributed packed-FP16, scatter symv, cluster.sync barriers). CORRECT (0/640 gate-fails on dense512 AND lapack_dense_even512, eigenvalues match cuSOLVER exactly) but 12x SLOWER (2110ms vs 171ms shape3): per-column cluster.sync overhead + atomic scatter + 2CTA occupancy. -O2, sm_100a, not yet routed. Establishes the distributed algorithm is sound; needs barrier/occupancy work.",autocuda/optimize/2026-06-30-18-52-36-eigh/brief-21,c1dda652,,1,,,kept,2.04
opt_0370,"brief-25 t9: FINALIZE batch-gated blocked tridiag (nb=32, _latrd_use 48<=b<=128). Validated 39/39 TWICE under -O3/--use_fast_math (determinism confirmed). QUIET geomean 36331 vs parent 36398 (-0.2%, within noise). shape12 b60 blocked 33468 vs parent 33965 (-1.5%, CONSISTENT across t7/t9). shape2/3/8 recovered to single-launch (no regression). The blocked tridiag (torch-GEMM trailing update) is the measured-faster path ONLY in the b~60 window; b40 and b640 keep single-launch.",autocuda/optimize/2026-06-30-18-52-36-eigh/brief-25,9316a7a0,,1,,,kept,2.04
opt_0371,"brief-25 t8: nb=16 sweep (more panels). shape12 33531->34267 (WORSE -- more launches), geomean 36461 vs t7 36321. Confirms fewer/bigger panels is better; nb capped by SMEM (=24 for k=384, =32 for n=352) is the sweet spot. Reverting to nb=32 for t9.",autocuda/optimize/2026-06-30-18-52-36-eigh/brief-25,13e549a6,,1,,,kept,2.04
opt_0372,"brief-25 t7: BATCH-GATE the blocked tridiag (_latrd_use: 48<=b<=128). Recovers b40 (shape2 6773) + b640 (shape3 81024, shape8 93365) to single-launch; keeps blocked ONLY at b60 (shape12 33531 vs parent 33965, -1.3%). geomean 36321 vs parent 36398 (-0.2%, within noise but no regression + a consistent shape12 win). The blocked win needs the middle batch window: B<148 (single-CTA SM-starved) yet B big enough to amortize 11 launches+reloads+trailing-GEMM.",autocuda/optimize/2026-06-30-18-52-36-eigh/brief-25,71f5e228,,1,,,kept,2.04
opt_0373,"brief-25 t6: cache latrd scratch (V/W/tau/Z/dp/dm by (b,n,nbt)). No measurable change (37680 vs 37667; torch caching allocator already handled churn) -> the panel-kernel latency+launch overhead is the real cost, not allocation. shape2 9163, shape3 94996, shape12 33564.",autocuda/optimize/2026-06-30-18-52-36-eigh/brief-25,2a7f3179,,1,,,kept,2.04
opt_0374,"brief-25 t5: wire blocked tridiag into k-block inner solve (_lr_reduced_mega) + adaptive nb-fit (_latrd_nb_fit; k=384 nb caps at 24 for SMEM). REVEALS batch dependence: shape3 512/k352 b640 81042->94904 (+17% REGRESS), shape8 rankdef/k384 b640 ~same, shape12 geom/k384 b60 33965->33462 (-1.5% WIN). The blocked win needs B<~148 (single-CTA SM-starved); at b640 the single-launch ALREADY fills 148 SMs with 640 CTAs so blocking just adds launch+reload+GEMM overhead. geomean 37667 vs parent 36398 (+3.5%). shape2 b40 still 9171 vs 6774. NEXT: gate blocked-inner by batch (b640->single-launch).",autocuda/optimize/2026-06-30-18-52-36-eigh/brief-25,32438972,,1,,,kept,2.04
opt_0375,"brief-25 t4: FP16-SMEM packed A0 symv (vs FP32-global t3) -- now that wstride is fixed, FP16 A0 is accurate enough (eigr 2.3e-4 << 6.3e-3 gate, 0-1/40 fallback). shape2 n=352 15962->9162 (FP32-global->FP16-SMEM). geomean 37234 vs parent 36398 (+2.3%, was +6.9%). shape2 still 1.35x parent 6774 (single-launch keeps A in SMEM once; blocked reloads A0 FP16 per panel + 11 launches + trailing GEMM at b40 not saturating). NEXT: wire blocked tridiag into the b640/b60 inner-solve path (shapes 3/8/12) where the batched trailing GEMM saturates.",autocuda/optimize/2026-06-30-18-52-36-eigh/brief-25,12553cf6,,1,,,kept,2.04
opt_0376,"brief-25 t3: FP32 global-A symv (not FP16-packed SMEM) + FIX wstride bug (last panel kpan<nbt mis-indexed Wout -> garbage trailing update -> 100% fallback). Now bad=0/40, eigr 2.3e-6 (was 7.6e-2). shape2 n=352 30318->15962 (fallback gone) but still 2.4x parent 6774 (blocked structure: 11 launches + FP32 global symv + trailing GEMMs > single-CTA FP16-SMEM kernel at b40). geomean 38905 vs parent 36398 (+6.9%). Correct + no fallback; the remaining gap is the panel-kernel + launch overhead at b40.",autocuda/optimize/2026-06-30-18-52-36-eigh/brief-25,69c8cab5,,1,,,kept,2.04
opt_0377,brief-25 t2: panel kernel keeps Vp/Wp in SMEM (kills uncoalesced global correction reads) + parallel warp-per-e inner products (kills the O(nb^2) serial block-reductions of t1) + cudaFuncSetAttribute once. shape2 n=352 40825->30318 (t1->t2) but still 4.5x parent 6774. geomean 40811 vs parent 36398 (+12%). Blocked structure at b40 still swamped by 11 launches + per-panel A0 reload.,autocuda/optimize/2026-06-30-18-52-36-eigh/brief-25,ace4d2d5,,1,,,kept,2.04
opt_0378,"brief-25 t1: blocked (LAPACK sytrd/latrd) tridiag for the direct med path -- panel reflector gen + BLAS-2 symv in mega_latrd_panel_k (single CTA, fixed A0), the O(n^3) two-sided trailing update A-=VW^T+WV^T deferred to a batched FP32 GEMM per panel at torch level; Sturm+twisted+block-T in mega_post_tridiag_k; existing batched-GEMM WY back-transform kept. nb=32. Validated 39/39 TWICE under -O3/--use_fast_math. REGRESSION: geomean 41740 vs parent 36398 (+14.7%). shape2 n=352 direct 6774->40825 (6x SLOWER -- the 11 panel launches + per-panel SMEM A0 reload + global V/W correction reads dominate). shapes 3/8/12 (k-block inner solves) UNCHANGED (they bypass _mega_med_split_solve, calling mega_eigh_med_split directly).",autocuda/optimize/2026-06-30-18-52-36-eigh/brief-25,378d0f3f,,1,,,kept,2.04
opt_0379,brief-29 t1: shape-9 orth-gate Qf^T@Qf FP32-SIMT -> 3xTF32 (Ozaki hi+lo),autocuda/optimize/2026-06-30-18-52-36-eigh/brief-32,d8a5c4d3,,1,,,kept,2.04
opt_0380,"t12: strided orth gate (stride2 p256 + all-col norms) FAILS validation. test.10 (b16 n512 repeated-eigenvalue) 'Q not orthogonal enough residual=0.22 scaled=3.6e3'. Repeated eigenvalues -> degenerate-eigenspace rotation -> cluster twisted-factorization makes columns non-orthogonal; FULL orth caught+fell-back but STRIDED missed (bad column pair outside stride-2 sample, unit norm so col-norm check passed); eigr also missed. Was FASTER on clean shape11 (126867us, agreed 640/640 there) but unsafe on degenerate spectra. Direction-3 = correctness FAILURE, full orth GEMM necessary. Reverting.",autocuda/optimize/2026-06-30-18-52-36-eigh/brief-42,25051f15,autocuda/optimize/2026-06-30-18-52-36-eigh/brief-42:14,1,,,failed,2.04
opt_0381,brief-45 t3: pass-2-only 3xTF32 trsm (CQR2 self-corrects conditioning) -> still regresses,autocuda/optimize/2026-06-30-18-52-36-eigh/brief-45,34c2f052,,1,,,kept,2.04
opt_0382,brief-42 t5: bisIters=30 for full-n=512 cluster path (from 45) -> shape11 132149->130007us,autocuda/optimize/2026-06-30-18-52-36-eigh/brief-45,58635225,,1,,,kept,2.04
opt_0383,brief-42 t4: C=4 for full-n=512 REGRESSES -> C=3 is the sweet spot,autocuda/optimize/2026-06-30-18-52-36-eigh/brief-45,f35db37b,,1,,,kept,2.04
opt_0384,brief-42 t3: C=3 for full-n=512 cluster path -> shape11 147531->132149us,autocuda/optimize/2026-06-30-18-52-36-eigh/brief-45,2f4dc465,,1,,,kept,2.04
opt_0385,"brief-42 t2: exclude 2-level batches from full-n cluster probe -> shape9 restored, geomean win",autocuda/optimize/2026-06-30-18-52-36-eigh/brief-45,9b54ac47,,1,,,kept,2.04
opt_0386,brief-42 t1: route full-rank dense n=512 (k=512 C=2) through cluster split kernel,autocuda/optimize/2026-06-30-18-52-36-eigh/brief-45,e0319429,,1,,,kept,2.04
opt_0387,"brief-47 t2: depth-1 shifted-sign spectral D&C for n=2048 (shape 5). Single sign(A - trace/m*I) split into two ~1229-wide invariant-subspace blocks -> _lr_reduced_eigh (cuSOLVER at >836), membership rank-select, NS=45 for the semicircle median-density, per-matrix residual gate. Shape 5 185ms->136ms (-26%); geomean 32545->31646 (-2.8%). 39/39 valid, orth ~1.2e-4, 0 fallback, stream absent. Deeper recursion broken (junk-mixing) -- documented.",autocuda/optimize/2026-06-30-18-52-36-eigh/brief-47,a50b01ef,,1,,,kept,2.04
opt_0388,"brief-47 t1: recursive shifted-sign spectral D&C for n=2048 (shape 5). 2048->1229->738 (depth 2), cluster base, nested membership rank-select, per-matrix residual gate + cuSOLVER fallback. Shape 5 REGRESSED 185ms->287ms (+55%); geomean 32545->33502. 39/39 valid, stream absent. Crossover loses at n=2048 -- profile next.",autocuda/optimize/2026-06-30-18-52-36-eigh/brief-47,5b3216a7,,1,,,kept,2.04
opt_0389,"brief-46 t2: cross-parent synergy -- route all 3 symmetric-Gram Q^TQ sites to B's _gram_3xtf32_sym (2 bmms) instead of A's 3-bmm _gram_3xtf32. Sites: low-rank orth gate V^TV (2379, B territory), sign-DC finishing-NS Gram (2824, A path), sign-DC orth gate Q^TQ (2866, A path). Numerically identical (~6e-6, same gate decisions) at one fewer tensor-core bmm each. geomean 32484->32360us (-0.4%), 39/39 valid, shape11 109.7ms intact.",autocuda/optimize/2026-06-30-18-52-36-eigh/brief-47,fbe78e0e,,1,,,kept,2.04
opt_0390,"brief-46 t1: COMBINE parent A (matrix-sign D&C, global best) + parent B (low-rank 3xTF32 Gram). Clean 3-way merge off common ancestor f8e44f9d1: A appends sign-DC block after _eigh_mixed_peel + routes shape-11-class in custom_kernel; B threads _MIXED_PEEL_DOM_GRAM_MODE through _eigh_mixed_peel body + _lr_dom_gram_mode_for through the low-rank dispatch. Disjoint lines -> both edits coexist. geomean 32484us (parent A 32751), 39/39 valid, shape11 109.5ms (sign-DC intact).",autocuda/optimize/2026-06-30-18-52-36-eigh/brief-47,6c2cf8cd,,1,,,kept,2.04
opt_0391,"brief-48 t1: fused single-launch panel trsm (FP32 coupling, 1 CTA/item, RT=32 BS=64) for low-rank CQR2 FP32-Gram back-substitution; validates 39/39, geomean 32182->36431 (regression, scalar FP32 coupling too slow vs cuBLAS TC casting)",autocuda/optimize/2026-06-30-18-52-36-eigh/brief-48,b97f6a28,,1,,,kept,2.04
opt_0392,"brief-43 t11: fuse reflector v build+store, drop a barrier/column (geomean 32591->32182)",autocuda/optimize/2026-06-30-18-52-36-eigh/brief-48,e23884fa,,1,,,kept,2.04
opt_0393,brief-43 t10: warp-shuffle reductions in med_split kernel stage-1 (barrier-bound -> shape 11 109->104ms + shapes 2/3/8/12),autocuda/optimize/2026-06-30-18-52-36-eigh/brief-48,9ccab3d5,,1,,,kept,2.04
opt_0394,brief-43 t9: thread block-eigh bisIters/bt_prec knobs; measured levers #1/#3 don't help,autocuda/optimize/2026-06-30-18-52-36-eigh/brief-48,d5f370d1,,1,,,kept,2.04
opt_0395,"brief5 trial9: batch kernel + SHARED per-round pairing table (PAR/PLO computed once/round, all matrices reuse -> kills per-entry modulo) + fused A/V update (ar[10]/vr[10] stash) + in-kernel gate. mpb=2 nt=256 -> 10 CTAs. Correct (eigr 6.8e-6, bad=0, validates). Shape0 6786->693us (10x better than naive batch) but still >271us SMEM: kernel-bound. Geomean 52263. Need mpb/nt sweep.",autocuda/optimize/2026-06-30-18-52-36-eigh/brief-5,8a675166,,1,,,kept,2.04
opt_0396,"brief5 trial3: warp-per-matrix Jacobi (syncwarp barriers, 8 warps/CTA). Validated 39/39 (test0 eig 1.64 orth 2.47). Shape0=1881us -- REGRESSED vs CTA version (900us): ares[32]/vres[32] register stash spills to local mem at 32 iters/lane. Geomean 56384.",autocuda/optimize/2026-06-30-18-52-36-eigh/brief-5,505d4bf4,,1,,,kept,2.04
opt_0397,"brief5 trial2: WIP simultaneous two-sided Jacobi (2 barriers/round, parallel np^2 update, in-kernel sort), 7 sweeps, nt=256. Validated 39/39, test0 residuals excellent (eig 1.64, orth 2.47). Shape0=900us (cuSOLVER 160us): still 5.6x slow. Geomean 53259.",autocuda/optimize/2026-06-30-18-52-36-eigh/brief-5,1d4eb581,,1,,,kept,2.04
