optimization_id,description,branches,commits,trial_numbers,attempts,best_speedup,best_step_speedup,outcome,frequency_pct
opt_0000,"Bracketed the direct-wait combination at a six-phase P16/C16 tail by moving LOOKAHEAD_START from panel 384 to 416; panels 0:384 remain the fixed sixteen-stage stationary path and panels 384:416 use the all-warp SIMT tail. Full official and all guards pass. Dense n512 measured 15506.755 us, 32.451 us (0.21%) slower than the eight-phase merge but still 1.11% below direct-wait parent 15680.428; suite geomean measured 1419.742030 through untouched-route variance.",autocuda/optimize/2026-07-06-18-24-02/brief-12,8a107892,autocuda/optimize/2026-07-06-18-24-02/brief-12:2,1,0.8694,1.0030,kept,5.56
opt_0001,"Moved the grouped-table inline lookahead boundary from panel 384 to 416, producing the six-phase P16/C16 tail while panels 0-383 retain absolute 16/12/8 TMA groups and panels 384-415 use the all-warp SIMT path. Full validation and all guards passed. Dense n512 measured 15560.992 us, effectively tied with the eight-phase grouped trial 15557.774 (+0.02%) and 54.237 us above the ungrouped six-phase parent; geomean improved to 1419.750184 us, matching prior six-phase aggregate within noise.",autocuda/optimize/2026-07-06-18-24-02/brief-13,55cd37ae,autocuda/optimize/2026-07-06-18-24-02/brief-13:2,1,0.8694,1.0028,kept,5.56
opt_0002,"Isolated slot-specific producer-ready/consumer-done named barriers from the all-32-warp arithmetic experiment by restoring the parent P16 dependency frontier and C16 far-update coverage. Stationary panels 0:384, shared footprint, and compact inline tail stayed unchanged. Full validation and all guards passed. Dense n512 measured 15475.824 us, only +1.520 us (+0.01%) versus parent 15474.304, showing the asymmetric slot handshake is effectively neutral; suite geomean measured 1419.898 through untouched-route variation.",autocuda/optimize/2026-07-06-18-24-02/brief-15,ea39b7c8,autocuda/optimize/2026-07-06-18-24-02/brief-15:4,1,0.8693,1.0016,kept,5.56
opt_0003,"Reduced the isolated tail driver from nine pointer arguments to acm/tau/shared only, reconstructing constant shared offsets inside its separate call frame. Full official and all guards pass. Dense n512 improved from nine-argument noinline 15550.601 to 15510.970 us (0.25%), leaving it 36.666 us (0.24%) slower than inline merge 15474.304 while still below both parents; suite geomean improved to 1420.251602. Final profiling follows to measure the shared-spill response.",autocuda/optimize/2026-07-06-18-24-02/brief-12,f531395f,autocuda/optimize/2026-07-06-18-24-02/brief-12:4,1,0.8691,1.0021,kept,5.56
opt_0004,"Bracketed the grouped inline tail at the midpoint LOOKAHEAD_START=400 (seven phases), with the same absolute 16/12/8 TMA table, compact K loop, direct waits, and shared-buffer reuse. Full validation and all guards passed. Dense n512 improved to 15507.498 us versus grouped eight-phase 15557.774 and six-phase 15560.992, but remained 33.194 us above the ungrouped eight-phase parent 15474.304. Geomean measured 1421.439289 us, between the grouped endpoint aggregates.",autocuda/optimize/2026-07-06-18-24-02/brief-13,08af01c9,autocuda/optimize/2026-07-06-18-24-02/brief-13:3,1,0.8684,0.9988,kept,5.56
opt_0005,"Restored four-warp overlap and rewrote active-panel tcgen B prepack as unrolled inner-column, row-strided loops, eliminating runtime division/modulo per packed element. Full 22-test validation, differential, invariance, and off-grid guards passed. Best aggregate geomean 1421.811815 us; targeted dense n=512 was 16106.290 us versus trial 10 at 16022.611 us (+0.52%), so trial 10 remains the dense winner.",autocuda/optimize/2026-07-06-18-24-02/brief-5,ab1ca208,autocuda/optimize/2026-07-06-18-24-02/brief-5:13,1,0.8681,1.0039,kept,5.56
opt_0006,"Kept the seven-phase LOOKAHEAD_START=400 boundary and removed the unreachable >=384 four-stage TMA arm, leaving only compile-time absolute 16/12/8 groups and the compact runtime K loop. Full validation and all guards passed. Dense n512 improved from 15507.498 to 15493.635 us and is 19.331 us (0.125%) above the ungrouped eight-phase parent 15474.304; geomean measured 1421.892198 us versus parent 1424.026803. The source shrank four lines and final resource profiling follows.",autocuda/optimize/2026-07-06-18-24-02/brief-13,437b40c4,autocuda/optimize/2026-07-06-18-24-02/brief-13:4,1,0.8681,0.9997,kept,5.56
opt_0007,"Materialized the validated K-major tcgen05 B image alongside native panel_v using all 1024 threads in the existing panel construction loop. The existing CTA barrier now publishes both layouts, removing the later 128-thread pack loop and named barrier without changing arithmetic or correction staging. Full official, differential, invariance, and off-grid validation passed. Dense n=512 measured 16073.900 us versus parent 16022.611 us (+0.32%); aggregate geomean was 1421.978346 us.",autocuda/optimize/2026-07-06-18-24-02/brief-8,1a249361,autocuda/optimize/2026-07-06-18-24-02/brief-8:2,1,0.8680,1.0027,kept,5.56
opt_0008,"Replaced each post-overlap full-CTA reuse join with slot-specific producer-ready and consumer-done named barriers. Producers bar.arrive ready then wait done; consumers bar.arrive done then wait ready. Retained trial 1's all-32-warp frontier tranche and compact inline loop. Full validation and guards passed. Dense n512 measured 15500.633 us, 16.407 us faster than the full-join trial but 26.329 us (+0.17%) above parent 15474.304; suite geomean was 1422.234.",autocuda/optimize/2026-07-06-18-24-02/brief-15,4f8f5c72,autocuda/optimize/2026-07-06-18-24-02/brief-15:3,1,0.8679,1.0004,kept,5.56
opt_0009,"Specialized absolute TMA staging into fully unrolled compile-time groups: 16 stages for panels 0-112, 12 for 128-240, and 8 for 256-368, with a 4-stage template retained for later groups. Transaction sizes and stage addresses are constant while the verified swizzled patch and direct 128-thread acquire waits remain unchanged. Full official and all guard validation passed. Dense n512 measured 15674.224 us versus parent 15680.428 us (-0.04%, neutral); geomean 1422.280686 us versus 1422.491499.",autocuda/optimize/2026-07-06-18-24-02/brief-11,2d407a66,autocuda/optimize/2026-07-06-18-24-02/brief-11:1,1,0.8678,1.0001,kept,5.56
opt_0010,"Restored the fixed sixteen-stage TMA schedule and had all 128 stationary threads perform the acquire mbarrier wait directly before patching, removing the first named publish barrier. Full official validation and all guards passed. Dense n=512 improved from trial 5 15813.402 to 15680.428 us (0.84%) and from parent 16022.611 us (2.14%); geomean improved to 1422.491499 us.",autocuda/optimize/2026-07-06-18-24-02/brief-8,8cfbce69,autocuda/optimize/2026-07-06-18-24-02/brief-8:8,1,0.8677,1.0028,kept,5.56
opt_0011,"Rewrote only the inline post-flush tail as four explicit compile-time phase-pair blocks: prime panel 384 plus seven template transitions with fixed panel constants, slot0/slot1 offsets, and phase parity; compact factor/build/apply bodies remain force-inlined and no device-call frame was added. Full official and all guards pass. Dense n512 regressed from parent 15474.304 to 15795.997 us (+2.08%); suite geomean measured 1422.631536. Profiling follows before the requested two-phase pair-loop fallback.",autocuda/optimize/2026-07-06-18-24-02/brief-14,b3bf9d2d,autocuda/optimize/2026-07-06-18-24-02/brief-14:1,1,0.8676,1.0010,kept,5.56
opt_0012,"Removed instrumentation and used all 32 warps in the pre-split frontier tranche: warps 0-15 update the dependency panel while warps 16-31 retire the first 16 far columns, which consumers then skip in the P16/C16 overlap. Stationary panels 0:384, shared footprint, compact tail loop, and full-CTA joins were unchanged. Full validation and guards passed. Dense n512 was 15517.040 us, +42.736 us (+0.28%) versus parent 15474.304; suite geomean measured 1422.783 versus parent 1424.027 through untouched-route variation.",autocuda/optimize/2026-07-06-18-24-02/brief-15,2390e145,autocuda/optimize/2026-07-06-18-24-02/brief-15:2,1,0.8675,1.0029,kept,5.56
opt_0013,"Combined dcf112's unchanged fixed-stage TMA stationary panels 0:384 with a P16/C16 double-buffer lookahead for all eight tail panels 384:512. The tail serializes each 16-column dependency frontier, overlaps next-panel factor/build with disjoint far updates, and reuses the retired TMA stage plus flushed stationary tail for slot 1, holding dynamic shared launch size at 135168 bytes. Full official, differential, invariance, and off-grid guards pass. Dense n512 improved from parent 15813.402 to 15568.006 us (1.55%); suite geomean improved from 1423.343987 to 1422.799939 us.",autocuda/optimize/2026-07-06-18-24-02/brief-10,9e731f3b,autocuda/optimize/2026-07-06-18-24-02/brief-10:1,1,0.8675,1.0004,kept,5.56
opt_0014,"Returned to the eight-phase boundary and isolated the complete post-flush P16/C16 pipeline in one noinline device function so stationary/TMA and tail pointer/register lifetimes receive separate call frames. Full official and all guards pass. Dense n512 measured 15550.601 us, 76.297 us (0.49%) slower than inline merge 15474.304 but still below direct-wait parent 15680.428 and tail parent 15568.006; suite geomean was 1423.182950. Profiling follows to quantify whether the device-call trade changed spills.",autocuda/optimize/2026-07-06-18-24-02/brief-12,9d7c2e83,autocuda/optimize/2026-07-06-18-24-02/brief-12:3,1,0.8673,0.9976,kept,5.56
opt_0015,"Removed the temporary global panel patch/restore and 1 KiB save slab. After TMA completion, the stationary warpgroup patches the 16x16 Householder triangle directly in the 128B-swizzled stages using the verified 16B-chunk XOR row mapping; the final panel-factorization fence/barrier publishes global data before TMA. Full validation and all guards passed. Dense n=512 improved from 15900.622 to 15813.402 us (0.55%), 1.31% faster than parent 16022.611 us; geomean improved to 1423.343987 us.",autocuda/optimize/2026-07-06-18-24-02/brief-8,dcf112f6,autocuda/optimize/2026-07-06-18-24-02/brief-8:6,1,0.8672,1.0009,kept,5.56
opt_0016,"Bracketed the combined kernel at a four-phase P16/C16 lookahead tail by moving only LOOKAHEAD_START from panel 384 to 448; panels 0:384 retain the fixed-stage TMA stationary path and panels 384:448 use dcf112's all-32-warp SIMT tail. Full official and all guards pass. Dense n512 measured 15779.301 us, only 0.22% below parent 15813.402 and 1.36% slower than the eight-phase 15568.006-us variant; suite geomean was 1423.488210 us.",autocuda/optimize/2026-07-06-18-24-02/brief-10,fd5640d5,autocuda/optimize/2026-07-06-18-24-02/brief-10:2,1,0.8671,0.9995,kept,5.56
opt_0017,"Combined the inline eight-phase P16/C16 post-flush tail with the compact absolute compile-time TMA table: 16 stages for panels 0-112, 12 for 128-240, and 8 for 256-368, retaining the 4-stage template, direct 128-thread acquire waits, swizzled patch, and compact runtime tcgen05 K loop. Full validation and all guards passed. Dense n512 measured 15557.774 us versus inline-tail parent 15474.304 us (+0.54%); geomean improved slightly from 1424.026803 to 1423.746623 through cross-route noise.",autocuda/optimize/2026-07-06-18-24-02/brief-13,b2164110,autocuda/optimize/2026-07-06-18-24-02/brief-13:1,1,0.8670,1.0002,kept,5.56
opt_0018,"Replaced seven cloned phase templates with a three-iteration two-phase pair loop: slot0 and slot1 remain compile-time-specialized within one reused inline pair body, the panel base advances at runtime, and one compile-time terminal phase factors panel 496. Full official and all guards pass. Dense n512 improved from fully unrolled 15795.997 to 15584.512 us, recovering 211.485 us, but remained 110.208 us (0.71%) slower than parent 15474.304; suite geomean measured 1423.990796. Final profiling follows.",autocuda/optimize/2026-07-06-18-24-02/brief-14,4d8dae7c,autocuda/optimize/2026-07-06-18-24-02/brief-14:2,1,0.8668,0.9990,kept,5.56
opt_0019,"Minimal additive merge of 8cfbce's fixed sixteen-stage stationary panels 0:384 with direct 128-thread TMA acquire waits and 9e731's eight-phase P16/C16 double-buffer tail. The tail reuses retired TMA/cTail storage, leaving the 135168-byte shared launch size unchanged. Full official, differential, invariance, and off-grid guards pass. Dense n512 measured 15474.304 us, 1.31% below direct-wait parent 15680.428 and 0.60% below tail parent 15568.006; suite geomean measured 1424.026803 through untouched-route variance.",autocuda/optimize/2026-07-06-18-24-02/brief-12,2061b37e,autocuda/optimize/2026-07-06-18-24-02/brief-12:1,1,0.8668,0.9989,kept,5.56
opt_0020,"Moved the active-panel tcgen B prepack entirely into the lower four stationary warps, overlapping it with the upper 28 warps' near-column update. One 128-thread barrier replaces every per-K W barrier, then lane0 issues the full projection from the immutable 31 KiB slab. Full validation and all guards pass. Dense n512 reached a new best 16062.250 us (0.09% over rotating-stage 16077.039; 0.96% over initial combine 16218.032), and full geomean reached a new best 1424.239228.",autocuda/optimize/2026-07-06-18-24-02/brief-5,805f3d25,autocuda/optimize/2026-07-06-18-24-02/brief-5:10,1,0.8667,1.0014,kept,5.56
opt_0021,"Promoted the verified TMA layout to every stationary epoch and removed the entire 31 KiB software prepack, duplicate MMA, debug reduction, and host synchronization. Sixteen asynchronous 32x16 128B-swizzled stages launch before panel_v/Gram/T construction; only the four stationary warps wait, while 28 near-update warps proceed. A temporary 16x16 source patch/restore preserves Householder unit diagonals. Full validation and all guards passed. Dense n=512 improved from parent 16022.611 to 15900.622 us (0.76%) and geomean was 1424.599017 us.",autocuda/optimize/2026-07-06-18-24-02/brief-8,fdff0acd,autocuda/optimize/2026-07-06-18-24-02/brief-8:5,1,0.8664,1.0034,kept,5.56
opt_0022,"Restored all 24 stationary epochs and reordered the short rank-16 correction to stage each 128x8 W slice once, fill Blackwell tcgen05 collector::a, reuse it for the middle two 128-row C slices, and lastuse it on the fourth. This cuts correction A staging 4x while preserving exact arithmetic. Full validation and all guards pass. Dense n512 improved from 16218.032 to 16174.066 us (0.27%); full geomean was effectively neutral/slightly better at 1424.884656 versus 1424.905324.",autocuda/optimize/2026-07-06-18-24-02/brief-5,66f1f2fe,autocuda/optimize/2026-07-06-18-24-02/brief-5:5,1,0.8663,1.0027,kept,5.56
opt_0023,"Combined ff5d40's 32-warp cooperative NB16 panel/T core with ab6f034's multi-epoch stationary TMEM slab in one 1024-thread CTA per matrix. Warps 0-3 retain columns 384:512 across the first 24 panels and apply plain-TF32 tcgen05 transforms while warps 4-31 concurrently update columns below 384; one catch-up flush precedes panel 384. All official, differential, invariance, and off-grid guards pass. Dense n512 improved from ff5d40 18684.613 to 16218.032 us (13.20%); full geomean improved from 1442.636776 to 1424.905324 us.",autocuda/optimize/2026-07-06-18-24-02/brief-5,03814c2d,autocuda/optimize/2026-07-06-18-24-02/brief-5:1,1,0.8662,1.0124,kept,5.56
opt_0024,"Restored the compact runtime tcgen05 K loop, retained absolute compile-time 16/12/8 TMA groups, and removed the unreachable >=384 four-stage arm from the production stationary range. Direct 128-thread acquire waits and swizzled Householder patching are unchanged. Full validation and all guards passed. Dense n512 measured 15664.783 us, slightly faster than aligned-group trial 15674.224 and parent 15680.428; geomean was 1425.000295 us (cross-shape noise above trial 0 1422.280686).",autocuda/optimize/2026-07-06-18-24-02/brief-11,4cfe7a82,autocuda/optimize/2026-07-06-18-24-02/brief-11:5,1,0.8662,1.0008,kept,5.56
opt_0025,"Warp-specialized the prepack under compact-WY Gram construction: warps 0-3 build the validated K-major tcgen05 image while warps 4-31 process all 256 Gram pairs, reconverging at the already-required CTA barrier before triangular T. This removes the stationary-path pack/barrier without delaying the near update. Full official and all guard validation passed. Dense n=512 measured 16026.895 us versus parent 16022.611 us (+0.027%, neutral) and all-warp fused materialization 16073.900 us; geomean was 1425.157209 us.",autocuda/optimize/2026-07-06-18-24-02/brief-8,b24e7282,autocuda/optimize/2026-07-06-18-24-02/brief-8:3,1,0.8661,0.9978,kept,5.56
opt_0026,"Removed all setmaxnreg handoffs and marked only stationary_update noinline to isolate its tcgen05 x16 tuples and compact-WY temporaries from the 1024-thread main body. Full validation and all guards passed. Dense n512 measured 16012.407 us (+1.26% versus parent 15813.402); geomean was 1425.345. NCU showed the intended pressure reduction: local spills fell from parent 737 KB to 81.9 KB and shared spilling from 327.7 to 207.4 KB. However kernel time rose from about 15.66 to 15.82 ms, no-eligible cycles stayed 60.2%, and CTA-barrier stall share increased from 36.1% to 37.1%, so direct call/role-imbalance overhead outweighed spill savings.",autocuda/optimize/2026-07-06-18-24-02/brief-9,3a5af77b,autocuda/optimize/2026-07-06-18-24-02/brief-9:3,1,0.8660,1.0041,kept,5.56
opt_0027,"Restored stationary_update inline and isolated only the 28-warp near-column compact-WY update in a noinline helper. Full validation and all guards passed. Dense n512 measured 15940.051 us (+0.80% versus parent 15813.402), geomean 1425.660. This improved on whole-stationary isolation (16012.407 us) but remained slower than parent, quantifying repeated near-helper call overhead before profiling its spill reduction.",autocuda/optimize/2026-07-06-18-24-02/brief-9,4cf4ea42,autocuda/optimize/2026-07-06-18-24-02/brief-9:4,1,0.8658,0.9998,kept,5.56
opt_0028,"Kept the overlapped four-warp active-panel prepack but restored the compact one-A/one-B correction workspace and post-correction barriers, removing four extra stages. Full validation and all guards pass. Dense n512 reached a new best 16022.611 us, 0.25% faster than 16062.250 and 1.20% faster than initial combine; full geomean measured 1425.884850 amid unrelated-route variance.",autocuda/optimize/2026-07-06-18-24-02/brief-5,2eab4be7,autocuda/optimize/2026-07-06-18-24-02/brief-5:11,1,0.8657,0.9988,kept,5.56
opt_0029,"Added two disjoint activation stages and four disjoint B stages for the eight rank-16 correction MMAs, preserving collector fill/use/lastuse while removing the post-MMA barrier for each 128-row slice. Full validation and all guards pass. Dense n512 measured 16111.164 us versus 16077.039 us for the W-only rotating pipeline (+0.21%, within noise); geomean was 1425.964105, so correction barrier removal did not reproduce the W-side gain.",autocuda/optimize/2026-07-06-18-24-02/brief-5,6dfd25d9,autocuda/optimize/2026-07-06-18-24-02/brief-5:8,1,0.8656,1.0008,kept,5.56
opt_0030,"Restored the near-column update inline and isolated only stationary_form_w: the tcgen05.ld x16 tuple, tail dot products, and triangular compact-WY transform. Full validation and all guards passed. Dense n512 measured 15880.323 us (+0.42% versus parent 15813.402), recovering most of the whole-role and near-helper losses; geomean was 1426.097, with mixed-route noise contributing. This is the lowest-call-overhead noinline boundary so far and is profiled to determine whether its spill reduction can justify ABI cleanup.",autocuda/optimize/2026-07-06-18-24-02/brief-9,a91197e4,autocuda/optimize/2026-07-06-18-24-02/brief-9:5,1,0.8655,0.9997,kept,5.56
opt_0031,"Tightened the exact-K code-size bracket from four late panels to only panel 368: sixteen fully unrolled tcgen05 sites, with panels 0-352 using the compact runtime loop and the absolute 16/12/8 TMA table unchanged. Full validation and all guards passed. Dense n512 measured 15890.240 us and geomean 1426.127285, still +1.38% and +0.27% versus the compact-loop aligned-group trial, respectively; even this narrow static sequence measured slower.",autocuda/optimize/2026-07-06-18-24-02/brief-11,17813c06,autocuda/optimize/2026-07-06-18-24-02/brief-11:4,1,0.8655,1.0006,kept,5.56
opt_0032,"Packed the active live panel once per epoch into a 31 KiB tcgen K-major B slab using all 1024 threads, then let lane0 issue the entire TMEM-A W projection without any per-K producer barriers. Full validation and all guards pass. Dense n512 measured 16147.808 us, 0.44% slower than the 16077.039-us four-warp rotating-stage best; full geomean 1426.169712. The zero-barrier projection gain was offset by a CTA-wide pack barrier delaying all 28 near-update warps.",autocuda/optimize/2026-07-06-18-24-02/brief-5,47a76698,autocuda/optimize/2026-07-06-18-24-02/brief-5:9,1,0.8655,0.9999,kept,5.56
opt_0033,"Rebased TMA stages at the current panel and transferred only ceil((496-panel)/32) active 32-row tiles, reducing stage count from 16 toward 4 and changing W descriptors to panel-relative K. Full validation and all guards passed. Dense n=512 measured 15931.836 us versus fixed-stage trial 15813.402 us (+0.75%); geomean was 1426.469311 us, so fixed-stage issuing performed better.",autocuda/optimize/2026-07-06-18-24-02/brief-8,d285c3a1,autocuda/optimize/2026-07-06-18-24-02/brief-8:7,1,0.8653,0.9978,kept,5.56
opt_0034,"Instrumented the inline eight-phase tail with globaltimer counters for startup, dependency frontier, P16 factor/build, C16 far update, and both sides of the full-CTA reuse join. Full validation and all guards passed. Instrumented dense n512 was 15882.644 us and geomean 1426.841 versus clean parent 15474.304/1424.027. Across 640 dense matrices and seven tail phases: startup 27.67 us; frontier 14.34 us/phase; producer 26.56; consumer 10.09; producer join wait 0.08; consumer join wait 16.85; phase wall 41.04. The measured phase is producer-bound while consumer warps spend the difference at reuse.",autocuda/optimize/2026-07-06-18-24-02/brief-15,9ac233a4,autocuda/optimize/2026-07-06-18-24-02/brief-15:1,1,0.8651,0.9980,kept,5.56
opt_0035,"Restored the validated absolute 16/12/8 TMA table and isolated exact constant-K tcgen05 specialization to panels 320/336/352/368. Dispatch occurs before the hot MMA sequences, which are fully unrolled into 76 static sites; earlier panels retain the compact runtime loop. Full validation and all guards passed. Dense n512 measured 15901.312 us versus aligned-group trial 15674.224 us (+1.45%); geomean 1426.912057 versus 1422.280686, showing this code footprint erased the loop-control savings.",autocuda/optimize/2026-07-06-18-24-02/brief-11,593e7a98,autocuda/optimize/2026-07-06-18-24-02/brief-11:3,1,0.8650,1.0004,kept,5.56
opt_0036,"Expanded the noinline boundary from the x16 form-W transform to the complete downstream stationary correction/tail phase, leaving only the TMA wait, triangular-stage patch, and first resident-C tcgen05 product inline; also removed the unused panel ABI argument. Full validation and all guards passed. Dense n512 measured 16107.666 us (+1.86% versus parent 15813.402), geomean 1426.935. This is slower than narrow form-W isolation (15880.323 us), so the final profile quantifies spill relief versus call/role-imbalance cost.",autocuda/optimize/2026-07-06-18-24-02/brief-9,cf30ed7e,autocuda/optimize/2026-07-06-18-24-02/brief-9:6,1,0.8650,0.9994,kept,5.56
opt_0037,"Restored all four W producer warps, retained four rotating shared B stages, and removed the post-MMA named barrier so each slice has only the producer-ready barrier before lane0 issues the naturally pipelined tcgen05 MMA. Full validation and all guards pass. Dense n512 improved from collector trial 16174.066 to 16077.039 us (0.60%) and from initial combine 16218.032 by 0.87%; full geomean was 1427.070824 amid untouched-route variance.",autocuda/optimize/2026-07-06-18-24-02/brief-5,5987ca53,autocuda/optimize/2026-07-06-18-24-02/brief-5:7,1,0.8649,1.0014,kept,5.56
opt_0038,"Added converged sm100a setmaxnreg helpers and bracketed each stationary epoch with a balanced transfer: stationary warpgroup 0 dec 64->56 funds the leading near-update warpgroup inc 64->72, then both restore to 64 behind a CTA barrier before all-warp panel work. Full validation and all guards passed. Dense n512 regressed from parent 15813.402 to 15973.536 us (+1.01%); geomean regressed from 1423.344 to 1427.222. NCU measured 64 reported regs/thread and 50% occupancy, but local spill requests rose from 737 KB to 6.66 MB, shared spilling from 328 to 466 KB, no-eligible cycles from 60.1% to 60.4%, and CTA-barrier stall share from 36.1% to 36.6%.",autocuda/optimize/2026-07-06-18-24-02/brief-9,c3112a3b,autocuda/optimize/2026-07-06-18-24-02/brief-9:1,1,0.8648,0.9973,kept,5.56
opt_0039,"Doubled active-panel prepack from four to eight warps. Warps 8-31 start 24 near-column ownership slots immediately, warps 4-7 join slots 24-27 after pack, and warps 0-3 launch stationary tcgen. Full validation passed. Dense n=512 16039.156 us versus 16022.611 us (+0.10%, neutral/slight regression); four-warp prepack remains better.",autocuda/optimize/2026-07-06-18-24-02/brief-5,bc86e5af,autocuda/optimize/2026-07-06-18-24-02/brief-5:12,1,0.8647,0.9989,kept,5.56
opt_0040,"Tightened the compile-time cutoff table to fixed row bases 0/112/240/368 with exact 16/12/8/4 transfers ending at row 496. Rebased shared descriptors and the swizzled triangle patch per group, and dispatched four tcgen05 helpers outside their loops with compile-time terminal K-step counts. Full validation and all guards passed. Dense n512 regressed from aligned-group trial 15674.224 to 15944.495 us (+1.72%); geomean regressed from 1422.280686 to 1427.493973, measuring the cost of relative-stage arithmetic/helper duplication despite twelve fewer transfers.",autocuda/optimize/2026-07-06-18-24-02/brief-11,2ac20570,autocuda/optimize/2026-07-06-18-24-02/brief-11:2,1,0.8647,0.9963,kept,5.56
opt_0041,"Set the adaptive P16/C16 tail window to the 18-phase midpoint between measured 16- and 20-phase variants. Full guards pass. Dense n512 measured 16426.261 us, statistically tied but 6.3 us slower than 16 phases; suite measured 1427.905635. Nsys shows one 16.276854-ms QR kernel (99.8%) plus 38.656-us route probe.",autocuda/optimize/2026-07-06-18-24-02/brief-1,c7af0dca,autocuda/optimize/2026-07-06-18-24-02/brief-1:55,1,0.8644,1.0024,kept,5.56
opt_0042,"Extended the P16/C16 tail specialization from twelve to sixteen phases, retaining P16 startup and P9/C23 early body. Full guards pass. Dense n512 improved from 16610.123 to 16419.984 us (1.14%), suite improved sharply to 1427.935754, and dense is now 12.12% faster than ff5d40a0.",autocuda/optimize/2026-07-06-18-24-02/brief-1,7228576a,autocuda/optimize/2026-07-06-18-24-02/brief-1:53,1,0.8644,1.0030,kept,5.56
opt_0043,"Completed the thread bracket at 1024 threads/32 warps with a one-block launch bound, 296 persistent CTAs, one TMEM allocation per CTA, rank-8 shared-Z near updates, and the one-A-stage correction workspace. Full validation and all guards passed. Dense n512 improved from 768-thread 21441.280 to 16263.597 us but remained 1.25% behind parent 16062.250; geomean was 1428.364. The delayed second half of a 296-CTA grid still leaves a five-matrix critical path on 148 SMs.",autocuda/optimize/2026-07-06-18-24-02/brief-7,522b6a89,autocuda/optimize/2026-07-06-18-24-02/brief-7:9,1,0.8641,1.0222,kept,5.56
opt_0044,"Set the adaptive P16/C16 tail window to 17 phases, the final discrete midpoint. Full guards pass. Dense n512 improved nominally from the 16-phase 16419.984 to 16414.344 us; suite measured 1428.522217. Nsys corroborates the tie-break with one 16.257624-ms QR kernel (99.8%), 19.23 us faster than the 18-phase checkpoint, plus a 38.240-us route probe. Selected as the clean final candidate.",autocuda/optimize/2026-07-06-18-24-02/brief-1,ccaaa3c8,autocuda/optimize/2026-07-06-18-24-02/brief-1:56,1,0.8641,0.9996,kept,5.56
opt_0045,"Reserved four of each 32 near-column ownership slots for the tcgen warpgroup so warps 0-3 could join the SIMT update after completing the stationary transform, while warps 4-31 began immediately. Full validation and all guards pass. Dense n512 regressed from 16218.032 to 16614.864 us (+2.45%) and geomean from 1424.905324 to 1428.761481; the delayed reserved columns show the stationary group is later than the 28-warp near update.",autocuda/optimize/2026-07-06-18-24-02/brief-5,00ae3ccc,autocuda/optimize/2026-07-06-18-24-02/brief-5:3,1,0.8639,0.9973,kept,5.56
opt_0046,"Restored the 28-warp/4-warp overlap and flushed the stationary slab after panel 336, routing panels 352 and 368 through the original all-32-warp FP32 SIMT update. This removes 50 late tcgen05 MMAs. Full validation and all guards pass. Dense n512 measured 16302.464 us, 0.52% slower than the 16218.032-us full-24-epoch stationary path; geomean was 1428.796571 amid unrelated-route variance, so the last two stationary epochs remain cheaper than two full slab updates.",autocuda/optimize/2026-07-06-18-24-02/brief-5,5d1214a1,autocuda/optimize/2026-07-06-18-24-02/brief-5:4,1,0.8639,1.0000,kept,5.56
opt_0047,"Replaced per-K four-warp W staging and two 128-thread named barriers with one producer warp, four rotating shared B stages, warp synchronization, and one final 128-thread join before tcgen commit. Full validation plus all guards pass, proving the four-stage operand lifetime safe, but dense n512 regressed from collector trial 16174.066 to 16446.036 us (+1.68%) and geomean to 1429.032522; four-warp staging throughput outweighs the removed barriers.",autocuda/optimize/2026-07-06-18-24-02/brief-5,0307f6c1,autocuda/optimize/2026-07-06-18-24-02/brief-5:6,1,0.8637,0.9971,kept,5.56
opt_0048,"Replaced the near-update per-lane projected[16] array with two rank-8 projection passes. Each warp stores reduced W and lane-striped triangular Z coefficients in a private shared slot, then consumes shared broadcasts for the row update. Full validation/guards passed at 1024 threads. Dense n512 measured 16187.277 us versus parent 16062.250 us (+0.78%); full geomean was 1429.468 versus 1424.239 amid untouched-route variance. This removes the long-lived 16-coefficient state for the lower-thread residency trials.",autocuda/optimize/2026-07-06-18-24-02/brief-7,ca953d29,autocuda/optimize/2026-07-06-18-24-02/brief-7:2,1,0.8635,0.9963,kept,5.56
opt_0049,"Added a cached rank-3 TF32 tensor map over stable n512 scratch and issued sixteen 32x16 cp.async.bulk.tensor stages into a 128B-swizzled K-major operand. For panel 0, temporarily patched/restored the triangular source block, overlapped TMA with native panel materialization, then computed both software-packed and TMA-staged W and compared all 1,310,720 outputs. Full validation and guards passed with zero mismatches, verifying descriptor/substage addressing. Instrumented dense time was 16187.296 us and geomean 1429.497554 us; these include duplicate W MMA, mismatch reduction, debug allocation, and host synchronization.",autocuda/optimize/2026-07-06-18-24-02/brief-8,dd95db59,autocuda/optimize/2026-07-06-18-24-02/brief-8:4,1,0.8635,0.9970,kept,5.56
opt_0050,"Reduced the 1024-thread persistent grid from 296 to one CTA per SM (148), so each CTA reuses one TMEM allocation across four or five matrices. Full validation and all guards passed. Dense n512 was neutral/slightly worse at 16282.176 versus 16263.597 us (+0.11%); geomean was 1430.152 amid broader-route variance. Allocation amortization is negligible and the five-matrix critical depth is unchanged; the 296-CTA commit remains the best persistent bracket point.",autocuda/optimize/2026-07-06-18-24-02/brief-7,e6d425e6,autocuda/optimize/2026-07-06-18-24-02/brief-7:10,1,0.8631,0.9987,kept,5.56
opt_0051,"Reversed the dynamic transfer: all 28 near-update warps dec 64->56 fund stationary warpgroup 0 inc 64->120, then all roles restore to 64 before the next all-warp phase. Full validation and all guards passed. Dense n512 regressed to 16459.048 us (+4.08% versus parent 15813.402); geomean was 1431.252. NCU measured 16.25-16.27 ms, 6.66 MB local spills, 481 KB shared spilling, 61.1% no-eligible cycles, and 37.1% CTA-barrier stall share. Both transfer directions produce the same 6.66 MB local-spill total, indicating the setmaxnreg live-range/reconfiguration path itself changes ptxas allocation more than the selected role counts.",autocuda/optimize/2026-07-06-18-24-02/brief-9,3d015425,autocuda/optimize/2026-07-06-18-24-02/brief-9:2,1,0.8624,0.9972,kept,5.56
opt_0052,"Extended the P16/C16 tail window from sixteen to twenty phases. Full guards pass. Dense n512 regressed slightly from 16419.984 to 16452.131 us, while suite measured 1431.335451 through fallback variance, locating the producer/consumer threshold crossover between sixteen and twenty phases.",autocuda/optimize/2026-07-06-18-24-02/brief-1,9fcb5191,autocuda/optimize/2026-07-06-18-24-02/brief-1:54,1,0.8624,0.9976,kept,5.56
opt_0053,"Extended the P16/C16 tail specialization from eight to twelve phases, retaining P16 startup and P9/C23 early body. Full guards pass. Dense n512 improved from 16773.563 to 16610.123 us (0.97%), suite improved to a new best 1432.264591, and the dense target is now 11.10% faster than ff5d40a0.",autocuda/optimize/2026-07-06-18-24-02/brief-1,87258172,autocuda/optimize/2026-07-06-18-24-02/brief-1:52,1,0.8618,1.0012,kept,5.56
opt_0054,"Used all 32 warps only for unoverlapped panel-0 factor/build, retaining P9 body and P16 final four phases. Full guards pass. Dense n512 regressed from 16906.020 to 16952.078 us, while suite measured 1432.801605 through fallback variance. Nsys shows one 16.786280-ms QR kernel (99.8%) plus 38.656-us route probe, confirming the full-CTA startup barrier does not pay.",autocuda/optimize/2026-07-06-18-24-02/brief-1,61bfc6d1,autocuda/optimize/2026-07-06-18-24-02/brief-1:50,1,0.8615,1.0005,kept,5.56
opt_0055,"Safely reverted the fused/staged regressions to the balanced serialized-frontier P8/C24 double-buffer pipeline and removed all globaltimer probes, timing stores, and Python counter allocation. Full guards pass. Clean dense n512 improved from instrumented 19297.564 to 17192.256 us and beats ff5d40a0 18684.613 by 7.99%; suite improved from prior best 1442.636776 to 1433.160917.",autocuda/optimize/2026-07-06-18-24-02/brief-1,1a87c538,autocuda/optimize/2026-07-06-18-24-02/brief-1:46,1,0.8613,1.0709,kept,5.56
opt_0056,"Compile-time specialized producer widths: P16 primes panel 0, fixed P9/C23 handles the high-work body, and P16/C16 handles the final four phases where far-update work collapses. Full guards pass. Dense n512 improved from 16971.370 to 16906.020 us; suite improved to 1433.490993. This is 9.52% faster than ff5d40a0 on the prioritized dense case.",autocuda/optimize/2026-07-06-18-24-02/brief-1,2179d1a9,autocuda/optimize/2026-07-06-18-24-02/brief-1:49,1,0.8611,1.0019,kept,5.56
opt_0057,Fine-bracketed the clean double-buffer pipeline at P9/C23 with a 288-thread named producer barrier. Full guards pass. Dense n512 improved from P8/C24 17192.256 to 16971.370 us (1.28%) and now beats ff5d40a0 by 9.17%; suite measured 1433.898996 with variance concentrated in untouched fallback routes.,autocuda/optimize/2026-07-06-18-24-02/brief-1,b6adb633,autocuda/optimize/2026-07-06-18-24-02/brief-1:47,1,0.8608,0.9995,kept,5.56
opt_0058,"Restored P16 startup and extended the P16/C16 tail specialization from the final four to the final eight panel phases, retaining P9/C23 earlier. Full guards pass. Dense n512 improved from 16906.020 to 16773.563 us (0.78%) and is 10.23% faster than ff5d40a0; suite measured 1434.001408 through untouched-route variance.",autocuda/optimize/2026-07-06-18-24-02/brief-1,bc4cc576,autocuda/optimize/2026-07-06-18-24-02/brief-1:51,1,0.8608,0.9992,kept,5.56
opt_0059,"Completed the clean split bracket at P10/C22 with a 320-thread named producer barrier. Full guards pass. Dense n512 regressed from P9/C23 16971.370 to 17172.652 us (1.19%), and suite measured 1436.148407, locating the steady-state optimum at P9/C23.",autocuda/optimize/2026-07-06-18-24-02/brief-1,1997e291,autocuda/optimize/2026-07-06-18-24-02/brief-1:48,1,0.8595,0.9984,kept,5.56
opt_0060,Combined the valid 640-thread/128-column stationary tcgen05 slab with the second parent's 296-CTA ownership. Each persistent CTA keeps one full TMEM allocation and mbarrier across matrix indices spaced by gridDim; 248 CTAs own two matrices and 48 own three. Full validation/guards passed. Dense n512 improved from 17752.548 to 17505.894 us (1.39%) and geomean from 1437.866 to 1436.783. Per-matrix TMEM reallocation had failed; one allocation per persistent CTA fixed it. The 1024-thread parent remains faster at 16218.032/1424.905.,autocuda/optimize/2026-07-06-18-24-02/brief-6,0ffeee75,autocuda/optimize/2026-07-06-18-24-02/brief-6:9,1,0.8591,1.0145,kept,5.56
opt_0061,"Bracketed the same last-128-column tcgen05 slab at 640 threads/20 warps with __launch_bounds__(640,2) and 84480 B shared memory. Full validation and all guards passed. Dense n512 improved from the 768-thread trial's 19290.759 to 17752.548 us but remained above the 1024-thread parent at 16218.032 us; full geomean was 1437.866 versus 1450.027 and parent 1424.905. The relaxed register cap recovers most of the 768-thread loss while leaving fewer scalar update warps.",autocuda/optimize/2026-07-06-18-24-02/brief-6,a83dfd84,autocuda/optimize/2026-07-06-18-24-02/brief-6:2,1,0.8584,1.0085,kept,5.56
opt_0062,"Restored the best 576-thread three-panel/fifteen-update split and changed ownership from 320 one-pair CTAs to 296 resident CTAs, with 24 CTAs absorbing a second pair locally. Full validation/guards passed. Dense n512 was 18343.228 versus 18287.072 us (0.31% slower, within noise), while whole-suite geomean measured a new low 1440.560 us versus 1443.609. Ownership effects are sub-noise; both beat the parent materially.",autocuda/optimize/2026-07-06-18-24-02/brief-3,238e710b,autocuda/optimize/2026-07-06-18-24-02/brief-3:20,1,0.8568,1.0028,kept,5.56
opt_0063,"Folded the fused Householder scalar computation into warp-0 lane 0 immediately after the block reduction, removing one 1024-thread barrier per reflector. Full guards pass. Dense n=512 improved 18795.604 to 18684.613 us (0.59%); suite improved to a new best 1442.636776.",autocuda/optimize/2026-07-06-18-24-02/brief-1,ff5d40a0,autocuda/optimize/2026-07-06-18-24-02/brief-1:38,1,0.8556,1.0025,kept,5.56
opt_0064,"Raised ownership to the maximum 32 warps/1024 threads per matrix, using 135168 bytes for the reused transpose tiles and exactly 64 registers/thread with no spills. Full guards pass. Dense n=512 improved 19513.516 to 18887.045 us (3.21%); suite improved 1448.062189 to 1443.283887.",autocuda/optimize/2026-07-06-18-24-02/brief-1,4d5df654,autocuda/optimize/2026-07-06-18-24-02/brief-1:33,1,0.8552,1.0033,kept,5.56
opt_0065,"Rebalanced the 576-thread full-width pipeline from two panel/sixteen update warps to three/fifteen after counters showed panel 155.96 us versus update 128.83 us. Only 16 consumers regain a second column. Full validation/guards passed. Dense n512 improved from 20326.629 to 18287.072 us (10.03%), and geomean improved to 1443.609 us, 3.01% better than the resident-grid parent.",autocuda/optimize/2026-07-06-18-24-02/brief-3,d6055f33,autocuda/optimize/2026-07-06-18-24-02/brief-3:18,1,0.8550,1.0073,kept,5.56
opt_0066,"Packed only active panel rows using two warps per reflector column, halving cumulative V-pack traffic over panel epochs. Full guards pass. Dense n=512 measured 18878.761 us versus 18887.045 us (0.04%, below 16.69-us standard error); suite regressed 1443.283887 to 1444.185648. Treat as neutral and reject.",autocuda/optimize/2026-07-06-18-24-02/brief-1,798625f3,autocuda/optimize/2026-07-06-18-24-02/brief-1:34,1,0.8547,0.9994,kept,5.56
opt_0067,"Expanded the successful three-panel configuration to 608 threads and sixteen update warps so every active consumer owns exactly one column. Full validation/guards passed. Dense n512 regressed from 18287.072 to 19004.517 us (3.92%) and geomean to 1444.595 us, showing the tighter two-block register budget/extra warp contention outweighs removing the final 16 double-column assignments. The 576-thread 3/15 split remains best.",autocuda/optimize/2026-07-06-18-24-02/brief-3,645041ea,autocuda/optimize/2026-07-06-18-24-02/brief-3:19,1,0.8544,0.9993,kept,5.56
opt_0068,"Reduced ownership to 28 warps/896 threads to raise the register allowance to 72 and eliminate offline ptxas spills while retaining 43.75% occupancy. Full guards pass. Dense n=512 regressed from 18887.045 to 19130.615 us (1.29%); suite regressed to 1444.896954, proving four extra warps outweigh the small spill stream.",autocuda/optimize/2026-07-06-18-24-02/brief-1,4e194ad2,autocuda/optimize/2026-07-06-18-24-02/brief-1:35,1,0.8543,0.9995,kept,5.56
opt_0069,"Removed the second shared Z vector: lanes 0-15 retained one transformed coefficient and row updates fetched them with active-mask warp shuffles. Full validation/guards passed after correcting the final half-warp mask. Dense n512 regressed from the shared-Z trial's 16187.277 to 18339.474 us; geomean was 1445.287. Sixteen shuffles per row are substantially more expensive than shared broadcasts, despite the smaller state footprint.",autocuda/optimize/2026-07-06-18-24-02/brief-7,6d7f1db3,autocuda/optimize/2026-07-06-18-24-02/brief-7:4,1,0.8540,0.9891,kept,5.56
opt_0070,"Replaced sqrt(tail_sq)+robust hypot(alpha,tail) with one sqrt(fma(alpha,alpha,tail_sq)) on the guarded dense route. Full guards pass. Dense n=512 improved 18887.045 to 18795.604 us (0.48%, ~3.6 combined standard errors); suite 1446.223322 moved through untouched-shape variance, so retain for the user-prioritized n=512 target.",autocuda/optimize/2026-07-06-18-24-02/brief-1,25a06719,autocuda/optimize/2026-07-06-18-24-02/brief-1:37,1,0.8535,1.0027,kept,5.56
opt_0071,"Kept the required 128-row CTA-group-1 TF32 atom while narrowing the actual resident slab to columns 416:512; lanes 96:127 were explicitly zero-padded through load, both compact-WY MMAs, and flush. Full validation/guards passed. Dense n512 measured 19224.288 us and geomean 1447.946, versus 17752.548/1437.866 for 640-thread last-128 and 16218.032/1424.905 for the 1024-thread parent. Nsys measured the fused kernel at 19.044030 ms (99.8%), confirming the 32 extra scalar columns dominate any narrower load/flush saving.",autocuda/optimize/2026-07-06-18-24-02/brief-6,836a0ea4,autocuda/optimize/2026-07-06-18-24-02/brief-6:6,1,0.8525,0.9930,kept,5.56
opt_0072,"Raised single-matrix ownership from 16 to 24 warps/CTA, enlarged the reused transpose workspace to 101376 bytes, and retained one block/SM. Full guards pass; ptxas reports 80 registers and no spills. Dense n=512 improved 21486.576 to 19513.516 us (9.18%); suite improved 1459.104226 to 1448.062189.",autocuda/optimize/2026-07-06-18-24-02/brief-1,468a28ac,autocuda/optimize/2026-07-06-18-24-02/brief-1:32,1,0.8524,1.0076,kept,5.56
opt_0073,"Bracketed the double-buffer lookahead at P12/C20 with a 384-thread named producer barrier. Full guards pass. Dense n512 regressed from P8/C24 19297.564 to 19623.152 us, while full-suite 1448.910330 moved through fallback-shape variance. Counters show producer 64.95 us versus consumer 92.80 us per phase and frontier update 17.94 us, confirming P12/C20 is consumer-heavy and that P8/C24 is the better-balanced coarse split.",autocuda/optimize/2026-07-06-18-24-02/brief-1,60b86ec7,autocuda/optimize/2026-07-06-18-24-02/brief-1:43,1,0.8519,1.0010,kept,5.56
opt_0074,"Moved the next-panel frontier inside the P12/C20 overlap: producer warps update the immediate panel behind a 384-thread named barrier and then factor/build it while consumers update far columns from phase start. Full guards pass. Dense n512 measured 19660.811 us and suite 1449.689135, effectively unchanged from serialized P12. Counters show frontier 42.59 + factor/build 56.43 = 99.02 us producer-side versus 93.87 us consumer and 99.30 us overlap wall; the fused phase overlaps correctly but using only 12 warps inflated the frontier.",autocuda/optimize/2026-07-06-18-24-02/brief-1,02f37ab3,autocuda/optimize/2026-07-06-18-24-02/brief-1:44,1,0.8514,0.9995,kept,5.56
opt_0075,"Bracketed the stationary last-128-column tcgen05 slab at 768 threads/24 warps with __launch_bounds__(768,2) and 101376 B shared memory, retaining one fused CTA per matrix. Full official, differential, invariance, and off-grid validation passed. Dense n512 measured 19290.759 us versus parent 16218.032 us; full geomean was 1450.027 versus 1424.905. The occupancy-oriented launch cap trades substantial register pressure/spill work for the smaller block.",autocuda/optimize/2026-07-06-18-24-02/brief-6,b250ad39,autocuda/optimize/2026-07-06-18-24-02/brief-6:1,1,0.8512,0.9827,kept,5.56
opt_0076,"Tested 31 warps/992 threads with 130944 bytes shared to ease the 32-warp register edge while preserving 48.4% occupancy. Full guards pass, but uneven work distribution and one fewer warp regressed dense n=512 from 18887.045 to 19342.212 us (2.41%); suite regressed to 1450.199937.",autocuda/optimize/2026-07-06-18-24-02/brief-1,0144aed6,autocuda/optimize/2026-07-06-18-24-02/brief-1:36,1,0.8511,0.9963,kept,5.56
opt_0077,"Rebalanced the double-buffer lookahead to P8/C24 and added a compiler memory clobber to globaltimer probes. Full guards pass. Dense n512 improved from P16/C16 20255.095 to 19297.564 us and suite from 1453.752330 to 1450.316232, but remains above ff5d40a0. Phase counters average startup 59.69 us, producer 80.57 us, consumer 85.65 us, overlap timestamp 80.83 us, and dependency-front update 17.52 us per phase; P8/C24 is substantially better balanced.",autocuda/optimize/2026-07-06-18-24-02/brief-1,13298864,autocuda/optimize/2026-07-06-18-24-02/brief-1:42,1,0.8511,1.0024,kept,5.56
opt_0078,"Combined the shared-Z rank-8 near update with a 640-thread launch, one reusable correction A stage, and a 296-CTA persistent matrix loop retaining one TMEM allocation. Full validation and all guards passed. Dense n512 regressed from parent 16062.250 to 20065.232 us (+24.92%); full geomean was 1452.150. Two-resident occupancy and reduced projection state did not offset lower per-matrix warp parallelism, extra correction-stage barriers, and the unavoidable third scheduling wave for batch 640.",autocuda/optimize/2026-07-06-18-24-02/brief-7,7c1d50bb,autocuda/optimize/2026-07-06-18-24-02/brief-7:5,1,0.8500,0.9953,kept,5.56
opt_0079,"Introduced a same-CTA P16/C16 lookahead pipeline with double-buffered NB16 V/T: all warps update the next panel, 16 producer warps factor/build it behind named barrier 1, and 16 consumer warps apply the current panel to far columns before a full-CTA reuse join. Full guards pass. Instrumented dense n512 regressed 18684.613 to 20255.095 us and suite to 1453.752330. Counters average startup 45.27 us, producer 55.66 us/phase, consumer 102.17 us/phase, overlap timestamp 55.95 us/phase, and lookahead 17.35 us/phase; the consumer counter exposes an imbalanced split and the overlap timestamp needs barrier-order verification.",autocuda/optimize/2026-07-06-18-24-02/brief-1,c9d9215a,autocuda/optimize/2026-07-06-18-24-02/brief-1:41,1,0.8491,0.9924,kept,5.56
opt_0080,"Reached the natural full-width endpoint at 576 threads: two panel warps plus sixteen update warps, assigning one consumer to every possible trailing column. Full validation/guards passed under two-block launch bounds. Dense n512 improved from 20782.230 to 20326.629 us (2.19%), and geomean improved to 1454.193 us; one-column ownership is beneficial despite the tighter register budget.",autocuda/optimize/2026-07-06-18-24-02/brief-3,4cc91244,autocuda/optimize/2026-07-06-18-24-02/brief-3:17,1,0.8488,1.0015,kept,5.56
opt_0081,"Widened the full-width CTA to 512 threads: two panel warps and fourteen update warps, leaving only 48 consumers with a second early column. Full validation/guards passed with no apparent spill cliff. Dense n512 improved from 23225.069 to 20782.230 us (10.52%), and geomean improved to 1456.383 us, 2.15% better than the resident-grid parent.",autocuda/optimize/2026-07-06-18-24-02/brief-3,79220c49,autocuda/optimize/2026-07-06-18-24-02/brief-3:16,1,0.8475,1.0088,kept,5.56
opt_0082,"Completed the width endpoint with 64 actual stationary columns (448:512) zero-padded into the required 128-row TF32 atom, retaining the valid 640-thread launch and four TMEM warps. Full validation/guards passed. Dense n512 measured 20884.923 us and geomean 1457.551, versus 19224.288/1447.946 for padded 96 and 17752.548/1437.866 for full 128. Each 32-column reduction adds about 1.5-1.7 ms because tcgen05 work remains 128-wide while more columns fall back to SIMT.",autocuda/optimize/2026-07-06-18-24-02/brief-6,1e00233d,autocuda/optimize/2026-07-06-18-24-02/brief-6:7,1,0.8468,0.9934,kept,5.56
opt_0083,"Applied compact-WY T to projected weights in descending row order in place, removing the separate transformed[16] array. Full guards pass. Dense n=512 improved 21774.364 to 21486.576 us (1.32%); suite improved 1464.254851 to 1459.104226 despite offline ptxas allocating more registers, so retain the measured win.",autocuda/optimize/2026-07-06-18-24-02/brief-1,02a0deb7,autocuda/optimize/2026-07-06-18-24-02/brief-1:31,1,0.8459,1.0035,kept,5.56
opt_0084,"Bracketed the rank-8 shared-Z persistent fusion at 768 threads/24 warps while retaining a 296-CTA grid, two-block launch bound, one TMEM allocation per CTA, and a 115200-byte shared footprint. Full validation and all guards passed. Dense n512 regressed from the 640-thread trial's 20065.232 to 21441.280 us (+6.86%); geomean was 1460.133. Four additional near-update warps do not repay the tighter register ceiling and larger CTA barrier cohort.",autocuda/optimize/2026-07-06-18-24-02/brief-7,6ff0db05,autocuda/optimize/2026-07-06-18-24-02/brief-7:8,1,0.8453,1.0075,kept,5.56
opt_0085,"Replaced rank-8 near projection arrays with a lane-striped pair scheme: each lane keeps one coefficient, a 32 KiB row-major shared V view avoids bank-conflicted coefficient reads, and target-column rows load once before shuffle exchange. Restored the faster 296-CTA persistent grid. Full validation and all guards passed. Dense n512 regressed from the rank-8 296-CTA trial's 16263.597 to 21574.243 us (+32.66%); geomean was 1460.813. Per-tile shuffle exchange and V staging overwhelm the smaller live state and halved target-column loads.",autocuda/optimize/2026-07-06-18-24-02/brief-7,70336ccc,autocuda/optimize/2026-07-06-18-24-02/brief-7:11,1,0.8450,0.9790,kept,5.56
opt_0086,"Parallelized the compact-WY triangular T recurrence across warp-0 lanes with warp-synchronous row dependencies, replacing the single-thread recurrence. Full guards pass. Dense n=512 improved 23507.315 to 21774.364 us (7.37%); suite improved 1471.191741 to 1464.254851.",autocuda/optimize/2026-07-06-18-24-02/brief-1,6a5879fc,autocuda/optimize/2026-07-06-18-24-02/brief-1:30,1,0.8430,1.0047,kept,5.56
opt_0087,"Tested the planned width endpoint at 448 threads: two panel warps plus twelve full-width update warps, so only 112 consumers own two early columns and 272 own one. Full validation/guards passed. Dense n512 improved from 24157.401 to 23225.069 us (3.86%), and geomean improved to 1469.194 us; no register-spill cliff appeared at this width.",autocuda/optimize/2026-07-06-18-24-02/brief-3,a999d661,autocuda/optimize/2026-07-06-18-24-02/brief-3:15,1,0.8401,1.0036,kept,5.56
opt_0088,"Reduced each near-column projection from two rank-8 accumulator passes to four rank-4 passes to lower live registers under the 640-thread two-CTA launch bound. Full validation and all guards passed, but dense n512 regressed from rank-8 20065.232 to 23365.113 us (+16.45%) and geomean to 1471.030. Re-reading each target column four times costs far more than the measured 469 KB launch-wide spill traffic; retain rank-8 for the thread-count bracket.",autocuda/optimize/2026-07-06-18-24-02/brief-7,1d20b74e,autocuda/optimize/2026-07-06-18-24-02/brief-7:7,1,0.8391,0.9872,kept,5.56
opt_0089,"Replaced strided row/column-major input and output copies with 16 warp-private padded 32x32 shared-memory transpose tiles, reusing the allocation outside factorization. Full guards pass. Dense n=512 improved 24879.090 to 23507.315 us (5.51%); suite improved 1482.396078 to 1471.191741, matching NCU's excessive-sector diagnosis.",autocuda/optimize/2026-07-06-18-24-02/brief-1,1b0630d1,autocuda/optimize/2026-07-06-18-24-02/brief-1:29,1,0.8390,1.0055,kept,5.56
opt_0090,"Added low-overhead CTA0 globaltimer counters for local panel work, overlapped stationary/TMA plus first queued update, remaining queue drain, stationary tile load, and catch-up flush; one 8xint64 tensor exposes results. Full validation and all guards passed. Dense n512 measured 23802.487 us and geomean 1472.067015 us. One-shot B640 counters over five waves/120 stationary epochs: panel 9.386 ms; stationary+TMA+first update 7.241 ms; residual queue 3.251 ms; resident load 0.096 ms; flush 0.022 ms. Stationary+queue totals 10.492 ms versus the earlier independent NB16 update wall of 15.598 ms, while load+single-flush is only 0.118 ms.",autocuda/optimize/2026-07-06-18-24-02/brief-4,b3f1e73b,autocuda/optimize/2026-07-06-18-24-02/brief-4:8,1,0.8385,1.0010,kept,5.56
opt_0091,"Split the 256-thread CTA into concurrent named-barrier warpgroups during stationary epochs. Lower 128 threads issue the TMEM A-operand W product and in-place correction; upper 128 atomically claim the first global queue task and stage its V/T into a disjoint buffer. One full CTA join exposes the prefetched task to the 256-column SIMT updater, after which the ordinary queue drains any remainder. Added 33 KiB shared staging but retained one WAVE148 owner per SM. Full validation and all guards passed. Dense n512 improved from 23908.119 to 23297.670 us (2.55%); geomean improved from 1473.839509 to 1472.427420 us. This is 10.00% faster than parent dense 25887.552 us.",autocuda/optimize/2026-07-06-18-24-02/brief-4,ab6f0347,autocuda/optimize/2026-07-06-18-24-02/brief-4:4,1,0.8383,1.0010,kept,5.56
opt_0092,"Isolated compensated math by restoring plain TMEM-A TF32 for the long W=C^T V reduction while retaining three-term TF32x3 on the short rank-16 C correction. This removes per-K tcgen05.ld8 resident-C residual extraction and two extra W MMAs. Full validation and all guards passed. Dense n512 improved from strict 24705.408 to 23676.178 us; geomean improved from 1479.409654 to 1473.537097 us. Relative to plain bulk-staged stationary at 23302.669 us, correction-only compensation costs 1.60%, while the removed W compensation accounted for about 1.03 ms of strict overhead.",autocuda/optimize/2026-07-06-18-24-02/brief-4,244bb133,autocuda/optimize/2026-07-06-18-24-02/brief-4:7,1,0.8377,1.0040,kept,5.56
opt_0093,"Removed the owner stationary update global V/T restage: immediately after factor_panel and the publication barrier, tcgen05 now consumes the owner CTA live column-major panel plus its shared T, reconstructing implicit V zeros/ones through panel_v. Expanded resident C from 480 to 496 TMEM rows and cut the FP32 shared tail from 32 to 16 rows, leaving exactly 16 TMEM columns for W. Full validation and every guard passed. Dense n512 improved from 24453.288 to 23908.119 us (2.23%); geomean improved from 1478.103218 to 1473.839509 us. Versus parent 19c7f this is 7.65% faster on dense n512.",autocuda/optimize/2026-07-06-18-24-02/brief-4,d3e35121,autocuda/optimize/2026-07-06-18-24-02/brief-4:3,1,0.8375,1.0029,kept,5.56
opt_0094,"Extended tile stationarity through late panels with just-in-time catch-up: after panel 368, each epoch keeps later columns in TMEM, zeros corrections for already-consumed lanes, and flushes only the next 16-column panel before the following factorization instead of writing the full 128-column slab. Full validation and all guards passed. Dense n512 measured 23971.685 us and geomean 1474.235562 us. Phase counters over five waves changed from wholesale-flush panel/stationary/queue/load/flush 9.386/7.241/3.251/0.096/0.022 ms to 9.325/7.743/2.882/0.095/0.030 ms across 155 stationary epochs: 0.369 ms less queue work but 0.502 ms more TMEM correction, a net 0.133 ms update regression matching the measured 0.169 ms dense regression.",autocuda/optimize/2026-07-06-18-24-02/brief-4,3f46a0e2,autocuda/optimize/2026-07-06-18-24-02/brief-4:9,1,0.8373,0.9985,kept,5.56
opt_0095,"Widened the full-width CTA again from 320 to 384 threads, retaining two panel warps and using ten update warps. Full validation/guards passed. Dense n512 improved from 24966.167 to 24157.401 us (3.24%; 23.508-24.651 ms observed range) and geomean improved to 1474.517 us. The result remains faster than the resident-grid parent despite elevated timing variance.",autocuda/optimize/2026-07-06-18-24-02/brief-3,2ae9c0ef,autocuda/optimize/2026-07-06-18-24-02/brief-3:14,1,0.8371,1.0027,kept,5.56
opt_0096,"Replaced the upper warpgroup 128-thread V/T prefetch loops with two mbarrier-tracked cp.async.bulk shared::cta.global transfers, using the Blackwell bulk/TMA engine while the lower warpgroup applies the stationary TMEM update. Full validation and all guards passed. Dense n512 measured 23302.669 us versus 23297.670 us for software staging, a neutral 0.02% difference showing the V/T transfer was already hidden by the stationary work. Full geomean measured 1477.136272 us; untouched-route variance accounts for the broader regression versus 1472.427420.",autocuda/optimize/2026-07-06-18-24-02/brief-4,67f16b29,autocuda/optimize/2026-07-06-18-24-02/brief-4:5,1,0.8356,0.9968,kept,5.56
opt_0097,"Implemented a real WAVE148 tile-stationary multi-panel path: each matrix owner keeps C[:,384:512]^T in a 512-column Blackwell TMEM allocation across the first 24 NB16 epochs, retaining rows 480:512 in shared memory to reserve TMEM workspace for W=C^T V. Plain-TF32 tcgen05 consumes TMEM directly for W and accumulates the rank-16 correction back into TMEM; the global queue updates only cols below 384 and the owner performs one catch-up flush before factor_panel(384). All 22 tests and all differential, invariance, and off-grid guards passed. Dense n512 improved from parent 25887.552 to 24453.288 us (5.54%); geomean improved from 1482.724917 to 1478.103218 us.",autocuda/optimize/2026-07-06-18-24-02/brief-4,a3492e07,autocuda/optimize/2026-07-06-18-24-02/brief-4:1,1,0.8351,1.0031,kept,5.56
opt_0098,"Widened the full-width CTA from 256 to 320 threads while retaining two panel warps and growing the update group from six to eight warps. Width 496 now costs at most two columns per consumer thread rather than three, with the same 68 KiB shared footprint and two-block target. Full validation/guards passed. Dense n512 improved from 28067.469 to 24966.167 us (11.05%); geomean improved to 1478.462 us, 0.67% better than the 1488.459 resident-grid parent.",autocuda/optimize/2026-07-06-18-24-02/brief-3,a9031554,autocuda/optimize/2026-07-06-18-24-02/brief-3:13,1,0.8349,1.0097,kept,5.56
opt_0099,"Folded Householder scalar formation into warp-0's block reduction, removing one block barrier per reflector. Full guards pass. Dense n=512 measured 24936.522 us, 0.23% slower than trial 24's 24879.090 us (within noise), while suite 1479.239293 improved through unrelated-shape variance; reject for target selection.",autocuda/optimize/2026-07-06-18-24-02/brief-1,df6c1971,autocuda/optimize/2026-07-06-18-24-02/brief-1:28,1,0.8344,1.0021,kept,5.56
opt_0100,"Added strict three-term compensated TF32 tcgen05 to both stationary products. For W=C^T V, tcgen05.ld8 extracts resident FP32 C so the kernel accumulates C_hi*V_hi + C_hi*V_lo + C_lo*V_hi; the in-place C correction applies the analogous W_hi*V_hi + W_hi*V_lo + W_lo*V_hi. cp.async.bulk queue prefetch remains overlapped. Full validation and all guards passed. Dense n512 measured 24705.408 us and geomean 1479.409654 us, 6.02% slower than plain bulk-staged stationary at 23302.669 us but still 4.57% faster than parent dense 25887.552 us.",autocuda/optimize/2026-07-06-18-24-02/brief-4,5d7bc392,autocuda/optimize/2026-07-06-18-24-02/brief-4:6,1,0.8343,0.9985,kept,5.56
opt_0101,"Cooperative compact-WY panel construction: each Gram V-column pair is computed by a full warp with contiguous row-strip loads and warp reduction, replacing one-thread serial bank-conflicted dots. Full validation/guards pass. Dense n=512 improved from 25757.843 to 25116.155 us (~2.49%); suite geomean improved from 1485.168087 to 1480.445562 us.",autocuda/optimize/2026-07-06-18-24-02/brief-1,cdc3b6d2,autocuda/optimize/2026-07-06-18-24-02/brief-1:23,1,0.8337,1.0032,kept,5.56
opt_0102,"Bracket 512-thread/16-warp single-CTA matrix ownership while preserving 16 resident warps/SM; full guards pass, dense n=512 24879.090 us, suite 1482.396078, improving trial 21 by 0.45% on target and 0.19% suite.",autocuda/optimize/2026-07-06-18-24-02/brief-1,6d5b7310,autocuda/optimize/2026-07-06-18-24-02/brief-1:27,1,0.8327,1.1161,kept,5.56
opt_0103,"Produced a clean independent NB16/WAVE148 resident kernel after completing the instrumentation, width, and paired-cluster studies: removed globaltimer counters, timing allocation/atomics, static clusters, DSM replication, and cluster synchronizations while retaining 148 resident CTAs, 256-column queued updates, global V/T slabs, and fused epoch barriers. Full validation passed. Dense n512 25887.552 us; geomean 1482.724917, the lowest measured in brief 2.",autocuda/optimize/2026-07-06-18-24-02/brief-2,19c7f458,autocuda/optimize/2026-07-06-18-24-02/brief-2:29,1,0.8325,1.0270,kept,5.56
opt_0104,"Removed redundant size-one cluster launch, DSM mbarriers/proxy fences, cooperative-group barriers, and 960 bytes of unused shared memory; ordinary one-CTA megakernel. Full validation/guards pass. Dense n=512 improved from 26098.981 to 25757.843 us (~1.31%); suite geomean 1485.168087 us.",autocuda/optimize/2026-07-06-18-24-02/brief-1,1f5d7574,autocuda/optimize/2026-07-06-18-24-02/brief-1:22,1,0.8311,1.0003,kept,5.56
opt_0105,"Replaced each 256-thread shared-tree Householder norm reduction with eight warp sums plus one warp-of-warps reduction, removing seven block barriers per reflector. Full validation/guards pass. Dense n=512 measured 24990.800 us versus 25116.155 us; suite geomean 1485.283201 us amid unchanged-shape noise.",autocuda/optimize/2026-07-06-18-24-02/brief-1,3859e279,autocuda/optimize/2026-07-06-18-24-02/brief-1:24,1,0.8310,0.9967,kept,5.56
opt_0106,"Single-CTA ownership bracket: one 256-thread block owns all 512 columns, retaining the same compact-WY panel/update algorithm. Full validation and all guards pass. Dense n=512 improved from striped two-CTA 27457.497 to 26098.981 us (~4.9%); suite geomean improved from 1489.380296 to 1485.657331 us.",autocuda/optimize/2026-07-06-18-24-02/brief-1,a756af7f,autocuda/optimize/2026-07-06-18-24-02/brief-1:21,1,0.8308,1.0025,kept,5.56
opt_0107,"Reduced the clean independent NB16 resident wave from 148 to 128 matrices while retaining all 148 CTAs, isolating panel-owner concurrency from instrumentation and clustered variants. Full validation and all guards passed. Dense n512 measured 26263.846 us and geomean 1487.137284 us, versus clean WAVE148 at 25887.552 us and 1482.724917 us; the 20 additional matrix slots improved dense latency by 1.43% despite the larger V/T workspace.",autocuda/optimize/2026-07-06-18-24-02/brief-2,abfc29cb,autocuda/optimize/2026-07-06-18-24-02/brief-2:30,1,0.8300,0.9970,kept,5.56
opt_0108,"Raised paired-cluster wave size from 74 to the full 148 resident CTAs and expanded V/T slabs, completing the low/high concurrency bracket. Full validation passed. Dense n512 26485.536 us, geomean 1488.089225. Phase walls were panel 9.888 ms and update 15.624 ms, recovering the WAVE128 panel concurrency and matching independent NB16 within noise while retaining clustered V/T sharing; WAVE74 measured 17.564/15.260 ms and 34415.624 us.",autocuda/optimize/2026-07-06-18-24-02/brief-2,cefcc6bc,autocuda/optimize/2026-07-06-18-24-02/brief-2:27,1,0.8295,1.0210,kept,5.56
opt_0109,"Reduced the resident panel width from NB32 to NB16 and resized V/T/shared slabs. Full validation passed. Geomean 1488.458763 us; dense n512 26466.053 us, 14.5% faster than instrumented NB32 at 30942.630 us. Phase walls moved from panel/update 16.688/13.136 ms to 9.858/15.598 ms; panel tasks halved to 58.15 us average while staging total stayed nearly flat (158.8 ms aggregate) and update math became the 61% wall bottleneck.",autocuda/optimize/2026-07-06-18-24-02/brief-2,a6f4aa79,autocuda/optimize/2026-07-06-18-24-02/brief-2:22,1,0.8293,1.0113,kept,5.56
opt_0110,Two-CTA cooperative ownership: stripe each 16-column trailing group across ranks while retaining fixed tiles only for I/O. Full validation and all guards pass. Dense n=512 improved from 31723.691 to 27457.497 us (~13.4%); suite geomean improved from 1507.897367 to 1489.380296 us.,autocuda/optimize/2026-07-06-18-24-02/brief-1,2a10c82e,autocuda/optimize/2026-07-06-18-24-02/brief-1:20,1,0.8287,1.0124,kept,5.56
opt_0111,"Refined paired clusters so the partner copies the root DSM V/T slabs once into local shared memory before update math. Full validation passed. Dense n512 recovered from 41445.497 to 26996.077 us; geomean 1491.893028. Update math returned to 53.32 us/task and staging aggregate fell 21.5% versus independent NB16 (124.6 vs 158.8 ms), but cluster synchronization/DSM replication raised update wall from 15.598 to 16.125 ms, leaving dense latency 2.0% above independent NB16.",autocuda/optimize/2026-07-06-18-24-02/brief-2,a826631b,autocuda/optimize/2026-07-06-18-24-02/brief-2:25,1,0.8274,1.0360,kept,5.56
opt_0112,"Returned to the validated two-panel/six-update SIMT pipeline and fused both 256-column trailing tiles into one full-width update invocation. This removes the panel-idle tile-1 phases and balances width 496 as 112 threads with three columns plus 80 with two. Full validation/guards passed. Dense n512 improved from the best local 31665.525 to 28067.469 us (11.36%), and geomean improved to 1492.746 us, within 0.29% of the resident-grid parent.",autocuda/optimize/2026-07-06-18-24-02/brief-3,c2149409,autocuda/optimize/2026-07-06-18-24-02/brief-3:12,1,0.8269,1.0202,kept,5.56
opt_0113,"Retried the validated 148-CTA fully resident grid. Benchmark succeeded: geomean 1503.355950 us and dense n512 30631.568 us, 0.57% faster than 128 CTAs at 30808.344 us. One CTA per B200 SM safely adds update capacity while 128 CTAs remain panel owners.",autocuda/optimize/2026-07-06-18-24-02/brief-2,dc01a67c,autocuda/optimize/2026-07-06-18-24-02/brief-2:18,1,0.8210,1.0016,kept,5.56
opt_0114,"Added low-overhead synchronized globaltimer instrumentation for release-to-release panel/update walls, per-CTA barrier wait, V/T staging, update math, and task counts; aggregate atomics occur only once per CTA at exit. Full validation passed. Dense n512 30942.630 us and geomean 1505.273505. One-shot counters: panel wall 16.688 ms, update wall 13.136 ms; 10,240 panel tasks averaged 203.46 us, 14,080 stage tasks 11.66 us and update math 98.43 us; aggregate barrier wait averaged 32.17 us across 24,420 CTA-barrier calls.",autocuda/optimize/2026-07-06-18-24-02/brief-2,729d4752,autocuda/optimize/2026-07-06-18-24-02/brief-2:21,1,0.8200,0.9987,kept,5.56
opt_0115,"Retried the validated fused queue-reset barrier commit. Benchmark succeeded: geomean 1505.813402 us and dense n512 30808.344 us, 1.0% faster than the separate queue-reset barrier at 31121.766 us while preserving safe fully-resident epoch synchronization.",autocuda/optimize/2026-07-06-18-24-02/brief-2,c92c3549,autocuda/optimize/2026-07-06-18-24-02/brief-2:15,1,0.8197,1.0188,kept,5.56
opt_0116,"Cluster-size/ownership bracket: two CTAs per matrix, 256 columns per CTA, one bulk DSM publication. Full validation and all guards pass. Dense n=512 improved from 39324.926 to 31723.691 us (~19.3%); suite geomean improved from 1536.172537 to 1507.897367 us.",autocuda/optimize/2026-07-06-18-24-02/brief-1,f8bd588e,autocuda/optimize/2026-07-06-18-24-02/brief-1:19,1,0.8186,1.0193,kept,5.56
opt_0117,"Doubled scalar compact-WY update tiles from 128 to 256 columns, matching all 256 threads and halving queued tasks plus redundant V/T shared loads. Full validation passed. Geomean 1509.351603 us; dense n512 31121.766 us, 21.5% faster than 128-column FP32 at 39659.942 us.",autocuda/optimize/2026-07-06-18-24-02/brief-2,d87c9574,autocuda/optimize/2026-07-06-18-24-02/brief-2:11,1,0.8178,1.0183,kept,5.56
opt_0118,"Changed CTA ownership from a 214-block mix of 2/4 matrices to 320 CTAs with exactly one matrix pair each, retaining the validated two-panel/six-update split. Full validation/guards passed. Dense n512 improved 34404.179 to 31729.088 us (7.78%); geomean improved 1517.848 to 1510.460 us, showing ownership/wave balance materially affects the local pipeline.",autocuda/optimize/2026-07-06-18-24-02/brief-3,80185090,autocuda/optimize/2026-07-06-18-24-02/brief-3:4,1,0.8172,1.0049,kept,5.56
opt_0119,"Removed paired-column state and retained only a descending in-place W-to-Z transform, reducing each update thread from two NB16 arrays to one while using the best 320-CTA one-pair launch. Full validation/guards passed. Dense n512 measured 31665.525 us versus 31729.088 us (0.20% faster, within noise); geomean 1511.481 us versus 1510.460, so the change is effectively neutral pending counters.",autocuda/optimize/2026-07-06-18-24-02/brief-3,e511490c,autocuda/optimize/2026-07-06-18-24-02/brief-3:7,1,0.8166,1.0188,kept,5.56
opt_0120,"Changed the staged WMMA update from TF32x3 error correction to one native TF32 MMA per product term. Full validation/guards still passed, and dense n512 improved from 36453.613 to 32347.201 us (11.26%), but remains 2.15% slower than the 31665.525-us SIMT in-place update; geomean is 1512.918 us.",autocuda/optimize/2026-07-06-18-24-02/brief-3,1dfdddc5,autocuda/optimize/2026-07-06-18-24-02/brief-3:9,1,0.8159,1.0117,kept,5.56
opt_0121,"Tested the adjacent two-panel/six-update warp split in the paired-matrix CTA pipeline. Full validation/guards passed. Dense n512 improved 34627.552 to 34404.179 us (0.65%); geomean 1517.848 us. Counters: panel 123.25 us/task, update 154.08 us/task, pair wall 16.231 ms, showing the sides are closer but update remains longer.",autocuda/optimize/2026-07-06-18-24-02/brief-3,83359398,autocuda/optimize/2026-07-06-18-24-02/brief-3:3,1,0.8132,1.0005,kept,5.56
opt_0122,"Rebalanced the CTA-local pipeline from four/four to three panel and five update warps, using a three-warp panel norm reduction. Full validation/guards passed. Dense n512 improved 35494.627 to 34627.552 us and geomean 1526.235 to 1518.650 us. Live counters: panel 100.61 us/task, update 161.46 us/task, pair wall 16.337 ms; update remains longer despite five warps.",autocuda/optimize/2026-07-06-18-24-02/brief-3,9d989f08,autocuda/optimize/2026-07-06-18-24-02/brief-3:2,1,0.8128,1.0050,kept,5.56
opt_0123,"Reduced paired-cluster wave size from 128 to 74 so every two-tile matrix maps to one of the 74 hardware clusters in a single round. Full validation passed. Dense n512 34415.624 us, geomean 1519.298547. Update wall improved from 16.125 to 15.260 ms and update tasks from 53.32 to 41.58 us, but nine lower-concurrency waves raised panel wall from 9.848 to 17.564 ms; measured panel concurrency dominates the saved cluster round.",autocuda/optimize/2026-07-06-18-24-02/brief-2,e055dc92,autocuda/optimize/2026-07-06-18-24-02/brief-2:26,1,0.8124,0.9820,kept,5.56
opt_0124,"Tested the required four-matrix-per-CTA endpoint by launching 160 blocks, each owning exactly two matrix pairs, while retaining two panel and six update warps. Full validation/guards passed. Dense n512 regressed from 31729.088 to 34799.987 us (9.68%) and geomean regressed to 1519.720 us, showing two matrices per CTA has better wave balance on this B200.",autocuda/optimize/2026-07-06-18-24-02/brief-3,89511f6e,autocuda/optimize/2026-07-06-18-24-02/brief-3:5,1,0.8122,0.9939,kept,5.56
opt_0125,"Reduced the clustered WAVE148 panel width from NB16 to NB8 to complete the lower-width crossover bracket. Full validation passed. Dense n512 regressed to 36324.541 us, geomean 1522.796970. Panel wall fell from 9.888 to 7.447 ms, but 64 panel/update phases raised update wall from 15.624 to 27.717 ms; NB16 is the measured crossover among NB8/16/32/64.",autocuda/optimize/2026-07-06-18-24-02/brief-2,149c0aab,autocuda/optimize/2026-07-06-18-24-02/brief-2:28,1,0.8106,0.9772,kept,5.56
opt_0126,"Tested the final interpolating native-TF32 warp split with three panel and five update warps after the 2/6 and 4/4 phase counters crossed. Full validation/guards passed, but dense n512 was 35539.201 us and geomean 1522.836 us, only slightly better than 4/4 and materially worse than both the 2/6 tensor and SIMT-local variants. The staged tensor split space is exhausted.",autocuda/optimize/2026-07-06-18-24-02/brief-3,113acff1,autocuda/optimize/2026-07-06-18-24-02/brief-3:11,1,0.8105,1.0002,kept,5.56
opt_0127,"Rebalanced the native-TF32 CTA pipeline from two panel/six update warps to four/four after counters showed the panel was critical. Full validation/guards passed, but dense n512 regressed from 32347.201 to 35951.174 us (11.14%) and geomean to 1523.173 us; reducing tensor consumer warps costs more than the added panel parallelism recovers.",autocuda/optimize/2026-07-06-18-24-02/brief-3,1ecfcbbc,autocuda/optimize/2026-07-06-18-24-02/brief-3:10,1,0.8104,0.9933,kept,5.56
opt_0128,Replaced resident grid epochs/queue/global V-T slabs with a real 214-CTA local software pipeline. Four panel warps factor one NB16 matrix while four update warps process paired matrix 256-column tiles from two shared V/T slots; CTAs own 2 or 4 matrices. Full validation/guards pass. Dense n512=35494.627 us and geomean=1526.235 us versus parent 26466.053/1488.459; nsys attributes 35.233 ms to qr2_n512_cta_pipeline_fp32.,autocuda/optimize/2026-07-06-18-24-02/brief-3,bc1221fe,autocuda/optimize/2026-07-06-18-24-02/brief-3:1,1,0.8087,0.9752,kept,5.56
opt_0129,"Replaced the SIMT compact-WY update with a two-resident-block, 16-column staged TF32x3 WMMA path adapted from qr_mega_la_tc, retaining the two-panel/six-update named-barrier pipeline. Full validation/guards passed. Dense n512 regressed from 31665.525 to 36453.613 us and geomean to 1530.617 us, so high/low splitting plus per-chunk staging/barriers outweighed tensor-core throughput.",autocuda/optimize/2026-07-06-18-24-02/brief-3,f10bc61b,autocuda/optimize/2026-07-06-18-24-02/brief-3:8,1,0.8064,0.9875,kept,5.56
opt_0130,"Retried the already-validated 512-column logical tile after scheduler contention. Benchmark completed: geomean 1534.121542 us and dense n512 38795.360 us, 24.7% slower than 256-column tiles at 31121.766 us; serializing a second column per thread outweighs the saved slab load.",autocuda/optimize/2026-07-06-18-24-02/brief-2,342750bc,autocuda/optimize/2026-07-06-18-24-02/brief-2:13,1,0.8046,0.9839,kept,5.56
opt_0131,CTA0-only compact-WY construction with DSM publication reduced dense n512 from 42268 us to 39487 us; full-suite geomean 1534.412 us.,autocuda/optimize/2026-07-06-18-24-02/brief-1,453122b9,autocuda/optimize/2026-07-06-18-24-02/brief-1:6,1,0.8044,1.0083,kept,5.56
opt_0132,"Staged a 16-warp one-round frontier behind named barrier 2, then reassigned warps 12-15 to produce a steady P12/C20 far-update split while warps 0-11 factor/build behind barrier 1. Full guards pass, but dense n512 regressed to 39074.697 us and suite to 1534.734112. Counters show frontier 19.99 + factor 62.77 = 82.76 us producer-side while an early consumer residue balloons to 246.34 us/phase, identifying issue starvation from mixed-role staging. Nsys confirms one 38.850541-ms QR kernel (99.9%) plus 38.368-us route probe.",autocuda/optimize/2026-07-06-18-24-02/brief-1,d77db342,autocuda/optimize/2026-07-06-18-24-02/brief-1:45,1,0.8043,0.9446,kept,5.56
opt_0133,"Replaced three per-panel 256-thread DSM copy loops with producer-driven SM100 cp.async.bulk shared::cta-to-shared::cluster transfers and mbarrier phase tracking, overlapping rank0 update with publication. Full validation/guards passed. Dense n=512 improved from 39487.303 to 39324.926 us (~0.41%); unchanged-shape noise yielded suite geomean 1536.172537 us.",autocuda/optimize/2026-07-06-18-24-02/brief-1,c215ded6,autocuda/optimize/2026-07-06-18-24-02/brief-1:14,1,0.8035,1.0002,kept,5.56
opt_0134,"Retained single-pass 16-accumulator projection while moving only the compact-WY triangular transform to lane0/shared scratch. Full validation/guards passed. Dense n=512 was essentially neutral/slightly worse at 39550.145 us; suite geomean 1536.504917 us, so original DSM compact-WY remains best.",autocuda/optimize/2026-07-06-18-24-02/brief-1,19af729e,autocuda/optimize/2026-07-06-18-24-02/brief-1:13,1,0.8033,1.0377,kept,5.56
opt_0135,"Kept the 128-matrix resident wave but replaced compensated WMMA updates with the original FP32 SIMT compact-WY column update, reducing block size to 256 and shared memory to ~71 KiB. Full validation passed. Geomean 1536.902675 us; dense n512 39659.942 us, 3.2% faster than compensated WMMA at 40973.335 us.",autocuda/optimize/2026-07-06-18-24-02/brief-2,75bb2f94,autocuda/optimize/2026-07-06-18-24-02/brief-2:10,1,0.8031,1.0030,kept,5.56
opt_0136,"One-shot per-rank phase-clock instrumentation on c215ded6, backed by focused full-set NCU. Full validation/guards pass; dense n=512 39420.399 us, suite 1536.969611 us. NCU: 115 regs/thread, 25% occupancy, 80.35% cycles no eligible warp, 62.3% issue distance at CTA barriers. Phase clocks show rank0 panel 2.13 ms/update 0.37 ms/trailing wait 1.38-1.40 ms; rank3 update 1.58-1.61 ms/trailing wait ~0.08 ms; actual rank0 publication bucket only ~24 us.",autocuda/optimize/2026-07-06-18-24-02/brief-1,ad4957f7,autocuda/optimize/2026-07-06-18-24-02/brief-1:18,1,0.8031,1.0016,kept,5.56
opt_0137,"NB8 cluster-DSM compact-WY variant; full validation and guards passed. Reduced shared memory from 36 KiB to 18 KiB, but dense n=512 regressed slightly to 39727.988 us and suite geomean to 1537.999065 us, so NB16 remains best.",autocuda/optimize/2026-07-06-18-24-02/brief-1,7b092570,autocuda/optimize/2026-07-06-18-24-02/brief-1:11,1,0.8025,1.0619,kept,5.56
opt_0138,"Reordered shared storage to publish only contiguous V/T and drop producer-only tau/Gram from each bulk DSM copy. Full validation/guards passed, but shared-layout effects outweighed 3.1% lower transfer payload: dense n=512 regressed to 39647.272 us; suite geomean 1539.483354 us.",autocuda/optimize/2026-07-06-18-24-02/brief-1,be01fdd4,autocuda/optimize/2026-07-06-18-24-02/brief-1:15,1,0.8018,0.9978,kept,5.56
opt_0139,"Returned to the best 320-CTA one-pair ownership and paired each consumer threads two possible columns, reusing V loads and overwriting W in-place during the triangular transform. Full validation/guards passed, but dense n512 regressed from 31729.088 to 38990.913 us and geomean to 1539.913 us, indicating the extra per-thread live state or predication outweighs V-load reuse.",autocuda/optimize/2026-07-06-18-24-02/brief-3,9ae6edb4,autocuda/optimize/2026-07-06-18-24-02/brief-3:6,1,0.8016,0.9869,kept,5.56
opt_0140,"Retried the validated WAVE=128 commit after the interrupted scheduler session. Full benchmark succeeded: geomean 1541.522264 us and dense batch640 n512 40973.335 us, a 2.27x speedup over WAVE=32 compensated tensorization at 93068.105 us, confirming panel concurrency and barrier-wave count dominated the resident design.",autocuda/optimize/2026-07-06-18-24-02/brief-2,2198a249,autocuda/optimize/2026-07-06-18-24-02/brief-2:9,1,0.8007,1.0696,kept,5.56
opt_0141,"Returned to NB16 and added static two-CTA Blackwell clusters. For two-tile phases, the root CTA stages each matrix V/T once and its partner consumes the slabs through distributed shared memory; one-tile phases retain independent CTA scheduling. Full validation passed. Dense n512 regressed to 41445.497 us, geomean 1545.596978. Staging fell from 158.8 to 93.9 ms aggregate (29,440 to 19,840 loads), but update math rose from 53.80 to 115.91 us/task because repeated remote-DSM operand reads dominate; panel remained 9.847 ms.",autocuda/optimize/2026-07-06-18-24-02/brief-2,85d51123,autocuda/optimize/2026-07-06-18-24-02/brief-2:24,1,0.7986,1.0127,kept,5.56
opt_0142,Explicit compact-WY projection/T/update reduced dense n512 from 59649 us to 42268 us; full suite geomean 1547.077 us.,autocuda/optimize/2026-07-06-18-24-02/brief-1,37feb988,autocuda/optimize/2026-07-06-18-24-02/brief-1:5,1,0.7978,1.0276,kept,5.56
opt_0143,"Expanded the resident panel width to NB64 and resized V/T/shared slabs. Full validation passed. Geomean 1565.205466 us; dense n512 48980.886 us. Phase counters show panel wall 34.816 ms and update wall 12.943 ms; 5,120 panel tasks averaged 864.04 us, versus NB16 panel wall 9.858 ms and 58.15 us/task. Update wall remained similar, so the regression is isolated to wide-panel factorization rather than staging.",autocuda/optimize/2026-07-06-18-24-02/brief-2,1f2aa1db,autocuda/optimize/2026-07-06-18-24-02/brief-2:23,1,0.7886,0.9510,kept,5.56
opt_0144,"Ported supplied one-CTA NB32 look-ahead kernel into the fish n512 homogeneous-safe route; all 22 tests and three guards pass. Original WMMA/tf32x3 path uses 210 KiB shared memory and measured dense n512 53733.408 us, full geomean 1580.348465 us versus parent 1234.320 us.",autocuda/optimize/2026-07-06-18-24-02/brief-0,bdf7d76c,autocuda/optimize/2026-07-06-18-24-02/brief-0:2,1,0.7810,0.7810,kept,5.56
opt_0145,NB16 panel blocking and column-major workspace reduced dense n512 from 804274 us to 59649 us; full suite geomean 1589.804 us.,autocuda/optimize/2026-07-06-18-24-02/brief-1,bd94579f,autocuda/optimize/2026-07-06-18-24-02/brief-1:4,1,0.7764,1.2468,kept,5.56
opt_0146,"Per-warp shared scratch eliminated per-lane compact-WY arrays and redundant triangular transforms, but serialized reflectors caused 16 rereads of each target column. Full validation/guards passed; dense n=512 regressed to 60755.850 us and suite geomean to 1594.380231 us.",autocuda/optimize/2026-07-06-18-24-02/brief-1,79396fde,autocuda/optimize/2026-07-06-18-24-02/brief-1:12,1,0.7742,0.9646,kept,5.56
opt_0147,"Diagnostic plain-TF32 tcgen05 path removed residual cross-product MMAs and returned to 190384 bytes shared memory. All tests and guards still pass. Dense n512 improved 71839.384 to 66400.586 us (7.57%); geomean 1605.173550 us. This is a performance ceiling, not strict compensated-TF32 brief compliance.",autocuda/optimize/2026-07-06-18-24-02/brief-0,ab3c8acd,autocuda/optimize/2026-07-06-18-24-02/brief-0:11,1,0.7690,1.0059,kept,5.56
opt_0148,"Used legal N192 tcgen descriptors with separate W/Wprime buffers, a 256-column TMEM allocation, and 210864 bytes shared memory. Full validation passes. Dense n512 regressed from N128 66400.586 to 68683.757 us; geomean 1607.025196 us, so N128 remains best.",autocuda/optimize/2026-07-06-18-24-02/brief-0,d9b8cd0c,autocuda/optimize/2026-07-06-18-24-02/brief-0:15,1,0.7681,0.9988,kept,5.56
opt_0149,"Added dedicated-mbarrier cp.async.bulk TMA loads for every contiguous n512 panel, retaining compensated TF32 tcgen05/TMEM updates in 206776 bytes shared memory. Full validation passes. Dense n512 improved 71839.384 to 69464.373 us (3.31%); geomean 1614.242631 us.",autocuda/optimize/2026-07-06-18-24-02/brief-0,ba348f84,autocuda/optimize/2026-07-06-18-24-02/brief-0:16,1,0.7646,0.9955,kept,5.56
opt_0150,"Restored M64 for V^T*C and unpacked NVIDIA Layout F correctly: warp0 lanes 0-15 hold rows 0-15, warp1 lanes 32-47 hold rows 16-31. Full validation passes; dense n512 improved 75155.537 to 71839.384 us (4.41%), geomean 1614.619501 us.",autocuda/optimize/2026-07-06-18-24-02/brief-0,d982e9b1,autocuda/optimize/2026-07-06-18-24-02/brief-0:10,1,0.7645,1.0048,kept,5.56
opt_0151,"Double-buffered two 8-deep tcgen05 operand sets in 206768 bytes shared memory and grouped six compensated MMAs per completion barrier. Full validation passes; dense n512 improved 75552.096 to 75155.537 us (0.52%), full geomean 1622.441309 us.",autocuda/optimize/2026-07-06-18-24-02/brief-0,b3db4f1e,autocuda/optimize/2026-07-06-18-24-02/brief-0:9,1,0.7608,1.0006,kept,5.56
opt_0152,"Corrected the first product to padded M128 after NVIDIA datapath docs showed non-WS M64 splits each 16-row slice across two TMEM lane regions. Native 190384-byte tcgen05 kernel passes all 22 tests and three guards. Dense n512 measured 75552.096 us; full geomean 1623.405129 us, slower than the 53733.408 us WMMA port.",autocuda/optimize/2026-07-06-18-24-02/brief-0,7a449247,autocuda/optimize/2026-07-06-18-24-02/brief-0:8,1,0.7603,0.9735,kept,5.56
opt_0153,"Four-stage single-pass TF32 tcgen05 projection passed all guards but dense n512 remained 81243 us; full-suite geomean 1633.254 us, showing staging and the SIMT update dominate.",autocuda/optimize/2026-07-06-18-24-02/brief-1,38b230b2,autocuda/optimize/2026-07-06-18-24-02/brief-1:9,1,0.7557,1.0021,kept,5.56
opt_0154,"Four-stage tf32x3 tcgen05 projection amortized completion barriers enough to benchmark, but dense n512 regressed to 84821 us and suite geomean to 1636.705 us.",autocuda/optimize/2026-07-06-18-24-02/brief-1,c6d6b0d8,autocuda/optimize/2026-07-06-18-24-02/brief-1:8,1,0.7541,0.9375,kept,5.56
opt_0155,"Transposed the final WY product as (VZ)^T=Z^T V^T so both tensor products reuse the verified column-major compensated TF32x3 mapping. Full validation and guards passed. Geomean 1648.754638 us; dense batch640 n512 93068.105 us, essentially tied with the 93196.353 us all-SIMT resident trial and faster than tensor-W-only 103381.686 us.",autocuda/optimize/2026-07-06-18-24-02/brief-2,eb0c01d8,autocuda/optimize/2026-07-06-18-24-02/brief-2:7,1,0.7486,1.0104,kept,5.56
opt_0156,Removed unavailable math.h include; resident FP32 grid passed validation and all guards. Full geomean 1652.002351 us; dense batch640 n512 measured 93196.353 us. Nsys attributes 92.878 ms entirely to qr2_n512_resident_grid_fp32.,autocuda/optimize/2026-07-06-18-24-02/brief-2,089dba2c,autocuda/optimize/2026-07-06-18-24-02/brief-2:2,1,0.7472,0.7472,kept,5.56
opt_0157,"Occupancy-preserving lookahead: one reusable contiguous V/T buffer plus 1 KiB scratch T, Gram built from acm while rank1 consumes previous V/T, then repack/TMA publish. Full validation/guards pass. Despite 36.9 KiB/CTA, dense n=512 measured 96468.386 us and suite 1654.576012 us, isolating monolithic role/work-concentration cost from the prior double-buffer footprint.",autocuda/optimize/2026-07-06-18-24-02/brief-1,2696e849,autocuda/optimize/2026-07-06-18-24-02/brief-1:26,1,0.7460,1.0012,kept,5.56
opt_0158,"Explicit two-CTA lookahead: double-buffered 33,792-byte V/T panels, rank0 factors p while rank1 finishes p-1 far update, TMA publication overlaps consumption, then both update next-panel columns. Full validation/guards pass, but 69.7 KiB/CTA and rank1 work concentration regress dense n=512 to 95138.369 us; suite 1656.511275 us.",autocuda/optimize/2026-07-06-18-24-02/brief-1,a2c540b8,autocuda/optimize/2026-07-06-18-24-02/brief-1:25,1,0.7451,0.8966,kept,5.56
opt_0159,"From the last known-good parent, tensorized only W=V^T C with compensated TF32x3 and kept C-=VZ scalar. Full validation passed. Geomean 1665.927285 us; dense batch640 n512 103381.686 us, versus 93196.353 us for the all-SIMT resident trial.",autocuda/optimize/2026-07-06-18-24-02/brief-2,82fd8ddb,autocuda/optimize/2026-07-06-18-24-02/brief-2:5,1,0.7409,0.9916,kept,5.56
opt_0160,"Diagnostic plain-TF32 CT128 restored two 8-deep stages at the same 101,368 B footprint as single-stage strict. Full validation/guards passed. Dense n512 improved 124,732.714 to 111,986.196 us but merely tied strict CT64 111,956.566 us; geomean 1676.168 us, so compensation is not the main remaining limit.",autocuda/optimize/2026-07-06-18-24-02/brief-0,24fc8db9,autocuda/optimize/2026-07-06-18-24-02/brief-0:24,1,0.7364,1.0087,kept,5.56
opt_0161,"Two shared NB16 look-ahead panels plus compact strict CT64 tcgen05 operands fit in 101,368 B, targeting two CTAs/SM. Full validation/guards passed. Dense n512 improved one-panel global-backed look-ahead 121,152.201 to 111,956.566 us, showing global panel factoring costs ~8%, but narrow tensor tiles and 32 panels remain dominant; geomean 1677.053 us.",autocuda/optimize/2026-07-06-18-24-02/brief-0,5166c064,autocuda/optimize/2026-07-06-18-24-02/brief-0:22,1,0.7360,1.0058,kept,5.56
opt_0162,"Restored strict compensated look-ahead with one resident NB16 panel: direct-global WY updates the next panel, upper warpgroup factors it in Acm while lower warpgroup runs tcgen05 bulk updates. 84,984 B shared and full validation/guards passed. Dense n512 improved sequential strict 135,570.918 to 121,152.201 us, but direct-global panel work and 32 phases remain much slower than NB32 two-panel look-ahead.",autocuda/optimize/2026-07-06-18-24-02/brief-0,7b3b83a5,autocuda/optimize/2026-07-06-18-24-02/brief-0:21,1,0.7317,1.0045,kept,5.56
opt_0163,"Kept two NB16 shared look-ahead panels and CT128 but reused one strict operand stage, committing/waiting every K=8. Same 101,368 B footprint as CT64 and full validation/guards passed. Dense n512 regressed 111,956.566 to 124,732.714 us; doubled tcgen05 K synchronization outweighed wider tile reuse. Geomean 1690.760 us.",autocuda/optimize/2026-07-06-18-24-02/brief-0,a53b352a,autocuda/optimize/2026-07-06-18-24-02/brief-0:23,1,0.7300,0.9919,kept,5.56
opt_0164,"Diagnostic plain-TF32 version of the validated one-panel NB16 topology reduced shared memory from 83,640 to 67,256 B and removed residual MMAs. Full validation/guards passed. Dense n512 improved 135,570.918 to 125,840.566 us (7.18%), geomean 1694.410 us, confirming sequential panel/barrier structure dominates.",autocuda/optimize/2026-07-06-18-24-02/brief-0,7b93d04e,autocuda/optimize/2026-07-06-18-24-02/brief-0:20,1,0.7285,1.0066,kept,5.56
opt_0165,"Replaced two full-height NB32 panels with one streamed NB16 panel, strict compensated tcgen05 updates, 83,640 B shared memory, and a 2xSM launch grid. Full validation/guards passed, but loss of look-ahead and doubled panel count regressed dense n512 from 69,464 to 135,571 us; geomean 1705.509 us.",autocuda/optimize/2026-07-06-18-24-02/brief-0,6908bca1,autocuda/optimize/2026-07-06-18-24-02/brief-0:19,1,0.7237,0.9465,kept,5.56
opt_0166,Correct four-CTA resident n512 kernel with FP32 reflector production and independent 128-column updates; dense n512 cost 804274 us from per-reflector barriers.,autocuda/optimize/2026-07-06-18-24-02/brief-1,6b52ad1a,autocuda/optimize/2026-07-06-18-24-02/brief-1:3,1,0.6227,0.6227,kept,5.56
opt_0167,"Revert ""qr_v2: bracket thirty-one-warps at register edge""",autocuda/optimize/2026-07-06-18-24-02/brief-1;autocuda/optimize/2026-07-06-18-24-02/brief-10;autocuda/optimize/2026-07-06-18-24-02/brief-11;autocuda/optimize/2026-07-06-18-24-02/brief-12;autocuda/optimize/2026-07-06-18-24-02/brief-13;autocuda/optimize/2026-07-06-18-24-02/brief-14;autocuda/optimize/2026-07-06-18-24-02/brief-15;autocuda/optimize/2026-07-06-18-24-02/brief-16;autocuda/optimize/2026-07-06-18-24-02/brief-17;autocuda/optimize/2026-07-06-18-24-02/brief-5;autocuda/optimize/2026-07-06-18-24-02/brief-6;autocuda/optimize/2026-07-06-18-24-02/brief-7;autocuda/optimize/2026-07-06-18-24-02/brief-8;autocuda/optimize/2026-07-06-18-24-02/brief-9,89b8bd9d,,14,,,kept,77.78
opt_0168,"Revert ""qr_v2: bracket twenty-eight-warps without spills""",autocuda/optimize/2026-07-06-18-24-02/brief-1;autocuda/optimize/2026-07-06-18-24-02/brief-10;autocuda/optimize/2026-07-06-18-24-02/brief-11;autocuda/optimize/2026-07-06-18-24-02/brief-12;autocuda/optimize/2026-07-06-18-24-02/brief-13;autocuda/optimize/2026-07-06-18-24-02/brief-14;autocuda/optimize/2026-07-06-18-24-02/brief-15;autocuda/optimize/2026-07-06-18-24-02/brief-16;autocuda/optimize/2026-07-06-18-24-02/brief-17;autocuda/optimize/2026-07-06-18-24-02/brief-5;autocuda/optimize/2026-07-06-18-24-02/brief-6;autocuda/optimize/2026-07-06-18-24-02/brief-7;autocuda/optimize/2026-07-06-18-24-02/brief-8;autocuda/optimize/2026-07-06-18-24-02/brief-9,ac682fbe,,14,,,kept,77.78
opt_0169,"Revert ""qr_v2: pack only active panel rows""",autocuda/optimize/2026-07-06-18-24-02/brief-1;autocuda/optimize/2026-07-06-18-24-02/brief-10;autocuda/optimize/2026-07-06-18-24-02/brief-11;autocuda/optimize/2026-07-06-18-24-02/brief-12;autocuda/optimize/2026-07-06-18-24-02/brief-13;autocuda/optimize/2026-07-06-18-24-02/brief-14;autocuda/optimize/2026-07-06-18-24-02/brief-15;autocuda/optimize/2026-07-06-18-24-02/brief-16;autocuda/optimize/2026-07-06-18-24-02/brief-17;autocuda/optimize/2026-07-06-18-24-02/brief-5;autocuda/optimize/2026-07-06-18-24-02/brief-6;autocuda/optimize/2026-07-06-18-24-02/brief-7;autocuda/optimize/2026-07-06-18-24-02/brief-8;autocuda/optimize/2026-07-06-18-24-02/brief-9,e81b1dab,,14,,,kept,77.78
opt_0170,qr_v2: fold reflector scalar into warp reduction,autocuda/optimize/2026-07-06-18-24-02/brief-10;autocuda/optimize/2026-07-06-18-24-02/brief-11;autocuda/optimize/2026-07-06-18-24-02/brief-12;autocuda/optimize/2026-07-06-18-24-02/brief-13;autocuda/optimize/2026-07-06-18-24-02/brief-14;autocuda/optimize/2026-07-06-18-24-02/brief-15;autocuda/optimize/2026-07-06-18-24-02/brief-16;autocuda/optimize/2026-07-06-18-24-02/brief-17;autocuda/optimize/2026-07-06-18-24-02/brief-5;autocuda/optimize/2026-07-06-18-24-02/brief-6;autocuda/optimize/2026-07-06-18-24-02/brief-7;autocuda/optimize/2026-07-06-18-24-02/brief-8;autocuda/optimize/2026-07-06-18-24-02/brief-9,ff5d40a0,,13,,,kept,72.22
opt_0171,qr_v2: fuse Householder norm scalar,autocuda/optimize/2026-07-06-18-24-02/brief-10;autocuda/optimize/2026-07-06-18-24-02/brief-11;autocuda/optimize/2026-07-06-18-24-02/brief-12;autocuda/optimize/2026-07-06-18-24-02/brief-13;autocuda/optimize/2026-07-06-18-24-02/brief-14;autocuda/optimize/2026-07-06-18-24-02/brief-15;autocuda/optimize/2026-07-06-18-24-02/brief-16;autocuda/optimize/2026-07-06-18-24-02/brief-17;autocuda/optimize/2026-07-06-18-24-02/brief-5;autocuda/optimize/2026-07-06-18-24-02/brief-6;autocuda/optimize/2026-07-06-18-24-02/brief-7;autocuda/optimize/2026-07-06-18-24-02/brief-8;autocuda/optimize/2026-07-06-18-24-02/brief-9,25a06719,,13,,,kept,72.22
opt_0172,qr_v2: bracket thirty-one-warps at register edge,autocuda/optimize/2026-07-06-18-24-02/brief-10;autocuda/optimize/2026-07-06-18-24-02/brief-11;autocuda/optimize/2026-07-06-18-24-02/brief-12;autocuda/optimize/2026-07-06-18-24-02/brief-13;autocuda/optimize/2026-07-06-18-24-02/brief-14;autocuda/optimize/2026-07-06-18-24-02/brief-15;autocuda/optimize/2026-07-06-18-24-02/brief-16;autocuda/optimize/2026-07-06-18-24-02/brief-17;autocuda/optimize/2026-07-06-18-24-02/brief-5;autocuda/optimize/2026-07-06-18-24-02/brief-6;autocuda/optimize/2026-07-06-18-24-02/brief-7;autocuda/optimize/2026-07-06-18-24-02/brief-8;autocuda/optimize/2026-07-06-18-24-02/brief-9,0144aed6,,13,,,kept,72.22
opt_0173,qr_v2: bracket twenty-eight-warps without spills,autocuda/optimize/2026-07-06-18-24-02/brief-10;autocuda/optimize/2026-07-06-18-24-02/brief-11;autocuda/optimize/2026-07-06-18-24-02/brief-12;autocuda/optimize/2026-07-06-18-24-02/brief-13;autocuda/optimize/2026-07-06-18-24-02/brief-14;autocuda/optimize/2026-07-06-18-24-02/brief-15;autocuda/optimize/2026-07-06-18-24-02/brief-16;autocuda/optimize/2026-07-06-18-24-02/brief-17;autocuda/optimize/2026-07-06-18-24-02/brief-5;autocuda/optimize/2026-07-06-18-24-02/brief-6;autocuda/optimize/2026-07-06-18-24-02/brief-7;autocuda/optimize/2026-07-06-18-24-02/brief-8;autocuda/optimize/2026-07-06-18-24-02/brief-9,4e194ad2,,13,,,kept,72.22
opt_0174,qr_v2: pack only active panel rows,autocuda/optimize/2026-07-06-18-24-02/brief-10;autocuda/optimize/2026-07-06-18-24-02/brief-11;autocuda/optimize/2026-07-06-18-24-02/brief-12;autocuda/optimize/2026-07-06-18-24-02/brief-13;autocuda/optimize/2026-07-06-18-24-02/brief-14;autocuda/optimize/2026-07-06-18-24-02/brief-15;autocuda/optimize/2026-07-06-18-24-02/brief-16;autocuda/optimize/2026-07-06-18-24-02/brief-17;autocuda/optimize/2026-07-06-18-24-02/brief-5;autocuda/optimize/2026-07-06-18-24-02/brief-6;autocuda/optimize/2026-07-06-18-24-02/brief-7;autocuda/optimize/2026-07-06-18-24-02/brief-8;autocuda/optimize/2026-07-06-18-24-02/brief-9,798625f3,,13,,,kept,72.22
opt_0175,qr_v2: bracket full-thirty-two-warp ownership,autocuda/optimize/2026-07-06-18-24-02/brief-10;autocuda/optimize/2026-07-06-18-24-02/brief-11;autocuda/optimize/2026-07-06-18-24-02/brief-12;autocuda/optimize/2026-07-06-18-24-02/brief-13;autocuda/optimize/2026-07-06-18-24-02/brief-14;autocuda/optimize/2026-07-06-18-24-02/brief-15;autocuda/optimize/2026-07-06-18-24-02/brief-16;autocuda/optimize/2026-07-06-18-24-02/brief-17;autocuda/optimize/2026-07-06-18-24-02/brief-5;autocuda/optimize/2026-07-06-18-24-02/brief-6;autocuda/optimize/2026-07-06-18-24-02/brief-7;autocuda/optimize/2026-07-06-18-24-02/brief-8;autocuda/optimize/2026-07-06-18-24-02/brief-9,4d5df654,,13,,,kept,72.22
opt_0176,qr_v2: bracket twenty-four-warps-per-matrix ownership,autocuda/optimize/2026-07-06-18-24-02/brief-10;autocuda/optimize/2026-07-06-18-24-02/brief-11;autocuda/optimize/2026-07-06-18-24-02/brief-12;autocuda/optimize/2026-07-06-18-24-02/brief-13;autocuda/optimize/2026-07-06-18-24-02/brief-14;autocuda/optimize/2026-07-06-18-24-02/brief-15;autocuda/optimize/2026-07-06-18-24-02/brief-16;autocuda/optimize/2026-07-06-18-24-02/brief-17;autocuda/optimize/2026-07-06-18-24-02/brief-5;autocuda/optimize/2026-07-06-18-24-02/brief-6;autocuda/optimize/2026-07-06-18-24-02/brief-7;autocuda/optimize/2026-07-06-18-24-02/brief-8;autocuda/optimize/2026-07-06-18-24-02/brief-9,468a28ac,,13,,,kept,72.22
opt_0177,qr_v2: transform projected weights in place,autocuda/optimize/2026-07-06-18-24-02/brief-10;autocuda/optimize/2026-07-06-18-24-02/brief-11;autocuda/optimize/2026-07-06-18-24-02/brief-12;autocuda/optimize/2026-07-06-18-24-02/brief-13;autocuda/optimize/2026-07-06-18-24-02/brief-14;autocuda/optimize/2026-07-06-18-24-02/brief-15;autocuda/optimize/2026-07-06-18-24-02/brief-16;autocuda/optimize/2026-07-06-18-24-02/brief-17;autocuda/optimize/2026-07-06-18-24-02/brief-5;autocuda/optimize/2026-07-06-18-24-02/brief-6;autocuda/optimize/2026-07-06-18-24-02/brief-7;autocuda/optimize/2026-07-06-18-24-02/brief-8;autocuda/optimize/2026-07-06-18-24-02/brief-9,02a0deb7,,13,,,kept,72.22
opt_0178,qr_v2: construct compact-WY T cooperatively,autocuda/optimize/2026-07-06-18-24-02/brief-10;autocuda/optimize/2026-07-06-18-24-02/brief-11;autocuda/optimize/2026-07-06-18-24-02/brief-12;autocuda/optimize/2026-07-06-18-24-02/brief-13;autocuda/optimize/2026-07-06-18-24-02/brief-14;autocuda/optimize/2026-07-06-18-24-02/brief-15;autocuda/optimize/2026-07-06-18-24-02/brief-16;autocuda/optimize/2026-07-06-18-24-02/brief-17;autocuda/optimize/2026-07-06-18-24-02/brief-5;autocuda/optimize/2026-07-06-18-24-02/brief-6;autocuda/optimize/2026-07-06-18-24-02/brief-7;autocuda/optimize/2026-07-06-18-24-02/brief-8;autocuda/optimize/2026-07-06-18-24-02/brief-9,6a5879fc,,13,,,kept,72.22
opt_0179,qr_v2: tile megakernel input and output transposes,autocuda/optimize/2026-07-06-18-24-02/brief-10;autocuda/optimize/2026-07-06-18-24-02/brief-11;autocuda/optimize/2026-07-06-18-24-02/brief-12;autocuda/optimize/2026-07-06-18-24-02/brief-13;autocuda/optimize/2026-07-06-18-24-02/brief-14;autocuda/optimize/2026-07-06-18-24-02/brief-15;autocuda/optimize/2026-07-06-18-24-02/brief-16;autocuda/optimize/2026-07-06-18-24-02/brief-17;autocuda/optimize/2026-07-06-18-24-02/brief-5;autocuda/optimize/2026-07-06-18-24-02/brief-6;autocuda/optimize/2026-07-06-18-24-02/brief-7;autocuda/optimize/2026-07-06-18-24-02/brief-8;autocuda/optimize/2026-07-06-18-24-02/brief-9,1b0630d1,,13,,,kept,72.22
opt_0180,qr_v2: bracket sixteen-warps-per-matrix ownership,autocuda/optimize/2026-07-06-18-24-02/brief-10;autocuda/optimize/2026-07-06-18-24-02/brief-11;autocuda/optimize/2026-07-06-18-24-02/brief-12;autocuda/optimize/2026-07-06-18-24-02/brief-13;autocuda/optimize/2026-07-06-18-24-02/brief-14;autocuda/optimize/2026-07-06-18-24-02/brief-15;autocuda/optimize/2026-07-06-18-24-02/brief-16;autocuda/optimize/2026-07-06-18-24-02/brief-17;autocuda/optimize/2026-07-06-18-24-02/brief-5;autocuda/optimize/2026-07-06-18-24-02/brief-6;autocuda/optimize/2026-07-06-18-24-02/brief-7;autocuda/optimize/2026-07-06-18-24-02/brief-8;autocuda/optimize/2026-07-06-18-24-02/brief-9,6d5b7310,,13,,,kept,72.22
opt_0181,qr_v2: reduce reflector norms by warp,autocuda/optimize/2026-07-06-18-24-02/brief-10;autocuda/optimize/2026-07-06-18-24-02/brief-11;autocuda/optimize/2026-07-06-18-24-02/brief-12;autocuda/optimize/2026-07-06-18-24-02/brief-13;autocuda/optimize/2026-07-06-18-24-02/brief-14;autocuda/optimize/2026-07-06-18-24-02/brief-15;autocuda/optimize/2026-07-06-18-24-02/brief-16;autocuda/optimize/2026-07-06-18-24-02/brief-17;autocuda/optimize/2026-07-06-18-24-02/brief-5;autocuda/optimize/2026-07-06-18-24-02/brief-6;autocuda/optimize/2026-07-06-18-24-02/brief-7;autocuda/optimize/2026-07-06-18-24-02/brief-8;autocuda/optimize/2026-07-06-18-24-02/brief-9,3859e279,,13,,,kept,72.22
opt_0182,qr_v2: construct compact-WY Gram cooperatively,autocuda/optimize/2026-07-06-18-24-02/brief-10;autocuda/optimize/2026-07-06-18-24-02/brief-11;autocuda/optimize/2026-07-06-18-24-02/brief-12;autocuda/optimize/2026-07-06-18-24-02/brief-13;autocuda/optimize/2026-07-06-18-24-02/brief-14;autocuda/optimize/2026-07-06-18-24-02/brief-15;autocuda/optimize/2026-07-06-18-24-02/brief-16;autocuda/optimize/2026-07-06-18-24-02/brief-17;autocuda/optimize/2026-07-06-18-24-02/brief-5;autocuda/optimize/2026-07-06-18-24-02/brief-6;autocuda/optimize/2026-07-06-18-24-02/brief-7;autocuda/optimize/2026-07-06-18-24-02/brief-8;autocuda/optimize/2026-07-06-18-24-02/brief-9,cdc3b6d2,,13,,,kept,72.22
opt_0183,qr_v2: remove single-CTA cluster machinery,autocuda/optimize/2026-07-06-18-24-02/brief-10;autocuda/optimize/2026-07-06-18-24-02/brief-11;autocuda/optimize/2026-07-06-18-24-02/brief-12;autocuda/optimize/2026-07-06-18-24-02/brief-13;autocuda/optimize/2026-07-06-18-24-02/brief-14;autocuda/optimize/2026-07-06-18-24-02/brief-15;autocuda/optimize/2026-07-06-18-24-02/brief-16;autocuda/optimize/2026-07-06-18-24-02/brief-17;autocuda/optimize/2026-07-06-18-24-02/brief-5;autocuda/optimize/2026-07-06-18-24-02/brief-6;autocuda/optimize/2026-07-06-18-24-02/brief-7;autocuda/optimize/2026-07-06-18-24-02/brief-8;autocuda/optimize/2026-07-06-18-24-02/brief-9,1f5d7574,,13,,,kept,72.22
opt_0184,qr_v2: bracket single-CTA ownership,autocuda/optimize/2026-07-06-18-24-02/brief-10;autocuda/optimize/2026-07-06-18-24-02/brief-11;autocuda/optimize/2026-07-06-18-24-02/brief-12;autocuda/optimize/2026-07-06-18-24-02/brief-13;autocuda/optimize/2026-07-06-18-24-02/brief-14;autocuda/optimize/2026-07-06-18-24-02/brief-15;autocuda/optimize/2026-07-06-18-24-02/brief-16;autocuda/optimize/2026-07-06-18-24-02/brief-17;autocuda/optimize/2026-07-06-18-24-02/brief-5;autocuda/optimize/2026-07-06-18-24-02/brief-6;autocuda/optimize/2026-07-06-18-24-02/brief-7;autocuda/optimize/2026-07-06-18-24-02/brief-8;autocuda/optimize/2026-07-06-18-24-02/brief-9,a756af7f,,13,,,kept,72.22
opt_0185,qr_v2: stripe updates across two-CTA cluster,autocuda/optimize/2026-07-06-18-24-02/brief-10;autocuda/optimize/2026-07-06-18-24-02/brief-11;autocuda/optimize/2026-07-06-18-24-02/brief-12;autocuda/optimize/2026-07-06-18-24-02/brief-13;autocuda/optimize/2026-07-06-18-24-02/brief-14;autocuda/optimize/2026-07-06-18-24-02/brief-15;autocuda/optimize/2026-07-06-18-24-02/brief-16;autocuda/optimize/2026-07-06-18-24-02/brief-17;autocuda/optimize/2026-07-06-18-24-02/brief-5;autocuda/optimize/2026-07-06-18-24-02/brief-6;autocuda/optimize/2026-07-06-18-24-02/brief-7;autocuda/optimize/2026-07-06-18-24-02/brief-8;autocuda/optimize/2026-07-06-18-24-02/brief-9,2a10c82e,,13,,,kept,72.22
opt_0186,qr_v2: bracket two-CTA cluster ownership,autocuda/optimize/2026-07-06-18-24-02/brief-10;autocuda/optimize/2026-07-06-18-24-02/brief-11;autocuda/optimize/2026-07-06-18-24-02/brief-12;autocuda/optimize/2026-07-06-18-24-02/brief-13;autocuda/optimize/2026-07-06-18-24-02/brief-14;autocuda/optimize/2026-07-06-18-24-02/brief-15;autocuda/optimize/2026-07-06-18-24-02/brief-16;autocuda/optimize/2026-07-06-18-24-02/brief-17;autocuda/optimize/2026-07-06-18-24-02/brief-5;autocuda/optimize/2026-07-06-18-24-02/brief-6;autocuda/optimize/2026-07-06-18-24-02/brief-7;autocuda/optimize/2026-07-06-18-24-02/brief-8;autocuda/optimize/2026-07-06-18-24-02/brief-9,f8bd588e,,13,,,kept,72.22
opt_0187,qr_v2: publish compact WY panels with bulk DSM copies,autocuda/optimize/2026-07-06-18-24-02/brief-10;autocuda/optimize/2026-07-06-18-24-02/brief-11;autocuda/optimize/2026-07-06-18-24-02/brief-12;autocuda/optimize/2026-07-06-18-24-02/brief-13;autocuda/optimize/2026-07-06-18-24-02/brief-14;autocuda/optimize/2026-07-06-18-24-02/brief-15;autocuda/optimize/2026-07-06-18-24-02/brief-16;autocuda/optimize/2026-07-06-18-24-02/brief-17;autocuda/optimize/2026-07-06-18-24-02/brief-5;autocuda/optimize/2026-07-06-18-24-02/brief-6;autocuda/optimize/2026-07-06-18-24-02/brief-7;autocuda/optimize/2026-07-06-18-24-02/brief-8;autocuda/optimize/2026-07-06-18-24-02/brief-9,c215ded6,,13,,,kept,72.22
opt_0188,qr_v2: publish compact WY panel through DSM,autocuda/optimize/2026-07-06-18-24-02/brief-10;autocuda/optimize/2026-07-06-18-24-02/brief-11;autocuda/optimize/2026-07-06-18-24-02/brief-12;autocuda/optimize/2026-07-06-18-24-02/brief-13;autocuda/optimize/2026-07-06-18-24-02/brief-14;autocuda/optimize/2026-07-06-18-24-02/brief-15;autocuda/optimize/2026-07-06-18-24-02/brief-16;autocuda/optimize/2026-07-06-18-24-02/brief-17;autocuda/optimize/2026-07-06-18-24-02/brief-5;autocuda/optimize/2026-07-06-18-24-02/brief-6;autocuda/optimize/2026-07-06-18-24-02/brief-7;autocuda/optimize/2026-07-06-18-24-02/brief-8;autocuda/optimize/2026-07-06-18-24-02/brief-9,453122b9,,13,,,kept,72.22
opt_0189,linalg/qr_v2: use compact WY in clustered update,autocuda/optimize/2026-07-06-18-24-02/brief-10;autocuda/optimize/2026-07-06-18-24-02/brief-11;autocuda/optimize/2026-07-06-18-24-02/brief-12;autocuda/optimize/2026-07-06-18-24-02/brief-13;autocuda/optimize/2026-07-06-18-24-02/brief-14;autocuda/optimize/2026-07-06-18-24-02/brief-15;autocuda/optimize/2026-07-06-18-24-02/brief-16;autocuda/optimize/2026-07-06-18-24-02/brief-17;autocuda/optimize/2026-07-06-18-24-02/brief-5;autocuda/optimize/2026-07-06-18-24-02/brief-6;autocuda/optimize/2026-07-06-18-24-02/brief-7;autocuda/optimize/2026-07-06-18-24-02/brief-8;autocuda/optimize/2026-07-06-18-24-02/brief-9,37feb988,,13,,,kept,72.22
opt_0190,linalg/qr_v2: block clustered QR into NB16 panels,autocuda/optimize/2026-07-06-18-24-02/brief-10;autocuda/optimize/2026-07-06-18-24-02/brief-11;autocuda/optimize/2026-07-06-18-24-02/brief-12;autocuda/optimize/2026-07-06-18-24-02/brief-13;autocuda/optimize/2026-07-06-18-24-02/brief-14;autocuda/optimize/2026-07-06-18-24-02/brief-15;autocuda/optimize/2026-07-06-18-24-02/brief-16;autocuda/optimize/2026-07-06-18-24-02/brief-17;autocuda/optimize/2026-07-06-18-24-02/brief-5;autocuda/optimize/2026-07-06-18-24-02/brief-6;autocuda/optimize/2026-07-06-18-24-02/brief-7;autocuda/optimize/2026-07-06-18-24-02/brief-8;autocuda/optimize/2026-07-06-18-24-02/brief-9,bd94579f,,13,,,kept,72.22
opt_0191,linalg/qr_v2: add correct four-CTA n512 cluster QR,autocuda/optimize/2026-07-06-18-24-02/brief-10;autocuda/optimize/2026-07-06-18-24-02/brief-11;autocuda/optimize/2026-07-06-18-24-02/brief-12;autocuda/optimize/2026-07-06-18-24-02/brief-13;autocuda/optimize/2026-07-06-18-24-02/brief-14;autocuda/optimize/2026-07-06-18-24-02/brief-15;autocuda/optimize/2026-07-06-18-24-02/brief-16;autocuda/optimize/2026-07-06-18-24-02/brief-17;autocuda/optimize/2026-07-06-18-24-02/brief-5;autocuda/optimize/2026-07-06-18-24-02/brief-6;autocuda/optimize/2026-07-06-18-24-02/brief-7;autocuda/optimize/2026-07-06-18-24-02/brief-8;autocuda/optimize/2026-07-06-18-24-02/brief-9,6b52ad1a,,13,,,kept,72.22
opt_0192,Combine cooperative panel with stationary TMEM slab,autocuda/optimize/2026-07-06-18-24-02/brief-10;autocuda/optimize/2026-07-06-18-24-02/brief-11;autocuda/optimize/2026-07-06-18-24-02/brief-12;autocuda/optimize/2026-07-06-18-24-02/brief-13;autocuda/optimize/2026-07-06-18-24-02/brief-14;autocuda/optimize/2026-07-06-18-24-02/brief-15;autocuda/optimize/2026-07-06-18-24-02/brief-16;autocuda/optimize/2026-07-06-18-24-02/brief-17;autocuda/optimize/2026-07-06-18-24-02/brief-6;autocuda/optimize/2026-07-06-18-24-02/brief-7;autocuda/optimize/2026-07-06-18-24-02/brief-8;autocuda/optimize/2026-07-06-18-24-02/brief-9,03814c2d,,12,,,kept,66.67
opt_0193,Measure CTA-wide tcgen panel prepack,autocuda/optimize/2026-07-06-18-24-02/brief-10;autocuda/optimize/2026-07-06-18-24-02/brief-11;autocuda/optimize/2026-07-06-18-24-02/brief-12;autocuda/optimize/2026-07-06-18-24-02/brief-13;autocuda/optimize/2026-07-06-18-24-02/brief-14;autocuda/optimize/2026-07-06-18-24-02/brief-15;autocuda/optimize/2026-07-06-18-24-02/brief-16;autocuda/optimize/2026-07-06-18-24-02/brief-17;autocuda/optimize/2026-07-06-18-24-02/brief-7;autocuda/optimize/2026-07-06-18-24-02/brief-8;autocuda/optimize/2026-07-06-18-24-02/brief-9,47a76698,,11,,,kept,61.11
opt_0194,Pipeline disjoint tcgen correction stages,autocuda/optimize/2026-07-06-18-24-02/brief-10;autocuda/optimize/2026-07-06-18-24-02/brief-11;autocuda/optimize/2026-07-06-18-24-02/brief-12;autocuda/optimize/2026-07-06-18-24-02/brief-13;autocuda/optimize/2026-07-06-18-24-02/brief-14;autocuda/optimize/2026-07-06-18-24-02/brief-15;autocuda/optimize/2026-07-06-18-24-02/brief-16;autocuda/optimize/2026-07-06-18-24-02/brief-17;autocuda/optimize/2026-07-06-18-24-02/brief-7;autocuda/optimize/2026-07-06-18-24-02/brief-8;autocuda/optimize/2026-07-06-18-24-02/brief-9,6dfd25d9,,11,,,kept,61.11
opt_0195,Pipeline rotating tcgen projection stages,autocuda/optimize/2026-07-06-18-24-02/brief-10;autocuda/optimize/2026-07-06-18-24-02/brief-11;autocuda/optimize/2026-07-06-18-24-02/brief-12;autocuda/optimize/2026-07-06-18-24-02/brief-13;autocuda/optimize/2026-07-06-18-24-02/brief-14;autocuda/optimize/2026-07-06-18-24-02/brief-15;autocuda/optimize/2026-07-06-18-24-02/brief-16;autocuda/optimize/2026-07-06-18-24-02/brief-17;autocuda/optimize/2026-07-06-18-24-02/brief-7;autocuda/optimize/2026-07-06-18-24-02/brief-8;autocuda/optimize/2026-07-06-18-24-02/brief-9,5987ca53,,11,,,kept,61.11
opt_0196,Measure single-warp staged tcgen projection,autocuda/optimize/2026-07-06-18-24-02/brief-10;autocuda/optimize/2026-07-06-18-24-02/brief-11;autocuda/optimize/2026-07-06-18-24-02/brief-12;autocuda/optimize/2026-07-06-18-24-02/brief-13;autocuda/optimize/2026-07-06-18-24-02/brief-14;autocuda/optimize/2026-07-06-18-24-02/brief-15;autocuda/optimize/2026-07-06-18-24-02/brief-16;autocuda/optimize/2026-07-06-18-24-02/brief-17;autocuda/optimize/2026-07-06-18-24-02/brief-7;autocuda/optimize/2026-07-06-18-24-02/brief-8;autocuda/optimize/2026-07-06-18-24-02/brief-9,0307f6c1,,11,,,kept,61.11
opt_0197,Reuse tcgen activation collectors across correction tiles,autocuda/optimize/2026-07-06-18-24-02/brief-10;autocuda/optimize/2026-07-06-18-24-02/brief-11;autocuda/optimize/2026-07-06-18-24-02/brief-12;autocuda/optimize/2026-07-06-18-24-02/brief-13;autocuda/optimize/2026-07-06-18-24-02/brief-14;autocuda/optimize/2026-07-06-18-24-02/brief-15;autocuda/optimize/2026-07-06-18-24-02/brief-16;autocuda/optimize/2026-07-06-18-24-02/brief-17;autocuda/optimize/2026-07-06-18-24-02/brief-7;autocuda/optimize/2026-07-06-18-24-02/brief-8;autocuda/optimize/2026-07-06-18-24-02/brief-9,66f1f2fe,,11,,,kept,61.11
opt_0198,Measure early stationary slab flush,autocuda/optimize/2026-07-06-18-24-02/brief-10;autocuda/optimize/2026-07-06-18-24-02/brief-11;autocuda/optimize/2026-07-06-18-24-02/brief-12;autocuda/optimize/2026-07-06-18-24-02/brief-13;autocuda/optimize/2026-07-06-18-24-02/brief-14;autocuda/optimize/2026-07-06-18-24-02/brief-15;autocuda/optimize/2026-07-06-18-24-02/brief-16;autocuda/optimize/2026-07-06-18-24-02/brief-17;autocuda/optimize/2026-07-06-18-24-02/brief-7;autocuda/optimize/2026-07-06-18-24-02/brief-8;autocuda/optimize/2026-07-06-18-24-02/brief-9,5d1214a1,,11,,,kept,61.11
opt_0199,Measure stationary warp catch-up ownership,autocuda/optimize/2026-07-06-18-24-02/brief-10;autocuda/optimize/2026-07-06-18-24-02/brief-11;autocuda/optimize/2026-07-06-18-24-02/brief-12;autocuda/optimize/2026-07-06-18-24-02/brief-13;autocuda/optimize/2026-07-06-18-24-02/brief-14;autocuda/optimize/2026-07-06-18-24-02/brief-15;autocuda/optimize/2026-07-06-18-24-02/brief-16;autocuda/optimize/2026-07-06-18-24-02/brief-17;autocuda/optimize/2026-07-06-18-24-02/brief-7;autocuda/optimize/2026-07-06-18-24-02/brief-8;autocuda/optimize/2026-07-06-18-24-02/brief-9,00ae3ccc,,11,,,kept,61.11
opt_0200,Restore compact collector correction workspace,autocuda/optimize/2026-07-06-18-24-02/brief-10;autocuda/optimize/2026-07-06-18-24-02/brief-11;autocuda/optimize/2026-07-06-18-24-02/brief-12;autocuda/optimize/2026-07-06-18-24-02/brief-13;autocuda/optimize/2026-07-06-18-24-02/brief-14;autocuda/optimize/2026-07-06-18-24-02/brief-15;autocuda/optimize/2026-07-06-18-24-02/brief-16;autocuda/optimize/2026-07-06-18-24-02/brief-17;autocuda/optimize/2026-07-06-18-24-02/brief-8;autocuda/optimize/2026-07-06-18-24-02/brief-9,2eab4be7,,10,,,kept,55.56
opt_0201,Overlap four-warp tcgen panel prepack,autocuda/optimize/2026-07-06-18-24-02/brief-10;autocuda/optimize/2026-07-06-18-24-02/brief-11;autocuda/optimize/2026-07-06-18-24-02/brief-12;autocuda/optimize/2026-07-06-18-24-02/brief-13;autocuda/optimize/2026-07-06-18-24-02/brief-14;autocuda/optimize/2026-07-06-18-24-02/brief-15;autocuda/optimize/2026-07-06-18-24-02/brief-16;autocuda/optimize/2026-07-06-18-24-02/brief-17;autocuda/optimize/2026-07-06-18-24-02/brief-8;autocuda/optimize/2026-07-06-18-24-02/brief-9,805f3d25,,10,,,kept,55.56
opt_0202,Patch Householder triangle in swizzled TMA stages,autocuda/optimize/2026-07-06-18-24-02/brief-10;autocuda/optimize/2026-07-06-18-24-02/brief-11;autocuda/optimize/2026-07-06-18-24-02/brief-12;autocuda/optimize/2026-07-06-18-24-02/brief-13;autocuda/optimize/2026-07-06-18-24-02/brief-14;autocuda/optimize/2026-07-06-18-24-02/brief-15;autocuda/optimize/2026-07-06-18-24-02/brief-16;autocuda/optimize/2026-07-06-18-24-02/brief-17;autocuda/optimize/2026-07-06-18-24-02/brief-9,dcf112f6,,9,,,kept,50.00
opt_0203,Replace software panel prepack with TMA stages,autocuda/optimize/2026-07-06-18-24-02/brief-10;autocuda/optimize/2026-07-06-18-24-02/brief-11;autocuda/optimize/2026-07-06-18-24-02/brief-12;autocuda/optimize/2026-07-06-18-24-02/brief-13;autocuda/optimize/2026-07-06-18-24-02/brief-14;autocuda/optimize/2026-07-06-18-24-02/brief-15;autocuda/optimize/2026-07-06-18-24-02/brief-16;autocuda/optimize/2026-07-06-18-24-02/brief-17;autocuda/optimize/2026-07-06-18-24-02/brief-9,fdff0acd,,9,,,kept,50.00
opt_0204,Verify TMA tcgen panel staging,autocuda/optimize/2026-07-06-18-24-02/brief-10;autocuda/optimize/2026-07-06-18-24-02/brief-11;autocuda/optimize/2026-07-06-18-24-02/brief-12;autocuda/optimize/2026-07-06-18-24-02/brief-13;autocuda/optimize/2026-07-06-18-24-02/brief-14;autocuda/optimize/2026-07-06-18-24-02/brief-15;autocuda/optimize/2026-07-06-18-24-02/brief-16;autocuda/optimize/2026-07-06-18-24-02/brief-17;autocuda/optimize/2026-07-06-18-24-02/brief-9,dd95db59,,9,,,kept,50.00
opt_0205,Overlap tcgen prepack with panel Gram,autocuda/optimize/2026-07-06-18-24-02/brief-10;autocuda/optimize/2026-07-06-18-24-02/brief-11;autocuda/optimize/2026-07-06-18-24-02/brief-12;autocuda/optimize/2026-07-06-18-24-02/brief-13;autocuda/optimize/2026-07-06-18-24-02/brief-14;autocuda/optimize/2026-07-06-18-24-02/brief-15;autocuda/optimize/2026-07-06-18-24-02/brief-16;autocuda/optimize/2026-07-06-18-24-02/brief-17;autocuda/optimize/2026-07-06-18-24-02/brief-9,b24e7282,,9,,,kept,50.00
opt_0206,Fuse tcgen prepack into panel materialization,autocuda/optimize/2026-07-06-18-24-02/brief-10;autocuda/optimize/2026-07-06-18-24-02/brief-11;autocuda/optimize/2026-07-06-18-24-02/brief-12;autocuda/optimize/2026-07-06-18-24-02/brief-13;autocuda/optimize/2026-07-06-18-24-02/brief-14;autocuda/optimize/2026-07-06-18-24-02/brief-15;autocuda/optimize/2026-07-06-18-24-02/brief-16;autocuda/optimize/2026-07-06-18-24-02/brief-17;autocuda/optimize/2026-07-06-18-24-02/brief-9,1a249361,,9,,,kept,50.00
opt_0207,Replace TMA publish barrier with direct waits,autocuda/optimize/2026-07-06-18-24-02/brief-11;autocuda/optimize/2026-07-06-18-24-02/brief-12;autocuda/optimize/2026-07-06-18-24-02/brief-13;autocuda/optimize/2026-07-06-18-24-02/brief-14;autocuda/optimize/2026-07-06-18-24-02/brief-15;autocuda/optimize/2026-07-06-18-24-02/brief-16;autocuda/optimize/2026-07-06-18-24-02/brief-17,8cfbce69,,7,,,kept,38.89
opt_0208,Trim inactive TMA panel stages,autocuda/optimize/2026-07-06-18-24-02/brief-11;autocuda/optimize/2026-07-06-18-24-02/brief-12;autocuda/optimize/2026-07-06-18-24-02/brief-13;autocuda/optimize/2026-07-06-18-24-02/brief-14;autocuda/optimize/2026-07-06-18-24-02/brief-15;autocuda/optimize/2026-07-06-18-24-02/brief-16;autocuda/optimize/2026-07-06-18-24-02/brief-17,d285c3a1,,7,,,kept,38.89
opt_0209,Combine direct TMA waits with lookahead tail,autocuda/optimize/2026-07-06-18-24-02/brief-13;autocuda/optimize/2026-07-06-18-24-02/brief-14;autocuda/optimize/2026-07-06-18-24-02/brief-15;autocuda/optimize/2026-07-06-18-24-02/brief-16;autocuda/optimize/2026-07-06-18-24-02/brief-17,2061b37e,,5,,,kept,27.78
opt_0210,Reduce resident QR panel width to 16,autocuda/optimize/2026-07-06-18-24-02/brief-3;autocuda/optimize/2026-07-06-18-24-02/brief-4,a6f4aa79,,2,,,kept,11.11
opt_0211,Instrument resident QR phase timings,autocuda/optimize/2026-07-06-18-24-02/brief-3;autocuda/optimize/2026-07-06-18-24-02/brief-4,729d4752,,2,,,kept,11.11
opt_0212,Fill all B200 SMs with resident QR CTAs,autocuda/optimize/2026-07-06-18-24-02/brief-3;autocuda/optimize/2026-07-06-18-24-02/brief-4,dc01a67c,,2,,,kept,11.11
opt_0213,Fuse queue reset into resident grid barrier,autocuda/optimize/2026-07-06-18-24-02/brief-3;autocuda/optimize/2026-07-06-18-24-02/brief-4,c92c3549,,2,,,kept,11.11
opt_0214,Use one trailing update task per matrix,autocuda/optimize/2026-07-06-18-24-02/brief-3;autocuda/optimize/2026-07-06-18-24-02/brief-4,342750bc,,2,,,kept,11.11
opt_0215,Double resident QR update tile width,autocuda/optimize/2026-07-06-18-24-02/brief-3;autocuda/optimize/2026-07-06-18-24-02/brief-4,d87c9574,,2,,,kept,11.11
opt_0216,Use FP32 SIMT update in 128-matrix resident wave,autocuda/optimize/2026-07-06-18-24-02/brief-3;autocuda/optimize/2026-07-06-18-24-02/brief-4,75bb2f94,,2,,,kept,11.11
opt_0217,Increase resident QR wave to 128 matrices,autocuda/optimize/2026-07-06-18-24-02/brief-3;autocuda/optimize/2026-07-06-18-24-02/brief-4,2198a249,,2,,,kept,11.11
opt_0218,Tensorize compensated compact-WY update,autocuda/optimize/2026-07-06-18-24-02/brief-3;autocuda/optimize/2026-07-06-18-24-02/brief-4,eb0c01d8,,2,,,kept,11.11
opt_0219,qr_v2: tensorize resident WY projection,autocuda/optimize/2026-07-06-18-24-02/brief-3;autocuda/optimize/2026-07-06-18-24-02/brief-4,82fd8ddb,,2,,,kept,11.11
opt_0220,qr_v2: make resident grid prototype NVRTC portable,autocuda/optimize/2026-07-06-18-24-02/brief-3;autocuda/optimize/2026-07-06-18-24-02/brief-4,089dba2c,,2,,,kept,11.11
opt_0221,qr_v2: add resident grid-wide n512 QR prototype,autocuda/optimize/2026-07-06-18-24-02/brief-3;autocuda/optimize/2026-07-06-18-24-02/brief-4,d8afae0a,,2,,,kept,11.11
opt_0222,Staged the supplied qr_mega_la_tc one-CTA look-ahead structure and safe dense-only routing; Python import failed on a generated patch-marker artifact before NVRTC.,autocuda/optimize/2026-07-06-18-24-02/brief-0,d6040a80,autocuda/optimize/2026-07-06-18-24-02/brief-0:1,1,,,failed,5.56
opt_0223,Replaced WMMA/full n512x32 staging with a 190384-byte 4-warp tcgen05/TMEM 128-column tiled update and compensated TF32; static validation rejected four prose uses of the banned word stream before NVRTC or execution.,autocuda/optimize/2026-07-06-18-24-02/brief-0,29c4397d,autocuda/optimize/2026-07-06-18-24-02/brief-0:3,1,,,failed,5.56
opt_0224,"Native 190384-byte tcgen05/TMEM 128-column tiled kernel compiled and executed. Exact B640 differential guard failed all 8 randomized dense inputs (factor residual 98.5-117, scaled about 3970-4560); mixed failed 2/8. Other shapes and routing guards remained clean, isolating the defect to tcgen05 operand/output layout.",autocuda/optimize/2026-07-06-18-24-02/brief-0,896d751f,autocuda/optimize/2026-07-06-18-24-02/brief-0:4,1,,,failed,5.56
opt_0225,"Isolated tcgen05 W=V^T*C with a full-FP32 SIMT V*W' epilogue. B640 dense still failed 8/8 and residual increased to 230-264 (scaled 9120-10600), proving the first tcgen05 product or its TMEM load/layout is wrong; non-target routes stayed clean.",autocuda/optimize/2026-07-06-18-24-02/brief-0,b2e91662,autocuda/optimize/2026-07-06-18-24-02/brief-0:5,1,,,failed,5.56
opt_0226,"Assigned tcgen05/TMEM work to complete warps 0-3 and added explicit TMEM lane-group addresses. Exact B640 dense still failed 8/8 at residual 98.5-119 (scaled about 3970-4870), essentially unchanged; route and off-grid guards remained clean.",autocuda/optimize/2026-07-06-18-24-02/brief-0,cf063160,autocuda/optimize/2026-07-06-18-24-02/brief-0:6,1,,,failed,5.56
opt_0227,"Moved the generic-to-async shared proxy fence onto every operand writer before the named barrier. B640 dense still failed 8/8 with the same 98.5-120 residual, ruling out async-proxy visibility; all non-target guards remained clean.",autocuda/optimize/2026-07-06-18-24-02/brief-0,d7ee853b,autocuda/optimize/2026-07-06-18-24-02/brief-0:7,1,,,failed,5.56
opt_0228,"Widened native tile to N256, allocated 256 TMEM columns, and transformed W in place for a 198576-byte footprint. Non-target tests passed, but the first exact B640 call raised CUDA illegal memory access; N256 tcgen/TMEM configuration is not viable in this kernel.",autocuda/optimize/2026-07-06-18-24-02/brief-0,91737e4f,autocuda/optimize/2026-07-06-18-24-02/brief-0:12,1,,,failed,5.56
opt_0229,"Retried widened path at N192 with a 256-column TMEM allocation and 186288-byte shared footprint. It still raised an illegal memory access on the first exact B640 target call, so the issue is common to wide allocation/in-place changes rather than the N256 descriptor.",autocuda/optimize/2026-07-06-18-24-02/brief-0,ee324bf5,autocuda/optimize/2026-07-06-18-24-02/brief-0:13,1,,,failed,5.56
opt_0230,"Isolated in-place W to -T^T W at known-good N128/TMEM128, reducing shared memory to 174000 bytes. Exact B640 still raised illegal memory access, proving W/Wprime aliasing is unsafe in this kernel; wide tcgen descriptors were not the root cause.",autocuda/optimize/2026-07-06-18-24-02/brief-0,ad2677a0,autocuda/optimize/2026-07-06-18-24-02/brief-0:14,1,,,failed,5.56
opt_0231,Four-CTA clustered FP32 QR prototype; explicit NVRTC compile failed because math.h is unavailable in the runtime include path.,autocuda/optimize/2026-07-06-18-24-02/brief-1,fcf9b885,autocuda/optimize/2026-07-06-18-24-02/brief-1:1,1,,,failed,5.56
opt_0232,"Cluster launch compiled; official tests passed, but differential guard found NaN/Inf in 8/8 dense n512 calls and 2/8 mixed calls.",autocuda/optimize/2026-07-06-18-24-02/brief-1,a7163044,autocuda/optimize/2026-07-06-18-24-02/brief-1:2,1,,,failed,5.56
opt_0233,"Correct tf32x3 cta_group::1 tcgen05 projection passed full validation, but per-K-slice commit/wait synchronization caused the dense benchmark to terminate before producing a metric.",autocuda/optimize/2026-07-06-18-24-02/brief-1,c2d49f61,autocuda/optimize/2026-07-06-18-24-02/brief-1:7,1,,,failed,5.56
opt_0234,"Dual tcgen05 compact-WY products passed every validation guard, but M128xN128 update TMEM readback and barriers exceeded the benchmark time limit before producing a metric.",autocuda/optimize/2026-07-06-18-24-02/brief-1,2a8ea201,autocuda/optimize/2026-07-06-18-24-02/brief-1:10,1,,,failed,5.56
opt_0235,"Implemented P8/C20 overlap across stationary panels 0:384. Warps 0-3 retain TMA/tcgen05 stationary work; warps 4-11 update the next NB16 dependency frontier, factor it, and build compact next-V/T after a named release from the stationary W phase; warps 12-31 update remaining near columns. The 32 KiB TMA operand is reused as compact next-V/Gram storage after tcgen05 consumption, then expanded into panel_v before the next TMA issue; T alternates between the existing panel_t/panel_gram slots and the eight-phase post-flush tail remains unchanged. Build succeeded and all 22 official tests, invariance, and off-grid guards passed, but the dense differential guard failed all 8/8 routed batch-640 inputs with scaled factor residuals around 2.7e3-2.9e3; mixed differential failed 2/8 inputs. No benchmark or profile ran because full validation failed. Graceful termination was requested before a fix trial.",autocuda/optimize/2026-07-06-18-24-02/brief-16,37aaf441,autocuda/optimize/2026-07-06-18-24-02/brief-16:1,1,,,failed,5.56
opt_0236,"Graceful termination checkpoint, not a kernel runtime failure: changed only LOOKAHEAD_START from 384 to 400 on the ungrouped fixed-sixteen-stage parent. Build and the full official/differential/invariance/off-grid validation suite passed. Benchmarking, repeated dense timing, and profiling were intentionally not started after the user requested termination, so this validated commit is preserved but unscored (N/A) and must not be compared as a measured candidate.",autocuda/optimize/2026-07-06-18-24-02/brief-17,026704e6,autocuda/optimize/2026-07-06-18-24-02/brief-17:1,1,,,failed,5.56
opt_0237,"Resident 128-CTA grid with 32-matrix waves, FP32 NB32 panel owners, global V/T slabs, queued 128-column updates, and fully-resident epoch barriers; differential guard reached the n512 route but NVRTC rejected the added math.h include.",autocuda/optimize/2026-07-06-18-24-02/brief-2,d8afae0a,autocuda/optimize/2026-07-06-18-24-02/brief-2:1,1,,,failed,5.56
opt_0238,Replaced scalar WY updates with 16-warp WMMA TF32x3 tiles while retaining FP32 panels/T and the resident queue/barriers. NVRTC accepted the WMMA code but did not define __float_to_tf32 for explicit residual construction.,autocuda/optimize/2026-07-06-18-24-02/brief-2,25e6533f,autocuda/optimize/2026-07-06-18-24-02/brief-2:3,1,,,failed,5.56
opt_0239,"Used the WMMA namespace TF32 conversion helper; tensorized resident kernel compiled and ran, but dense n512 differential checks had factor residuals around 211-226 versus ~0.5 allowed, indicating an update layout/algebra error.",autocuda/optimize/2026-07-06-18-24-02/brief-2,46d3ab70,autocuda/optimize/2026-07-06-18-24-02/brief-2:4,1,,,failed,5.56
opt_0240,"Tensorized C correction into a separate shared tile and subtracted explicitly, eliminating accumulator-load epilogue as a cause. Dense n512 still showed ~211-226 residual versus ~0.5 allowed, localizing the fault to the row-major VZ WMMA operand mapping.",autocuda/optimize/2026-07-06-18-24-02/brief-2,040e34cf,autocuda/optimize/2026-07-06-18-24-02/brief-2:6,1,,,failed,5.56
opt_0241,"Expanded resident wave from 32 to 128 matrices so every CTA owns a panel and global phase barriers occur one quarter as often; full validation and all guards passed, but the first full benchmark attempt was externally terminated with exit 143 before producing metrics.",autocuda/optimize/2026-07-06-18-24-02/brief-2,2198a249,autocuda/optimize/2026-07-06-18-24-02/brief-2:8,1,,,failed,5.56
opt_0242,"Expanded to one 512-column logical update task per matrix, with each 256-thread CTA processing up to two columns per thread. Full validation and guards passed, but the full benchmark process was terminated with exit 143 after about 98 seconds of active measurement and produced no metrics, consistent with a benchmark/infrastructure timeout or severe loop-spill slowdown.",autocuda/optimize/2026-07-06-18-24-02/brief-2,342750bc,autocuda/optimize/2026-07-06-18-24-02/brief-2:12,1,,,failed,5.56
opt_0243,"Restored the 256-column best and fused queue reset into the panel barrier, reducing per-panel global barriers from three to two. Full validation passed, but the first benchmark client was externally terminated with exit 143 before emitting metrics.",autocuda/optimize/2026-07-06-18-24-02/brief-2,c92c3549,autocuda/optimize/2026-07-06-18-24-02/brief-2:14,1,,,failed,5.56
opt_0244,Expanded the fully resident grid from 128 to all 148 B200 SMs while retaining 128 panel owners. The shared build-scheduler client was externally terminated with exit 143 before NVRTC produced a result; source diff itself is clean.,autocuda/optimize/2026-07-06-18-24-02/brief-2,dc01a67c,autocuda/optimize/2026-07-06-18-24-02/brief-2:16,1,,,failed,5.56
opt_0245,Retry confirmed the 148-CTA grid compiles and passes full validation plus all guards. Its first benchmark attempt was externally terminated with exit 143 after acquiring the GPU but before metrics; retrying the unchanged validated commit.,autocuda/optimize/2026-07-06-18-24-02/brief-2,dc01a67c,autocuda/optimize/2026-07-06-18-24-02/brief-2:17,1,,,failed,5.56
opt_0246,Focused NCU profiling of the full-valid tile-stationary commit was blocked before kernel launch because sudo dropped the venv CUDA 13 NVRTC builtins path; the profiled child could load libnvrtc.so.13 but not libnvrtc-builtins.so.13. The prior nsys capture succeeded at 24.116 ms resident-kernel time. Retrying the unchanged commit with the discovered venv cu13 library directory explicitly forwarded through the read-only profiler harness.,autocuda/optimize/2026-07-06-18-24-02/brief-4,a3492e07,autocuda/optimize/2026-07-06-18-24-02/brief-4:2,1,,,failed,5.56
opt_0247,Finalize clean independent NB16 resident QR,autocuda/optimize/2026-07-06-18-24-02/brief-4,19c7f458,,1,,,kept,5.56
opt_0248,Measure eight-column clustered QR panels,autocuda/optimize/2026-07-06-18-24-02/brief-4,149c0aab,,1,,,kept,5.56
opt_0249,Run paired QR at full 148-matrix wave,autocuda/optimize/2026-07-06-18-24-02/brief-4,cefcc6bc,,1,,,kept,5.56
opt_0250,Bracket paired QR with one matrix per cluster wave,autocuda/optimize/2026-07-06-18-24-02/brief-4,e055dc92,,1,,,kept,5.56
opt_0251,Replicate paired WY slabs into local shared memory,autocuda/optimize/2026-07-06-18-24-02/brief-4,a826631b,,1,,,kept,5.56
opt_0252,Pair clustered CTAs for shared WY staging,autocuda/optimize/2026-07-06-18-24-02/brief-4,85d51123,,1,,,kept,5.56
opt_0253,Measure 64-column resident QR panels,autocuda/optimize/2026-07-06-18-24-02/brief-4,1f2aa1db,,1,,,kept,5.56
opt_0254,Focused NCU of the full-valid combined commit failed before kernel launch because the profiler's sudo child could load libnvrtc.so.13 but not libnvrtc-builtins.so.13.0 after dropping the venv CUDA 13 library directory. The prior nsys capture succeeded at 15.926 ms fused-kernel time; retrying the unchanged commit with the cu13 library directory explicitly forwarded.,autocuda/optimize/2026-07-06-18-24-02/brief-5,03814c2d,autocuda/optimize/2026-07-06-18-24-02/brief-5:2,1,,,failed,5.56
opt_0255,"The 576-thread/18-warp, 76032 B shared-memory bracket compiled and passed all 22 official tests, invariance, and off-grid guards, but failed the dense batch-640 differential guard on all 8 random inputs and 2/8 mixed inputs with factor residuals roughly 90x over tolerance. Small-batch n512 and structured rank-deficient/clustered cases passed, exposing a dense high-occupancy correctness boundary for the full 512-column TMEM allocation. No benchmark was run.",autocuda/optimize/2026-07-06-18-24-02/brief-6,a83dfd84,autocuda/optimize/2026-07-06-18-24-02/brief-6:3,1,,,failed,5.56
opt_0256,"The 640-thread, 96-column stationary slab compiled and passed all 22 official tests plus invariance/off-grid guards, but the dense batch-640 differential guard raised a CUDA illegal instruction after the first three non-n512 shapes. The change used 96x96 tcgen05 descriptors plus a 96x32 tail descriptor and 17 scalar-update warps. No benchmark was run; the sustained dense path makes this descriptor geometry unsafe.",autocuda/optimize/2026-07-06-18-24-02/brief-6,a83dfd84,autocuda/optimize/2026-07-06-18-24-02/brief-6:4,1,,,failed,5.56
opt_0257,"The 640-thread, native 64x64 tcgen05 stationary slab compiled and passed official, invariance, and off-grid checks, but failed every dense batch-640 differential input and 2/8 mixed inputs with factor residuals hundreds of times over tolerance. Structured rank-deficient and clustered routes passed. The non-128 tcgen05 M geometry is numerically unsafe in this kernel; no benchmark was run.",autocuda/optimize/2026-07-06-18-24-02/brief-6,a83dfd84,autocuda/optimize/2026-07-06-18-24-02/brief-6:5,1,,,failed,5.56
opt_0258,"Restored the valid 640-thread/128-column slab and added one fused 296-CTA launch where each CTA processed matrix indices spaced by gridDim. Official, invariance, and off-grid tests passed, but dense batch-640 differential validation ended in an unspecified launch failure. This first ownership version allocated/deallocated the full 512-column TMEM region once per owned matrix; no benchmark was run.",autocuda/optimize/2026-07-06-18-24-02/brief-6,1e00233d,autocuda/optimize/2026-07-06-18-24-02/brief-6:8,1,,,failed,5.56
opt_0259,"Changed the fully valid 296-CTA persistent last-128 slab from 640 to 576 threads/18 warps while preserving one TMEM allocation per CTA. Official, invariance, and off-grid tests passed, but dense batch-640 differential validation reproduced exactly the earlier 576-thread failures: all 8 dense inputs and 2/8 mixed inputs failed with residuals about 90x over tolerance. Persistent ownership does not remove the 576-thread correctness boundary; no benchmark was run.",autocuda/optimize/2026-07-06-18-24-02/brief-6,0ffeee75,autocuda/optimize/2026-07-06-18-24-02/brief-6:10,1,,,failed,5.56
opt_0260,"The first 1024-thread shared rank-8 compact-WY rewrite built, but validation stopped before GPU execution because its comment used the banned word 'stream'. No numerical checks or benchmark ran; the implementation must be reapplied with guard-safe wording.",autocuda/optimize/2026-07-06-18-24-02/brief-7,805f3d25,autocuda/optimize/2026-07-06-18-24-02/brief-7:1,1,,,failed,5.56
opt_0261,"Removed the shared Z vector and broadcast one transformed coefficient from lanes 0-15, but validation hung in the dense differential guard and was terminated after 346 seconds. The final 16-row panel has only lanes 0-15 in the row loop while the shuffle used FULL, producing an invalid synchronization mask. No benchmark ran.",autocuda/optimize/2026-07-06-18-24-02/brief-7,ca953d29,autocuda/optimize/2026-07-06-18-24-02/brief-7:3,1,,,failed,5.56
opt_0262,Focused NCU of the full-valid 640-thread persistent commit failed before kernel launch because the profiler sudo child could load libnvrtc.so.13 but not the venv-provided libnvrtc-builtins.so.13.0. This is a profiler environment failure; retrying the unchanged commit with the cu13 library directory explicitly forwarded.,autocuda/optimize/2026-07-06-18-24-02/brief-7,7c1d50bb,autocuda/optimize/2026-07-06-18-24-02/brief-7:6,1,,,failed,5.56
opt_0263,"Live-kernel microtest computed packed and direct TMEM W side by side for panel 0. Direct B used the native panel_v[16][512] allocation, instruction-descriptor transpose-B/MN-major bit, required TF32 128B/32B-atomic swizzle, LBO=16 KiB, and SBO=32 B. It compiled and official tests passed, but the dense differential guard reported 1,307,140 mismatches out of 1,310,720 compared W elements. The native linear panel is not in the physical swizzle required by TF32 transpose-B.",autocuda/optimize/2026-07-06-18-24-02/brief-8,c8adb6b4,autocuda/optimize/2026-07-06-18-24-02/brief-8:1,1,,,failed,5.56
