timestamp,agent_id,brief_id,iteration,pmpp_v2/sort_py,pmpp_v2/histogram_py,pmpp_v2/conv2d_py,status,commit,description
2026-06-12T05:18:15.886129,0,,N/A,N/A,10.262,N/A,baseline,8c2621a6ac8c7405055a7a178f9149b63840c6c8,baseline: R=1 two-stage replicated smem histogram (sota_r32_928t variant)
2026-06-12T05:32:45.206865,0,0,N/A,N/A,N/A,N/A,brief_start,N/A,"We are #4 at 10.718us, ~5% behind #1's histogram_v11_fused.py on the 10.5M ranked shape. The kernel is latency/occupancy bound, not bandwidth bound. Try a fundamentally fused single-pass design: one persistent grid-stride kernel that accumulates per-block smem sub-histograms and does the global merge with a single coalesced atomic flush (no separate stage-2 scratch+reduce), maximizing occupancy and minimizing kernel launches. Explore warp-level privatization with shfl reductions to cut smem atomic contention on the evil-value shapes."
2026-06-12T06:10:11.819170,0,0,0,N/A,11.776,N/A,succeeded,2aebe66852fd943fb49e30e5f6bffb37c0b0e60d,"fused v1: per-warp privatized smem (8 hists/256t block), single coalesced global-atomic flush, no stage-2. 11.776us vs baseline 10.291us -- WORSE on all 6 shapes. Grid too small (320 blk/256t for 10.5M) = low occupancy + per-warp overhead (8x zeroing, 8-way reduce, 320*256 flush atomics)."
2026-06-12T06:31:11.891280,0,0,1,N/A,10.742,N/A,succeeded,03ae789744f4a805e57a4260ca74d809d1653910,"fused v2 occupancy-targeted single-histogram, t1024 bp2 (296 blk=2/SM). geomean 10.742us vs baseline 10.291 -- still worse. KEY: 10.5M got WORSE (14.07 vs 13.45) going 148->296 blocks. Disproves occupancy hypothesis; baseline 1-blk/SM near-optimal, MIO smem-atomic pipe is bottleneck not occupancy, extra blocks add flush cost. Local sweep: fewer blocks/SM win (bp2<<bp8)."
2026-06-12T06:36:29.761543,0,0,2,N/A,11.063,N/A,succeeded,85e0a3b7943af7dfd0efba7c3437186911535c85,"fused v3: fully-fused cooperative single launch (block0 zeros + grid.sync + grid-stride hist + coalesced flush). NO memset, NO stage-2, one launch. Validates. geomean 11.063 vs baseline 10.291 -- WORSE (10.5M=14.64 vs 13.45). Cooperative-launch + grid.sync overhead EXCEEDS the memset savings. Memset-elimination-via-coop rejected."
2026-06-12T06:57:36.635358,0,0,3,N/A,11.348,N/A,succeeded,05396db80276f0cf7285b070db56e4146fff9484,"fused v4 tuned single-histogram t512 bp2 (local-sweep winner of 8 configs). harness geomean 11.348 vs baseline 10.291 -- WORSE; 2.6M shapes regressed to 11.4-11.5. KEY: local driver ordering does NOT match harness (unreliable for tuning). Uniform config loses to baseline's per-bracket tuning (768t small/mid, 1024t big). Pivot to harness-only experiments."
2026-06-12T07:04:49.371867,0,0,4,N/A,33.746,N/A,succeeded,4443e336c257a61158ba5359224de05145b5c0ad,"warp-aggregation (__match_any_sync coalesce same-bin lanes, leader atomicAdd popc) added to baseline kernel. Validates correct. geomean 33.746 vs baseline 10.291 -- 3.3x WORSE on EVERY shape incl c90 (13.58 vs 9.46). DEFINITIVE: brief's warp-privatization/shfl lever is dead on B200 -- match_any overhead dominates and HW smem atomics already coalesce same-address adds. Lever closed."
2026-06-12T07:10:57.381524,0,0,5,N/A,10.240,N/A,succeeded,2618bfc9948d8aa905a31be9b005d4f67ab7cde3,"R-replication sweep on REAL harness (privatization lever): R=1 geo=10.240 (best), R2=10.446, R4=10.640, R8=10.410, R16=11.225, R32=14.833. Replication monotonically hurts on B200 -- confirms R>1 dead (HW smem atomics coalesce; replication only adds smem+reduce cost). NOTE: our SUBMITTED leaderboard kernel is R=32 (sota_r32) = 14.83 here, MUCH worse than repo R=1 baseline 10.240 -- submitting R=1 baseline should improve standings. HEAD=R=1 baseline."
2026-06-12T07:11:55.485260,0,0,N/A,N/A,N/A,N/A,brief_stop,N/A,"Brief EXHAUSTED: the fused-single-pass + occupancy + warp-privatization/shfl design space is closed with 6 real-harness-validated iterations, ALL worse than the R=1 baseline (geo 10.240us). (1) per-warp privatized smem: 11.78 (zeroing+reduce overhead on the c10 shapes that are 5/6 of the set). (2) occupancy-targeted grids (more blocks/SM): worse -- 10.5M REGRESSES going 148->296 blocks; flush-atomic contention outweighs occupancy, baseline's ~1 block/SM is near-optimal. (3) fully-fused cooperative single launch (memset folded in via grid.sync): 11.06 -- coop-launch+barrier costs MORE than the memset it removes. (4) uniform-config retune (t512/768/896/1024 x bp x unroll): best uniform t512_bp2=11.35 still < baseline; uniform loses to baseline's per-bracket tuning. (5) warp-aggregation via __match_any_sync: CATASTROPHIC 33.7us (3.3x), worse on EVERY shape incl c90 -- the brief's shfl/privatization lever is DEAD on B200 (match overhead dominates; HW smem atomics already coalesce same-address adds). (6) R-replication sweep on real harness: R=1=10.240 best, R2/4/8/16=10.4-11.2, R32=14.83 -- replication monotonically hurts, also dead. ROOT CAUSE: 10.5M (the leaderboard shape) is MIO/smem-atomic-throughput bound (ncu: 41.9% MIO-queue-full stalls, NOT bandwidth, 49.5% occ), and for uniform c10 data the ~1-atomic-per-byte count is irreducible -- Blackwell's smem atomic unit is the wall and the baseline already saturates it. IMPORTANT FINDING: our currently-SUBMITTED leaderboard kernel is R=32 (sota_r32_928t), which measures 14.83us here -- the repo R=1 baseline (10.240) is far better, so simply submitting the R=1 baseline should improve our standing materially. RECOMMENDATIONS for next briefs: (a) submit the R=1 baseline to the leaderboard immediately. (b) The ~5% gap to #1 (histogram_v11_fused) is fine-grained per-bracket tuning of the 10.5M BIG regime (1024t/148blk/items6/unroll2), NOT a structural change -- but my local sweep driver's ordering does NOT match the harness, so this needs RELIABLE real-harness micro-sweeps (build+benchmark.sh per config, ~5min each) of THREADS_BIG/ITEMS_BIG/UNROLL_BIG, ideally during a low-fleet-contention window. (c) untested long-shots: thread-block clusters + distributed-smem to decouple occupancy from flush count, and TMA/cp.async input prefetch -- but both target non-bottleneck costs, low expected value. HEAD=2618bfc is the clean R=1 baseline; ncu profile saved at profiles/.../worker-0-brief-0-iteration-5-2618bfc...ncu-rep."
2026-06-12T07:33:16.985614,0,1,N/A,N/A,N/A,N/A,brief_start,N/A,"Fused-single-pass is exhausted (all variants lost to R=1 baseline). Take a DIFFERENT structural angle than the sibling worker (who attacks smem-atomic banking): minimize the GLOBAL atomic merge and DRAM traffic on the 10.5M shape. Try vectorized uint4/uint8 loads with wider per-thread batching to cut load instructions, a two-level merge (warp-private counts via shfl -> block smem -> single grid-wide reduction kernel instead of per-block global atomicAdds), and __ldcs/__ldg streaming hints. The kernel is MIO/L1TEX bound at 80%; reducing instruction count per element and global-atomic count is the lever. Keep exact-equality on all 6 shapes; target sub-10.218us on the 10.5M ranked shape."
2026-06-12T07:47:45.568018,0,1,0,N/A,10.253,N/A,succeeded,6a1a01c550cb050a87cb68a7a251d8a7ff671ab9,"iter1 __ldcs cache-evict-first loads on R=1 hot path. Local geomean 10.253 (parent 10.505), shape5/10.5M 13.602 (parent 14.006), ~3% local on ranked shape. REMOTE SUBMIT (commit 6a1a01c, sub 787051/787052): passed 5/5 tests, Ranked Benchmark 13.2pm0.10us -- WORSE than our #4 entry sota_r32_928t (10.718) and #1 (10.218). CONFIRMS strong local/remote ANTI-CORRELATION on the replication axis: R=1 family is ~13.2us remote vs R=32 10.718us remote, though locally they tie (~14us shape5). The remote ranked shape IS shape5 (10.5M/c10, per baselines.md). __ldcs is a real but tiny local win that does NOT translate remotely -- the remote bottleneck is HOT-BIN atomic serialization (10pct of 10.5M into ONE bin), only contention-decongestion (replication/privatization) fixes it. CRITICAL OPS LESSON: remote analyzer 500-rejects any source containing substring stream (even in comments)."
2026-06-12T07:56:49.779831,0,1,1,N/A,15.309,N/A,succeeded,bc1ef287392462f6649c6ded13c8ff1d3f047be0,"iter2 R=32/928t + BIG two-stage grid-wide-reduction merge (my brief lever). Local geomean 15.31, shape5/10.5M=20.3us. FALSIFIED on a CONTROLLED R=32 base: worker-1 R=32/928t with DIRECT per-block-atomic merge = 13.88us local shape5; adding my two-stage merge = 20.3us = +6.4us. Since R is fixed, this delta is NOT the R-axis anti-correlation -- the two-stage mechanism (write 38K scratch words + 2nd kernel read-back + reduce) is strictly more DRAM traffic + a kernel launch than the already-cheap 38K-global-atomic DIRECT merge at 148 blocks. Brief hypothesis 'two-level merge / single grid-wide reduction beats per-block global atomicAdds' is DEAD for this block count. Not submitted (local delta decisive at fixed R). All shapes exact-equal."
2026-06-12T08:07:01.687763,0,1,2,N/A,14.844,N/A,succeeded,67088e71552dec567ce2a2279638816991802a62,"iter3 R=32/928t + UNROLL-batched __ldcs on R>1 path (my brief load levers on the remote-winning R=32). Local geomean 14.84 shape5 17.76us. REMOTE SUBMIT (sub completed): passed 5/5 tests, Ranked Benchmark 17.2pm0.04us -- WORSE than worker-1 R=32/928t simple path (10.718) AND R=1 baseline (13.2). Local (17.76) and remote (17.2) AGREE here. FINDING: UNROLL register-batching the R>1 inner loop causes register SPILLS under R=32/928t's tight __launch_bounds__(928,2) budget (R=32 already needs registers for the *R+replica indexing and the R-loop merge), so my brief's load-instruction-reduction lever is not neutral but ACTIVELY HARMFUL on the register-tight R=32 winner. Unlike the R-contention benefit (which local can't see), register-spill regressions ARE locally visible -> local and remote agree. CONCLUSION: my brief's load/merge levers (iter1 __ldcs, iter2 two-stage, iter3 UNROLL+__ldcs) are all orthogonal-to or harmful-on the actual bottleneck, which is R-contention decongestion (worker-1 domain)."
2026-06-12T08:12:54.388939,0,1,3,N/A,10.667,N/A,succeeded,8877c1861b9896d70824ad3ad00a04dbda51bea2,"iter4 R=32/928t simple __ldcg path, 64-bit global-atomic merge (atomicAdd on int64 out). REMOTE SUBMIT: passed 5/5, Ranked Benchmark 16.4us -- does NOT reproduce our #4 champion's 10.718! CRITICAL DISCOVERY: our #4 leaderboard entry is named sota_r32_928t_32bitMERGE -- the champion uses a 32-BIT merge. My kernel's DIRECT merge does 148blk x 256bins = 38K SIXTY-FOUR-bit atomicAdds on int64 out[] with 148-way per-bin contention; 64-bit contended global atomics are ~5us SLOWER than 32-bit. Remote ladder now: R=1=13.2, R=32+64bit-merge=16.4, R=32+UNROLL/ldcs=17.2, champion R=32+32bit-merge=10.718. So the MERGE DTYPE is worth ~5.7us (16.4->10.718) -- squarely my brief's 'minimize the global atomic merge' lever, and BIGGER than the R-replication effect! worker-1's R=32 anchor likely shares this 64-bit-merge blind spot. Implementing 32-bit merge next."
2026-06-12T08:25:23.118034,0,1,4,N/A,18.500,N/A,succeeded,3e88af41bed4e27eb486d505c1faad9af037123e,"iter6 32-bit LOW-WORD merge (atomicAdd on low word of int64 out, no widen kernel, no g_out32). REMOTE SUBMIT: passed 5/5, Ranked Benchmark 16.8us = SAME as iter4 64-bit merge (16.4). MERGE DTYPE IS NOT THE LEVER -- 32bitmerge hypothesis FALSIFIED. MAJOR CORRECTION: repo bootstrap 8c2621a (logged 'sota_r32_928t variant') is actually R=1/1024t default, NOT R=32; the leaderboard #4 'sota_r32_928t_32bitmerge' 10.718us is an EXTERNAL file not in repo. Measured remote ladder for THIS codebase: R=1+__ldcs=13.2 (iter1, passes 5/5), R=32 variants=16.4-16.8 (WORSE). So R=32 in this kernel formulation is SLOWER than R=1 remotely -- worker-1's premise that R=32 reproduces 10.718 is likely also wrong for this codebase. My iter1 (R=1+__ldcs)=13.2 is the best personal remote result. iter6 is CORRECT (passed 5/5) but slow. Pivoting back to R=1 base."
2026-06-12T08:28:18.348686,0,1,5,N/A,10.253,N/A,succeeded,ca30355306f2988970162987c5a11e0dc6df4fdd,"iter7 RESTORE R=1 + __ldcs as branch HEAD (identical to iter1/6a1a01c, the best remote kernel: 13.2us Ranked, passes 5/5). Rationale: my R=32 line (iter2-6) is confirmed WORSE remotely (16.4-16.8) than R=1 (13.2) because R=32's 32x smem-zeroing + 32x per-bin merge overhead outweighs hot-bin decongestion in this kernel structure. Leaving the branch HEAD on the best remote base for any follow-up. No re-submit (iter1 already measured this exact kernel; submits rate-limited 6/hr, shared with worker-1). Local geomean ~10.25 (insensitive to remote ranking). Build reused iter1 cache (identical content), passes validation."
2026-06-12T08:29:32.469804,0,1,N/A,N/A,N/A,N/A,brief_stop,N/A,"BRIEF EXHAUSTED. My distinct angle (minimize global merge + DRAM/load instructions; two-level grid-wide-reduction merge; __ldcs) is fully explored and largely DEAD for the remote bottleneck, but produced a RUN-CHANGING discovery. HEAD=ca30355 = R=1 + __ldcs (my best remote kernel: 13.2us Ranked, passes 5/5).

REMOTE-VERIFIED LADDER (Ranked Benchmark = shape5 10.5M/c10; the ONLY thing that ranks):
 * R=1 baseline + __ldcs (iter1) = 13.2us, passes 5/5  <- my best
 * R=32/928t, 64-bit merge (iter4) = 16.4us
 * R=32/928t + UNROLL/__ldcs (iter3) = 17.2us
 * R=32/928t, 32-bit low-word merge (iter6) = 16.8us
 * EXTERNAL champion sota_r32_928t_32bitmerge = 10.718us (#4, ours, from 2026-06-08; NOT in repo)
 * #1 ajay_a histogram_v11_fused = 10.218us.

CRITICAL FINDINGS (high value for manager + worker-1):
 (1) R=32 in THIS codebase is SLOWER than R=1 remotely (16.4-16.8 vs 13.2). worker-1's brief premise -- that R=32 reproduces the 10.718 champion -- is FALSE for this kernel: R=32's 32x smem-zeroing + 32x per-bin merge overhead OUTWEIGHS its hot-bin decongestion. The repo 'sota_r32_928t variant' bootstrap (8c2621a) is actually R=1/1024t by DEFAULT, not R=32. The real 10.718 champion is an EXTERNAL file not in this repo; NO repo kernel reproduces it. So the whole run has been chasing a phantom -- nobody has the 10.718 source.
 (2) MERGE DTYPE IS NEUTRAL: 32-bit merge (low-word atomic on int64 out, OR separate u32 accumulator + widen) = 16.8 vs 64-bit = 16.4 on R=32. My brief's 'minimize global merge' lever does NOT move the needle (the 38K-atomic merge at 148 blocks is already cheap). The 'sota_..._32bitmerge' name misled me into thinking 32-bit merge was the lever -- it is not.
 (3) TWO-STAGE grid-wide-reduction merge (my brief's central idea) is HARMFUL: +6.4us on a controlled R=32 base (iter2) -- at 148 blocks the per-block global-atomic merge beats scratch-write + 2nd-kernel-reduce.
 (4) UNROLL-batching the R>1 inner loop REGRESSES R=32 (register spills under __launch_bounds__(928,2)): iter3 17.2 remote.
 (5) __ldcs cache-evict-first is the ONLY positive lever I found, and it is small (R=1: 14.0->13.6 local, 13.2 remote; helps because L1 hit-rate is 0% so __ldcg retention is wasted).

WHY R=1 IS 13.2 AND THE CHAMPION IS 10.2: R=1 SERIALIZES the hot/evil bin (10% of 10.5M = ~1M atomics to ONE smem address). The champion must decongest it MORE EFFICIENTLY than this kernel's R=32 (which is too heavy). Profile (parent ncu, applies to my HEAD): MIO-queue-full stall 41.9%, L1/TEX 80%, DRAM 12% -- smem-atomic-throughput bound on the hot bin.

RECOMMENDATIONS FOR NEXT BRIEFS:
 (a) Tell worker-1 R=32 is a DEAD END in this codebase (16.4 remote, worse than R=1). The decongestion sweet spot is a MODERATE R (R=2/4/8) where benefit > overhead -- but it MUST be swept REMOTELY (local R-sweep is uninformative; worker-0 brief-0's local sweep saying 'R=1 best' does NOT predict remote). Remote submits are the ONLY ground truth.
 (b) The 10.218 #1 'histogram_v11_fused' and the 10.235/10.273 'DVDX.py' (used by TWO users) are a 10.2-10.7 cluster reaching a decongestion this repo's kernels can't. Point a worker at an ALGORITHMICALLY DIFFERENT decongestion: efficient warp-aggregation (vote/ballot, NOT match_any which worker-0 found bad LOCALLY -- but local is anti-correlated, so RE-TEST it REMOTELY), or per-warp privatized sub-histograms with a CHEAP merge (lighter than R=32's full-block 32x).
 (c) OPS-CRITICAL: (i) the remote compliance analyzer 500-REJECTS any submission whose SOURCE TEXT contains the substring 'stream' -- even in a comment (cost me a submit on a 'STREAMING' comment). Forbid the substring 'stream' in submission.py. (ii) Leaderboard submits are RATE-LIMITED to 6/HOUR, SHARED across the whole account (manager baseline + ALL workers). Budget submits centrally; I burned the hour's quota and worker-1 likely competes for it. (iii) Workers MUST run all harness cmds from INSIDE their worktree -- harness/env.sh resolves REPO_DIR via dirname(harness), so running from repo root silently builds/benchmarks the MAIN checkout's submission.py, not the worktree's.
 (d) Local benchmark is INSENSITIVE to the remote ranking (it cannot measure the hot-bin contention behavior; it CAN measure load/register/launch costs). Treat local only as a correctness + register-spill gate; rank candidates ONLY by remote submit."
2026-06-12T08:37:31.014186,0,2,N/A,N/A,N/A,N/A,brief_start,N/A,"FACT CORRECTION: the repo baseline IS byte-identical to our live #4 champion (10.718us) — submitting it unmodified reproduces 10.718; prior 'R=1 gives 13.2us' was a regressed edit, not the baseline. So fork from the clean baseline and only KEEP edits that beat 10.718 on REMOTE submit (local is inverted/insensitive — use it only as a correctness+spill gate). #1 histogram_v11_fused is 10.218us (~4.7%). Try: thread-block CLUSTERS with distributed shared memory (B200 sm_100 feature) to share sub-histograms across an SM cluster and cut the global merge, and TMA bulk async loads to cut the L1TEX/MIO load pressure (the proven bottleneck). MUST scrub the literal substring 'stream' from the file before submit (analyzer 500-rejects it even in comments). Default execution context only. Exact-equality all 6 shapes."
2026-06-12T08:41:33.655480,0,2,0,N/A,15.281,N/A,succeeded,a5eda754eb970c5a7fc93d87421c01e38928625a,"cluster v1: DSMEM round-robin fan-out of ALL bins across CLU=2 (BIG bracket=10.5M ranked shape). Each thread routes every increment to peer[rotor%CLU] via cluster.map_shared_rank DSMEM atomic. Validates EXACT all 5 test shapes + 10.5M benchmark correctness check passes. RESULT: shape5/10.5M=142us (baseline ~13us), geomean 15.28 -- ~10x WORSE. DSMEM cross-SM atomic latency >> local-smem; routing 100pct of traffic (not just hot bin) through DSMEM pays that latency every element. Cluster+DSMEM mechanism VALIDATED correct on B200 sm_100a (cudaLaunchKernelEx + map_shared_rank + cluster.sync all work). Lever mis-applied: fan-out must target ONLY contended bin, keep 90pct non-hot traffic on cheap local smem. NOT a submit candidate."
2026-06-12T08:47:23.976373,0,2,1,N/A,10.509,N/A,succeeded,3858775e964a9d5555b92fbba406851b9e2f95a5,"cluster v2: LOCAL-smem accumulation (proven R=1 hot path, unchanged) + DSMEM bin-partitioned MERGE only (CLU=2, BIG bracket). After cluster.sync, rank r owns bins [r*128,(r+1)*128), gathers from both siblings via map_shared_rank DSMEM reads, 1 global atomicAdd per owned bin (global atoms cut 2x). Validates EXACT all 5 test + 10.5M bench check. Local geomean 10.509 (baseline 10.262), shape5 single-run 15.3us. Slightly worse locally; local anti-correlated so not decisive, BUT merge-cut is a KNOWN-NEUTRAL lever (worker-0 brief-1 + worker-1 confirmed) so NOT submitting -- no mechanism to beat 10.718. KEY STRUCTURAL CONCLUSION: clusters do NOT add hot-bin atomic parallelism beyond what the 132 independent blocks already provide -- each block already runs on its own SM/smem-atomic-unit; the bottleneck is intra-block serialization (1024t->1 bank) which is worker-1's R-replication domain. Per-element DSMEM (v1) too slow; merge-only (v2) neutral. Pivoting to TMA (the other brief lever, targets the L1TEX/MIO load pressure directly)."
2026-06-12T09:14:22.184970,0,2,2,N/A,9.363,N/A,succeeded,c4211f009c1667b30365269edacd4c846d6b62a6,"iter2 TMA v1: cp.async.bulk double-buffered staging on BIG bracket (10.5M ranked shape). Each block stages 16KB tiles global->shared via the Blackwell TMA bulk-copy engine (cp.async.bulk + mbarrier completion, compiles clean under compute_100/sm_100 = torch default arch), then accumulates the smem-resident tile so the LSU/MIO pipe issues ONLY the smem atomics (the bottleneck). Double-buffered (thread0 issues tile k+1 before block consumes tile k). DIRECT 1-atom/bin global merge, 148 blocks. Validates EXACT all 5 test shapes + 10.5M benchmark check passes. Local geomean 9.363 (baseline 10.262) BUT dominated by FAST non-ranked shapes (8.2us); RANKED shape5/10.5M=14.379us local vs baseline ~13.6, slightly WORSE locally on the only shape that ranks. Local anti-correlated (brief-1), NOT decisive -- candidate for one remote submit. Scrubbed 'stream' substring. TMA VALIDATED working on B200 sm_100."
2026-06-12T09:23:31.421651,0,2,3,N/A,9.359,N/A,succeeded,3a83d207cac33567914d69d4d5e4955c8372134e,"iter3 TMA v2 tie-config + structured sweep (FINAL, TMA lever EXHAUSTED). Calibrated local shape5 sweep (own driver, L2-flushed median over 50 runs): baseline(TMA off)=13.34us; TMA tile16384/1024t/148blk=15.39 (15pct WORSE, larger tile + sync overhead at 1blk/SM); TMA tile16384/1024t/296blk=15.39; TMA tile8192/512t/296blk=13.34 (TIES baseline, NEVER beats). Set tie-config (tile8192/512t/GFB2) as default. Harness benchmark: geomean 9.359, shape5=14.368 (vs baseline harness ~13.6 -- harness & driver disagree on absolute shape5, both confirm TMA<=baseline). DECISIVE ncu finding (iter2 profile, same TMA mechanism): MIO-queue-full stall 38.7pct vs 41.9pct baseline = UNCHANGED -- TMA offloads the global LOADS to the bulk-copy engine but the MIO smem-ATOMIC throughput is the immovable wall (achieved occ 49.75pct, 70pct no-eligible-warp, all from hot-bin atomic serialization). So freeing the load pipe yields NO net win. Validates EXACT all 5 test + 10.5M check. NOT a submit candidate (best case ties 10.718; would waste a shared 6/hr slot). Both brief levers now exhausted: clusters (iter0-1, no hot-bin parallelism beyond 132 blocks) + TMA (iter2-3, wrong bottleneck)."
2026-06-12T09:24:55.396762,0,2,N/A,N/A,N/A,N/A,brief_stop,N/A,"BRIEF 2 EXHAUSTED. Both assigned B200 structural levers explored with profiling; NEITHER can beat the 10.718 champion. HEAD=3a83d20 (TMA tie-config, submit-safe stream=0, validates EXACT all 5 test + 10.5M). NOT submitted -- best case only TIES 10.718, would waste a shared 6/hr slot.

LEVER 1 -- CLUSTERS + DSMEM (iters 0-1): DEAD. (a) Per-element DSMEM fan-out (route every increment to peer SM via map_shared_rank): ~10x WORSE (142us) -- cross-SM DSMEM atomic latency >> local smem. (b) Local-accumulate + DSMEM bin-partitioned MERGE (cut global atoms 2x): NEUTRAL. STRUCTURAL CONCLUSION: clusters add NO hot-bin atomic parallelism beyond what the 132 independent blocks already give -- each block already owns its SM/smem-atomic unit; the bottleneck is INTRA-block (1024t->1 smem bank for the hot bin), which clusters cannot touch (that is worker-1's R-replication domain). cudaLaunchKernelEx + __cluster_dims__ + map_shared_rank + cluster.sync all VALIDATED working on B200 sm_100.

LEVER 2 -- TMA BULK-ASYNC (iters 2-3): DEAD, profile-proven. Built a double-buffered cp.async.bulk staging kernel (stage 8-16KB tiles global->shared via the Blackwell bulk-copy engine + mbarrier completion; compiles clean under compute_100/sm_100 = torch's default arch AND the remote arch; thread0 issues tile k+1 while block consumes tile k from smem). Validates EXACT. Calibrated local shape5 sweep: baseline(TMA off)=13.34us; TMA tile16384/1024t/148blk=15.39 (15pct WORSE); TMA tile8192/512t/296blk=13.34 (TIES, NEVER beats). DECISIVE ncu: MIO-queue-full stall stays 38.7pct (vs 41.9pct baseline) -- TMA offloads the global LOADS but the MIO smem-ATOMIC throughput is the immovable wall (occ 45-50pct, 70pct no-eligible-warp from hot-bin atomic serialization). Freeing the load pipe yields no win because loads were never the bottleneck.

CONVERGENT ROOT CAUSE (worker-0 clusters/TMA + worker-1 R/PWARP/warp-agg INDEPENDENTLY agree): the 10.5M ranked kernel is bound by MIO smem-ATOMIC INSTRUCTION THROUGHPUT. Every structural variant issues the SAME 16 atomics/uint4 and only relocates WHERE atomics land (banks/SMs) or WHERE loads come from (TMA) -- none reduces the atomic COUNT. R=32 lane-banking (the champion, 10.718) already eliminates hot-bin bank conflicts; that is the frontier of the atomic-histogram family. worker-1 REMOTE-submitted per-warp privatization TWICE (incl bank-rotated, matching #1's structure) and BOTH lost (>=10.718).

THE ONLY UNEXPLORED LEVER = REDUCE THE ATOMIC COUNT, which needs a FUNDAMENTALLY DIFFERENT (non-per-element-atomic) algorithm -- OUTSIDE both workers' briefs. RECOMMENDATIONS for next briefs: (1) a LIBRARY brief: try CUB DeviceHistogram::HistogramEven / DeviceRadixSort-then-segmented-count -- a different algorithm class that may sidestep the 16M-atomic wall (the operating rules say strongly prefer libraries; nobody has tried CUB's histogram primitive). (2) RE-TEST efficient warp-aggregation REMOTELY (ballot/popc to pre-combine ONLY the single hot bin per warp -> ~1 atomic/warp for the 10pct hot traffic): worker-0 found __match_any_sync 'dead' but that was LOCAL (anti-correlated) AND match_any is expensive on EVERY element; a hot-bin-only ballot is far cheaper and untested remotely. (3) The #1/#2/#3 leaders (10.218-10.273, histogram_v11_fused.py/DVDX.py, all submitted TODAY) are private-source kernels of the SAME atomic-histogram class tuned via exact-score feedback -- closing the 4.7pct gap likely needs a DEDICATED single-worker brief with EXCLUSIVE histogram submit access to binary-search knobs against the board's win/no-win signal (local is anti-correlated AND insensitive; ~14us geo regardless of config). OPS: serialize histogram submits to ONE worker (6/hr shared caused worker-1 to lose slots to rate-rejections); the harness profile_ncu.sh hits the wrong kernel (CUB reduce) on the 10.5M shape -- I profiled the TMA kernel via a direct sudo-ncu driver (saved at profiles/.../worker-0-brief-2-iteration-{2,3}-*.ncu-txt)."
2026-06-12T09:27:21.059096,0,3,N/A,N/A,N/A,N/A,brief_start,N/A,"All hand-written structural levers (R-replication, PWARP, clusters/DSMEM, TMA, warp-agg) hit the SAME smem-atomic-throughput wall — they relocate atomics, never reduce the count; 10.718us is the frontier of the atomic-histogram family. Try the ONE untested ALGORITHM CLASS, library-first per methodology: cub::DeviceHistogram::HistogramEven (or HistogramRange) for the 256-bin uint8 case. CUB may use a privatized/sort-based strategy with a different atomic profile than our hand-rolled smem kernel. Wire it via load_inline calling cub::DeviceHistogram on the default stream (NO stream arg), int counts then cast to the int64 output. Also evaluate a SORT-then-segmented-reduce or a per-tile-bitfield-popcount approach if CUB Histogram ties. Validate EXACT vs torch.bincount all 6 shapes; judge ONLY by remote submit vs 10.718us (local is anti-correlated). Scrub substring 'stream' before submit; histogram has its own 6/hr quota."
2026-06-12T09:30:09.376491,0,3,0,N/A,16.378,N/A,succeeded,ed4088a2bb262a4b66f26703a52df62f1a000430,"cub histeven v1: CUB DeviceHistogram::HistogramEven, 256-bin uint8 [0,256), int->int64 widen. Validates EXACT all 5 test incl c90. Local geomean 16.378, shape5/10.5M=18.464. KEY: CUB timing is FLAT across contention (c10/c40/c90 all ~16.42us) -- CUB does NOT serialize on the hot bin, unlike the hand kernel (brief hypothesis confirmed structurally). Local anti-correlated; remote submit needed. Not yet submitted."
2026-06-12T09:38:43.514090,0,3,1,N/A,16.378,N/A,succeeded,ff17da384c84334db7e51e70240120a3bf4d1dc1,"cub histeven v2 + REMOTE SUBMIT (787102). PASSED 5/5 test + benchmark + leaderboard on B200 (public AND secret) -- CUB HistogramEven is CORRECT remotely. But ranked score WORSE than 10.718 (did NOT replace our #4 best; standings unchanged: still sota_r32 10.718). DECISIVE: CUB loses despite 32x-fewer atomics (327684 vs ~10.5M) + contention-flat. WHY: ncu shows CUB launches InitKernel(~4us fixed overhead) + SweepKernel(14.14us, generic Policy900 NOT tuned for B200/sm_100, only 45pct mem + 20pct sm throughput) + widen. Local 16.4/shape5-18.5 was an OK predictor here (CUB has no hidden hot-bin penalty, so local~remote unlike the hand kernel). The library's per-call init overhead + un-tuned sweep policy is the killer. Pivoting to sort-then-count / overhead-free custom privatized kernel."
2026-06-12T09:44:58.728154,0,3,2,N/A,N/A,N/A,build_error,N/A,wagg v1 build_error: forgot to pass -DHIST_ITEMS/_MID/_BIG and -DHIST_MID_N/_BIG_N in extra_cuda_cflags (host code reads them). 6 nvcc undefined-identifier errors. Trivial omission; fixing by adding the -D flags + source #ifndef defaults.
2026-06-12T09:48:13.865862,0,3,3,N/A,38.192,N/A,succeeded,98e1887c32ae82d4d16f8d07bf222f39711e4e52,"wagg v2 full __match_any_sync warp-agg, high-occ 1024t/1-wave, correct masks. Validates EXACT all 5 test (incl c90 + odd-size activemask tail). DECISIVE per-shape local: c90=12.32us (FAST, match collapses many same-bin lanes->1 atomic) vs 10.5M-c10=121.75us (CATASTROPHIC, 16 MATCH inst/uint4, no aggregation, pure compute). Ranked shape is c10 -> LOW same-bin density -> warp-agg can't help. CRITICAL: unlike hot-bin atomic serialization, MATCH cost is real COMPUTE -- locally visible AND paid remotely (NOT anti-correlated). Closes worker-0's 'retest match_any remotely' question: match-agg DEAD on c10, NOT submitted (would be ~120us remote, waste a slot). geomean 38.19."
2026-06-12T09:53:15.619050,0,3,4,N/A,88.867,N/A,succeeded,f2e6b632cddff85fda53af20ae10622e3e21a6b1,"sort-count v1: cub::DeviceRadixSort(8-bit) + parallel binary-search boundary count (count[b]=lower_bound(b+1)-lower_bound(b), 256-thread). Validates EXACT all 5 test. Local shape5/10.5M=152.6us, geomean 88.9us = ~8x WORSE. Cost scales with size (59->78->111->152us) = BANDWIDTH-bound (sort reads+writes whole array + internally histograms digits), locally AND remotely faithful (NOT anti-correlated). DEFINITIVELY closes the sort fallback: radix-sorting bytes is strictly MORE work than a direct histogram -> sort class cannot beat 10.718. Not submitted."
2026-06-12T09:55:23.233110,0,3,N/A,N/A,N/A,N/A,brief_stop,N/A,"BRIEF 3 EXHAUSTED. The library-first/algorithm-class brief is fully explored: all THREE listed classes implemented, validated EXACT, and judged. NONE beats 10.718us. HEAD=ff17da3 (CUB HistogramEven, the best correct LIBRARY result, remote-PASSED 5/5).

REMOTE-VERIFIED: CUB DeviceHistogram::HistogramEven (iter0/1, sub 787102) PASSED test+benchmark+leaderboard on B200 (public AND secret) -- CORRECT remotely -- but its ranked score is WORSE than 10.718 (did NOT replace our #4; standings unchanged: ajay_a 10.218 #1, us sota_r32 10.718 #4). So the one assigned LIBRARY primitive is correct but slower; nobody now needs to re-test CUB Histogram.

WHY CUB LOSES (ncu, saved worker-0-brief-3-iteration-0-ed4088a-sweep.ncu-rep): CUB launches InitKernel(~4us FIXED per-call overhead, un-skippable via the public API -- it resets the internal GridQueue) + SweepKernel(14.14us) + my widen. The SweepKernel does only 327684 shared atomics for 10.5M elements = 32x FEWER than the hand kernel's ~n per-element atomics (CUB's sort-based intra-tile aggregation; contention-FLAT: c10/c40/c90 all ~16.42us locally) -- so CUB genuinely REDUCES the atomic count (the lever every prior brief said was the only hope). BUT the sweep is OCCUPANCY/LATENCY-bound, not atomic-bound: 40 regs/thread -> Block-Limit-Registers=2 -> 65pct occ, L1/TEX 70pct, 31pct of stalls are L1TEX scoreboard waits, only 0.32 warps issued/sched. It lands at 14us (already slower than the hand kernel's ~13.6 local) and CUB's policy is the generic Policy900 (Hopper) -- there is NO sm_100 histogram policy in CUB 12.8, and stock-CUB rules forbid copying/patching the policy. Net: the atomic-count win is real but spent on register pressure + sort overhead + low occupancy + a 4us init floor.

OTHER TWO CLASSES (validated EXACT, NOT submitted -- both decisively slow LOCALLY in a remote-FAITHFUL way, so no slot spent):
 * WARP-AGGREGATION / bitfield-popcount (iter3, 98e1887): full __match_any_sync + leader popc, high-occupancy 1024t/1-wave, correct converged+activemask masks. Per-shape local is DECISIVE: c90=12.32us (FAST, match collapses many same-bin lanes->1 atomic) but the 10.5M c10 RANKED shape=121.75us (CATASTROPHIC). The MATCH instruction is real COMPUTE that is locally visible AND paid remotely (NOT the anti-correlated hot-bin regime), and c10 has too LOW a per-warp same-bin density to amortize 16 MATCH/uint4. This CLOSES worker-0 brief-0's open 'retest match_any remotely' recommendation: match-agg is dead on c10. (A hot-bin-ONLY ballot can't be done generically -- the hot value is data-dependent and unknown statically.)
 * SORT-then-segmented-count (iter4, f2e6b63): cub::DeviceRadixSort(8-bit) + 256-thread parallel binary-search boundaries. 10.5M=152.6us, geomean 88.9us (~8x worse), cost scales cleanly with size = BANDWIDTH-bound (remote-faithful). An 8-bit radix sort INTERNALLY computes a digit histogram then does a full scatter, so it is strictly MORE work than a direct histogram -> the sort class cannot beat 10.718.

CONVERGENT ROOT CAUSE (now confirmed across the FULL algorithm space -- atomic family by 3 prior briefs, PLUS library/warp-agg/sort by me): the c10 ranked shape is near-UNIFORM data (each of 256 bins ~ n/256) with ONE hot 'evil' bin (10pct of n). Near-uniform => atomic count is information-theoretically ~n (every byte must be counted; aggregation has nothing to collapse, as match_any's c10 failure proves); the SINGLE source of contention (the hot bin) is ALREADY optimally bank-spread by the champion's R=32 lane-banking, which saturates Blackwell's smem-atomic unit at ~10.7us. #1's 10.218 is ~4.7pct of MICRO-tuning over that, NOT a different algorithm.

RECOMMENDATIONS:
 (1) The algorithm-class search is now EXHAUSTED (library, warp-agg, sort all tested + dead; atomic family at frontier). I do NOT recommend more macro/structural briefs -- there is strong convergent evidence no different class beats the atomic histogram on this near-uniform-c10 ranked shape.
 (2) The only remaining path to close the 4.7pct gap to #1 is MICRO-tuning the existing champion atomic kernel (sota_r32 / the repo baseline's R/THREADS/banking) against the leaderboard's win/no-win signal, in a DEDICATED single-worker brief with EXCLUSIVE histogram submit access (local is anti-correlated AND insensitive for the atomic family, so only remote submits rank -- and the 6/hr histogram quota is shared, so serialize submits to ONE worker). Worker-1 already swept knobs LOCALLY (found Hopper defaults ~optimal) but local can't see the remote ranking; the gap needs REMOTE micro-sweeps. The leader files (histogram_v11_fused.py, DVDX.py) are private-source atomic kernels tuned this exact way.
 (3) OPS: stock CUB 12.8 has no sm_100 histogram policy (falls back to Policy900) -- if a newer CCCL with a Blackwell histogram policy were leaderboard-portable, re-testing CUB Histogram could be worthwhile, but the remote build has only stock headers, so this is moot now. The harness profile_ncu.sh + eval.py multi-pass conflicts with ncu (eval returned 113); I profiled CUB directly via a standalone driver under sudo-ncu (the saved .ncu-rep is the real CUB sweep). All my submission.py variants are scrubbed of substring 'stream'."
2026-06-12T11:59:02.779814,0,4,N/A,N/A,N/A,N/A,brief_start,N/A,"REJECT the 'atomic-throughput wall is final' conclusion — #1 (histogram_v11_fused.py) is only 4.7% ahead (10.218 vs our 10.718), so a concrete win EXISTS. The ranked 10.5M shape reads 10MB uint8. Re-attack from the DATA-MOVEMENT and ILP angle, not the atomic-relocation angle prior workers exhausted: (1) maximize memory throughput with uint4/uint8 vectorized __ldg loads + deep per-thread register batching (many bytes in flight before any atomic) to fully saturate DRAM and hide atomic latency; (2) the 'v11_fused' name suggests a fused single-pass design — try ONE persistent-grid kernel sized to exactly fill the SMs (occupancy-tuned launch_bounds) with per-thread privatized 256-byte (uint8) sub-counts accumulated in REGISTERS/local then one smem reduction, minimizing smem atomics entirely on the uniform-data path; (3) sweep the c10-vs-c90 split. Build against STOCK CUB. EXACT integer equality all 6 shapes. Default execution context (custom <<<>>> kernels ARE accepted — proven by conv2d). Scrub 'stream'. Judge ONLY by remote submit vs 10.718 (local inverted)."
2026-06-12T12:10:04.557469,0,4,0,N/A,14.552,N/A,succeeded,8cd90f6b7537adb1bbc56746becad44c7c59430b,"hotcache v1: per-thread 8-way LFU register cache on BIG bracket (10.5M ranked). Cache-hit=register incr, miss=evict-min+flush atomicAdd. Validates EXACT all 5 test shapes. Local geomean 14.551, shape5/10.5M=105.3us = 8x WORSE than baseline ~13.5. ROOT CAUSE: the 8-way linear scan + LFU min-find runs PER BYTE in the critical path (variable-length, branch-divergent); 255 non-evil bins thrash the 8-slot cache so every non-evil byte pays full atomicAdd PLUS the scan, while evil-bin savings are only ~7 atomics/thread. Scan NOT hidden (serializes warp via divergence). Mechanism validated correct but cost model wrong on uniform-ish c10. NOT submitted."
2026-06-12T12:13:59.279422,0,4,1,N/A,11.180,N/A,succeeded,9a8dc740841e267c285ec1f6bc2579dec654aaaf,"hotcache v2: single adaptive Boyer-Moore register hot-slot (1 (htag,hcnt,score) slot, 1 compare/byte) on BIG bracket. Validates EXACT all 5 test. Local geomean 11.180, shape5/10.5M=22.24us (vs cache-v1 105us; baseline ~13.5). Big gain over v1 but still WORSE than baseline. ROOT CAUSE: the per-byte 3-way branch (hit/score--+atomic/evict+adopt) diverges within the warp; diverting the ~1.08M evil-bin atomics does not beat the cost of 10.5M divergent branches. Divergence is COMPUTE = locally visible AND remotely paid (NOT the anti-correlated hot-bin regime), so 22us local predicts ~worse remote -> NOT submitted. LESSON: hot-bin register-diversion is the right target but needs a BRANCHLESS/predicated form to avoid warp divergence. Next: deep-ILP knob sweep (brief hypothesis 1) on the clean baseline path."
2026-06-12T12:19:23.425149,0,4,2,N/A,10.285,N/A,succeeded,c006cae9cd055ce6695eca8ef5e17d413c94fdc1,"pwarp v1: per-WARP privatized smem histograms on BIG bracket (32 warps @ 1024t, warp-major smem[warp*256+bin], 256%32==0 so per-warp bins use all 32 banks; disjoint warp addresses = ZERO inter-warp hot-bin contention). 32KB smem. Validates EXACT all 5 test. Local geomean 10.285 (baseline ~10.262 = TIE), shape5/10.5M=14.16us (baseline ~13.5). KEY: this is the FIRST variant this run that is local-competitive AND has a genuine anti-contention mechanism that is STRUCTURALLY DISTINCT from the dead lane-indexed R=32 (warp-indexed = no inter-warp contention vs lane-indexed = 32-way inter-warp contention per replica). Since local is anti-correlated on hot-bin serialization (which this directly attacks), strong REMOTE candidate. Sweeping warp count (1024/512/256t) locally to find the cost-vs-decongestion knee before spending a submit slot."
2026-06-12T12:27:06.050960,0,4,3,N/A,10.285,N/A,succeeded,c006cae9cd055ce6695eca8ef5e17d413c94fdc1,"pwarp v1 REMOTE SUBMIT (787151, 32 warps @ 1024t). PASSED all 6 runs: test+benchmark+leaderboard on B200 public AND secret -- CORRECT remotely. But ranked score did NOT beat our 10.718 champion (leaderboard standing UNCHANGED: still #4 sota_r32 10.718; popcorn-cli --no-tui shows score='-', so a non-improving submit leaves the standing as-is = our entry >=10.718). CONCLUSION: per-warp privatization is correct + local-competitive (10.285) + genuinely decongests (32-way warp-private, distinct from dead lane-R32) but the 32x smem-zeroing (32KB) + 32-way merge overhead eats the decongestion benefit remotely too. Note: a sweep showed 512t/16warps LOCAL shape5=15.5 (WORSE than 32warps 14.16) -> decongestion dominates merge cost, 32 warps is the pwarp optimum, yet still not < 10.718. NO improvement. (Also burned a duplicate submit 787153 which resolved GPU='-' and did not execute -- harmless.)"
2026-06-12T12:33:32.765110,0,4,4,N/A,11.210,N/A,succeeded,3fe124f5f2eeca0803583e810d69170d08102053,"hotrepl v1: selective replication of the runtime-detected hot bin (BIG bracket, REPL=32). In-kernel detection (phase-1 grid-stride sample -> argmax broadcast, zero extra launch) + branchless phase-2 routing (hot bytes->smem[256+lane&31] bank-spread, cold->smem[b]). Validates EXACT (benchmark check:pass on shape5 confirms correctness). Local geomean 11.210, shape5/10.5M=21.91us = WORSE than baseline ~13.5. SAME failure mode as Boyer-Moore (iter1, 22.2us): the per-byte (b==hot)?idx_hot:idx_cold select is extra ALU in the critical path that is NOT hidden under the MIO shadow, costing ~+8us on shape5, exceeding the hot-bin-serialization it removes. CONVERGENT across hotcache(105)/boyer-moore(22.2)/hotrepl(21.9): ANY per-byte test against the hot value adds ~+8us and never pays off; the bare atomicAdd (no conditional) is faster even WITH hot-bin serialization. Therefore the leaders' 4.7% edge is NOT per-byte hot handling -- pivoting to deep-ILP (brief hyp 1) + occupancy/merge tuning, and re-examining the SMALLER shapes."
2026-06-12T12:41:15.781605,0,4,5,N/A,19.455,N/A,succeeded,d959ac891204da86f7e0cd61c5b50cd433dcc1c3,"fused v1: single-pass kernel, 1 launch, no host memset, no stage-2; last block (atomic done-counter) reduces all per-block scratch columns into out (self-zeroing). Applied to small+mid. Validates EXACT all 5 test. Local geomean 19.455, shapes 0-4 REGRESSED from ~9.2-11.3us to ~20-22us (2x WORSE); shape5 (FUSED_BIG=0) unchanged 13.57. FALSIFIES the 'v11_fused'/single-pass hint for THIS structure: the last-block merge SERIALIZES (147 SMs idle while ONE block does the full 256xgdim reduction) and __threadfence (L2 flush) cost FAR exceeds the ~2-3us memset launch it eliminates. The baseline's memset(2KB)+DIRECT-atomic merge is cheap AND parallel across all blocks. CONCLUSION: launch/merge fixed-cost is NOT the lever; the small shapes are not memset-bound. Reverting FUSED. Re-confirms baseline merge structure is near-optimal."
2026-06-12T13:25:32.981348,0,4,6,N/A,10.337,N/A,succeeded,220455dbb8453ff29deea136e29ba89f217d67e0,"Consolidation + clean-metric exhaustive shape5 sweep. submission.py behavior == champion 10.718 (all experimental flags 0, LOAD=0; HLOAD refactor validated EXACT). KEY METHODOLOGY: built harness/ab2.py, a SAME-PROCESS interleaved A/B microbench (builds two extension variants, times them alternately at one clock state, reports min-ratio B/A) that is IMMUNE to the B200 boosted-clock noise (measured 1597-1965MHz idle = 23% swing) that made benchmark-mode AND leaderboard-mode local comparisons unreliable (±15% run-to-run). The baselines.md note 'LB-mode recheck=True is faithful' is true in EXPECTATION but single-run LB-mode is too clock-noisy; the same-process min-ratio resolves effects >~3-5%. DEFINITIVE shape5 (10.5M c10, boosted min=11.2us) verdicts vs baseline: pwarp +9.5% WORSE, R=2 +7.7% WORSE, THREADS_BIG=896 TIE, SMALL/MID 512t +13% worse on c10, GRID_FLOOR_BIG=2 +1%, ITEMS/UNROLL/__ldg/__ldcs all TIE. Baseline geomean(min over 6 shapes) ~8.2us. CONCLUSION: baseline is at the shape5 atomic-throughput wall; NO knob or structural variant beats it beyond the ~3% geomean noise floor (gap to #1 is 4.7%, near the floor)."
2026-06-12T13:38:50.956356,0,4,7,N/A,10.337,N/A,succeeded,acff36d1babb356a85b1d597c04b782691a7258f,"gmem v1: pure direct-GLOBAL-atomic histogram (no smem, no merge) — 16 global atomicAdds/uint4 into a u32 accumulator, relying on L2 atomic combining for the hot bin. Validates EXACT (okB=True all shapes). Clean same-process A/B vs baseline: shape5=3433us = 305x WORSE; cost scales MONOTONICALLY with contention (c10=61x, c40=167x, c90=279x worse) -> global atomics SERIALIZE on same-address contention even WORSE than smem banks; the L2 atomic unit does NOT effectively combine the hot bin's >1M increments. DECISIVELY closes the pure-global-atomic algorithm class (untested by any prior brief) and re-confirms smem privatization (baseline) is the correct family. Also fixed a load_inline name-length bug (verbose per-knob name -> PyInit ImportError; now md5-hashed, robust for future knob additions). Default GMEM=0 = champion baseline behavior. submission.py HEAD == champion 10.718, submit-safe (no 'stream')."
2026-06-12T13:42:13.361399,0,4,N/A,N/A,N/A,N/A,brief_stop,N/A,"BRIEF 4 EXHAUSTED. HEAD=acff36d (clean champion baseline, behavior==10.718, builds+validates EXACT, submit-safe no 'stream'; dormant validated experimental kernels + load_inline name-hash fix retained for follow-ups). NO candidate beat 10.718; we remain #4, gap to #1 (ajay_a 10.218 / David Xia DVDX 10.235) = 4.7%, UNCHANGED.

THE RUN-CHANGING DISCOVERY (methodology): I built harness/ab2.py, a SAME-PROCESS interleaved A/B microbench that builds two kernel variants and times them ALTERNATELY at one GPU clock state, reporting the min-ratio B/A. This is IMMUNE to the B200 boosted-clock noise (measured idle SM clock swings 1597-1965 MHz = 23%) that makes BOTH benchmark-mode AND single-run leaderboard-mode local timings unreliable (+/-15% run-to-run; baselines.md's 'LB-mode recheck=True is faithful' is true only in EXPECTATION, not per-run). The clean A/B resolves effects >~3-5% reliably (it has a slight pro-B ordering bias, so B-WINS<5% are bias artifacts; B-LOSSES are real). Recommend future histogram/contention briefs use ab2.py-style same-process A/B as the local gate, NOT benchmark.sh or single LB runs.

DEFINITIVE VERDICTS on the ranked shape5 (10.5M c10, baseline boosted-clock min=11.2us; baseline geomean(min over 6 shapes)~8.2us) via clean A/B — ALL lose or tie:
 * pwarp (per-WARP privatized smem, warp-major, 32 warps): +9.5% WORSE on shape5, +9.9% on c90. Also REMOTE-submitted (787151): passed 5/5 public+secret but did NOT beat 10.718. The 'warp-indexed vs lane-indexed R=32' distinction does NOT help — merge/zero cost cancels decongestion.
 * R=2 (moderate replication, worker-0-brief-0's open question): +7.7% WORSE on c10. Moderate-R is DEAD; answer to that recommendation = no.
 * Per-byte hot-bin handling — register N-way LFU cache (+800% shape5), single-slot Boyer-Moore (+60%), selective hot-bin replication w/ in-kernel detection + branchless routing (+60%): ALL much WORSE. PROVEN FUNDAMENTAL: reducing hot-bin atomic COUNT requires a per-byte conditional, whose ALU/divergence cost ALWAYS exceeds the saved atomics; the bare atomicAdd (no conditional) is faster even WITH hot-bin serialization. You cannot branchlessly SKIP an atomic.
 * Pure direct-GLOBAL-atomic (no smem, L2-combine hypothesis) — UNTESTED by prior briefs, now CLOSED: 305x WORSE (shape5=3433us), cost scales with contention (c90=279x) -> global atomics serialize on same-address even worse than smem; L2 does NOT combine the hot bin. Confirms smem privatization is the correct family.
 * Fused single-pass (1 launch, global-counter last-block merge, the 'v11_fused' hint): 2x WORSE on small/mid -> last-block merge serializes (147 SMs idle) + __threadfence cost >> the ~2us memset it removes.
 * Two-stage scratch merge (vs DIRECT global-atomic): +27-39% WORSE on ALL shapes -> baseline's DIRECT merge is optimal.
 * Deep ILP (512t/UNROLL=4,8): +13-15% WORSE -> the kernel is MIO-atomic-SATURATED (worker-1 ncu: MIO-queue-full 41.9%, L1TEX 78.86%, DRAM 12%), NOT load-latency-bound, so deeper batching doesn't help. Brief hypothesis #1 (maximize DRAM/ILP) is DEAD: DRAM is only 12%.
 * THREADS_BIG 896 (worker-1's near-tie): exact TIE. SMALL/MID 512t/1024t: WORSE on c10 (768t is the sweet spot). GRID_FLOOR_BIG=2: +1% (noise). LB_BLOCKS_BIG=1: tie. __ldg/__ldcs load hints: tie (memory-bound is not the issue). ITEMS: no effect (grid pinned to 1 wave by floor+cap).

CONVERGENT ROOT CAUSE (now confirmed across the COMPLETE design space — knobs, every algorithm class, merge, loads, occupancy — with a CLEAN noise-immune metric): the c10 ranked shape is near-uniform data (256 bins ~n/256) + ONE hot evil bin (~10% of n). The atomic count is information-theoretically ~n; the hot bin's ~1M smem atomics serialize through one bank and saturate Blackwell's MIO smem-atomic pipe at ~11us (boosted). Every decongestion either (a) needs a per-byte branch that costs more than it saves, or (b) adds merge/zero overhead that cancels the gain. The baseline already saturates the wall.

RECOMMENDATION: I do NOT recommend further histogram briefs on this kernel family — the structural+knob+algorithm space is now EXHAUSTIVELY closed with a reliable metric, and the 4.7% gap is at/below the local noise floor. The leaders (private DVDX.py / v11_fused.py) reach 10.2 via either a micro-scheduling edge below my noise floor or a trick not inferable from public info. If another submit slot is spent, it should test ONE thing I could not: whether the leaderboard hardware runs at a different fixed clock where a specific config (e.g. THREADS_BIG=896, which TIES locally) edges ahead — but EV is low. Better to lock histogram at the current #4 (10.718) and consider the 3-problem run effectively complete (sort #1, conv2d #1, histogram #4-at-wall)."
2026-06-12T13:47:56.055909,0,5,N/A,N/A,N/A,N/A,brief_start,N/A,"You proved the ATOMIC-histogram family is fully exhausted (every variant ties/loses; ~1M hot-bin smem atomics saturate the MIO pipe; can't branchlessly skip an atomic). So go NON-ATOMIC — the one class never tried (all prior approaches accumulate via atomics). The hot-bin serialization IS the wall, so eliminate atomics entirely on the hot path: (a) WARP-VOTE COUNTING: per warp, for each of the 32 lanes' bytes use __match_any_sync to get the peer-mask of same-value lanes, leader does __popc -> adds to a per-warp REGISTER/smem count WITHOUT atomics (warp-exclusive ownership), then tree-reduce warps; the hot bin costs ONE popc per warp not 1M atomics. (b) TENSOR-CORE one-hot reduction: map uint8->256-wide one-hot rows, MMA-accumulate (B200 has massive tensor throughput; counts = ones-vector times one-hot matrix) — exotic but atomic-free. (c) sort-the-bytes then segmented-count. Use harness/ab2.py (the same-process interleaved A/B, immune to the 23% B200 clock noise) as your local gate — it's in your worktree. Custom <<<>>> kernels fully legal (never write 'stream'; legacy default queue). EXACT integer equality all 6 shapes. Only remote-submit an ab2-confirmed beat over champion; confirm vs 10.718. Be relentless — atomic-free is the unexplored frontier that could break the wall like counting-sort broke sort."
2026-06-12T13:59:37.041120,0,5,0,N/A,37.990,N/A,succeeded,a47ca72afce139fcd4c83e7065c6e61a13ee1568,"warp-vote v1 (brief-5 (a), atomic-free): per-warp PRIVATE 256-bin smem hist; __match_any_sync collapses same-value lanes so leader does popc + PLAIN non-atomic add into warp-owned region; one global atomicAdd/bin merge. NO atomics on hot path. Validates EXACT all 5 test (incl c90+odd tail). ab2 vs champion DECISIVE: B 3.74x SLOWER geomean (8.86x on 10.5M-c10 ranked, 7.16x 5.2M-c10, 1.67x c90). bench geomean 37.99us. VERDICT family (a) DEAD: __match_any_sync = 16 expensive compute insts/uint4; on c10 (near-uniform, low same-byte density per 32-lane group) match collapses ~nothing so pure compute overhead, ~0 atomic savings. Confirms HW smem atomics already coalesce same-address adds -- explicit warp-collapse re-does for ALU cost what the atomic unit does free. Register-distributed variant shares this fate (match dominates, not the smem store)."
2026-06-12T14:19:38.649493,0,5,1,N/A,28.232,N/A,succeeded,975f72a8c0ef8352098f3f6b11488a55e2ef5309,"blocksort v1 (brief-5, LIBRARY atomic-free): cub::BlockHistogram<unsigned char,THREADS,IPT,256,BLOCK_HISTO_SORT> sorts each tile + differentiates run boundaries -> per-bin counts with ZERO in-block atomics; fold to int64 out w/ 1 atomicAdd/bin. STOCK CUB. Partial-tile pad-zero correction (subtract from bin0). Validates EXACT all 5 test. ab2 vs champion: B 2.78x SLOWER geomean (4.69x on 10.5M-c10 ranked, 3.18x 5.2M, 2.56x EVEN ON c90 where sort-counting should win most). bench geomean 28.23us. VERDICT: atomic-free-via-sort DEAD even with a tuned library -- per-tile radix sort overhead (sort 4096 items/tile) >> the atomic savings at ALL contention levels. Combined with it0 (warp-vote 3.7x slower), the ENTIRE atomic-free counting family (hand-written warp-collapse AND library sort-differentiate) is now falsified under the noise-immune ab2 gate. HW-coalesced smem atomic is the fundamentally-efficient primitive for this 256-bin uint8 scatter."
2026-06-12T14:41:14.276704,0,5,2,N/A,57.659,N/A,succeeded,0825030bbbdd7ca069d360a5849471b6e44f0277,"sb1 (brief-5, overhead-cut test targeting leaders' 'fused' hint): SMALL bracket (n<4M) uses ONE block of 1024t -- grid-stride whole input -> single smem hist -> DIRECT plain store to out, NO cudaMemset launch, ONE kernel launch (champion small path = memset+hist = 2 launches). MID/BIG unchanged. Validates EXACT all 5. ab2 vs champion: CATASTROPHIC -- shape0 9->90us (10x), shape1 9->175us (19x), shape3-c90 8->97us; MID(shape4)/BIG(shape5) TIE (unchanged, confirms only SMALL changed). bench geomean 57.66us. VERDICT: single-SM smem-atomic throughput for 1-2.6M ops serializes ~10x worse than the ~3us launch saved; 147 SMs idle. The small-shape ~8us floor = PARALLEL-ATOMIC work across all 148 SMs + irreducible launch latency, NOT removable launch overhead. Multi-block grid is essential even for tiny shapes. The 'fused'/launch-reduction angle is closed (matches worker-1's cooperative/elected-block losses)."
2026-06-12T14:42:08.358745,0,5,3,N/A,13.897,N/A,succeeded,b03f1645075b7f028fcf1b5046d47b014368a223,"hotregwr (brief-5): hotreg variant folding per-thread hotcnt via WARP shuffle-reduce -> ONE atomic/warp into smem[hot] (vs per-thread, cuts fold serialization 32x). Validates EXACT all 5. ab2 vs champion: B 1.38x SLOWER geomean (~identical to hotreg 1.35x, slightly worse from +5 shuffle/thread). bench geomean 13.90us. ISOLATES the verdict: the fold was NEVER the dominant cost; the per-byte UNIFORM compare in the main loop is. Hot-register-offload family DEAD."
2026-06-12T14:42:25.487178,0,5,4,N/A,13.559,N/A,succeeded,99264800131d0cb66dc5d948814fff99488ffda4,"hotreg (brief-5, re-test brief-4's 'per-byte conditional always loses'): offload ONLY the single hottest bin to a per-thread register via a CHEAP UNIFORM predicated compare (hot value GUESSED per block from thread-0's first uint4 mode, broadcast via smem); route other 255 bins through champion's HW-coalesced smem atomic. Correct-by-construction (register count folded to the GUESSED value's bin -- right bin for any guess). Validates EXACT all 5. ab2 vs champion: B 1.35x SLOWER geomean (1.31x ranked-shape5, 1.44x c40/c90). bench geomean 13.56us. CONFIRMS brief-4 with a minimal correct-by-construction design: the per-byte compare (10.5M uniform compares) costs MORE than the saved hot atomics, because Blackwell HW within-warp atomic coalescing already collapses the hot bin cheaply (the 'saved' cost is small). Closest of the atomic-reducing attempts but still a clear loss."
2026-06-12T14:46:52.344105,0,5,5,N/A,10.342,N/A,succeeded,da916b39a2871cb251dd15c47e593deaa4b4222a,"Consolidation: restore champion as clean HEAD (byte-identical to brief parent 8c2621a, the live leaderboard #4 sota_r32_928t @10.718). Builds + validates EXACT all 5, no 'stream', submit-safe. bench geomean 10.342us (==baseline 10.262 within B200 clock noise). Brief-5 EXHAUSTIVELY tested the NON-ATOMIC frontier with the noise-immune ab2 gate; NONE beat champion. The existing baseline-8c2621a profile IS this kernel's profile (byte-identical) so any follow-up forking off this HEAD has profile data. No remote submission this brief: zero ab2-confirmed beats exist, and the champion is already the live #4."
2026-06-12T14:47:53.732200,0,5,N/A,N/A,N/A,N/A,brief_stop,N/A,"BRIEF-5 EXHAUSTED. HEAD=da916b3 (champion restored, byte-identical to parent 8c2621a, builds+validates EXACT, no 'stream', submit-safe). NO candidate beat the #4 champion (10.718, gap to #1 ajay 10.218 = 4.7%, UNCHANGED). NO remote submit (zero ab2-confirmed beats; champion is already the live #4; conserved the shared quota for worker-1's concurrent remote-binary-search on brief 5).

THE BRIEF'S CENTRAL THESIS -- 'atomic-free breaks the wall' -- is now COMPREHENSIVELY FALSIFIED with the noise-immune ab2 same-process A/B gate (I rebuilt harness/ab2.py + ab2.sh; A-vs-A validated at median 0.998, resolves >3-5% reliably). FOUR new atomic-free/atomic-reducing implementations, ALL slower than the HW-coalesced-atomic champion:
 * (a) WARP-VOTE __match_any_sync collapse + per-warp-owned PLAIN add (NO atomic on hot path, the exact design you described): 3.74x SLOWER geomean (8.9x on 10.5M-c10 ranked). __match_any is 16 expensive compute insts/uint4; on near-uniform c10 it collapses ~nothing -> pure overhead. Removing the FINAL atomic does not help; the match IS the cost.
 * (c) LIBRARY cub::BlockHistogram<BLOCK_HISTO_SORT> (sort+differentiate, atomic-free, STOCK CUB): 2.78x SLOWER (2.56x EVEN on c90 where sort-counting should win most). Per-tile radix-sort overhead >> atomic savings at ALL contention.
 * hot-bin per-thread REGISTER offload via cheap UNIFORM compare (re-test of brief-4's claim with a minimal correct-by-construction design, hot value guessed per block): 1.35x SLOWER. + warp-reduced-fold variant: 1.38x (isolates that the per-byte compare, not the fold, is the cost). CONFIRMS: 10.5M uniform compares > the saved hot atomics.
 * (b) TENSOR-CORE one-hot: analyzed & rejected without implementing -- counts=ones@onehot still needs to BUILD one-hot fragments, which is the SAME per-byte scatter (route each byte to its bin) the histogram already is; the MMA adds 256x-wasted MACs on top, and materialized one-hot = 30x the input's memory traffic. TC accelerates dense GEMM, not sparse scatter; not competitive for 256 general bins.

ALSO clean-gate confirmed (ties, resolving prior workers' noisy 'ties'): gf2/GRID_FLOOR_BIG=2 (148->296 blocks = 50%->100% occupancy on the ranked shape): TIE -- DECISIVE: the kernel is MIO-smem-atomic-THROUGHPUT-bound, NOT occupancy-bound (doubling resident warps does nothing). THREADS_BIG=896: TIE. cudaMemsetAsync: TIE (event timing hides the host bubble). Single-block no-memset launch-cut (the 'fused' hint): CATASTROPHIC (10-19x on small shapes) -- the ~8us small-shape floor is PARALLEL-atomic work across all 148 SMs + irreducible launch, NOT removable launch overhead; you cannot drop SM parallelism. torch.bincount: 12.7x slower (leaders are NOT using a library).

ROOT CAUSE (now QUADRUPLE-confirmed: worker-1 ncu MIO-41.9%, brief-4 analysis, my gf2-tie occupancy probe, AND my atomic-free falsification): Blackwell's HW within-warp smem-atomic coalescing ALREADY collapses the hot bin cheaply, making the champion's bare HW atomicAdd the information-theoretically-efficient primitive for this 256-bin uint8 scatter. Every alternative -- explicit collapse, divert, sort, replicate, or launch-fuse -- adds compute/serialization that exceeds the savings. The wall is ARCHITECTURAL, not algorithmic.

RECOMMENDATION: Do NOT spend more histogram briefs on de-serializing the hot bin or going atomic-free -- that space is now closed from every angle with a reliable metric. The 4.7% gap to the 3 clustered leaders (ajay 10.218 / DVDX 10.235/10.273) is at/below the local noise floor and is most likely a micro-scheduling/clock edge or a trick not inferable from the public 'v11_fused'/'DVDX' filenames. If any further slot is spent it should be worker-1's remote-score binary search over near-champion configs at the leaderboard's fixed clock (the one thing local ab2 cannot see). Otherwise lock histogram at #4 (10.718) and treat the 3-problem run as complete. The ab2.py/ab2.sh gate I built is the right tool for any future histogram work (committed on this branch)."
2026-06-12T14:52:28.970127,0,6,N/A,N/A,N/A,N/A,brief_start,N/A,"Atomic-free is comprehensively falsified (your ab2 gate: warp-vote 3.74x, CUB-sort 2.78x, tensor-core rejected — HW already coalesces the hot bin; bare atomicAdd is optimal). STOP atomic-free. The ONE real measurable inefficiency left (w4's ncu model): R=1 has 668K smem BANK CONFLICTS vs 329K conflict-free ideal (3x) from COLD bins colliding on banks. Attack it via a DIFFERENT mechanism than sibling w4 (who does bin-index XOR-swizzle): pursue an explicit CONFLICT-FREE SMEM LAYOUT — store the 256 counts so that the bins a warp concurrently touches map to distinct banks. Options: (1) interleave/transpose so smem[lane_group][bin] with padding hits the 329K ideal; (2) the classic 32-way-padded layout but ONLY for the statistically-hot subset of bins (hybrid: padded for frequent bins, shared for rare) to get R=32's conflict-freedom at a fraction of its smem/merge cost; (3) measure with ncu l1tex bank-conflict count (your reliable metric — timing proxies mislead) and drive it toward 329K. Use your ab2.py gate + ncu conflicts as the signal. COMMIT strong candidates as 'CANDIDATE FOR REMOTE TEST' (w1 submits — preserve the 6/hr quota). BIG-bracket only. EXACT all 6 shapes. No 'stream'; legacy queue. The 3x-over-ideal bank conflict is a REAL inefficiency, not noise — this is the precise path."
2026-06-12T15:10:43.514046,0,6,0,N/A,10.860,N/A,succeeded,782b53656d31588370a272fc0fa4c151e4ff33af,"cfree v1: conflict-free bin-major bank==lane layout (smem[bin*32+lane], BIG bracket). MECHANISM CONFIRMED: ncu shape5 bank conflicts 672478->1799 (~0), atomic wavefronts 1.00M->329479 == 329K ideal EXACTLY. But time 14.35->18.90us SLOWER (32KB smem caps occ 29.87%, +zero +32-way-merge overhead). ab2 shape5 vs champ med 1.283 B SLOWER. geomean 10.860 vs champ 10.262. DEFINITIVE via distinct mechanism (vs w4 XOR-swizzle): driving conflicts to 329K ideal does NOT improve time -- kernel is latency/overhead-bound not conflict-bound."
2026-06-12T15:28:16.906890,0,6,1,N/A,10.274,N/A,succeeded,d20d805185955b575434ee3e579a91d9eadca894,"cfree v2: CFR-templated conflict-free layout. ab2 sweep shape5: CFR=8 TIE, CFR=16 TIE (B_min 12.29<A_min 13.15), CFR=32 B SLOWER (med 1.303, occ cliff). CFR=16 (16KB) is the break-even: ncu conflicts 672478->332844 (HALVED), wavefronts 1.00M->660524, isolated dur 12.82<champ 14.18us. geomean 10.274 == champ 10.262 (noise). Confirms occupancy dominates conflicts: full conflict-free (CFR=32) LOSES on 32KB-smem occupancy cliff; the conflict lever ties at best. Set CFR_BIG=16 default."
2026-06-12T15:35:54.789994,0,6,2,N/A,10.274,N/A,succeeded,688cd4e05c4c7998d44d6c37514fdafb0646cf27,"occupancy-ceiling + full curve (comment-only, behavior==CFR=16 d20d805, geomean 10.274). LB sweep on shape5: __launch_bounds__(1024,3/4/6) is a NO-OP -- any 1024t kernel register-capped at 2 blocks/SM (2*1024*32==65536=SM reg file). CFR=16/LB4 probe: 32 regs, 47.15% occ, 12.80us == LB2. 512t variants LOSE (ab2 med 1.15). Occupancy lever EXHAUSTED for conflict-free. Conflict lever ties at best (CFR=16 halves conflicts 672K->333K but ab2 med=1.000); kernel NOT conflict-bound. Next: attack per-call overhead OR conflict-free-at-1KB warp-routing to break the tie."
2026-06-12T15:42:43.602283,0,6,3,N/A,16.530,N/A,succeeded,af204cd268dd9bbd8b7e84f93fd0289744a3af58,"wroute v1: conflict-free at 1KB via warp bank-routing (3rd distinct mechanism). Lane L owns bank L (bins L,L+32..L+224), 8 private register counters accumulated over the whole sweep (hot bin -> ONE lane's register, zero hot smem atomics), 8 conflict-free atomic flush. smem 1KB = full occupancy. ab2 shape5: B EXACT-CORRECT but med 16.50 (218us vs 13.2). The 32-deep SERIAL __shfl-scan loop per lane = latency chain that doesn't hide (warp-agg failure class). geomean 16.530. DEFINITIVE: conflict-free-at-1KB-via-routing DEAD -- routing exchange costs >> conflicts removed. Confirms (3rd mechanism) the kernel is NOT conflict-bound."
2026-06-12T15:57:55.995793,0,6,4,N/A,10.379,N/A,succeeded,99788a0833c991300eb21c07e3ed6eacceeb8f28,"Brief-6 consolidation: default=CFREE_BIG=0 (proven champion R=1 path, validated EXACT all 5 test, submit-safe no 'stream'). ncu confirms champion behavior: hist_stage1 R=1, 672468 conflicts, 1.00M wf, 14.38us (== baseline). geomean 10.379 (== champion 10.262 within harness noise). CFR-templated conflict-free + warp-routing kernels retained behind env flags. VERDICT: conflict-free brief falsified via 3 distinct mechanisms -- CFR=32 (329K ideal conflicts) LOSES (occ cliff, med 1.30), CFR=16 (333K, half) TIES (geomean 0.9992), warp-routing (0 conflicts) LOSES 16.5x. Kernel NOT conflict-bound; occupancy register-capped 47%. CANDIDATE FOR REMOTE TEST (marginal): CFR=16 conflicts 672K->333K, ab2 0.9992."
2026-06-12T15:58:31.530381,0,6,N/A,N/A,N/A,N/A,brief_stop,N/A,"BRIEF-6 EXHAUSTED. The conflict-free-smem-layout brief is comprehensively FALSIFIED via THREE distinct mechanisms (all ab2 + ncu-bank-conflict-counter gated on shape5), INDEPENDENTLY confirming sibling w4's XOR-swizzle finding: the kernel is NOT bank-conflict-bound. Measured curve vs R=1 champion (672K conflicts, 1.00M wf, 49% occ, 14.18us): CFR=32 per-lane-replicated bin-major bank==lane (32KB) hit the 329K-conflict IDEAL EXACTLY (1.8K conflicts) but is 28% SLOWER (med 1.30) -- 32KB smem caps occupancy at 30% (cliff); CFR=16 (16KB) HALVES conflicts (333K) and TIES (geomean 0.9992 over all 6 shapes, within noise floor, peak-clock min-ratios slightly favor it); warp bank-routing at 1KB (lane L owns bank L, 8 private register counters, ZERO conflicts, full-occupancy-capable) is CORRECT but 16.5x SLOWER (218us) -- the 32-deep serial __shfl-scan is a latency chain that never hides (warp-aggregation failure class). KEY: occupancy is REGISTER-capped at 2 blk/SM (47%, hard 32-reg floor) regardless of __launch_bounds__(3/4/6) or UNROLL=1, so conflict-freedom cannot buy occupancy back. The 3x conflict gap is REAL but eliminating it ties at best. HEAD=99788a0: default CFREE_BIG=0 (proven live #4 champion 10.718, validated EXACT, submit-safe no-stream); CFR-templated + warp-routing kernels retained behind env flags. CANDIDATE FOR REMOTE TEST (marginal, w1): CFR=16 (HIST_CFREE_BIG_OVERRIDE=1, conflicts 672K->333K, ab2 0.9992) -- low expectation given local tie. STRATEGIC INTEL: standings shifted -- #1 is now David Xia DVDX.py @10.051us (gap widened to 6.6%, was 4.7%); #1+#3 share DVDX.py = the leading SHARED design. The conflict angle CANNOT close this; recommend next briefs target the DVDX.py-style structure (reverse-engineer the shared David-Xia design) over any further smem-bank work, which is now closed by 4 mechanisms across w0+w4."
2026-06-12T16:01:34.189278,0,7,N/A,N/A,N/A,N/A,brief_start,N/A,"Confirmed (you + w4): NOT bank-conflict-bound; the wall is ATOMIC-ISSUE-COUNT (w4 A/B/C: atomics 13us, loads hidden). You also found occupancy is REGISTER-capped at 2 blk/SM (47%, hard 32-reg floor). Reduce the atomic COUNT via a DISTINCT mechanism from siblings (w4=2x16/4x8 smem-packed-bins-per-atomic; w1=warp-combine/run-length): use 64-BIT PACKED smem atomics. B200 supports 64-bit atomicAdd; pack FOUR 16-bit bin counters per 64-bit word -> one atomicAdd updates 4 adjacent bins => 4x fewer atomic instructions IF a thread's batch hits 4 bins sharing a word (build a per-thread 64-bit packed delta across its uint4's bytes in registers, then flush). Combine with: thread processes a long contiguous run (since occupancy is reg-capped at 2blk/SM anyway, give each thread MORE bytes so the packed-flush amortizes). Handle 16-bit overflow on the c90 hot bin via periodic flush-to-32-bit-global. Alternatively: a 2-PHASE scheme — phase1 each block accumulates a private 256-bin histogram with 64-bit-packed smem atomics (4 bins/op), phase2 grid-reduce the per-block histograms. Drive ncu ATOM/RED inst-count below 10.5M; measure ab2 (cold). EXACT all 6 shapes (test c90 overflow HARD). grep -ic stream==0 before commit. COMMIT a >2pct beat as 'CANDIDATE FOR REMOTE TEST: atoms before/after' for w1. BIG-bracket only; legacy queue."
2026-06-12T16:17:35.918399,0,7,0,N/A,18.294,N/A,succeeded,26917d9348f44fbeae846b04dcbe7d5bd6ef23c8,"iter0 PACK64 no-combine (4 bins/64-bit word, 1 atomic/byte). shape5 444.7us = 32x champion. ncu: atom wavefronts 48.3M (champ 1.00M), bank conflicts 1.26M, smsp atom inst 15.9M. 64-bit smem atomicAdd decomposes into many serialized transactions + 4x worse conflicts (64 words). geomean 18.29 vs baseline 10.262. Validates EXACT all 5 incl c90. DEFINITIVE: naive 64-bit packing is dead; combining must overcome a steep per-inst penalty. Default OFF = champion."
2026-06-12T16:22:35.788401,0,7,1,N/A,18.222,N/A,succeeded,4d33fcfec8150c665c7ce2ce393227054fbf45c9,"iter1 PACK64-COMBINE (dedup window by group-of-4, 1 atomic/distinct group). UNROLL_BIG=2 (NB=32 window, ~1.26x atomic reduction): shape5 410us vs no-combine 444us -- 8% better but still 29x champion. O(NB^2) dedup overhead + residual 64-bit wavefront penalty (~4.6 wf/atomic) dominate. geomean 18.22. Validates EXACT all 5. Even ideal 4x combining => ~12M wavefronts >> champion 1M -- 64-bit smem atomic penalty is fundamental."
2026-06-12T16:29:51.983235,0,7,2,N/A,12.306,N/A,succeeded,bf471dd66eb48fe36808181235111082a83361b2,"iter2 PER-THREAD PRIVATE packed histogram (NO phase-1 atomics). Each thread owns private 64-word smem sub-hist, non-atomic accumulate, cooperative reduce. T=256/128KB/1blk-SM/shape5: 39.18us = 11x BETTER than 64-bit atomics (444us), still 2.8x champion (14us). Sidestepping atomic wall works structurally; remaining cost = 65K-read reduction + 23% occ + non-atomic RMW. geomean 12.31. Most promising 64-bit-family direction. Optimize occupancy/reduction next."
2026-06-12T16:46:49.506058,0,7,3,N/A,11.761,N/A,succeeded,35d7a4f91299e097b694d1f443bc1e6fedce2320,"iter3 PER-WARP PRIVATE conflict-free non-atomic (w4 bank==lane layout but += not atomicAdd; each warp owns private NWARPS*16KB region). T=256/128KB/1blk-SM/shape5: 29.7us = better than per-thread priv64 (39us), still 2.1x champion (14us). geomean 11.76. Also FIXED load_inline name overflow (232 chars -> sha1 hash) that silently broke new-knob builds. Best non-atomic-family result. Bottleneck now smem-RMW-throughput/merge/17pct-occ not atomics. Profile next."
2026-06-12T16:58:25.494163,0,7,4,N/A,12.012,N/A,succeeded,a43e73e35a3c253b08c2d81b10e2db41ba0fb80b,"iter4 PER-WARP 8-bit (4 bins/word, half smem) + block-count sweep. warp8 T512/it8 (~160blk,24pct occ)=34.3us; warp16 T256/it17 (148blk)=46.3us; warp16 T256/it256 (10blk)=29.7us BEST. COUNTERINTUITIVE: FEWER blocks BETTER -- per-block merge (256 global atomics/blk, B-way out contention) + smem-zero scale w/ block count and dominate. NOT occupancy-bound; the privatization MERGE cost (blocks*NWARPS*32 copies/bin) is the wall. Non-atomic privatization family caps ~29.7us >> champion 14us. geomean 12.01."
2026-06-12T17:19:14.164711,0,7,5,N/A,11.522,N/A,succeeded,4545ccd9812a92479405ef67d365bfdc6041a201,"iter5 warp16 ILP/occupancy tuning. T=384/12-warp/192KB/1blk-SM, ITEMS=42 (~40blk), UNROLL=4 -> shape5 26.8us (UNROLL=2 27.9, T=256 29.7). geomean 11.52. ncu: smem caps occ 1blk/SM (12-19pct), 77pct scheduler No-Eligible, 31.7pct smem-RMW scoreboard stall. UNROLL/T sweeps <5pct. Non-atomic privatization family bounded ~2x ABOVE champion (14us): privatization spends the smem the champion spends on occupancy. Comment-only commit (default=champion). The 64-bit-packing brief's mechanism is now falsified across all implementable forms."
2026-06-12T17:36:12.948058,0,7,6,N/A,10.500,N/A,succeeded,921a66d8401b13a70cdadcac435f4a801ba8d931,"iter6 CONSOLIDATION: champion R=1 restored as clean HEAD (default flags all 0, behavior byte-identical to parent f58fb04). Builds + validates EXACT all 5, no stream, submit-safe. geomean 10.50 (==baseline within noise). Docstring documents brief-7 falsification. Dormant validated scaffolding (pack64/pack64c/priv64/warp16/warp8) retained. The champion profile (brief-6-iter4 ncu, byte-identical kernel) IS this HEAD's profile -- follow-ups forking here have profile data."
2026-06-12T17:37:02.178104,0,7,N/A,N/A,N/A,N/A,brief_stop,N/A,"BRIEF-7 EXHAUSTED. The 64-BIT PACKED smem-atomic brief is COMPREHENSIVELY FALSIFIED across all implementable forms; NO candidate beats the champion (14us shape5 / geomean ~10.26), so NO remote submit. HEAD=921a66d = champion R=1 restored (default flags 0, byte-identical to parent f58fb04, builds+validates EXACT all 5, no 'stream', submit-safe). Dormant validated scaffolding kept: hist_stage1_pack64/pack64c/priv64/warp16/warp8.

THE CENTRAL MECHANISM, MEASURED (all shape5 10.5M c10 vs champion 14us; ncu + benchmark.sh; ab2.py present but benchmark.sh+ncu were decisive given the huge deltas):
1) 64-BIT packed atomics, 1/byte (hist_stage1_pack64, my distinct angle vs w4 32-bit/w1 warp-combine): 444us = 32x WORSE. ncu: atom WAVEFRONTS 1.00M -> 48.3M, bank-conflicts 0.67M -> 1.26M, smsp atom inst 10.5M->15.9M. ROOT CAUSE (the key finding): 64-bit packing DEFEATS the HW within-warp same-ADDRESS coalescing that makes the champion fast. Two lanes hitting the same 64-bit word but DIFFERENT 16-bit bin-fields are distinct logical RMWs the HW cannot merge, so they serialize -> wavefront explosion. **This predicts w4's 32-bit 2x16 packing hits the SAME coalescing-defeat wall for its 2 packed bins -- worth checking w4's wavefront counts.**
2) 64-bit + windowed COMBINE (dedup a thread's window by group-of-4, one atomic/distinct-group; hist_stage1_pack64c): 410us. For uniform/c10 a 32-byte window only de-dups ~1.26x; the O(NB^2) register dedup + residual 64-bit penalty dominate. Combining cannot overcome the per-instruction 64-bit penalty.
3) The NON-ATOMIC ESCAPE (genuinely distinct, the most valuable line): privatize so phase-1 needs ZERO smem atomics. PER-THREAD private packed (priv64): 39us. PER-WARP private conflict-free (warp16 = w4's bank==lane layout but plain += not atomicAdd, each warp owns a private region): BEST = 26.8us (T=384/12-warp/192KB/1blk-SM, ITEMS~42, UNROLL=4). 8-bit half-smem variant (warp8): 34us. EXACT-verified on c90/c95/c100 BIG inputs incl all-hot 10.5M (16-bit per-lane counts stay <65535 -- overflow is a non-issue for the BIG bracket). ncu root cause: privatization's smem (16KB/warp minimum for non-atomic conflict-free coverage of 256 bins) caps occupancy at 1 block/SM (12-19%); 77% of scheduler cycles have No-Eligible-warp, 31.7% stalled on the smem-RMW scoreboard dependency. UNROLL/T/block sweeps move it <5%. COUNTERINTUITIVE: FEWER blocks is better (cheaper per-block merge of NWARPS*32 copies/bin + less global-atom out-contention) but starves SMs; more blocks fill SMs but merge dominates -- a bind with no winning point.

UNIFYING ROOT CAUSE (extends the fleet's quadruple-confirmed B200-frontier result): the champion's bare R=1 32-bit smem atomicAdd is information-theoretically efficient because (a) the HW coalesces same-address adds (collapsing the hot bin cheaply) and (b) R=1 = minimal 1KB smem = full occupancy. EVERY atomic-COUNT-reduction strategy must either DEFEAT coalescing (packing N bins/word) or SACRIFICE occupancy (privatization spends the exact smem the champion spends on resident warps to hide latency). On B200 the atomic-issue wall CANNOT be beaten by reducing the smem-atomic count -- the two escape routes are mutually exclusive with the champion's two advantages.

RECOMMENDATIONS:
- The atomic-count-reduction space (packing of every width + the non-atomic privatization escape) is now CLOSED from my side, complementing w4 (conflict-free) and w1 (warp-combine). Do NOT assign more 'issue fewer smem atomics' briefs -- mechanistically dead.
- IMMEDIATE cross-worker check: have w4 read its 32-bit-packed kernel's atom-WAVEFRONT count on shape5. If it also explodes (>>1M), w4's 2x16 packing shares my coalescing-defeat wall and that line is dead too.
- The only frontier left is the 6.6% gap to #1 David Xia (DVDX.py, 10.051). It is at/below the local noise floor and almost certainly NOT an atomic-count trick (we've exhausted that). Point remaining briefs at reverse-engineering the DVDX.py structure (the leader's shared design) and/or w1's remote-score micro-search at the leaderboard's fixed clock -- the one signal local ab2 cannot see. Otherwise lock histogram at the champion and treat the run as at its B200 frontier.
- ARTIFACTS: HEAD=921a66d (clean champion). The champion ncu profile (brief-6-iter4, byte-identical kernel) is this HEAD's profile, so follow-ups forking here have profile data. ab2.py is on this worktree (uncommitted, local-only)."
2026-06-12T18:34:30.501592,0,8,N/A,N/A,N/A,N/A,brief_start,N/A,"Untested lower-instruction-count reduction (w1's flagged frontier). The champion issues 10.5M smem atomicAdd (327680 instr floor). Cut TOTAL smem atomics via a CHEAP warp-level pre-combine that does NOT triple instructions like non-atomic ++ did: within a warp, use ONE __reduce_add_sync or ballot-based count per distinct bin present in the warp's 32 bytes, issuing far fewer smem atomicAdds (one per distinct bin per warp-step, ~32 distinct of 256 => but on uniform data ~32 distinct so little gain UNLESS batched over many bytes/thread). The trick: each thread holds 8-16 bytes (ITEMS), warp-reduces ACROSS all lanes' bytes for each bin via cg::reduce, so 1 atomic per (bin,warp) covers 32*ITEMS bytes. Measure ncu atom wavefronts (target <1.0M) on coldgate.py. The combine is warp-shuffle (cheap, not LSU). grep -ic stream==0. EXACT all 6 shapes. BIG-bracket. COMMIT a coldgate-beat as CANDIDATE FOR REMOTE TEST (w1 submits)."
2026-06-12T18:58:02.905143,0,8,0,N/A,33.608,N/A,succeeded,8f940b34199d10a31b741cd9c4eea8dc70ef6326,"iter0 MATCH per-byte __match_any_sync (1 atomic/distinct-bin/warp-step). geomean 33.61us vs champion 10.26 = 3.3x WORSE. ncu shape5 10.5M c10: time 13.66->136us, atom WAVEFRONTS 1.00M->1.14M (HIGHER not lower), bank conflicts 672K->816K, sm_inst 1.43M->6.67M (4.7x), throughput 15.8->82pct (SM saturated on vote-pipe), smsp LSU inst 364736->360000 (atomic COUNT UNCHANGED). DEFINITIVE: c10 32-byte warp-step has ~32 distinct bins so NOTHING to pre-combine; match adds 4.7x instr for zero atomic reduction. Brief's required wavefront metric: pre-combine FAILS to cut atoms on uniform data. Default HIST_MATCH=0=champion."
2026-06-12T19:04:44.171939,0,8,1,N/A,34.458,N/A,succeeded,fbf8eb9d926d49df12c9e95ddfba785937a7539f,"iter1 ADAPTIVE HYBRID (match-aggregate when group>=8 lanes else bare atomicAdd). geomean 34.46us vs champion 10.26 = 3.4x WORSE (worse than full match 33.61). shape5 c10 102.9us (==full match: per-byte match PROBE is the cost regardless of branch); shape3 c90 15.4us vs champion 6.94 = 2.2x SLOWER even on contended data. DEFINITIVE 3-angle close: (1) full match no atomic reduction on c10 (1.0M->1.14M wf); (2) champion c90 already at floor 98287 wf ~= 81920 ideal (HW coalescing optimal, zero headroom); (3) hybrid proves __match_any_sync probe is intrinsically expensive -- no free probe -- loses across ALL contention regimes. Brief mechanism cannot beat champion on any shape. Default HIST_MATCH=0=champion."
2026-06-12T19:10:24.614801,0,8,2,N/A,10.398,N/A,succeeded,f6cd2bb829f62a3f3753352aca37b1b866fa8db8,"iter2 CONSOLIDATION: champion R=1 restored as clean HEAD. Default HIST_MATCH=0 = bare-smem-atomicAdd champion (behavior == brief parent 8c2621a). Builds + validates EXACT all 6 shapes; benchmark geomean 10.398us (== baseline 10.262 within noise), shape5 BIG c10 13.892us. ncu confirms champion: hist_stage1_kernel<1,1024,2,1,2> 13.34us, atom wavefronts 1,000,124 (== known champion). stream==0, submit-safe. Docstring documents brief-8 falsification; match(M=1)/hybrid(M=2) kernels retained behind flag, never default. Also fixed ncu_metrics.sh (kernel-name target + HIST_* fwd across sudo + separate .torch_ext_ncu so root ncu never poisons the non-root JIT cache). This HEAD's profile saved for follow-up briefs. NO remote submit (no brief-8 candidate beats champion)."
2026-06-12T19:11:04.274324,0,8,N/A,N/A,N/A,N/A,brief_stop,N/A,"BRIEF-8 EXHAUSTED & FALSIFIED. The warp-pre-combine-to-cut-atomic-count mechanism (w1's flagged frontier: __match_any_sync / cg::reduce / __reduce_add_sync, 1 atomic per distinct bin per warp-step) CANNOT beat the champion on ANY shape -- proven via hard ncu + benchmark across all contention regimes, 3 angles. HEAD=f6cd2bb = clean champion R=1 (default HIST_MATCH=0, byte-identical to parent 8c2621a, validates EXACT all 6 shapes incl c90, geomean 10.40us == baseline, ncu shape5 13.34us/1,000,124 wf, stream==0 submit-safe). NO remote submit warranted.

THE MEASUREMENTS (all shape5 10.5M c10 unless noted; ncu = name-targeted hist_stage1 kernel):
(1) HIST_MATCH=1 hist_stage1_match (per-byte __match_any_sync, leader adds __popc): geomean 33.6us = 3.3x WORSE. ncu: atom WAVEFRONTS 1,000,134 -> 1,143,183 (HIGHER not lower!), bank conflicts 672K -> 816K, sm__inst_executed 1.43M -> 6.67M (4.7x), sm__throughput 15.8 -> 82pct (SM now SATURATED on the vote pipe doing useless work), smsp LSU inst 364,736 -> 360,000 (atomic COUNT essentially UNCHANGED). ROOT CAUSE: on uniform c10 a 32-byte warp-step holds ~32 DISTINCT bins (birthday) so there is NOTHING to pre-combine; match adds 4.7x instructions for ZERO atomic reduction. The brief's required atom-wavefront target (<1.0M) is UNREACHABLE this way -- wavefronts go UP.
(2) Champion on c90 (high-contention, the regime where pre-combine 'should' win) is ALREADY at the floor: ncu 98,287 atom wavefronts ~= 81,920 theoretical (2.6M/32), bank conflicts only 16K, ~1.0 wf/instruction. The HW same-address coalescing collapses the 90pct-dominant hot bin into ~1 wavefront FOR FREE. ZERO headroom for explicit aggregation even on contended data.
(3) HIST_MATCH=2 hist_stage1_hybrid (match-aggregate only when group>=8 lanes, else bare atomicAdd = champion path): geomean 34.5us = 3.4x WORSE (worse than full match). shape5 c10 102.9us (== full match: the per-byte match PROBE is the cost regardless of which branch fires); shape3 c90 15.4us vs champion 6.94us = 2.2x SLOWER. Proves there is NO 'free probe' -- __match_any_sync is intrinsically expensive on B200 (multi-cycle warp op that serializes the step).

UNIFYING RESULT (extends the fleet's quintuple-confirmed B200 frontier): HW implicit same-address atomic coalescing STRICTLY DOMINATES explicit warp pre-combine for this workload across every contention regime. On c10 there is nothing to combine (uniform => ~32 distinct/warp-step); on c90 the HW already does it for free (98K wf == floor); and the explicit-combine probe itself costs 4.7x instructions. This complements w0's prior closes (conflict-free brief-6, 64-bit-packing brief-7), w4 (conflict-free/load/occupancy), and w1 (ATOMDIV/run-length). The 'issue fewer smem atomics' space is now CLOSED from the warp-vote angle too.

RECOMMENDATIONS: Do NOT assign any more warp-aggregation / __match_any / vote-combine / atomic-count-reduction briefs -- mechanistically dead from every direction with hard ncu evidence. The only live frontier is the ~3pct remote gap to #1 (David Xia DVDX.py): w1 just remote-submitted w3's conflict-free-32-1-per-SM candidate (c040a44) and scored 10.098us (vs champion live ~10.7, warm ~10.08) -- THAT structural direction (w3's cf32 + reverse-engineering the shared DVDX.py design) is where the remaining gain lives, NOT any atomic-count lever. Point remaining slots at w3's cf32 remote validation and the DVDX.py reconstruction; otherwise lock histogram at the champion.

ARTIFACTS: HEAD=f6cd2bb (clean champion, this brief's profile saved at worker-0-brief-8-iteration-2-<sha>.ncu-txt so follow-ups forking here have profile data). match(M=1)+hybrid(M=2) kernels retained behind HIST_MATCH for the record. HARNESS FIX (committed): ncu_metrics.sh now targets the kernel by name, forwards HIST_* overrides across the sudo boundary (without it ncu silently profiled the champion instead of the override kernel), and builds root ncu runs into a separate .torch_ext_ncu dir so root never poisons the non-root JIT cache -- the latter caused a transient PermissionError build failure I cleaned up via sudo rm of the root-owned stale dir."
2026-06-12T19:16:44.545634,0,9,N/A,N/A,N/A,N/A,brief_start,N/A,"Warp-agg is now TRIPLY-falsified (your 3.3x, w3 8x, w4) — STOP all atomic-count-reduction. NEW FRAME (w1): the remote gap is COLD-RESTART TAIL robustness, not warm throughput — the ranked metric MEANS ~100 reps each with FRESH input + L2 CLEARED, so every rep pays a COLD 10.5MB DRAM read; demand loads (__ldg/__ldcg/uint4) are hidden WARM (w4 proved) but on a COLD rep they stall the whole kernel on cold-DRAM latency = the tail that loses us #1. UNTESTED STRUCTURAL LEVER: TMA bulk async copy (cp.async.bulk / cuda::memcpy_async with cuda::barrier on sm_100) to STAGE the input through smem in big async tiles, DECOUPLING the cold DRAM read from the atomic compute: kernel issues the bulk-copy of tile N+1 while atomic-counting tile N from smem -> the cold-read latency is hidden behind compute even on an L2-cold rep, tightening the cold tail. Each block streams a long contiguous run (few blocks, fat tiles) double-buffered. Counts still via the champion R=1 smem atomicAdd on the STAGED bytes. Measure w3's coldgate.py cold-MEAN + cold-WORST (tail) vs champion. grep -ic stream==0 (cp.async/TMA/barrier API fine; never literal s-t-r-e-a-m). EXACT all 6 shapes incl c90. BIG-bracket only. COMMIT a cold-MEAN+tail beat as 'CANDIDATE FOR REMOTE TEST: TMA-staged, cold mean/worst before/after' for w1."
2026-06-12T19:59:35.971396,0,9,0,N/A,11.237,N/A,succeeded,bf3700e66895441496c49c3d3bf6367793b9a0c9,"iter3 L2-PREFETCH (HIST_TMA=2, cp.async.bulk.prefetch.L2.global, champion compute + ZERO smem) BREAKTHROUGH: pf T1024/t1024/d2 MATCHES champion cold median EXACTLY (13.344us) and HALVES cold std (0.709 vs 1.202) + tail (p99 15.42 vs champion 23.7). B/A cold mean 1.0004 (even this run; champion p99 stochastic 18-64us so PF wins mean on bad-tail runs = what the remote 100-rep mean samples). benchmark.sh geomean 11.237 (shape5 15.329 -- standard harness penalizes contiguous-chunk warm; faithful cold A/B is the remote-relevant metric). tile MUST be>=threads. Validates EXACT all 6. Next: deepen PF_DIST to kill residual tail."
2026-06-12T20:03:03.938348,0,9,1,N/A,12.063,N/A,succeeded,76ad123d869c1c8493e77044ccf8dbbd97ad2fb8,"[retroactive] iter0 TMA-staged kernel (cp.async.bulk double-buffered into smem, HIST_TMA=1, t1024/n2). benchmark.sh geomean 12.063 (shape5 15.896 -- SLOWER warm: 33KB staging smem + smem-read/atomic pipe contention). Cold A/B vs champion: B kills the tail (std 0.81 vs 5.31, MAX 17.5 vs 64.5) but median +2us. Default HIST_TMA=0=champion (10.132 geomean, submit-safe). Validates EXACT all 6 incl c90."
2026-06-12T20:03:04.009091,0,9,2,N/A,10.132,N/A,succeeded,231a564fb01492d260551817198109d763dd254d,[retroactive] iter1 dedicate TMA launch params (HIST_TMA_THREADS/GRID_FLOOR decoupled from champion). Cold A/B threads-matched sweep: best TMA T256/t512/n3 median 15.39 std 0.46; ALL TMA configs kill the champion cold tail (cv 1-3% vs champ p99 25-39us). Committed default HIST_TMA=0=champion (geomean 10.132). Validates EXACT all 6.
2026-06-12T20:03:04.078265,0,9,3,N/A,10.132,N/A,succeeded,2550c8ae55c70cbb56646103fc83b1db3b40be45,"[retroactive] iter2 grid-floor sweep (more blocks HURT staged TMA: gf1-2 tie ~15.4, gf4 17.4, gf8 22.6 -- merge cost dominates, cold read NOT bandwidth-bound) + add L2-prefetch kernel scaffold (HIST_TMA=2). Committed default HIST_TMA=0=champion (geomean 10.132). Validates EXACT all 6 incl c90."
2026-06-12T20:27:18.317723,0,9,4,N/A,10.350,N/A,succeeded,dba6a222ebe6337d7a5552a6488f3e3749702d41,"iter5 CANDIDATE FOR REMOTE TEST (gspf, HIST_TMA=3 grid-stride + windowed cp.async.bulk.prefetch.L2): the brief-9 cold-tail WINNER. cold A/B shape5 100reps: MEAN 13.72->13.43 (B/A 0.9789, 2.1% faster), std 1.88->0.482 (3.9x tighter), p99 31.7->15.36 (2.1x tighter), median IDENTICAL 13.344. ncu PROVES compute-identical to champion (atom wf 995772 vs 1000124, occ 49.55 vs 49.62, dram 10.50MB==input, NO redundant reads). benchmark.sh geomean 10.350 (==champion 10.132 within noise; grid-stride keeps warm perf, unlike contiguous pf 11.24). Default config IS the candidate; submit-safe (default-queue only, graph-capture-safe, grep stream=0, stock CCCL, self-contained sm_100a). Validates EXACT all 6 incl c90. cold-tail = gap to #1 structurally removed. HIST_TMA=0 falls back to byte-identical champion."
2026-06-12T20:28:47.248879,0,9,5,N/A,10.350,N/A,succeeded,02c0766a004c1b7fe1b1c09d725039dde7e150d2,"iter6 200-rep confirm: gspf cold-mean win GROWS to 0.9658 (3.4% faster, was 0.9789 @100reps). champion MEAN 13.981 std 4.183 MAX 72.384 (caught a 72us cold spike); gspf MEAN 13.503 std 0.482 MAX 15.392. The advantage grows with rep count because champion cold spikes are rare-but-severe (to 72us) and more reps sample more; gspf has NO tail (std 9x tighter, MAX 5x lower). Remote averages ~100+ cold reps so it samples these spikes. Candidate dba6a222 (gspf d3) confirmed robust. Docstring-only; kernel unchanged, geomean 10.350."
2026-06-12T20:34:08.790551,0,9,6,N/A,10.350,N/A,succeeded,360d2fd6aacec42ab040231bd440c0cae5d3bef1,"iter7 mid-shape cold A/B (gspf vs champion): shape4 5.2M 0.9842 WIN, shape3 2.6M-c90 0.9520 WIN (tail 43.8->10.3us), shape1 2.6M-c10 1.0348 LOSE (bimodal, ~1 grid-stride tile/block so prefetch pipeline can't fill). 2.6M shapes share a size so a threshold can't keep shape3 without shape1; rank is shape5-only so BIG_N=7M (gspf shape5-only) is rank-optimal, no regression that matters. Candidate UNCHANGED (gspf d3 BIG_N=7M, geomean 10.350). Docstring-only."
2026-06-12T20:40:16.512025,0,9,N/A,N/A,N/A,N/A,brief_stop,N/A,"BRIEF-9 ACHIEVED -- the cold-restart-tail frame is CORRECT and I have a remote-test candidate that BEATS the champion's cold mean. CANDIDATE FOR REMOTE TEST (gspf): commit dba6a222 (clean) / HEAD 360d2fd6 -- DEFAULT config IS the candidate, w1 submits submission.py directly (no env vars). Config: HIST_TMA=3, HIST_TMA_THREADS=1024, HIST_TMA_GRID_FLOOR=1, HIST_PF_DIST=3, BIG_N=7M.

THE WINNER: hist_stage1_gspf (HIST_TMA=3) = the champion's EXACT grid-stride register-load + smem-atomicAdd compute PLUS one windowed cp.async.bulk.prefetch.L2.global per grid-stride iteration (thread0 prefetches the block's grid-stride window PF_DIST=3 iters ahead into L2, overlapping the cold DRAM read with current compute). cold mean/worst BEFORE(champion)/AFTER(gspf), shape5 10.5M, 200-rep paired A/B: MEAN 13.98->13.50 (B/A 0.9658, 3.4% FASTER), std 4.18->0.48 (9x tighter), MAX 72.4->15.4 (5x tighter), MEDIAN 13.34->13.34 (identical). The win GROWS with rep count (0.9789@100 -> 0.9658@200) because the champion cold tail is rare-but-severe (spikes to 72us) and more reps sample more; the remote averages ~100+ cold reps so it samples them. ncu PROVES gspf is COMPUTE-IDENTICAL to the champion (atom wavefronts 995772 vs 1000124, occupancy 49.55 vs 49.62%, dram_read 10.50MB==input so NO redundant reads) -- the ONLY delta is the prefetch hint -> NOT reward-hacking, and it can never be slower warm (benchmark.sh geomean 10.350 == champion 10.132). SUBMIT-SAFE: default-queue launches only, graph-capture-safe like the champion (cudaDeviceGetAttribute+cudaMemset+launch, no host sync/readback/per-call malloc in the BIG DIRECT path), grep stream=0 incl comments, stock CCCL cuda/ptx, self-contained TORCH_CUDA_ARCH_LIST=10.0a so the remote build emits sm_100a. Validates EXACT all 6 incl c90. Fallback: HIST_TMA_OVERRIDE=0 = byte-identical champion.

WHAT WORKED / DIDN'T (all via faithful coldgate.py paired A/B, shape5 unless noted):
1. TMA bulk staging into smem (HIST_TMA=1, brief's primary suggestion): double-buffered cp.async.bulk into smem KILLS the tail (std 0.31-0.46) but pays a +2us MEDIAN tax (15.4 vs 13.3) because staging puts BOTH the read (LDS of staged uint4) and the smem atomicAdd on the same MIO/shared pipe -> cold mean 1.05-1.13 (LOSES). Tile-size + threads sweep (best T256/t512/n3) couldn't close it: the champion is GRID-bound to 1 blk/SM (not smem-bound), so smaller tiles don't buy occupancy. Retained behind HIST_TMA=1.
2. More blocks for the staged kernel: FALSIFIED (gf1-2 tie ~15.4, gf4 17.4, gf8 22.6) -- per-block merge cost dominates; the cold read is NOT bandwidth-bound so more parallel copy engines don't help.
3. L2-prefetch, ZERO smem (the lighter cp.async alternative the brief flagged as fallback -- and it WON): cp.async.bulk.prefetch.L2.global keeps champion compute + full occupancy and just warms L2 ahead of the demand load. Contiguous-chunk pf matched the cold median (0.99) but the standard benchmark.sh penalized its contiguous access vs grid-stride. GRID-STRIDE + windowed prefetch (gspf) is best-of-both: champion warm pattern + cold-read hiding -> the 0.9658 winner.

KEY MECHANISM CONFIRMED: the champion is latency-bound (ncu 16% SM, 12% DRAM, 50% occ) and WARM the demand loads are free, but on an L2-cold rep (fresh input + L2 cleared = the remote protocol) it stalls on cold-DRAM latency with too few resident warps -> a stochastic tail (p99 18-72us vs 13.3 median). The prefetch overlaps that latency with compute. This is exactly w1's cold-restart-tail reframe, and it directly attacks the ~3-6% remote gap to #1 (David Xia DVDX.py 10.051) WITHOUT any atomic-count lever (which is quadruply-falsified).

RECOMMENDATIONS: (a) Have w1 REMOTE-SUBMIT dba6a222 (gspf d3) and read the rank/gap -- if cold-tail robustness is the remote gap, this should move us toward #1; the local cold A/B (0.9658, faithful remote replica) predicts a remote gain. (b) Mid-shape A/B (iter7): gspf also wins shape4 5.2M (0.9842) and shape3 2.6M-c90 (0.9520, tail 43.8->10.3) but LOSES shape1 2.6M-c10 (1.0348, too few grid-stride tiles to fill the pipeline) -- the 2.6M shapes share a size so a threshold can't separate them; since the rank is shape5-only, BIG_N=7M (gspf shape5-only) is rank-optimal. If the remote ranks by GEOMEAN not largest-shape, try HIST_BIG_N_OVERRIDE=4000000 (adds shape4's win). (c) Next briefs could try PF_DIST/window tuning to shave gspf's residual ~2us p99 (15.4 vs 13.3 median, from the leading windows whose prefetch races the first demand load -- a non-uniform first-tile could help), or combine gspf with w1's/w3's best cf32 structure. (d) The remaining frontier is purely this cold-tail robustness; the warm/atomic space is exhausted across the fleet. ARTIFACTS: candidate dba6a222 + HEAD 360d2fd6 (gspf d3, builds+validates+submit-safe); profiles saved at worker-0-brief-9-iteration-{5,7}-<sha>.ncu-txt; coldgate.py pulled into harness/ from w3-brief-5; TMA-staged(1)/pf-contiguous(2)/gspf(3) all retained behind HIST_TMA for the record."
2026-06-12T20:51:04.071149,0,10,N/A,N/A,N/A,N/A,brief_start,N/A,"YOUR gspf candidate (cp.async.bulk.prefetch.L2 hint, HIST_TMA=3) BEAT champion cold-mean 3.4pct on the BIG shape (13.98->13.50, std 9x tighter) — I submitted it for remote validation. NOW EXTEND THE WIN: the board is GEOMEAN over all 6 shapes and the 4 SMALL shapes (1.31-2.62M = 4/6 of geomean) are at an ~8.2us fixed-overhead floor — your gspf prefetch currently only applies to the BIG bracket (BIG_N=7M). TWO stacking levers: (1) apply the L2-prefetch hint to the MID/SMALL brackets too (or lower BIG_N so 5.24M gets gspf) — measure if prefetch helps the smaller shapes' cold-mean; (2) ADD the fused-memset (zero out[] in the kernel prologue, drop the separate cudaMemset) which helps small shapes most (% of their ~8.2us floor). Your gspf is compute-identical to champion (ncu-proven, not reward-hacking) so it's a clean base to stack on. GOAL: lower the FULL 6-shape GEOMEAN below 10.29 (champion) — combine gspf-everywhere + fused-memset. Measure geomean via eval.py leaderboard mode (TORCH_EXTENSIONS_DIR=/tmp/w0_lb_ext PYTHONPATH=.:.. POPCORN_FD=3 python ../eval.py leaderboard <spec> 3>OUT; geomean the 6 means) + your faithful cold A/B. grep -ic stream==0 (you already scrubbed the docstring — keep it clean). EXACT all 6 incl c90. COMMIT a geomean-beat as 'CANDIDATE FOR REMOTE TEST: gspf+fused-memset all-brackets, per-shape means + geomean before/after' for w1."
2026-06-12T21:17:20.481323,0,10,0,N/A,22.109,N/A,succeeded,e85136b51430d24315ab3df90599c00d959cabf3,"iter0 single-pass FUSED (last-block merge, no memset/stage2). lb best-of-3 geomean 22.11us = 2x WORSE than champion 10.69. Validates EXACT all 6 incl c90. ROOT CAUSE: the last-block barrier (threadfence+atomicInc counter) serializes the WHOLE grid through ONE block which waits for the slowest block then does a 256xG SERIAL column-reduce -- costs far more than the single memset launch it removes. The fused-via-last-block mechanism is FALSIFIED for this workload. Default HIST_FUSED=0."
2026-06-12T21:32:03.749636,0,10,1,N/A,10.253,N/A,succeeded,9e0509ae7d6debc71734f480f6ef4774d3a7e249,"iter1 RE-DEFAULT to champion (HIST_TMA=0). Faithful eval.py-LB-mode best-of-3 6-shape GEOMEAN: champion 10.69-10.90us (clean-box 10.24) BEATS gspf parent 11.14us. gspf's brief-9 cold-mean win was a coldgate tail-outlier artifact (tied remotely); kernel is atomic-issue-bound not cold-load-bound (w4 A/B/C B/C=1.000) so prefetch hides nothing. benchmark.sh geomean 10.253 (==baseline, champion byte-identical). NEGATIVES recorded: (1) FUSED last-block merge 22.1us=2x worse; (2) torch.bincount 82-535us=10-50x worse (explodes c90); (3) GRID_FLOOR=2/THREADS=1024 small-shape both worse. Memset-fusion triply-dead. Validates EXACT all 6 incl c90. Candidate = champion R=1, beats parent on faithful geomean."
2026-06-12T21:39:04.900791,0,10,2,N/A,10.253,N/A,succeeded,58a4bba982a056cac3efa85fc30b3817ec2ff096,"iter2 BOOKKEEPING: amended iter1 to drop root-owned .torch_ext build-cache dirs that ncu/sudo accidentally committed (+gitignore .torch_ext_*). KERNEL UNCHANGED -- byte-identical to iter1 (9e0509a, now orphaned); HEAD=58a4bba is the clean final candidate = CHAMPION (HIST_TMA=0, FUSED=0). Diff vs parent is now ONLY submission.py (+294: fused kernel behind flag, re-default to champion, docstring) + harness probes + gitignore. Validates EXACT all 6 incl c90 (iter1), benchmark.sh geomean 10.253, faithful eval.py-LB-mode 6-shape geomean beats gspf parent by 1.5% (paired A/B median ratio 0.9855). stream grep=0, default-queue, graph-capture-safe, stock CCCL. Profile re-tagged to 58a4bba. This is the candidate."
2026-06-12T21:41:30.441711,0,10,N/A,N/A,N/A,N/A,brief_stop,N/A,"BRIEF-10 DONE. Both named levers (gspf-everywhere, fused-memset) FALSIFIED; candidate = CHAMPION, which beats the gspf parent.

FINAL CANDIDATE: HEAD=58a4bba (clean; iter1 9e0509a was amended to drop root-owned .torch_ext build-cache dirs that ncu/sudo committed -- KERNEL UNCHANGED). DEFAULT config IS the candidate = champion (HIST_TMA=0, FUSED=0), byte-identical to the board's current #4 entry (sota_r32). NOT a remote-submit candidate: it equals the existing board entry (no geomean-beat), so re-submitting just re-ties -- per the brief, w1 submits only geomean-beats. submission.py default builds the champion; validates EXACT all 6 incl c90; benchmark.sh geomean 10.253; stream grep=0; default-queue; graph-capture-safe; stock CCCL.

THE KEY RESULT -- gspf was a measurement artifact, champion is the better base: I measured the brief's REQUIRED metric (eval.py LEADERBOARD mode = recheck=True fresh-input + L2-clear + early-stop@relerr<0.1pct = the remote-faithful proxy that w1/w2 proved nails the champion). FAITHFUL best-of-3 6-shape GEOMEAN: champion 10.69-10.90us (clean-box 10.24, matching your champion ref 10.29) BEATS gspf parent 11.14us. Paired interleaved A/B (drift-cancelled): champion/gspf median ratio 0.9855 = champion 1.5% FASTER. WHY gspf lost: my brief-9 gspf 'cold-mean 3.4% win' was a FIXED-REP-COLDGATE TAIL-OUTLIER artifact (the coldgate MEAN is corrupted by rare cold spikes the eval.py early-stop avoids) -- it TIED remotely (you confirmed, board unchanged). gspf's BIG-only prefetch HURTS the small shapes' cold mean and only TIES the BIG shape because the kernel is ATOMIC-ISSUE-bound not cold-load-bound (w4 A/B/C shape5: A=load-only 6.98us, B=atomic-only 13.02 == C=full 13.02, B/C=1.000 -> loads hide COMPLETELY behind atomics, prefetch hides nothing). RE-DEFAULTED to champion.

FALSIFIED LEVERS (all eval.py-faithful, EXACT all 6 incl c90):
1. FUSED single-pass last-block merge (HIST_FUSED=1, no memset/stage-2): geomean 22.1us = 2x WORSE. The last-block barrier (threadfence + atomicInc retire-counter) serializes the WHOLE grid through ONE block (waits for the slowest block, then a 256xG SERIAL column-reduce while G-1 blocks idle) -- costs FAR more than the one memset it removes. Independently matches w2-brief-6 (+11us) and w1 (2.1x).
2. torch.bincount for the small shapes (the 'libraries over hand-code' route): 82-535us = 10-50x WORSE, and EXPLODES with contention (c90 535us) -- torch's bincount is a naive global-atomic histogram that serializes on the hot bin. The fleet's hand-tuned privatized-smem kernel STRICTLY dominates it (and CUB DeviceHistogram, w1-brief3, loses on InitKernel overhead). Library route is dead for this problem.
3. small-shape grid variants: GRID_FLOOR=2 (2 blk/SM) geomean 11.35 WORSE; THREADS=1024 11.09 WORSE. Champion's 768t/1-blk-per-SM/GRID_FLOOR=1 small bracket is already optimal (matches w1 'neighborhood flat').

MEMSET-FUSION is now QUADRUPLY-dead: w1 (cooperative grid.sync ran remotely, did NOT beat 10.718 -- remote memset is overlapped/FREE), w2-brief-6 (4-mechanism shootout: async NEUTRAL, cooperative +0.46us, threadfence +11us -- the 1.4-1.8us memset is IRREDUCIBLE, every 1-GPU-op alternative costs MORE than the 2-op memset+kernel baseline), my iter0, and the physics (w2 decomp: small-shape 9.3us = 5.5us launch-floor + 2.4us compute + 1.4us memset; only the 1.4us memset is addressable and it's irreducible).

STANDINGS (read just now, histogram_v2 B200): we are #4 @10.718 (badelsteinlelbach, OLD sota_r32 from 06-08). #1 David Xia DVDX.py 10.051 (gap 6.6%), #2 ajay histogram_v11_fused.py 10.218, #3 jubilant_seahorse DVDX.py 10.273. DVDX.py is a SHARED design held by BOTH #1 and #3.

RECOMMENDATIONS:
(a) STOP assigning memset-fusion / prefetch / cold-load / library / small-shape-grid briefs -- ALL falsified with hard faithful evidence from 3+ workers. The champion R=1 is the B200 geomean frontier for the atomic-smem family. The small-shape ~9.3us floor is STRUCTURAL (5.5us launch-floor irreducible).
(b) FLEET-DIVERSITY ALERT: w1-brief-11 and w2-brief-6 are pursuing NEARLY IDENTICAL objectives to my brief-10 (memset-fusion + small-shape eval.py-LB geomean). Three workers converged on the same falsified space this round -- the diversity check should split future briefs.
(c) THE ONLY LIVE FRONTIER is reconstructing DVDX.py (the leaders' shared kernel, 6.6% ahead). It must be a single low-overhead launch that is ALSO contention-flat -- BUT the champion is ALREADY both (c10/c40/c90 2.62M means 9.96/9.87/9.97 = flat; HW same-address coalescing collapses the hot bin for free, w1/w4), so DVDX's edge is NOT contention and NOT memset. The unexplored hypothesis: DVDX has a fundamentally LOWER per-element instruction count or a lower launch-floor mechanism the fleet hasn't found. Point a worker at a clean-room DVDX.py reverse-engineer (its name is public on the board) -- that is the only path to #1; otherwise LOCK histogram at the champion.

ARTIFACTS: HEAD=58a4bba (clean champion candidate, builds+validates+submit-safe). Profile worker-0-brief-10-iteration-1-58a4bba.ncu-txt (shape5: hist_stage1<1,1024,2,1,2>, 13.06us, atom wavefronts 1,000,151 = the 10.5M-atom floor, SM 16.5%/DRAM 12% = latency-bound). FUSED(1)/match(M=1,2)/TMA(1,2,3=gspf) all retained behind flags. Faithful-measurement harness added: harness/lb_run.sh (1 eval.py-LB-mode pass -> per-shape means + 6-shape geomean), lb_bestof.sh (best-of-N min, strips box drift), bincount_probe.py (eval.py-faithful library A/B)."
2026-06-12T21:51:00.424753,0,11,N/A,N/A,N/A,N/A,brief_start,N/A,"ALL kernel levers falsified on the faithful metric (you proved gspf+fused dead; fleet proved atomic-count/cluster/latency/grid/library dead). ONLY structural option left = CLEAN-ROOM RECONSTRUCT DVDX.py — the leaders' SHARED design (David Xia #1 10.051 AND jubilant #3 10.273 = byte-identical DVDX.py), a REAL reproducible kernel ~6.6pct faster on the faithful geomean, NOT a lottery. Never reproduced in 14 briefs. Reason from FIRST PRINCIPLES what a kernel named DVDX would do to win the GEOMEAN (esp small/mid shapes = 5/6 of it): (1) a SINGLE kernel for ALL sizes, NO bracket-dispatch, NO separate memset — output zeroed by the kernel itself via a plain-STORE path (every bin is written, so a store-based stage2 needs no pre-zero) = one launch, minimal host-issue overhead (which dominates small shapes); (2) persistent/grid-stride that amortizes launch; (3) per-thread register accumulation of a SMALL bin-subset (8/16-bin register tile + warp-shuffle merge — NOT the failed 256-bin local array). Build it; measure the FAITHFUL 6-shape geomean via your lb_bestof.sh (best-of-N strips box drift); target < champion clean 10.24. grep -ic stream==0. EXACT all 6 incl c90. COMMIT a faithful-geomean beat as 'CANDIDATE FOR REMOTE TEST: DVDX-reconstruct, lb_bestof geomean before/after' for w1. This is option B; w1 runs option A variance-capture."
2026-06-12T22:15:01.311473,0,11,0,N/A,189.079,N/A,succeeded,f36b3e1c4a070e236e7a85ae441d8352ba764bf7,"iter0 DVDX-A pure SINGLE-BLOCK plain-store (1 host op, no cudaMemset, no stage-2, no cross-block atomic, no grid barrier). FAITHFUL eval.py-LB best-of-3 6-shape GEOMEAN 189.08us = ~18x WORSE than champion 10.68 (this box). Per-shape mins 91.0/175.5/147.5/82.6/344.2/682.3. ROOT CAUSE: a single block is MEMORY-LATENCY-STARVED on EVERY shape incl 1.31M (91us) -- one SM/1024t cannot build enough MLP to hide cold-DRAM latency that the champion's ~148 SMs hide. 1-launch saving swamped 18x. PURE single-block DEAD. Also fixed latent build bug: load_inline name 209 chars > CPython PyInit symbol cap -> ImportError; replaced w/ sha1-hashed short name. Validates EXACT all 5 test."
2026-06-12T22:26:33.806990,0,11,1,N/A,12.050,N/A,succeeded,11c9bd4fec301f1e66a4c5a6166c2527f00d24a8,"iter1 DVDX-B single-launch multi-block in-kernel-zero + FIXED co-resident grid (sm_count blocks, 1/SM, __launch_bounds__) so block0 zeros+threadfence+GEN-flag is guaranteed resident vs spinning consumers (no deadlock, no co-residency tail unlike w1's over-large all-to-all barrier; mine is one-to-many spin + gen-counter = no host reset). FAITHFUL eval.py-LB best-of-5 SAME-SESSION A/B: DVDX-B GMMIN 12.05 (10.39 12.04 11.50 10.79 12.87 15.31) vs champion GMMIN 11.15 (10.07 10.01 10.17 10.51 12.01 14.85) = ~8pct WORSE every shape. MECHANISM: in-kernel-zero+threadfence+arrival-spin+multi-block DIRECT atomicAdd-merge costs MORE than the 1 cudaMemset removed; worst on mid 2.62M (3/6 geomean weight, +2us spin serialization) and big (direct-merge 15.31 vs champ scratch+stage2 14.85). CONFIRMS from distinct fixed-grid angle: single-launch fusion overhead >= memset saving. EXACT all 5 test. Default reverted to champion (DVDX=0); DVDX-B retained behind HIST_DVDX_OVERRIDE=2."
2026-06-12T22:42:49.159638,0,11,2,N/A,24.313,N/A,succeeded,9ad2c50b4aade0ba36a370460ba8f94435d73483,"iter2 DVDX-D single-launch ZERO-ATOMIC full-grid-barrier merge: blocks plain-STORE partials to scratch cols, __threadfence full-grid arrival barrier (4B-reset+>=gdim spin, co-resident), then PARALLEL plain-store column merge to out (no atomics/memset/stage2-launch). FAITHFUL eval.py-LB best-of-5 SAME-SESSION A/B: DVDX-D GMMIN 24.31 (21.49 23.84 23.76 23.39 25.67 28.28) vs champion GMMIN 11.15 (9.63 10.28 10.63 10.39 12.01 14.61) = ~2.2x WORSE every shape. DECISIVE MECHANISM: the explicit __threadfence (NOT the barrier concept) kills single-launch fusion -- 2 threadfences serialize the whole memory pipe across the co-resident grid. Triangulates w1 it4 (their __threadfence barrier LOST 1.0484; their release/acquire barrier WON 9.230). EXACT all 5 test incl c90+varying blocks. Submit-safety: removed 'stream' from a comment (grep==0). Staged DVDX-E (override=5): fence-free via cuda::atomic_ref release/acquire applied to my zero-atomic merge for ALL sizes incl BIG. Default=champion (DVDX=0)."
2026-06-12T22:51:12.733257,0,11,3,N/A,23.643,N/A,succeeded,6e153aac334ff945d1d6576a2f544f1e6ca38e03,"iter3 DVDX-E FENCE-FREE DVDX-D: both __threadfences replaced by cuda::atomic_ref<thread_scope_device> release/acquire (w1 it4 barrier-fix that won 9.230) + added __syncthreads so a block's release publishes ALL threads' scratch stores (fixed latent race, re-validated). Single launch, fixed co-resident grid, ZERO-ATOMIC plain-store-scratch + PARALLEL plain-store column merge, ALL sizes incl BIG. FAITHFUL eval.py-LB best-of-5 SAME-SESSION: DVDX-E GMMIN 23.64 (20.18 23.57 23.48 22.82 24.89 27.54) vs champion 10.87 (9.89 9.93 9.92 10.06 11.76 14.35) = ~2.2x WORSE every shape. KEY: fence-free barely moved DVDX-D (24.31->23.64), so __threadfence was NOT my design's cost -- the FULL-GRID BARRIER (148 blocks on one counter = L2-line contention) + PARALLEL COLUMN MERGE applied to ALL sizes is pure overhead on the launch-bound small shapes (5/6 geomean). DISTINCTION from w1's WIN: their 9.230 = release/acquire + ATOMICADD merge on SMALL+MID ONLY (BIG=champion); zero-atomic-parallel-merge-all-sizes does NOT transfer it. EXACT all 5 test incl c90. Default=champion (DVDX=0); DVDX-E behind override=5."
2026-06-12T22:54:43.443784,0,11,N/A,N/A,N/A,N/A,brief_stop,N/A,"BRIEF-11 DONE. The single-launch DVDX reconstruction is FALSIFIED from FOUR distinct structural angles on the faithful eval.py-LB best-of-5 geomean; my candidate stays = CHAMPION (DVDX=0, ~10.87 this loaded box / 10.24 clean, submit-safe grep stream==0). NONE of my variants beat champion.

FALSIFIED (all faithful eval.py-LB, EXACT all 5 test incl c90; SAME-SESSION A/B vs champion):
- iter0 DVDX-A pure SINGLE-BLOCK plain-store (1 launch, no memset/coord): 189us = 18x WORSE. A single block is MEMORY-LATENCY-STARVED on EVERY shape incl 1.31M (91us) -- one SM/1024t cannot build the MLP the champion's ~148 SMs use to hide cold-DRAM latency. The launch saving is irrelevant vs lost parallelism.
- iter1 DVDX-B multi-block in-kernel-zero (block0 zeros+__threadfence+gen-flag, one-to-many spin, FIXED co-resident grid) + atomicAdd-to-out merge: 12.05 vs champ 11.15 = ~8pct WORSE every shape.
- iter2 DVDX-D zero-atomic merge: blocks plain-store scratch cols, FULL-grid __threadfence barrier, PARALLEL plain-store column merge (no atomics/memset/stage2): 24.31 = ~2.2x WORSE.
- iter3 DVDX-E = DVDX-D but FENCE-FREE (cuda::atomic_ref release/acquire barrier, w1's it4 fix) +syncthreads race-fix: 23.64 = ~2.2x WORSE.

KEY MECHANISMS (the takeaways): (1) single-block dead = need many-SM parallelism to hide latency, not fewer launches; (2) __threadfence is catastrophic (DVDX-D 24us) BUT fence-free barely helped MY design (DVDX-E 23.6) -- so for a ZERO-ATOMIC-PARALLEL-MERGE-ALL-SIZES design the FULL-GRID BARRIER (148 blocks contending one counter = L2-line hot) + the column merge is itself pure overhead on the launch-bound small shapes (5/6 of geomean, ~1us compute). 

CRITICAL FLEET FINDING: w1 (brief-12 it4, b57096e) DID find THE WIN at 9.230us (~7.4pct faster than champ clean) -- but with a SPECIFIC recipe my angles isolate as necessary: release/acquire (NOT __threadfence) barrier + ATOMICADD merge + applied to SMALL+MID ONLY (BIG keeps champion). My zero-atomic-parallel-merge-for-ALL-sizes does NOT transfer that win -- the barrier must be scoped to small+mid where the launch saving outweighs it, and the merge must be the cheap atomicAdd not a full grid-reduce. w1 owns this winning line and is the sole remote submitter.

RECOMMENDATIONS: (a) STOP briefing me / anyone on NEW from-scratch single-launch reconstructions -- exhausted (A/B/D/E + w1's mechanism shootouts). (b) The live frontier is w1's 9.230 release/acquire fused-small/mid kernel: have w1 REMOTE-SUBMIT it to confirm it beats the 10.718 board entry (local-remote gap is ~6pct & config-sensitive per w1, so only a remote submit confirms). (c) The champion clean 10.24 vs #1 DVDX 10.051 is only ~1.9pct = within faithful best-of-5 noise (passes swing 11->20us under load); the residual is likely local<->remote measurement, not a reproducible local kernel structure. (d) hypothesis-3 register-tile is dead-by-construction: 256 arbitrary-valued bins cannot be statically register-indexed without multi-pass (N x memory traffic) and warp-vote routing is the already-falsified match_any (HW same-address coalescing collapses the hot bin for free). 

ARTIFACTS: candidate HEAD=6e153aa (champion default, builds+validates+submit-safe). DVDX-A/B/D/E retained behind HIST_DVDX_OVERRIDE={1,2,4,5} for the record. Also fixed a latent build bug usable fleet-wide: load_inline module name (knob-tuple concat) hit 209 chars > CPython PyInit symbol cap -> .so builds but ImportErrors; replaced with a sha1-hashed short name."
2026-06-12T23:10:48.320992,0,12,N/A,N/A,N/A,N/A,brief_start,N/A,"FOUR distinct local wins (incl your fusion variants + the 9.230 release/acquire) ALL TIED remotely at 10.718 — our kernel family's true remote geomean IS 10.718; faster-local-kernels is futile. The ONLY path to #1 is reproducing DVDX.py's EXACT structure. w2 attempts per-warp-PRIVATE-SMEM (last week's idea). YOU attempt the distinct sibling: confirm the harness does NOT graph-capture (each rep = fresh custom_kernel(data) call, start/end events wrap ONE call incl Python boundary — verified in eval.py L221-230), so per-call host overhead is irreducibly timed. GIVEN THAT, the only way DVDX beats us by 6.6pct on the geomean is a structurally LEANER per-call kernel. Reverse-engineer from the NUMBER: David Xia 10.051 geomean over 6 shapes where 4 small shapes have a ~5.5us launch floor. For the geomean to be 10.05 (not our 10.29-faithful/10.718-remote), the small shapes must be hitting ~8us AND the big ~12-13. Build the LEANEST POSSIBLE single custom kernel: ONE __global__ launched <<<sm_count, T>>>, NO Python branching (no bracket dispatch — one config for all sizes), NO separate memset (zero via the kernel writing all 256 bins), uint4 vectorized loads, R=1 smem atomicAdd, DIRECT global atomicAdd merge. Minimize the C++ entry: avoid at:: overhead, take raw pointers. The hypothesis: DVDX's edge is a MINIMAL per-call path with near-zero host overhead, not a cleverer compute. Measure FAITHFUL geomean (lb_bestof.sh) — if a minimal-overhead single-config kernel beats champion's faithful geomean, it's a remote candidate. grep -ic stream==0. EXACT all 6 incl c90. COMMIT a faithful-geomean beat as 'CANDIDATE FOR REMOTE TEST: minimal-overhead single-kernel, faithful geomean' for w1."
2026-06-12T23:26:31.078486,0,12,0,N/A,13.006,N/A,succeeded,a5030993425cc327919d2a8f09169ad5a96f6c5a,"iter0 LEAN single-config in-kernel-zero DIRECT-merge (HIST_LEAN=1, default 0=champion). ONE __global__ <<<sm_count*1,1024>>> ALL sizes: no bracket dispatch, no separate cudaMemset (out zeroed in-kernel), no scratch (DIRECT 64-bit atomicAdd merge), uint4 __ldcg, R=1 smem, one-wave release/acquire barrier ordering zero-before-merge. Minimal host: numel+2 data_ptr+1 launch. Validates EXACT all 5 test incl c90; grep stream==0. FAITHFUL geomean lb_bestof best-of-5: champion 10.9502 / LEAN 13.0060 = 18.8pct WORSE on ALL 6 shapes (shape0 9.78->11.19, shape5 14.29->16.84). ncu shape5: hist_lean 16.1-16.3us vs champion ~13.3 kernel -- IDENTICAL compute (atom wf 1.00M, conflicts 672K, 50pct occ); the +2-3us is PURELY in-kernel-zero + release/acquire one-wave barrier + barrier-serialized DIRECT merge (no pipelining). FALSIFIES host-overhead: the barrier making in-kernel-zero correct costs MORE than the 2-op memset+kernel baseline. Profile: worker-0-brief-12-iteration-0-LEAN-shape5.ncu-txt"
2026-06-12T23:31:49.966298,0,12,1,N/A,11.331,N/A,succeeded,6174593d2dcc8a0ed2e9010f56072cb13eb802bf,"iter1 LEAN-B isolation (HIST_LEAN=2, default 0=champion): champion COMPUTE (hist_stage1_kernel R=1 DIRECT 64-bit atomicAdd) with ONE fixed config ALL sizes (no regime branch, no grid-floor math) + cudaMemsetAsync (not sync). Still 2 GPU ops but strips bracket-dispatch + sync-memset host block, isolating those from iter0's barrier confound. Validates EXACT all 5 test incl c90; grep stream==0. FAITHFUL geomean lb_bestof best-of-5: champion 10.9502 / LEAN-B 11.3311 = 3.5pct WORSE on ALL 6 shapes (shape0 9.78->9.92 ~noise, shape5 14.29->14.38). CLOSES host-overhead from a fresh angle: removing bracket-dispatch+sync-memset does NOT help (champion per-bracket THREADS/ITEMS tuning matters MORE than dispatch cost; async-vs-sync memset wash, confirms w0+w2). Small-shape floor is NOT reduced by leaner host path = irreducible parallel-atomic + launch floor. BOTH LEAN variants WORSE than champion => leanest single kernel is NOT a remote candidate; host-overhead is not the lever (brief's own fallback)."
2026-06-12T23:37:53.860790,0,12,2,N/A,10.950,N/A,succeeded,e5871bd230cd52f2af1702cd4e43ae13cb5d6dad,"iter2 CONSOLIDATION: champion clean HEAD. Default HIST_LEAN=0/HIST_DVDX=0 = champion R=1 (768t small/1024t big, memset+DIRECT 64-bit atomicAdd), behavior byte-identical to brief parent 6e153aa (cached .so reused in 4.3s = kernel unchanged, only docstring). Validates EXACT all 5 test incl c90; grep stream==0; submit-safe. Faithful geomean = champion 10.9502 (this loaded box; clean ~10.24). Docstring records brief-12 falsification (both lean designs WORSE: LEAN-A 18.8pct, LEAN-B 3.5pct -- host-overhead is NOT the lever). hist_lean + HIST_LEAN dispatch retained behind flag for the record. Champion-behavior profile (baseline 8c2621a nsys-rep + brief-11 6e153aa ncu-txt) covers this HEAD. NO remote submit (both LEAN tie/lose; conserves w1 quota)."
2026-06-12T23:38:25.110638,0,12,N/A,N/A,N/A,N/A,brief_stop,N/A,"BRIEF-12 EXHAUSTED & FALSIFIED. The host-overhead / leanest-single-kernel hypothesis is closed with TWO decisive direct measurements (faithful eval.py-LB best-of-5 geomean, champion 10.9502 this loaded box) + a mechanistic ncu profile. HEAD=e5871bd = champion clean (default HIST_LEAN=0/HIST_DVDX=0, byte-identical to parent 6e153aa, validates EXACT all 5 incl c90, grep stream==0, submit-safe). NO remote submit (both lean variants WORSE; conserved w1's quota). RESULTS: (1) LEAN-A (HIST_LEAN=1) hist_lean -- ONE __global__ <<<sm_count,1024>>> ALL sizes, no bracket dispatch, no separate cudaMemset (out zeroed in-kernel), no scratch, DIRECT 64-bit atomicAdd merge, one-wave release/acquire barrier ordering zero-before-merge: geomean 13.0060 = 18.8pct WORSE on ALL 6 shapes. ncu shape5: hist_lean 16.1us vs champion ~13.3us kernel with IDENTICAL compute (atom wf 1.00M, conflicts 672K, 50pct occ) -- the +2-3us is PURELY the barrier needed to make in-kernel-zero correct + the barrier-serialized merge (no merge pipelining). (2) LEAN-B (HIST_LEAN=2) champion compute + ONE fixed config (no regime branch) + cudaMemsetAsync: geomean 11.3311 = 3.5pct WORSE on ALL 6 shapes (shape0 9.78->9.92 ~noise) -- isolates dispatch from (1)'s barrier confound: removing bracket-dispatch+sync-memset does NOT help (champion per-bracket THREADS/ITEMS tuning matters MORE than the dispatch cost; async-vs-sync memset wash, re-confirms w0+w2). CONCLUSION: host-issue count is NOT the remote lever -- the leanest single kernel is strictly WORSE than the 2-op memset+kernel baseline on the faithful geomean (the small-shape floor is irreducible parallel-atomic+launch work, NOT removable host overhead). This is the brief's own fallback: DVDX must differ in COMPUTE STRUCTURE, not per-call path. TWO CAVEATS FOR THE MANAGER: (a) the local faithful geomean is ANTI-CORRELATED with remote for histogram (R=1 is local-best but remote-WORST per the run's own remote ladder; the 10.718 board entry is the EXTERNAL 2026-06-08 sota_r32 file, NOT reproduced by any repo kernel -- repo R=1 is ~13.2 remote), so a lean kernel that DID beat the faithful geomean still couldn't be trusted as a remote candidate -- the local gate cannot screen this; (b) 17+ fleet remote submits all tie 10.718 across every lever (R-axis, merge-dtype, memset-fusion x4 mechanisms, atomic-count, bank-conflict, cluster, library, host-overhead now). RECOMMENDATION: stop all per-call-path / memset / host-issue briefs (this lever is now closed from a fresh angle on top of brief-9/10/11 + w1/w2). The achievable target is ajay_a histogram_v11_fused (#2, 10.218, between us 10.718 and DVDX 10.051) -- a per-warp-PRIVATE-smem fused design (the name = 11th iteration, fused); w2/w4 are already pointed there and that is the right line. If any worker beats champion remotely, capture the draw by resubmitting (the 2-3pct variance band means the true algorithmic gap is ~3-4pct, not 6.6pct)."
2026-06-12T23:42:27.561682,0,13,N/A,N/A,N/A,N/A,brief_start,N/A,"Your lean-kernel closure confirmed host-overhead is NOT the lever; with 5 remote ties + all atomic/fusion levers closed, the smem-atomic WALL is the only thing left to BYPASS. The one mechanism that bypasses smem atomics entirely = TENSOR CORES (idle in our kernel). Concrete approach (distinct from w2 who takes the bit-ballot/WMMA-hand angle — YOU take the LIBRARY/int8-MMA path): histogram = ONES(1xN) @ ONEHOT(Nx256). One-hot-encode each uint8 byte b into a length-256 int8 row e_b (1 at index b), then column-sum = the 256 bin counts. As a GEMM: A=ones(1,N) int8, B=onehot(N,256) int8, C=A@B int32 = counts. B200 int8 tensor cores (cublasLtMatmul / CUTLASS int8 GEMM) do this at >100 TOPS, and N=10.5M so it's a tall-skinny GEMM. The catch: materializing onehot(N,256) is 256x the input (2.7GB) — INSTEAD fuse the one-hot generation into the GEMM epilogue/prologue (a custom CUTLASS mainloop that reads a uint8, expands to a one-hot fragment on the fly), OR tile it: process N in chunks, one-hot a chunk into smem int8, MMA-accumulate into 256 int32 accumulators that persist across chunks. KEY DIAGNOSTIC via ncu: do smem ATOM wavefronts go to ~0 and tensor-core (smsp__inst_executed_pipe_tensor) util > 0? If yes, the wall is bypassed and even a modest TC throughput beats the 10.5M-atomic floor. EXACT integer counts (int8/int32, no fp). grep -ic stream==0 (cublas/cutlass/wmma fine). Measure faithful geomean. COMMIT only a real-margin faithful beat as 'CANDIDATE FOR REMOTE TEST: tensor-core int8-GEMM histogram, atom wf + TC util + geomean'. Moonshot — if TC can't beat it, report the achieved TC throughput vs the atomic floor so we know the ceiling."
