timestamp,agent_id,brief_id,iteration,linalg/qr_v2,diff_lines,status,commit,description
2026-06-20T04:38:06.090458,3,,N/A,1934.431,8691,optimized,fb5f83213d5dbc7a4a0fe4e2b876bef744414979,optimized
2026-06-20T04:43:11.541813,3,,N/A,130825.790,0,baseline,6e619b05330c0076bbe6c7ee691362d3eee23125,baseline
2026-06-20T04:56:05.241427,3,0,N/A,N/A,N/A,brief_start,N/A,"SIMPLIFY the second CUDA extension _CUDA_LU_SRC + _CPP_LU_SRC (submission.py ~6463-7316, ~850 lines) and its _compile_lu/_get_lu machinery. It is reached ONLY by the n>=4096 CholeskyQR path (shape 6, B=2, n=4096) via _cholqr_dense_b2_path/_choleskyqr_1pass. Investigate whether shape 6 holds the perf floor with a simpler implementation: stock torch.linalg.cholesky/cuSOLVER potrf+trsm instead of the hand-written looped-cholesky/TRSM LU kernels, which would let the entire second extension be deleted. If torch holds shape 6 within 1% geomean, remove _CUDA_LU_SRC wholesale. Hold all 12 shapes; measure diff_lines each iteration."
2026-06-20T05:04:38.661255,3,0,0,2160.885,8690,succeeded,061c6d04b0648f7bdbb11ce6d09fcbba2474cca0,"EXPERIMENT (not keeper): route n>=4096 to plain torch.geqrf. shape6 54480us vs 14640us custom (3.72x slower), geomean 2160.9 (+11.6% over 1936 floor). Confirms plain geqrf blows the 1% budget by 11x -- shape 6 genuinely needs a fast path. Only a torch-based CholeskyQR could be in budget. diff_lines 8690."
2026-06-20T05:48:12.456620,3,0,1,1938.383,8581,succeeded,39f19b4c,"KEEPER. Removed proven-dead LU-ext code: 3 always-1 knobs (_B2_CHOL_SOLVE/LOWER_R/GRAM_UPPER_EXT) inlined to literal guards, 2 dead _choleskyqr_1pass branches, dead py helpers (_cholesky_dispatch_noinfo/_looped_cholesky_noinfo, unused _tri_solve_right_inv/_split_hi_lo/_MASK_HI), C++ chol_b2_lower_R_out host fn+decl+compile-entry. Kept chol_upper_to_R_kernel (shared w/ live chol_b2_lower_R_solve) + chol_L_to_R_out/tri_solve_right_inv/oz_recombine_all (LIVE on B=1 test path via _cholqr_path). Validation PASS all guards; geomean 1938.4 vs 1934.4 parent (+0.2% noise, executed kernels byte-identical per shape). diff_lines 8693->8581 (-112)."
2026-06-20T05:57:01.732136,3,0,2,1940.328,8563,succeeded,823e99d6,"KEEPER. Dropped 4 never-read recon-selector module constants (_RECON_CUSTOM/CPP/CPP2/IPH, each occurs exactly once = def only) + their ~18-line dead-config comment block; recon is hardwired to recon_lu_cpp+build_H_inplace. Python-only, zero executed-code change (ext hash unchanged). Validation PASS; geomean 1940.3 vs 1934.4 parent (+0.3% noise). diff_lines 8581->8563 (-18)."
2026-06-20T06:03:07.232038,3,0,N/A,N/A,N/A,brief_stop,N/A,"EXHAUSTED brief 0 (simplify _CUDA_LU_SRC/_CPP_LU_SRC). Two keepers on parent fb5f8321; HEAD=823e99d6. diff_lines 8693->8563 (-130); geomean 1940us (+0.3% noise, within 1% gate); validation PASS all guards.

KEY CORRECTION to brief premise: shape 6 (B=2,n=4096) is NOT the only path into the extension. The B=1 n=4096 TEST shapes (task.yml test rows 6 dense + 19 upper) route via _cholqr_path (dense_noinfo=False), exercising oz_recombine_all (non-upper), chol_L_to_R_out, C++ tri_solve_right_inv, AND the colnorm-gate+geqrf fallback. Those are LIVE for validation and were KEPT. (Guards run only at n=512 so they don't hit this path, but the test set does.)

REMOVED proven-dead (iter1 39f19b4c): C++ host fn chol_b2_lower_R_out (never reached -- the _B2_CHOL_SOLVE_EXT arm returns first) + decl + compile entry; 3 always-1 knobs (_B2_CHOL_SOLVE/LOWER_R/GRAM_UPPER_EXT) inlined to literal b==2&&n==4096 guards; the dead _B2_CHOL_LOWER_R_EXT branch + dead 'elif dense_noinfo' branch in _choleskyqr_1pass; dead py helpers _cholesky_dispatch_noinfo+_looped_cholesky_noinfo; never-called pure-py _tri_solve_right_inv + its sole users _split_hi_lo/_MASK_HI. KEPT chol_upper_to_R_kernel (shared w/ live chol_b2_lower_R_solve).
REMOVED (iter2 823e99d6): 4 never-read recon-selector constants _RECON_CUSTOM/CPP/CPP2/IPH + ~18-line dead comment.

NOT REMOVED (verified LIVE): all 8 remaining LU host fns reachable (bench shape6 OR B=1 test); Explore-verified zero unused params / zero orphaned kernels / zero unused macros. The 'if(joe<n)' block in recon_lu_cpp is the CORE two-level wide trailing update (runs on outer iters 0..62, skipped only on the last) -- deleting it breaks correctness. _cholqr_path colnorm-gate+geqrf-fallback is live test code. Region fully exhausted for proven-dead removal -- recommend next briefs target the FIRST extension (_CUDA_SRC) or remaining _ext.set_* dead knobs, not _CUDA_LU_SRC."
2026-06-20T06:04:40.983468,3,1,N/A,N/A,N/A,brief_start,N/A,"LU region exhausted (your finding) — pivot to the dtype-conversion + R-fill utility kernel zoo in _CUDA_SRC (parent 823e99d6, your branch). Candidates: 4 f32_to_bf16 variants (f32_to_bf16_kernel ~3017, _rr_ ~3037, _indexed_n512_ ~3075, _packed ~3218), bf16_to_f32_kernel, split_kernel ~1281, gather_split_C_kernel ~1261, fill_above_panel_R_tiled ~3250, fill_R_n512_ob64_ib16 ~3318, and its _indexed variant ~3362. Apply your proven trace-over-all-12-bench-AND-22-test-shapes method to prove which conversion/fill variants never launch, then delete the dead ones + exclusive helpers. CRITICAL (your own lesson): the 22 TEST shapes — incl B=1 n=4096 — also constrain reachability, so trace tests too before deleting. AVOID the n512 bad-input COMPACTION kernels (compact_*/gather_n512_bad) — another worker owns those. Hold all 12 shapes, geomean within 1% of 1934us; guards pass. Measure diff_lines each iter."
2026-06-20T06:35:47.953909,3,1,0,1940.217,8438,succeeded,7f1d331655859907f922512dd0af8299e684654c,"KEEPER. Pruned trace-proven-dead 3xTF32 split-GEMM subsystem + bf16_to_f32_kernel. Method: host-side once-per-key QRTRACE at all 15 candidate launch sites, built diag binary, ran over ALL 12 bench + 22 test shapes (34 total), then reverted instrumentation. DEAD (never launched anywhere): gather_split_C_kernel (both g_prec>=2 sites), mm2_vsplit_inplace (g_prec_w==2), mm3_bpresplit (g_prec>=2), bf16_to_f32_kernel (g_fp16_pure). Removed those + mm3g's g_prec>=2 split tail; collapsed dead else-branches in both W-step dispatchers; replaced g_fp16_pure branch w/ TORCH_CHECK guard. KEPT split_kernel+mm3_sym (g_gram3 stress route -- W5-entangled n512 bad path, untouched) and f32_to_bf16_packed (live sites, deferred). Executed kernels byte-identical per shape. Validation PASS all 22 tests; geomean 1940.2us (parent 1940.3, +0.0% noise, within 1% of 1934 floor). diff_lines 8561->8438 (-123)."
2026-06-20T06:46:38.514527,3,1,1,1937.788,8368,succeeded,1d1e7eb82b6941909ac30580d87cc0a41ead20b4,"KEEPER. Pruned dead non-FP16-W BF16 apply path. Trace-proven dead (apply_block_reflector_bf16 never fired across 34 shapes) AND config-statically dead (every config table entry has wf16=1; set_bf16_wf16(0) are restore-only). Removed: apply_block_reflector_bf16 (~45 lines), mm_f32_then_bf16 (its exclusive helper = site A of f32_to_bf16_packed), both g_bf16_wf16==0 else-branches collapsed to the live wf16 arm w/ TORCH_CHECK guard, cYf3/Yfp B*OB*n FP32 Y-staging scratch (read only by the deleted apply). KEPT f32_to_bf16_packed: its site B (!m_fused build_Minv-fallback convert in wf16 apply) is a real correctness fallback gated on build_Minv dispatch, NOT statically dead. Validation PASS all 22 tests; geomean 1937.8us (parent 1940.2, -0.1% noise, within 1% of 1934). diff_lines 8438->8368 (-70)."
2026-06-20T06:56:00.230518,3,1,2,1936.002,8350,succeeded,01f0ea04237e5242bf062304295d4699350b14eb,"KEEPER (behavior-neutral). Dropped now-dead hi/lo split params + scratch left over from the split-GEMM prune. mm3g's g_prec>=2 split tail is gone so its ah/al/bh/bl params are unused; only mm3_sym (gram3 route, ah/al) still needs split scratch. Removed: 4 float* params (ah,al,bh,bl) from mm3g/mm3/apply_block_reflector + all call-site args; blocked_qr split_path->gram3_path keeping only Ah/Al (dropped Bh/Bl/bh/bl); blocked_qr_2level lost its entire Ah/Al/Bh/Bl block (no mm3_sym there, g_prec<=1 always) -> also 4 fewer conditional B*n*n allocs. No executed-code change. Validation PASS all 22 tests; geomean 1936.0us (parent 1937.8, -0.1% noise, within 1% of 1934). diff_lines 8368->8350 (-18)."
2026-06-20T07:06:50.743873,3,1,3,1937.343,8347,succeeded,2b8f2a29a4d9f8d845afa8933ccbead1b134795f,"KEEPER (comment-only, behavior-neutral). Fixed 2 stale doc comments left pointing at pruned symbols: mmb_Y header (claimed nearcollinear 'falls back to apply_block_reflector_bf16' + 'mirrors mm_f32_then_bf16', both deleted) and apply_block_reflector_bf16_wf16 header ('variant of apply_block_reflector_bf16'). Corrected to state the FP16-W apply is the ONLY BF16 apply path (every config sets wf16=1). No executed-code change. Validation PASS all 22 tests; geomean 1937.3us (within noise, within 1% of 1934). Profiled final iter (nsys, n512 B640 dominant shape) -- confirms deleted split_kernel/gather_split_C/bf16_to_f32 absent. diff_lines 8350->8347 (-3)."
2026-06-20T07:07:55.724552,3,1,N/A,N/A,N/A,brief_stop,N/A,"EXHAUSTED brief 1 (simplify _CUDA_SRC dtype-conversion + R-fill kernel zoo). 4 keepers on parent 823e99d6; HEAD=2b8f2a29. diff_lines 8561->8347 (-214); geomean held 1936-1940us (within noise, within 1% of 1934 floor); validation PASS all 22 tests every iter.

METHOD (same trace approach as brief-0 LU/build_Minv): added once-per-key host QRTRACE at ALL 15 launch sites of the 10 brief candidates, built a diag binary, ran over ALL 12 bench + 22 test shapes (34 total), then reverted instrumentation BEFORE any deletion. No trace code in any commit.

TRACE RESULT -- 4 of 10 candidate kernels NEVER launched on any of 34 shapes:
- bf16_to_f32_kernel (g_fp16_pure output convert: every 2level-bf16 caller runs FP32-V)
- gather_split_C_kernel (both g_prec>=2 sites)
- (split_kernel + the f32_to_bf16_packed launches were the other dead/partial-dead ones)
6 LIVE (kept): f32_to_bf16_kernel, _rr_, _indexed_n512_, fill_R_n512_ob64_ib16(_indexed), fill_above_panel_R_tiled.

DELETED (iter0 7f1d3316): gather_split_C_kernel; mm2_vsplit_inplace (g_prec_w==2) + mm3_bpresplit (g_prec>=2) helpers; bf16_to_f32_kernel (g_fp16_pure branch -> TORCH_CHECK guard); mm3g's g_prec>=2 split tail; collapsed dead else-branches in both W-step dispatchers. Reason it's safe: NO per-shape config ever sets g_prec>=2 or g_prec_w==2 (strong static invariant + empirical trace).
DELETED (iter1 1d1e7eb8): apply_block_reflector_bf16 (the non-FP16-W BF16 apply, ~45 lines) + mm_f32_then_bf16 (its exclusive helper) + both g_bf16_wf16==0 else-branches -> wf16 arm w/ guard; cYf3/Yfp B*OB*n FP32 Y-staging scratch. Reason safe: every config table entry sets wf16=1 (set_bf16_wf16(0) are restore-only) -- config-static + trace.
DELETED (iter2 01f0ea04, behavior-neutral): the now-dead ah/al/bh/bl split params from mm3g/mm3/apply_block_reflector + call sites; blocked_qr split_path->gram3_path (kept Ah/Al for mm3_sym, dropped Bh/Bl); blocked_qr_2level's entire Ah/Al/Bh/Bl block.
iter3 2b8f2a29: stale-comment fixes only.

NOT REMOVED (proven trace-dead but config-GATED, not statically dead -- kept for safety):
- f32_to_bf16_packed: site A removed (via apply_block_reflector_bf16 prune), but site B (!m_fused build_Minv-fallback convert in the wf16 apply) is a real correctness fallback gated on the build_Minv dispatch. It is config-statically dead for ALL current (OB,IB) pairs (64/16, 64/32, 48/24 -> all even widths -> blk2/blk4 always m_fused) BUT defends against odd/uncovered widths -- I judged the ~10-line gain not worth removing a defensive fallback. A future brief COULD delete it + site B if it accepts that the static/dyn build_Minv path is unreachable in wf16.
- split_kernel + mm3_sym: the g_gram3 3xTF32-Gram stress route. Reached via blocked_qr (single-level) on the n512 cond=0 exact-FP32 stress-repair path (_BIGBATCH_EXACT_STRESS_GRAM3=1, prec=_FP32_SMALL_HI). Trace showed it never fired on our 34 shapes, but g_gram3=1 IS wired and this path is data-dependent + adjacent to the n512 bad-input region W5 owns -- left untouched per the AVOID instruction.

SUGGESTED NEXT BRIEFS: (a) the panel_factor_* kernel family (panel_factor_smem_raw_kernel @239, panel_factor_smem_fnorm_ov_kernel @564, panel_factor_smem_pipe_kernel @442) -- comments at ~5811 claim the raw_bf16[_ov] panel branches 'never fire under the default per-shape config' so they 'are deleted with their kernels', suggesting trace-confirmable dead panel variants; (b) the n512 rank-reveal/scatter utility kernels (n512_tail_nz_mask, n512_zero_tail, copy_tau_n512_indexed, scatter_exact_n512) if not W5-owned; (c) finish f32_to_bf16_packed removal if a brief accepts the even-width invariant. Region (conversion/fill zoo) fully exhausted for clean proven-dead removal."
2026-06-20T07:10:41.860932,3,2,N/A,N/A,N/A,brief_start,N/A,"COMBINE all 6 region simplification branches into ONE minimal branch. Merge base = W5 (4584c6da, repair+rankreveal removal, deepest at diff~7914). Integrate the other 5 region tips: W4 da384e4a (large-n/PAF/pybind), W1 ea216b67 (FP32+bf16 panel kernels), W2 f0dc6fcd (bf16-apply+tiny-n), W3 2b8f2a29 (LU+conversion zoo), W0 8e3c068b (env knobs). These branches DELETE overlapping code (e.g. apply_block_reflector_bf16 removed by both W2 and W3; compact_large_bad_input by both W4 and W5) — so a plain merge conflicts; you must integrate by taking the UNION of all deletions and reconciling each conflict so no symbol is half-removed (no dangling refs, no orphaned pybind/extern entries, no double-deleted hunks left broken). Build + validate (all guards) + benchmark all 12 shapes after integrating; the combined diff_lines should be far below any single branch while geomean holds within 1% of 1934us. Fix any merge-induced breakage as iterations. Log diff_lines each iter."
2026-06-20T08:01:05.741353,3,2,0,1925.193,6609,succeeded,2a1e186c50325e68f60a2c4ddbe7a7a9008b33ae,"COMBINE complete: all 6 region branches integrated onto W5 base as union-of-deletions. W5(4584c6da) repair+rankreveal removal + W4(da384e4a) large-n/PAF/pybind + W1(ea216b67) FP32/bf16 panels + W2(f0dc6fcd) bf16-apply+tiny-zoo+build_Minv + W3(2b8f2a29) split-GEMM+LU+conv-zoo + W0(8e3c068b) env-knob inlining. Sequential merges (commit per branch), each conflict resolved as union-of-deletions (more-aggressive deletion wins; W5's wholesale repair-subsystem removal subsumed W4/W1/W0's partial versions; deeper knob-inlining of W2/W0 taken). Fixed 3 latent half-merge NameError bugs the staged builds couldn't catch (only build-imports, not run): _LARGELO_FP16_MIN_BATCH + _bf16_want/_BF16_LARGELO undefined (W4 removed defs, W5 dispatch kept uses) -> collapsed to batch-only gate; blocked_qr_tiny(A,32) vs W2's 1-arg signature -> 1-arg call. Validation PASS all 22 tests + invariance(batch/fraction/position sweeps) + diff-correctness + kernelguard. geomean 1925.19us vs 1934.43 floor (-0.48%, within noise, HOLDS floor). diff_lines 7914(best single W5)->6609 (-1305 below best single, -2082 below the 8691 optimized floor; approaches the union of all 6 regions' removals). Zero dangling refs to any of 22 union-deleted symbols; all used knobs defined."
2026-06-20T08:04:40.859599,3,2,N/A,N/A,N/A,brief_stop,N/A,"COMBINE brief COMPLETE. Final commit 2a1e186c, diff_lines=6609, geomean=1925.19us (vs 1934.43 floor: -0.48%, within noise, HOLDS floor). Validation PASS all 22 tests + invariance(batch/fraction/position sweeps) + diff-correctness + kernelguard.

INTEGRATED all 6 region branches onto W5 base (4584c6da) via 5 sequential git merges (one commit each, building after each to localize breakage), every conflict resolved as union-of-deletions: W4(044a7fd2) -> W1(7d4126f8) -> W2(8a5041ce) -> W3(190c1069) -> W0(2a1e186c). diff_lines: 8691(optimized floor fb5f8321) -> 7914(best single branch W5) -> 6609(combined): -1305 below the best single branch, -2082 below the floor -- approaches the union of all 6 regions' removals.

RESOLUTION PRINCIPLE: for overlapping deletions the more-aggressive deletion wins. W5's wholesale removal of the near-collinear repair subsystem (_qr_small_repair_fp32, _patch_bad_matrices/_patch_collinear/_patch_panel_labels, _qr_bigbatch_split_bad, _qr_bigbatch_two_level[_indexed], _qr_large_b60_classified + their callers + the rewired dispatch) is the superset of W4's b60-collapse and W1's geqrf-reroute -> took W5-empty everywhere. apply_block_reflector_bf16+mm_f32_then_bf16 (W2 & W3 both deleted) -> gone. compact_large_bad_input (W4 & W5) -> gone. recon constants _RECON_* (W3 & W0) + _B2_CHOL_*_EXT (W3 & W0) -> gone, hardwiring docs kept. Deeper knob-inlining of W2/W0 taken (W2's _BIGBATCH_MINV_NT=224 literal over W0's env-knob; all of W0's env-knob inlines: _FALLBACK/_FP32_SMALL/_CHOLQR_MIN_N/_TINY_N/_WARPS_TINY/_N1024_MIXED_FP16/_N512_SPLIT_BAD/_BIGBATCH_EXACT_STRESS_GRAM3/_BIGBATCH_PANEL_RAW; W4's 4 PAF-knob removals).

3 LATENT HALF-MERGE NameError BUGS surfaced+fixed (staged builds couldn't catch them -- build only imports the module; these live in _qr_large_n / dispatch executed only at validate/bench): (1) _LARGELO_FP16_MIN_BATCH used by W5's kept dispatch but its def removed by W4 -> restored def; (2) _bf16_want/_BF16_LARGELO same pattern -> collapsed to a batch-only gate 'if B >= _LARGELO_FP16_MIN_BATCH' (both bands always FP16-wanted, behaviorally identical), dropping _bf16_want+_BF16_LARGELO; (3) blocked_qr_tiny(A,32) [W0 2-arg call] vs blocked_qr_tiny(A) [W2 dropped the warps param] -> took the 1-arg call to match the C++ signature. Validation's n=1024/n=512/tiny paths then passed, confirming the fixes.

VERIFIED zero dangling refs: grepped all 22 union-deleted symbols (compact_large_bad_input, _qr_bigbatch_*, _patch_*, apply_block_reflector_bf16, mm_f32_then_bf16, build_Minv_dyn_kernel, gather_split_C/mm2_vsplit/mm3_bpresplit, bf16_to_f32_kernel, _cholesky_dispatch_noinfo, chol_b2_lower_R_out, panel_factor_smem_kernel, ...) -> 0 code refs (only deletion-doc comments remain); all 15 inlined knobs -> 0 Python refs; all used knobs defined; pybind functions[] list = union of all removed entries (no orphaned entries); cm-OV smem registration matches launches (<8,6> only). Final-iter nsys profile (n512 B640) confirms the deleted kernels are absent and the executed kernel set matches the optimized parents (pure dead-code removal, kernels byte-identical).

NOTE FOR FUTURE: a handful of _BIGBATCH_* module constants (_BIGBATCH_WF16/_INNER_WMMA/_OV_FOLD/_PANEL_CM/_WSP_PAD) are now defined-but-unused (their sole consumer _qr_bigbatch_two_level was deleted by W5); NO single branch removed them so they were kept per the union principle -- a follow-up micro brief could prune these ~5 dead defs for a few more diff_lines."
2026-06-20T08:06:29.713148,3,3,N/A,N/A,N/A,brief_start,N/A,"Final polish on the COMBINE branch (parent 2a1e186c, diff_lines 6609 — excellent work). You flagged ~5 _BIGBATCH_* module constants now defined-but-unused after the combine deleted their sole consumer _qr_bigbatch_two_level: _BIGBATCH_WF16, _BIGBATCH_INNER_WMMA, _BIGBATCH_OV_FOLD, _BIGBATCH_PANEL_CM, _BIGBATCH_WSP_PAD (and check siblings _BIGBATCH_OB/_IB/_WARPS/_MINV_NT/_PANEL_APPLY_FUSED/_PAF_* for the same). For EACH: grep the whole combined file for read sites — if zero (only the def line), delete the constant + its comment. Then do a final whole-file orphan re-scan on the combined result (any symbol newly-dead from the union merge that no single branch caught). Hold all 12 shapes + 22 tests, geomean within 1% of 1934us; guards pass. This branch is the run's deliverable candidate — keep it pristine. Measure diff_lines each iter."
2026-06-20T08:16:27.434350,3,3,0,1919.610,6565,succeeded,68157b47c9d8ded3694f7b71e136d735cbc3c2d7,"KEEPER. Removed the 5 brief-flagged dead _BIGBATCH_* env knobs orphaned by W5's deletion of _qr_bigbatch_two_level: _BIGBATCH_WF16/_INNER_WMMA/_OV_FOLD/_PANEL_CM/_WSP_PAD. Each had exactly ONE word-boundary occurrence (its def line) -- zero reads file-wide (the lone 2nd hit for PANEL_CM was a comment). Deleted the 5 defs + their dedicated knob-doc comment blocks + the orphaned multi-CTA m-split Python comment (referenced deleted PANEL_CM). KEPT live-behavior docs (gram3 stress path, PAF qr_panel_apply_fused_kernel which IS in the executed set @9.9%) and ALL live siblings (_BIGBATCH_OB/_IB/_WARPS/_MIN_N/_MINV_NT/_SPLIT_BAD_MIN, all >=1 real read). Pure Python-const removal: build was a 1.1s CACHED rebuild (ext hash unchanged -> executed kernels byte-identical). Validation PASS all 22 tests + invariance/fraction/position guards CLEAN. geomean 1919.6us vs 1934.4 floor (-0.76%, within 1%, parent was 1925.2). diff_lines 6609->6565 (-44)."
2026-06-20T08:28:41.073750,3,3,1,1925.611,6557,succeeded,0a38b5068b792d55288f8fb49b322665b780556a,"KEEPER (orphan re-scan, behavior-neutral). Removed 6 orphaned pybind entries the union-merge left in functions[]. Method: diffed functions[] list vs all _ext.<fn> Python accesses (LU fns use the lu.<fn> handle, all 8 verified LIVE). 6 main-ext names never called from Python: (A) blocked_qr_2level_bf16_indexed/compact_n512_bad_input/gather_n512_bad_input/scatter_exact_n512 -- C++ host fns called ONLY internally by other C++ host fns (verified each has an internal call site in qr_n512_mixed_driver path); removed from functions[] + their _CPP_SRC forward decls, C++ defs+calls untouched. (B) set_paf_no_csh/set_paf_no_vsh -- dead C++ SETTERS (g_paf_no_csh/g_paf_no_vsh are set DIRECTLY inside qr_n512_mixed_driver @4603-4604, never via the setter); removed the 2 setter defs + 2 decls + 2 functions[] entries, kept the live globals (read 8/7x in PAF dispatch). Full recompile (28.5s, pybind glue changed) but executed QR kernels byte-identical -- per-shape times match parent within run noise. Validation PASS all 22 tests + invariance/fraction/position guards CLEAN. geomean 1925.6us vs 1934.4 floor (-0.46%, parent 1925.2, +0.02% noise). diff_lines 6565->6557 (-8). Also verified: ALL Python module consts (30) have a real read site; ALL Python defs (24) have a real call site -- zero Python-level orphans remain."
2026-06-20T08:35:38.006038,3,3,2,1921.401,6544,succeeded,d95bd2414b7a9907165f265c5a7a4834d055baa0,"KEEPER (orphan re-scan iter2, behavior-neutral). Swept ALL 31 __global__ kernels (launch-site check) + ALL 27 C++ set_* setters (call-site check) + all static helpers/globals. Found+removed 2 merge-orphans: (1) copy_tau_n512_indexed_kernel -- a __global__ kernel with ZERO <<<>>> launch sites (def line only; its indexed tau-copy subsumed by scatter_exact_n512_kernel, launch died in the union merge). (2) set_no_splitk -- dead C++ setter (single def, zero callers; g_no_splitk is set DIRECTLY in qr_n512_mixed_driver, not via the setter -- same pattern as the iter1 PAF setters). Kept g_no_splitk + its 6 reads. Verified clean (no orphans): the other 30 kernels all have a real <<<>>> launch; all 26 remaining setters either exported-and-called or internal-helper-called (set_n512_good_flags is a live static-inline internal helper, called 2x); all 25 C++ static helpers have a call site; all 32 static g_* globals have a real read. Full recompile, executed kernels byte-identical (per-shape times match parent within noise). Validation PASS all 22 tests + guards CLEAN. geomean 1921.4us vs 1934.4 floor (-0.67%, parent 1925.2). diff_lines 6557->6544 (-13)."
2026-06-20T08:40:01.885077,3,3,N/A,N/A,N/A,brief_stop,N/A,"BRIEF 3 COMPLETE (final orphan polish on the COMBINE deliverable). 3 keepers on parent 2a1e186c; HEAD=d95bd2414b. diff_lines 6609->6544 (-65); geomean held 1919-1925us across iters (within 1% of 1934.4 floor, parent was 1925.2); validation PASS all 22 tests + invariance/fraction/position guards every iter. Final-iter nsys (n512 B640) confirms the executed kernel set is byte-identical to the parent -- pure dead-code removal.

iter0 (68157b47, -44): removed the 5 brief-flagged dead _BIGBATCH_* env knobs orphaned by W5's _qr_bigbatch_two_level deletion (_WF16/_INNER_WMMA/_OV_FOLD/_PANEL_CM/_WSP_PAD). Each had exactly ONE word-boundary occurrence (def line); the lone 2nd PANEL_CM hit was a comment. Deleted defs + their dedicated knob-doc comment blocks + the orphaned multi-CTA m-split Python comment. KEPT live-behavior docs (gram3 stress path; the PAF qr_panel_apply_fused_kernel, which IS in the executed set @8%) and ALL live siblings (_BIGBATCH_OB/_IB/_WARPS/_MIN_N/_MINV_NT/_SPLIT_BAD_MIN). Python-const only -> 1.1s cached rebuild, ext hash unchanged.

iter1 (0a38b506, -8): WHOLE-FILE orphan re-scan, pybind layer. Diffed functions[] vs all _ext.<fn> accesses (LU fns use the lu.<fn> handle -> all 8 verified live). 6 main-ext names never called from Python: (A) blocked_qr_2level_bf16_indexed / compact_n512_bad_input / gather_n512_bad_input / scatter_exact_n512 -- C++ host fns called ONLY internally (qr_n512_mixed_driver path); removed from functions[] + their _CPP_SRC forward decls, C++ defs+internal-calls untouched. (B) set_paf_no_csh / set_paf_no_vsh -- dead C++ setters (g_paf_no_csh/_vsh set DIRECTLY inside the driver, never via the setter); removed 2 defs + 2 decls + 2 functions[] entries, kept the live globals. Full recompile (pybind glue changed) but executed kernels identical.

iter2 (d95bd241, -13): orphan re-scan over ALL 31 __global__ kernels + 27 setters + static helpers/globals. Removed copy_tau_n512_indexed_kernel (kernel with ZERO <<<>>> launch sites; subsumed by scatter_exact_n512_kernel) + set_no_splitk (dead setter; g_no_splitk set directly in the driver). Kept the live globals.

EXHAUSTIVELY VERIFIED CLEAN (zero remaining orphans): 30 Python module consts all have a real read; 24 Python defs all have a real caller; the other 30 kernels all have a real <<<>>> launch; the 26 remaining setters are all exported-and-called OR internal-helper-called (set_n512_good_flags is a live static-inline called 2x); 25 C++ static helpers all have a call site; 32 static g_* globals all have a real read; all extern decls are legitimate extern __shared__; zero structs/typedefs; _CPP_SRC forward-decl block (30) exactly matches functions[] (30); zero dangling refs to any of the 9 deleted symbols (and no comment names them).

This brief drove the deliverable from 6609 to 6544 (-65) with no behavior change. The COMBINE candidate is now orphan-clean. Region exhausted -- no further proven-dead symbols remain in the union-merged file. Any further diff_lines reduction would require macro/structural simplification (e.g. removing a still-used-but-defensive fallback like f32_to_bf16_packed site B, which W3 deliberately kept), not orphan pruning."
2026-06-20T08:44:04.648636,3,4,N/A,N/A,N/A,brief_start,N/A,"Your combine branch (parent d95bd241, diff 6544) is orphan-clean. One macro/structural lever you flagged remains: the defensive fallback f32_to_bf16_packed site B under the build_Minv dispatch is statically unreachable IF the even-width invariant holds (every reachable reflector width w is even -> blk4/blk2 -> m_fused path, never the !m_fused convert). PROVE the even-width invariant rigorously: instrument the build_Minv dispatch to log w parity (and m_fused) across ALL 12 bench + 22 test shapes + the invariance guard's batch/fraction/position sweeps. If w is provably always even on every reachable path, remove the dead !m_fused f32_to_bf16_packed site + any now-orphaned convert scaffolding. If ANY reachable path has odd w, KEEP it (it's a real correctness fallback) and log that finding. Hold all 12 shapes + 22 tests exact, geomean within 1% of 1934us; guards pass. This is the deliverable branch — keep it pristine. Measure diff_lines each iter."
2026-06-20T08:59:50.054460,3,4,0,1919.292,6531,succeeded,3196ef2692336277ec03d9b4a1839167e9d46424,"EVEN-WIDTH INVARIANT PROVEN -> removed dead !m_fused f32_to_bf16_packed site B. Instrumented BOTH build_Minv dispatch sites (FP32 apply_block_reflector + BF16 apply_block_reflector_bf16_wf16) to log w parity + m_fused, ran across ALL 12 bench + 22 test shapes + invariance guard batch{32,96,160,640,1280}/fraction/position sweeps: 3817 dispatch events, ZERO odd-parity (w in {16,24,32,48,64,96,128}), ZERO m_fused=0, ZERO BF16 site-B hits. Root cause: w = OB or IB, and OB/IB/n are all even on every reachable config (n512 OB64/IB16, n352 OB=IB=64, n1024 OB64/IB32, n2048 OB48/IB24; n512 bad-subset uses blocked_qr_2level FP32 OB64/IB32 -- odd-sized bad-COUNT does not make block-WIDTH odd). min(even,even-diff) stays even. Removed site B + orphaned f32_to_bf16_packed kernel def + m_fused tracking. Kept odd-w TORCH_CHECK guard (correctness, not convert). Pure dead-code: 12/12+22/22+both guards exact, geomean 1919.3us (-0.11% vs parent, within noise). diff 6544->6531."
2026-06-20T09:00:14.194850,3,4,N/A,N/A,N/A,brief_stop,N/A,"BRIEF 4 DELIVERED. EVEN-WIDTH INVARIANT PROVEN (not refuted): instrumented both build_Minv dispatch sites (FP32 apply_block_reflector + BF16 apply_block_reflector_bf16_wf16) to log reflector-width parity + m_fused, ran across ALL 12 bench + 22 test shapes + the invariance guard's full batch{32,96,160,640,1280}/fraction/position sweeps. 3817 dispatch events: ZERO odd-parity (w in {16,24,32,48,64,96,128}, all even), ZERO m_fused=0, ZERO BF16 site-B hits. Mechanism: w is always OB or IB, and OB/IB/n are all even on every reachable config (n512 OB64/IB16, n352 OB=IB=64, n1024 OB64/IB32, n2048 OB48/IB24), and the n512 bad-subset routes to blocked_qr_2level FP32 with OB64/IB32 (odd-sized bad-COUNT never makes block-WIDTH odd). So the !m_fused f32_to_bf16_packed convert (site B) is statically dead. REMOVED: site B + the now-orphaned f32_to_bf16_packed kernel definition + the m_fused tracking (bool + 3 assignments). KEPT the odd-w TORCH_CHECK guard (real correctness machinery, not a convert fallback -- removing it would let a future config change silently produce wrong factors). Pure dead-code removal, no behavioral change: 12/12 bench + 22/22 tests + both guards exact; geomean 1919.3us (-0.11% vs parent 1921.4, within noise, -0.76% under the 1934 target). diff_lines 6544 -> 6531. Final commit: 3196ef2692336277ec03d9b4a1839167e9d46424. NEXT-BRIEF SUGGESTIONS: (1) The FP32 apply_block_reflector and BF16 apply_block_reflector_bf16_wf16 each still carry a 'static<64>/dyn fallback pruned' TORCH_CHECK(false) else-branch and a g_formt==0 / g_inner_wmma==1 guard -- these are tiny but the dispatch-instrumentation data now proves they are unreachable, so a follow-up could collapse the if/else into the live arm + a single assert if you want a few more lines. (2) The build_Minv blk4 vs rblk_gen split (blk4_kernel is only the g_minv_blk4==1 case): instrumentation shows blk4=1 fires only for n1024 (w=64); if blk4>=2 (rblk) covers it numerically-identically, build_Minv_blk4_kernel could be a candidate for a separate brief."
2026-06-20T09:01:38.499078,3,5,N/A,N/A,N/A,brief_start,N/A,"On your branch (parent 3196ef26, diff 6531): collapse the proven-unreachable TORCH_CHECK(false,...) guard-stubs you flagged. Across the fleet's pruning, many dispatch arms were replaced by 'TORCH_CHECK(false, ...pruned...)' stubs (the dead else-branch of an if whose taken-branch is the only reachable path). Where an if/else has the else as a pure TORCH_CHECK(false) AND you can prove (or it's already proven by prior briefs) the if-condition is always true on every reachable path, collapse 'if(cond){body} else {TORCH_CHECK(false)}' to just 'body' (drop the if-wrapper + dead else). Be conservative: KEEP any TORCH_CHECK that guards a genuine invariant a future config change could violate (like the odd-w check you just kept) — only collapse ones whose condition is structurally always-true (e.g. g_formt==1 with g_formt removed, g_minv even-width). Build+validate (22 tests+guards) after each. Hold all 12 shapes, geomean within 1% of 1934us. This is deliverable-lineage — keep pristine. Measure diff_lines each iter; if collapsing risks correctness, KEEP and log."
2026-06-20T09:13:16.165333,3,5,0,1921.293,6522,succeeded,0b78dfb38e532f2709dbe92d2adae2c3767010dd,"Collapsed 2 g_formt==1 guard-stubs (apply_block_reflector line 1383, blocked_qr line 1613). g_formt is set to 1 once at module import via the sole set_formt(1) call with no other setter or C++ assignment, so g_formt==1 is structurally always-true; dropped both if-wrappers + dead larft-pruned else-stubs, de-indented the build_Minv bodies. Inner even-width blk2/blk4 guards kept (genuine invariants). validate PASS (22 tests + diff-correctness + invariance CLEAN), geomean 1921.293us (parent 1919, within noise). diff_lines 6531->6522."
2026-06-20T09:19:41.971310,3,5,1,1921.530,6516,succeeded,d0f7979cc5c0db5bad0725e4a2e1704bce892623,"Collapsed g_panel_defer==5 guard-stub in blocked_qr_2level_bf16 run_panel lambda. Proof: all callers (_qr_large_fp16 via _LARGE_LO/_LARGE_HI defer:5, _qr_small_bf16 via _SMALL_HI bf16_defer:5, set_n512_good_flags) set g_panel_defer=5 before the call and restore after, AND all non-defer-5 BF16 panel kernels (raw/pipe/fnorm/plain) were deleted, so defer!=5 is structurally dead. Dropped if-wrapper + dead else, de-indented body. validate PASS (22 tests + diff-correctness + invariance CLEAN), geomean 1921.530us (parent 1919, within noise). diff_lines 6522->6516."
2026-06-20T09:27:35.022271,3,5,2,1922.350,6511,succeeded,773601e04ba3ac7663b634daf149596727133bae,"Collapsed g_inner_wmma==2 guard-stub in apply_block_reflector_bf16_wf16. Proof: g_inner_wmma is only ever 0 or 2 (set_inner_wmma takes p[inner_wmma]=2 from _LARGE_LO or 0 restore, plus set_n512_good_flags=2; mode-1 never configured, its kernel deleted); fused_ok's first conjunct requires g_inner_wmma!=0, so fused_ok==true implies g_inner_wmma==2, making the inner guard structurally always-true when reached. Dropped inner if + dead else, kept the outer data-dependent if(fused_ok). validate PASS (22 tests + diff-correctness + invariance CLEAN), geomean 1922.350us (parent 1919, within noise). diff_lines 6516->6511."
2026-06-20T09:29:18.939507,3,5,N/A,N/A,N/A,brief_stop,N/A,"Brief 5 (collapse proven-unreachable TORCH_CHECK(false) guard-stubs) EXHAUSTED. Examined all 10 stubs. COLLAPSED 4 whose if-condition is structurally always-true on every reachable path: (1+2) two g_formt==1 sites in apply_block_reflector + blocked_qr -- g_formt set to 1 once at import via the sole set_formt(1), no other setter; (3) g_panel_defer==5 in blocked_qr_2level_bf16 run_panel -- all callers set defer=5 (_LARGE_LO/_LARGE_HI/_SMALL_HI/n512) and every non-defer-5 BF16 panel kernel was deleted; (4) g_inner_wmma==2 in apply_block_reflector_bf16_wf16 -- g_inner_wmma is only ever 0 or 2 (mode-1 never configured + kernel deleted), and fused_ok's g_inner_wmma!=0 conjunct implies ==2 when reached. KEPT 5 stubs guarding genuine invariants a future config could violate: two even-width (w&1)==0 guards (the named odd-w invariant); the non-cmf single-level panel guard (data-dependent smem_path/m<=352/smem_limit); the blocked_qr use_blk4||use_blk2 guard (b-width/n-cap data-dependent); and the FP32 run_panel defer guard (genuine multi-way dispatch: _LARGE_LO fp32_defer=3 vs _LARGE_HI fp32_defer=4, plus g_panel_raw). Final SHA 773601e04ba3ac7663b634daf149596727133bae. diff_lines 6531->6511 (-20). geomean 1922.350us (parent 1919.292, +0.16% within noise, well inside 1%). All 12 shapes + 22 tests + diff-correctness + invariance guards PASS at every iteration. Deliverable lineage kept pristine -- no behavior change (pure dead-else removal, validated identical). No further safe collapses remain; the 5 kept stubs are correct invariant guards."
2026-06-20T09:31:36.321679,3,6,N/A,N/A,N/A,brief_start,N/A,"On the deepest COMBINE branch (parent b93b33185abe, diff 6235 — the deliverable): apply the always-1 fold to g_bf16_blk2 (the same pattern you used for g_formt and W5 used for g_minv_blk2). Verify g_bf16_blk2 is set-once-at-import to 1 and never toggled, and is NOT C++-managed (the g_prec_w trap). If always-1: fold the always-true 'g_bf16_blk2 &&' terms in the bf16 apply helpers, drop the now-constant g_minv_blk2_b parameter from both bf16 apply helpers + their 2 call sites, and remove the orphaned set_bf16_blk2 setter + extern + pybind entry + the import-time _ext.set_bf16_blk2 call. BUT keep the off-path if it's reachable for odd widths (like g_minv_blk2's odd-width fallback was kept) — prove the parity/reachability first. Full recompile + validate(22 tests+guards) + bench(12) after each. Hold all 12 shapes, geomean within 1% of 1934us. This is the deliverable lineage — pristine. Measure diff_lines each iter; if g_bf16_blk2 is actually toggled, log and stop."
2026-06-20T09:38:57.500809,3,6,0,1920.768,6231,succeeded,9835ac062963d433364205a311548f469e1390df,"KEEPER. Folded the always-1 g_bf16_blk2 knob (same pattern as g_formt/W5's g_minv_blk2). STEP1 PROVEN: g_bf16_blk2 is assigned only at static init (=1) and inside its own setter set_bf16_blk2; the sole Python caller is _ext.set_bf16_blk2(1) at import (no toggle, no restore, no C++-internal write -- not the g_prec_w trap). Both apply call sites pass g_bf16_blk2, so the g_minv_blk2_b param is constant-1 and never reassigned in the helper. STEP2 PROVEN: the dispatch is 'else if (g_minv_blk2_b && (w&1)==0)'; folding the knob leaves '(w&1)==0', whose OFF-side is the final 'else TORCH_CHECK(false)'. Brief-4's 3817-event instrumentation of THIS exact BF16 build_Minv site recorded ZERO odd-parity (w in {16,24,32,48,64,96,128}), so the off-side is unreachable -- but it is the named odd-w correctness invariant, KEPT (per the brief's reachability rule: keep the genuine fallback, only fold the dead config knob). STEP3: dropped the constant g_minv_blk2_b param from apply_block_reflector_bf16_wf16 + both call sites (inner ~4304, outer ~4323); removed orphaned set_bf16_blk2 setter + extern decl + pybind functions[] entry + import-time call. Pure dead-knob removal: executed kernels byte-identical (same build_Minv_rblk_gen_kernel(...,1,Mb) dispatch + launch config). Full recompile (pybind glue changed). Validation PASS all 22 tests + invariance(batch{32,96,160,640,1280}/fraction/position) + diff-correctness + kernelguard; the kept odd-w guard never tripped. geomean 1920.768us vs 1934.4 floor (-0.71%, within 1%; lineage parent band 1919-1925). diff_lines 6235->6231 (-4)."
2026-06-20T09:39:23.194394,3,6,N/A,N/A,N/A,brief_stop,N/A,"BRIEF 6 DELIVERED (g_bf16_blk2 always-1 fold). 1 keeper on parent b93b3318; HEAD=9835ac062963d433364205a311548f469e1390df. diff_lines 6235->6231 (-4); geomean 1920.768us (-0.71% vs 1934.4 floor, within 1%; lineage band 1919-1925); validation PASS all 22 tests + invariance/fraction/position + diff-correctness + kernelguard.

STEP1 (set-once verified): g_bf16_blk2 written ONLY at static init (=1) and inside its own setter set_bf16_blk2 -- NO C++-internal assignment (not the g_prec_w trap). Sole Python caller is the import-time _ext.set_bf16_blk2(1); no toggle, no restore-call. So it is permanently 1, and the g_minv_blk2_b param both apply call sites feed it is constant-1 (never reassigned in the helper).

STEP2 (parity/reachability proven): dispatch was 'else if (g_minv_blk2_b && (w&1)==0)'. Folding the knob leaves '(w&1)==0', whose OFF-side is the final 'else TORCH_CHECK(false)'. Brief-4 already instrumented THIS exact BF16 build_Minv site (apply_block_reflector_bf16_wf16) with 3817 dispatch events and found ZERO odd-parity (w in {16,24,32,48,64,96,128}) -- so the off-side is unreachable. Per the brief's reachability rule it is the named odd-w correctness invariant, KEPT exactly as brief 4/5 kept it (a future config change with odd w would trip it instead of silently producing wrong factors).

STEP3 (fold+cleanup): folded the always-true 'g_bf16_blk2 &&' term; dropped the now-constant g_minv_blk2_b param from the single bf16 apply helper apply_block_reflector_bf16_wf16 + both call sites (inner ~4304, outer ~4323); removed the orphaned set_bf16_blk2 setter + extern decl + pybind functions[] entry + the import-time call. Note: there is ONE bf16 apply helper (apply_block_reflector_bf16 was deleted by brief 1), reached from two sites -- the brief's 'both helpers' = that helper's two call sites.

Pure dead-knob removal: executed kernels byte-identical (same build_Minv_rblk_gen_kernel(...,1,Mb) dispatch + launch config); full recompile only because pybind glue + signature changed. Final-iter nsys captured (132KB, n512 B640 single-spec -- short like the W5 brief-5 captures on this lineage).

NEXT-BRIEF NOTES: (1) The sibling g_bf16_nt (set to _BF16_NT, default 256, line ~5586; threaded as g_minv_nt_b) is NOT a fold candidate -- it is a real tunable, not always-1 -- skip it. (2) The remaining always-set-once knobs on the import path worth a fold-pattern check: _ext.set_fp16_pure(_FP16_PURE) feeds g_fp16_pure but g_fp16_pure's whole branch is already a TORCH_CHECK(!g_fp16_pure) guard (the convert is pruned) -- if _FP16_PURE is statically 1 a brief could fold the guard, but verify _FP16_PURE isn't an env override first. (3) The odd-w TORCH_CHECK(false) else-branch in this dispatch is now the LAST structural simplification lever here, and it must stay (genuine invariant). This dispatch region is exhausted for safe folds."
2026-06-20T09:41:11.050245,3,7,N/A,N/A,N/A,brief_start,N/A,"Your dispatch-region config folds are exhausted. Attempt a genuine STRUCTURAL consolidation on your branch (parent 9835ac06, the deepest deliverable at 6231): the build_Minv dispatch now has the surviving variants build_Minv_rblk_gen_kernel (recursive, takes nlev) and build_Minv_blk4_kernel. Investigate whether blk4 is just rblk_gen with nlev=2 (the comments suggest blk4 = depth-b/4 = the nlev=2 recursive case) — if build_Minv_blk4_kernel is functionally equivalent to build_Minv_rblk_gen_kernel<nlev=2>, the blk4 kernel + its dispatch arm could be replaced by an rblk_gen call, removing a whole kernel. PROVE equivalence rigorously (same outputs bit-wise on the shapes that use blk4) before merging; if they differ in a load-bearing way (smem, perf on the hot n512 path), KEEP both and log. This touches the hot path — validate + benchmark all 12 carefully; if it regresses the n512 shapes or changes numerics, revert. SKIP g_fp16_pure and other globals (another worker sweeps those). Hold all 12 shapes, geomean within 1% of 1934us. Measure diff_lines each iter; if no safe equivalence, log and stop."
2026-06-20T09:58:17.000584,3,7,0,1920.785,6231,succeeded,9835ac062963d433364205a311548f469e1390df,"INVESTIGATION (no merge): is build_Minv_blk4_kernel == build_Minv_rblk_gen_kernel<nlev=2>? blk4 fires ONLY on the n512 good path (set_n512_good_flags g_minv_blk4=1, outer block w=64 q=16) -- shapes 3,7,9,10 + n512 tests. (1) BIT-WISE EQUIVALENCE DISPROVEN: standalone CUDA test (verbatim both kernel bodies, b=64, 5 seeds x 3 thread-counts, ~640 zero-tau cols) shows ~20pct of lower-tri M elements differ, first ALWAYS at block-row3/block-col0 (the M[3][0] merge-boundary block); blk4's 4x4 block-forward-sub reassociates the off-diag FP32 sums differently from rblk<2>'s 2-level merge (agree to ~7 sig-figs, same true inverse, NOT bit-identical). (2) Tried the merge anyway (route both blk4 dispatch arms -> rblk_gen<nlev=2>, delete the ~95-line kernel + 2 cudaFuncSetAttribute): builds, PASSES all 22 tests + both guards (checker tol absorbs reassociation), geomean 1926.8 (+0.32pct). (3) But REGRESSES n512 dense shape3 +1.5pct (parent 3633.1/3632.6 -> merged 3691.2/3686.4, both runs, far outside parent's <0.02pct variance) -- blk4 IS load-bearing (smaller acc scratch 816 vs rblk 1056 floats, faster on the occupancy-rich 640-CTA regime). VERDICT: functionally equivalent but NOT bit-wise and blk4 measurably faster on the hot path -> KEEP BOTH per brief, reverted to parent. No safe diff reduction."
2026-06-20T09:58:41.463193,3,7,N/A,N/A,N/A,brief_stop,N/A,"BRIEF 7 VERDICT (build_Minv_blk4 vs rblk_gen<nlev=2>): NOT a safe simplification -> KEPT BOTH. Final SHA 9835ac06 (UNCHANGED parent; diff_lines 6231, geomean ~1921, within 1pct of 1934). Equivalence finding: (a) FUNCTIONALLY equivalent (merged kernel passes all 22 tests + both guards -- checker tol absorbs the reassociation), but (b) NOT bit-wise (standalone verbatim-body test, b=64, 5 seeds x 3 nt: ~20pct of lower-tri M differs, first always at block-row3/col0 = the M[3][0] merge boundary; blk4's 4x4 block-forward-sub reassociates off-diag sums vs rblk<2>'s 2-level merge -- ~7 sig-fig agreement, same true inverse), and (c) blk4 is LOAD-BEARING/faster: merging regresses n512 dense shape3 +1.5pct (parent 3633.1/3632.6 -> merged 3691.2/3686.4, reproducible, parent variance <0.02pct) because blk4's smaller acc scratch (816 vs rblk's 1056 floats) wins on the occupancy-rich 640-CTA regime despite more syncs. blk4 fires ONLY on the n512 good path (g_minv_blk4=1, outer w=64), so it cannot be selectively kept for shape3 while merging others. The brief's diff-saving avenue (~95 lines) is closed by the perf floor. SUGGESTIONS for next briefs: this build_Minv kernel family is now genuinely irreducible (both variants load-bearing). For further diff reduction, point elsewhere -- e.g. the g_minv_blk4 setter/extern/pybind plumbing is still multi-purpose (1=blk4/n512, 2/3=rblk nlev), but folding it needs the other-worker globals sweep to settle first; or look at the n512 mixed-driver (qr_n512_mixed_driver) config-dict redundancy, or the _SMALL_LO/_HI vs _LARGE_LO/_HI table overlap."
2026-06-20T10:12:01.441202,3,7,1,1919.164,6197,succeeded,92aaad0f1242f0a2d7707c027b2ff46a9f18a9ed,"Removed dead FP32-tail keys (wsp_pad/panel_cm2/minv_blk4) from _SMALL_HI + the now-dead consumer branches (else _SMALL_HI at 6161, elif 176<n<=352 at 6171). PROVEN dead: n=352 returns via _qr_small_bf16 before the FP32 tail, so the only FP32-tail reads resolve to _SMALL_LO. Verified byte-identical set_* dispatch trace across all 12 shapes. geomean 1919.164us (within noise of 1934 floor), validation PASS, guards clean. diff_lines 6202->6197 (-5)."
2026-06-20T10:15:29.279007,3,7,N/A,N/A,N/A,brief_stop,N/A,"EXHAUSTED brief 8 (config-table overlap _SMALL_LO/_SMALL_HI/_LARGE_LO/_LARGE_HI). HEAD=92aaad0f, parent 60484ea8. ONE keeper: diff_lines 6202->6197 (-5); geomean 1919.2us (within noise of 1934 floor, 0.8% under); validation PASS all 22 tests; guards clean.

METHOD: monkeypatched _ext.set_*/blocked_*/qr_* to record the exact dispatch call sequence per shape, dumped a golden trace over all 12 bench shapes (n-bands 32/176/352/512/1024/2048/4096 x cond/mixed/stress), then diffed before/after every edit -- BYTE-IDENTICAL guarantees every per-shape value read is preserved.

KEEPER (iter1): _SMALL_HI's FP32-tail keys (wsp_pad=2/panel_cm2=1/minv_blk4=2) are PROVEN DEAD -- n=352 takes the bf16 single-level path (_qr_small_bf16, reads only bf16_* keys) and RETURNS before the FP32 tail, so the only FP32-tail reads resolve to _SMALL_LO. Removed the 3 duplicated dead keys from _SMALL_HI + the now-dead consumer branches (else _SMALL_HI at the p= line, elif 176<n<=352 in the minv_blk4 block). Trace identical; clean -5.

REJECTED (experiment, reverted): _LARGE_BASE shared-default merge for _LARGE_LO/_LARGE_HI. Proven byte-identical resolved dicts (programmatic + trace), but only -3 NET lines AND real obfuscation: of the 24 union keys only 8 are shared-AND-equal (33%); 8 OTHER shared keys DIFFER per band and must stay inline, so a reader cannot reason 'shared => in base'. On hot-path config where a mis-merge regresses a shape, 3 lines doesn't justify the indirection -> KEPT inline per brief discipline.

OTHER OVERLAP FINDINGS (no win): SMALL<->LARGE cross-overlap is only 2 keys (minv_blk4, wsp_pad) with DIFFERENT values (small=2/2, large=0/0) -> cannot share. A single keyed dict-of-dicts for all four would be net-neutral (same content) and couple unrelated bands -> not pursued. _SMALL_LO (3 keys, n=176 only) is already minimal. Region exhausted: the only clean structural duplication in these four dicts was the SMALL_HI dead FP32 tail, now removed."
2026-06-20T10:18:24.166801,3,9,N/A,N/A,N/A,brief_start,N/A,"Fold three small parallel removals onto the consolidated deliverable. BASE = f19ac05b (diff 6193, submitted, certified). Integrate: W0 83f22f16 (removed g_minv_blk2_max_n global+setter+pybind collapsing its read sites to n<=400; removed _BF16_BIGBATCH and _BF16_LARGEHI Python knobs + their gate branches), W2 c430e0df (fixed/removed stale g_msplit comments), W3 92aaad0f (removed _SMALL_HI's dead FP32-tail keys wsp_pad/panel_cm2/minv_blk4 + the dead else/elif consumer branches — proven dead because n=352 returns via _qr_small_bf16 before the FP32 tail). Each touches a different spot; apply each removal's intent onto BASE (port by hand if cherry-pick fails — they're off slightly different bases). Resolve pybind functions[] overlap as union-of-deletions. Build+validate(22+guards)+bench(12) after each. ZERO conflict markers/dangling refs; every _ext.set_X has a pybind entry. Expected ~6172. Hold all 12 shapes, geomean within 1% of 1934us. Log diff_lines each iter; brief_stop with final SHA."
2026-06-20T10:31:31.241805,3,9,0,1918.456,6171,succeeded,6a4b3fdb5101d31fc13843e16fc03f848bc30e33,"COMBINE: folded 3 proven-dead parallel removals onto BASE f19ac05b. W0 (=9ba4ef93+83f22f16): g_minv_blk2_max_n cap (const 400 -> collapsed both read sites to n<=400, removed global+setter+_CPP_SRC decl+pybind token+Python set call+comments) AND _BF16_BIGBATCH(==2)/_BF16_LARGEHI(==1) module knobs (collapsed both dispatch gates, removed defs+os.environ.get+stale comment refs). W2 (=c430e0df): comment-only -- removed orphaned MULTI-CTA m-SPLIT doc block + rewrote build-light-prune note dropping dead g_msplit/wsp_bf16_msplit refs (did NOT touch cGbar/cGpart m-split scratch, owned by concurrent worker). W3 (=92aaad0f): removed _SMALL_HI dead FP32-tail keys (wsp_pad/panel_cm2/minv_blk4 -- n=352 returns via _qr_small_bf16 before the tail) + dead consumer branches (else _SMALL_HI -> 'if 64<n<=176: p=_SMALL_LO'; removed elif 176<n<=352). Cherry-picks clean except pybind functions[] -> resolved union-of-deletions (BASE set_bf16_blk2/set_gram3 + W0 set_minv_blk2_max_n). ZERO conflict markers, ZERO dangling refs (all 25 _ext.set_X <-> pybind, all 25 pybind <-> C++ def). Build OK; validation PASS (22 tests check:pass + kernelguard + diff-correctness + invariance ALL CLEAN); all 12 bench shapes check:pass; geomean 1918.456us (0.8pct under 1934 floor, within 1pct). diff_lines 6193 -> 6171 (-22)."
2026-06-20T10:32:03.483337,3,9,N/A,N/A,N/A,brief_stop,N/A,"COMBINE brief-9 COMPLETE. Final SHA 6a4b3fdb; diff_lines 6193 -> 6171 (-22); geomean 1918.456us (0.8pct under the 1934 floor, within 1pct); all 12 bench shapes check:pass; validation PASS (22 tests + kernelguard + diff-correctness + invariance ALL CLEAN). Deliverable pristine: ZERO conflict markers, ZERO dangling refs (all 25 _ext.set_X have a pybind entry, all 25 pybind tokens have a C++ def), clean working tree, no pending cherry-pick.

Folded all THREE proven-dead parallel removals onto BASE f19ac05b. Cherry-picks applied cleanly except the pybind functions[] line; resolved as UNION-OF-DELETIONS (BASE's prior set_bf16_blk2/set_gram3 drops PLUS W0's set_minv_blk2_max_n drop). KEY NOTE: brief's W0 SHA 83f22f16 contained ONLY the _BF16_BIGBATCH/_BF16_LARGEHI knob removal; the g_minv_blk2_max_n removal is its PARENT 9ba4ef93 -- folded BOTH per the brief's bundled W0 intent (cherry-picked 9ba4ef93 then 83f22f16).

W0: g_minv_blk2_max_n (set once to 400, never per-shape toggled) -> both read sites collapsed to n<=400, removed global/setter/_CPP_SRC decl/pybind/Python-call/comments; _BF16_BIGBATCH(==2 always)/_BF16_LARGEHI(==1 always) -> both dispatch gates collapsed, defs+os.environ.get+stale comment refs removed.
W2: comment-only -- removed orphaned 4-line MULTI-CTA m-SPLIT doc block + rewrote the build-light-prune note (dropped dead g_msplit/wsp_bf16_msplit refs). Stayed OFF the cGbar/cGpart/Gbar/Gpart m-split scratch per the concurrent-worker warning.
W3: removed _SMALL_HI's dead FP32-tail keys (wsp_pad/panel_cm2/minv_blk4 -- n=352 returns via _qr_small_bf16 BEFORE the tail) + dead consumer branches (else _SMALL_HI collapsed to 'if 64<n<=176: p=_SMALL_LO'; removed 'elif 176<n<=352').

All three are dead-code/comment/dispatch-only -> executed kernel set byte-identical to BASE, geomean delta is pure noise. Nothing left to fold: the only remaining removal in this region (m-split cGbar/cGpart scratch) is explicitly owned by a concurrent worker."
2026-06-20T10:33:27.197691,3,10,N/A,N/A,N/A,brief_start,N/A,"Small disjoint fold. BASE = your fold 6a4b3fdb (diff 6171: globals + comments + _SMALL_HI keys). Fold in W0's m-split dead-scratch removal 96828e48 (removed cGbar/cGpart static tensors + s3_numSM device-query + g_cap + the allocations + Gbar/Gpart pointers in blocked_qr_2level_bf16_indexed — all proven dead, consumer kernel gone). BASE still has that scratch (cGbar appears 5x), so this fold is purely additive — apply W0's deletion (the lines ~4032-4053 region) onto BASE. Should reach ~6154. The two changes are in different file regions (BASE's were globals/comments/config-dicts; this is the indexed-driver scratch), so minimal conflict. Build+validate(22+guards)+benchmark all 12; confirm n512 shapes 3/7/9/10 hold (W0 measured neutral, drops a hot-path cudaMalloc). ZERO conflict markers/dangling refs. Hold geomean within 1% of 1934us; deliverable pristine. Log diff_lines each iter; brief_stop with final SHA."
2026-06-20T10:39:57.987353,3,10,0,1919.472,6154,succeeded,e81a4e30bddfc1a36d4a8ff2f134c1773bc2b43f,"COMBINE brief-10: cherry-picked W0 96828e48 (m-split dead-scratch removal) onto BASE 6a4b3fdb CLEAN (disjoint regions, zero conflict markers). Removed exactly W0's 17 lines: cGbar/cGpart static tensors + 7-line comment, s3_numSM static + cudaGetDevice/cudaDeviceGetAttribute device query, g_cap + cGbar(zeros)/cGpart allocs (+2 comments), Gbar/Gpart data_ptr ptrs. VERIFIED ZERO dangling refs (cGbar/cGpart/s3_numSM/Gbar/Gpart/g_cap all grep-count 0). Consumer kernel was deleted with g_msplit; nsys confirms no msplit kernel in executed set. Build 29s, validation PASS (tests + diff-correctness 12x8 + invariance batch/fraction/position + kernelguard CLEAN), benchmark all 12 check:pass. geomean 1919.472us (floor 1934.431; -0.77% neutral within noise; also drops a per-realloc cudaMalloc+device-query on hot n512 path). n512 held: shape3=3635.96 shape7=5497.87 shape9=3284.22 shape10=3021.48. diff_lines 6154."
2026-06-20T10:40:22.737393,3,10,N/A,N/A,N/A,brief_stop,N/A,"Brief-10 COMBINE done in 1 iteration. Cherry-picked W0 96828e48 (m-split dead-scratch removal: cGbar/cGpart/s3_numSM/g_cap/Gbar/Gpart) onto BASE 6a4b3fdb CLEAN -- disjoint regions, zero conflicts. Result SHA e81a4e30. diff_lines=6154 (exactly expected: 6171-17). geomean 1919.472us vs 1934.431 floor (-0.77%, neutral within noise; drops a per-realloc cudaMalloc+device-attr-query on the hot n512 indexed path). All 12 shapes check:pass; n512 shapes 3/7/9/10 held (3635.96/5497.87/3284.22/3021.48, all <= W0's). Validation PASS (tests + diff-correctness 12x8 + invariance + kernelguard CLEAN). ZERO dangling refs (all 6 removed symbols grep-count 0), ZERO conflict markers, working tree clean, deliverable pristine. nsys profile saved (msplit kernel absent from executed set, confirming dead-code removal). Both W0+BASE parents now fully integrated -- brief exhausted, nothing further to fold. Suggest next: continued simplify on other proven-dead scratch/comment regions; this fold confirms the disjoint-region cherry-pick pattern is clean and low-risk."
2026-06-20T10:49:00.147212,3,10,1,1921.145,6114,succeeded,b6edd6e321a28665c5938b26530d9d9a0e9b4edb,"COMBINE brief-11: fold W2 ae32d380 stale-comment fixes (wsp_help/panel_cm2 rewrites + bf16 doc-block condense). Comment-only: comment-stripped _CUDA_SRC SHA unchanged from BASE; codegen byte-identical. diff_lines 6154->6114 (-40). geomean 1921.145us (+0.09% noise). 22 tests+invariance+diff-correctness+kernelguard PASS, 12 shapes."
2026-06-20T10:50:09.234098,3,10,N/A,N/A,N/A,brief_stop,N/A,"BRIEF 11 (COMBINE) DONE. Folded W2 (ae32d380) stale-comment fixes onto BASE e81a4e30 via clean cherry-pick (zero conflicts). Final commit b6edd6e321a28665c5938b26530d9d9a0e9b4edb. diff_lines=6114 (BASE 6154, -40, matches expected). CODEGEN BYTE-IDENTICAL: comment-stripped _CUDA_SRC/_CPP_SRC/_CUDA_LU_SRC/_CPP_LU_SRC SHA=ffba205abc8e1afde918e09c7aa663c49460b12fc9cb7b3e7f9bc589097d8598 == BASE. 3 comment-only hunks: g_wsp_help->live cm_coop_bf16 kernel; g_panel_cm2->live cmf_tmpl kernel; bf16 doc-block 40->4 lines. Zero dangling refs (all 7 deleted-kernel names now 0x). geomean=1921.145us (parent 1919.472, floor 1934, +0.09% noise). 22 tests + invariance + diff-correctness + kernelguard ALL PASS; 12 shapes benchmarked. Tree pristine. Brief exhausted (single COMBINE op, nothing further to explore)."
2026-06-20T10:55:52.122638,3,12,N/A,N/A,N/A,brief_start,N/A,"Final CLEAN-ROOM validation of the deepest deliverable (parent b6edd6e3, diff 6114 — the PR candidate). The fleet has heavily edited this; do one authoritative from-scratch confirmation: in a FRESH state (clean worktree at this commit), run build + validate (22 tests + invariance + diff-correctness + kernelguard) + benchmark all 12 shapes, all wrapped in autocuda run. Confirm: build OK, validation PASS with every guard clean, all 12 shapes check:pass, geomean within 1% of 1934us. This is the final pre-PR soundness gate on the canonical deliverable. NO code change — log diff_lines=6114 unchanged + linalg/qr_v2=<measured geomean>. If anything fails, that's critical — diagnose. GPU is contended; if benchmark queues, that's fine, just let it complete. brief_stop with the soundness verdict + measured geomean."
2026-06-20T11:00:48.832850,3,12,0,1922.330,6114,succeeded,b6edd6e321a28665c5938b26530d9d9a0e9b4edb,"CLEAN-ROOM soundness gate (brief 12, NO code change): fresh checkout at canonical b6edd6e3 (PR candidate, diff 6114). Build OK (BUILD_OK). Validate PASS: kernelguard CLEAN (low_confidence/should_filter=False, only benign HARDCODED_SHAPES low), 22/22 test shapes check:pass, diff_correctness_guard CLEAN (12 shapes x 8 inputs), invariance_guard CLEAN (batch+fraction+position sweeps). Benchmark all 12 shapes check:pass, geomean 1922.330us = 0.60% below 1934us target (within 1%), matches parent 1921.145us to within noise. PR-ready: sound."
2026-06-20T11:00:56.208338,3,12,N/A,N/A,N/A,brief_stop,N/A,"PR-ready: sound. Final clean-room soundness gate on canonical deliverable b6edd6e3 (diff_lines=6114) PASSED end-to-end with NO code change. Build OK. Validate PASS: ALL guards clean -- kernelguard CLEAN (low_confidence, should_filter=False; only benign HARDCODED_SHAPES low pattern), 22/22 test shapes check:pass, diff_correctness_guard CLEAN (12 shapes x 8 inputs each), invariance_guard CLEAN (batch+fraction+position sweeps all ok). Benchmark all 12 shapes check:pass, geomean linalg/qr_v2=1922.330us -- 0.60% below the 1934us target (within 1%) and within noise of the parent's 1921.145us. The deliverable is sound and PR-ready at b6edd6e3. No follow-up brief needed; recommend proceeding to PR."
2026-06-20T11:07:45.059422,3,14,N/A,N/A,N/A,brief_start,N/A,"Independent clean-room validation of the NEW deepest deliverable 1f0beffa (diff 6109, after W0 folded the build-light comment condensations onto b6edd6e3). Confirm from a fresh checkout: build OK, validate PASS (22 tests + invariance + diff-correctness + kernelguard all clean), benchmark all 12 shapes check:pass with geomean within 1% of 1934us. This re-certifies the latest comment-folded deliverable is still sound (the prior clean-room gate was on b6edd6e3; this confirms the 6109 comment-fold didn't break anything). NO code change. If sound, log succeeded with diff_lines=6109 + measured geomean + verdict PR-ready, then stop. If anything fails, diagnose. GPU contended — let benchmark queue if needed. Log --metric linalg/qr_v2=<geomean> --metric diff_lines=6109. brief_stop with the soundness verdict."
2026-06-20T11:12:38.049839,3,14,0,1932.644,6109,succeeded,1f0beffa043eed7c05a83d6db297d7bec5d4fde6,"CLEAN-ROOM VALIDATION (no code change) of NEW deepest deliverable 1f0beffa (diff 6109; b6edd6e3 + W0 build-light comment-fold). From fresh checkout: BUILD ok (BUILD_OK). VALIDATE PASS: kernelguard CLEAN (only low-conf HARDCODED_SHAPES, should_filter=False), all 22 test shapes status=pass + check=pass, diff_correctness_guard CLEAN (12 shapes x8 inputs), invariance_guard CLEAN (batch/fraction/position sweeps all ok). BENCHMARK check=pass all 12 shapes, geomean 1932.644us vs 1934.431 floor = -0.092% (within 1%). VERDICT PR-ready: sound -- the 6109 comment-fold did not break anything vs the prior b6edd6e3 (6114) gate."
2026-06-20T11:12:47.664578,3,14,N/A,N/A,N/A,brief_stop,N/A,"Brief 14 clean-room validation of 1f0beffa (diff_lines=6109) is SOUND -- PR-ready. Fresh checkout reproduced all gates: build OK; validate PASS with kernelguard CLEAN (only low-conf HARDCODED_SHAPES, not filtered), all 22 test shapes pass + check:pass, diff_correctness_guard CLEAN (12x8), invariance_guard CLEAN; benchmark check:pass on all 12 shapes, geomean 1932.644us vs the 1934.431 optimized floor = -0.092% (well within 1%, marginally faster). The 6109 comment-fold (W0's build-light comment condensations on b6edd6e3) did NOT break anything relative to the prior b6edd6e3=6114 clean-room gate. No code change made. Recommend 1f0beffa as the final PR-ready deliverable: it is the deepest valid simplification (6109 lines, ~30% smaller than the 8691-line optimized reference) holding the 1934us performance floor."
2026-06-20T11:16:22.780313,3,16,N/A,N/A,N/A,brief_start,N/A,"Final re-validation guardian of the canonical deliverable 26c8262e (diff 6108, = the validated 1f0beffa minus the dead QR_PRINT_SMEM probe; cubin byte-identical to the leaderboard-accepted b6edd6e3). Do ONE authoritative end-to-end confirmation on 26c8262e from a clean checkout: build OK, validate PASS (22 tests + invariance + diff-correctness + kernelguard all clean), benchmark all 12 shapes check:pass + geomean within 1% of 1934us. This certifies the probe-removal fold (the last code change) is sound. If sound: log succeeded diff_lines=6108 + measured geomean + verdict 'canonical deliverable PR-ready', stop. If any fail: diagnose (critical). NO further simplification — verification only. GPU contended; let benchmark queue. Log --metric linalg/qr_v2=<geomean> --metric diff_lines=6108. brief_stop with verdict."
2026-06-20T11:18:16.243727,3,16,N/A,N/A,N/A,brief_start,N/A,"Final re-validation guardian of the canonical deliverable 26c8262e (diff 6108, = the validated 1f0beffa minus the dead QR_PRINT_SMEM probe; cubin byte-identical to the leaderboard-accepted b6edd6e3). Do ONE authoritative end-to-end confirmation on 26c8262e from a clean checkout: build OK, validate PASS (22 tests + invariance + diff-correctness + kernelguard all clean), benchmark all 12 shapes check:pass + geomean within 1% of 1934us. This certifies the probe-removal fold (the last code change) is sound. If sound: log succeeded diff_lines=6108 + measured geomean + verdict 'canonical deliverable PR-ready', stop. If any fail: diagnose (critical). NO further simplification — verification only. GPU contended; let benchmark queue. Log --metric linalg/qr_v2=<geomean> --metric diff_lines=6108. brief_stop with verdict."
2026-06-20T11:22:15.841740,3,16,0,1922.071,6108,succeeded,26c8262ef19271994b415a93410f4d5f9b06e3a6,"FINAL RE-VALIDATION GUARDIAN (brief 16, NO code change) of canonical deliverable 26c8262e (diff_lines=6108 = validated 1f0beffa minus the dead QR_PRINT_SMEM probe). Confirmed the probe removal is a single unreachable getenv-gated fprintf(stderr) -- no QR_PRINT_SMEM/fprintf remains; executed code is unchanged (cubin-identical to leaderboard-accepted b6edd6e3, comment-stripped Python control-flow SHA byte-identical to b6edd6e3/1f0beffa). Clean checkout end-to-end: BUILD ok (BUILD_OK, cached). VALIDATE PASS: kernelguard CLEAN (should_filter=False; only benign low-conf HARDCODED_SHAPES), 22/22 test shapes status=pass + check=pass, diff_correctness_guard CLEAN (12 shapes x 8 distinct inputs), invariance_guard CLEAN (batch/fraction/position sweeps all ok). BENCHMARK all 12 shapes check=pass, geomean 1922.071us vs 1934.431 floor = -0.639% (within 1%, matches b6edd6e3=1922.330 to within noise). VERDICT: canonical deliverable PR-ready."
2026-06-20T11:22:27.736387,3,16,N/A,N/A,N/A,brief_stop,N/A,"CANONICAL DELIVERABLE PR-READY. Final re-validation guardian gate on 26c8262e (diff_lines=6108) PASSED end-to-end from a clean checkout with NO code change. The last fold (QR_PRINT_SMEM probe removal, 1f0beffa->26c8262e) is sound: it deleted a single unreachable getenv(""QR_PRINT_SMEM"")-gated fprintf(stderr) debug line -- executed code is identical to the leaderboard-accepted b6edd6e3 (verified: comment-stripped CUDA codegen differs only by that one removed dead fprintf; tokenized Python control-flow SHA byte-identical to b6edd6e3 and 1f0beffa). BUILD ok. VALIDATE PASS: kernelguard CLEAN (should_filter=False, only benign low-conf HARDCODED_SHAPES), 22/22 test shapes pass + check:pass, diff_correctness_guard CLEAN (12x8 distinct inputs), invariance_guard CLEAN (batch/fraction/position sweeps). BENCHMARK all 12 shapes check:pass, geomean linalg/qr_v2=1922.071us = -0.639% vs the 1934.431us optimized floor (within 1%; within noise of b6edd6e3=1922.330 and 1f0beffa=1932.644). RECOMMEND 26c8262e as THE final canonical PR commit: the deepest valid simplification (6108 lines, ~30% below the 8691-line optimized reference) holding the 1934us perf floor with all guards clean. Note: my original brief-13 COMBINE (fold W2 79cc96bc comment condensations) was superseded -- W0 already landed the equivalent build-light comment-fold as 1f0beffa (6109); brief-13's uncommitted comment edits were discarded when the worktree advanced to brief-16. No further simplification recommended; deliverable is final."
2026-06-20T11:23:33.856143,3,16,1,1919.946,6108,succeeded,5e3dc1e32ed00f4e617317c9928b35e30f305f49,"Final re-validation (brief-16, verification-only) of canonical deliverable 26c8262e from a clean checkout; tree byte-identical to 26c8262e (empty marker commit). build BUILD_OK. validate PASS: kernelguard CLEAN, 22/22 test shapes check:pass, diff_correctness CLEAN (12 shapes x 8 inputs), invariance CLEAN (batch/fraction/position sweeps). benchmark 12/12 shapes check:pass, geomean 1919.946us = -0.749% vs the 1934us optimized floor (within 1% tolerance, slightly faster). diff_lines 6108 (matches canonical target). The probe-removal fold (the last code change) is sound. Verdict: canonical deliverable PR-ready."
2026-06-20T11:23:43.271395,3,16,N/A,N/A,N/A,brief_stop,N/A,"SOUND -- canonical deliverable 26c8262e is PR-ready. One authoritative end-to-end confirmation from a clean checkout passed every gate: build BUILD_OK; validate PASS (kernelguard CLEAN, 22/22 test shapes check:pass, diff_correctness CLEAN over 12 shapes x 8 inputs, invariance CLEAN across batch/fraction/position sweeps); benchmark 12/12 shapes check:pass with geomean 1919.946us = -0.749% vs the 1934us optimized floor (within the 1% tolerance, marginally faster -- noise). diff_lines confirmed at 6108, matching the canonical target. The probe-removal fold (26c8262e = validated 1f0beffa minus the dead QR_PRINT_SMEM fprintf probe; cubin byte-identical to leaderboard-accepted b6edd6e3) is certified sound -- the last code change introduced no functional or performance regression. Logged on empty marker commit 5e3dc1e3 (tree byte-identical to 26c8262e). No further simplification attempted, per brief. Recommendation: ship 26c8262e as the PR."
2026-06-20T12:41:23.694149,3,17,N/A,N/A,N/A,brief_start,N/A,"BOLD STRUCTURAL REFACTOR: the two-level blocked-QR outer loop is reimplemented separately across _qr_bigbatch_two_level (n512), _qr_exact_2level (n1024/2048 FP32), and the bf16 large-n path — each repeats the OB-outer / IB-inner panel+apply+merge loop with per-regime tweaks. Extract ONE shared two-level loop (host C++ or Python orchestrator) parameterized by (OB,IB,prec,panel-variant,apply-variant), and route all three regimes through it. This collapses the triplicated blocked-QR control flow into a single structure. Preserve EXACT per-shape numerics ((H,tau) hashes) on n512/n1024/n2048, hold geomean within 1% of 1934us, guards pass. Profile the merge matmuls unchanged. Measure diff_lines each iter."
2026-06-20T13:20:16.346551,3,17,0,1923.060,6087,succeeded,34f5c081186f88449b1f5ebaef0003a5342a2022,"STRUCTURAL REFACTOR: extracted run_two_level_loop<T> -- ONE shared OB-outer/IB-inner panel->apply->merge loop -- and routed BOTH two-level regimes (exact-FP32 blocked_qr_2level and FP16-storage blocked_qr_2level_bf16_indexed) through it. The two functions each reimplemented the identical loop skeleton (block sizes, fold-OV gating, inner/outer rests, final-block break) with per-regime panel/apply tweaks; that bookkeeping now lives in ONE templated helper (callables as template params -> inlined, zero overhead). Routed FP32 first (build+validate PASS), then bf16 (PAF fusion -> try_fuse callable, rank-reveal ncap, indexed output preserved; build+validate PASS). BYTE-IDENTICAL proof: built parent ee18b340 in a fresh worktree and compared (H,tau) sha256 over shapes 3/4/5/7/8/9/10/11 -- ALL 16 hashes match EXACTLY. Merge matmuls + panel/apply kernels unchanged (nsys n512 confirms qr_panel_apply_fused/wsp_cm_ov/build_Minv_blk4/cutlass sgemm set intact). Validation PASS all 22 tests + invariance/fraction/position + diff-correctness guards. geomean 1923.06us (parent 1924.10, -0.05% noise; -0.59% under 1934 floor, within 1%). diff_lines 6087 (held flat -- the control-flow triplication is collapsed at zero diff cost)."
2026-06-20T13:37:29.457660,3,17,1,1923.689,6087,succeeded,34f5c081186f88449b1f5ebaef0003a5342a2022,"EXPERIMENT (REVERTED, not kept): also unify the Python bf16 ORCHESTRATOR. Added _qr_bf16_2level(Ac,ob,ib,cfg) -- the bf16 analog of _qr_exact_2level -- and made _qr_large_fp16 + _qr_small_bf16 thin cfg-building wrappers routing through it. Ran clean: build CACHED (ext hash UNCHANGED -> kernels byte-identical), validate PASS all 22 tests + guards, 12 shapes check:pass, geomean 1923.69us (within noise). BYTE-IDENTICAL re-verified: built parent ee18b340 fresh and compared (H,tau) sha256 over shapes 2/3/4/5/7/8/9/10/11 -- ALL match EXACTLY (the set_X are order-independent disjoint-global stores, and both regimes fully restore to defaults, so the union with no-op default-sets is state-identical). BUT it REGRESSED diff_lines 6087->6096 (+9): the two bf16 drivers carry too much regime-specific logic (single-level/cmf vs paf/inner_wmma) for a shared cfg function to be net-smaller -- the new ~63-line _qr_bf16_2level exceeds the wrapper savings. Per SIMPLIFY discipline (the W3 _LARGE_BASE precedent: reject indirection that grows the diff), REVERTED to the C++-loop-only deliverable 34f5c081. The C++ run_two_level_loop unification (the brief's named target -- the LOOP) stays; the Python orchestrators are config-glue, not control flow, and are already factored (_qr_exact_2level shares FP32). geomean held, diff_lines 6087 (flat)."
2026-06-20T13:38:41.480065,3,17,N/A,N/A,N/A,brief_stop,N/A,"BRIEF 17 (bold structural refactor: unify the triplicated two-level blocked-QR outer loop) DELIVERED. Final SHA 34f5c081; diff_lines 6087 (FLAT vs parent ee18b340 -- zero diff cost); geomean 1923.7us (parent 1924.1, -0.02% noise; -0.56% under the 1934 floor, within 1%); validation PASS all 22 tests + invariance/fraction/position + diff-correctness + kernelguard.

CORE STRUCTURAL WIN (kept, iter0 34f5c081): extracted run_two_level_loop<T> -- ONE shared OB-outer/IB-inner panel->apply->merge loop -- and routed BOTH C++ two-level loop functions through it. Before: blocked_qr_2level (exact FP32, n1024/2048 fallback + n512 bad-subset) and blocked_qr_2level_bf16_indexed (FP16-storage, n352 + n512-good + n1024/2048-FP16) each reimplemented the IDENTICAL nested-loop skeleton (block sizes, fold-OV gating, inner/outer rests, final-block break) with per-regime panel/apply tweaks. After: that bookkeeping lives in ONE templated helper; each regime supplies its panel/apply/build-outer-V/optional-fusion via callables (template params -> inlined, zero overhead). All THREE brief-named regimes now flow through this single loop (a grep confirms exactly one for(ko+=OB) nested loop in the file). Routed incrementally: FP32 first (build+validate PASS), then bf16 (PAF fusion -> try_fuse callable; rank-reveal ncap; indexed output preserved; build+validate PASS).

BYTE-IDENTICAL PROVEN (the brief's hard gate): built parent ee18b340 in a fresh worktree and compared (H,tau) sha256 over shapes 2/3/4/5/7/8/9/10/11 -- ALL match EXACTLY. The merge matmuls + panel/apply kernels are unchanged (nsys n512 B640 confirms the qr_panel_apply_fused/wsp_cm_ov/build_Minv_blk4/cutlass-sgemm/larft set intact). The refactor emits the identical kernel launches in the identical order with identical args, so numerics are provably unchanged.

REJECTED (iter1, reverted): also unifying the Python bf16 ORCHESTRATOR via _qr_bf16_2level (the bf16 analog of the existing _qr_exact_2level), making _qr_large_fp16 + _qr_small_bf16 thin cfg-wrappers. It was byte-identical (cached build, ext hash unchanged; (H,tau) re-verified over all 9 shapes; the set_X are order-independent disjoint-global stores + both regimes restore to defaults, so a no-op-default union is state-identical) AND passed all guards -- but it REGRESSED diff_lines 6087->6096 (+9): the two bf16 drivers carry too much disjoint regime logic (single-level/cmf vs paf/inner_wmma) for a shared cfg function to be net-smaller. Per SIMPLIFY discipline (the W3 _LARGE_BASE precedent -- reject indirection that grows the diff) I reverted; the Python orchestrators are config-glue (not the LOOP the brief targeted) and are already factored (_qr_exact_2level shares the FP32 callers).

OUT OF SCOPE (left untouched): the single-level blocked_qr loop (for k+=block) is a structurally-different control flow (one panel + one trailing apply per block, no inner/outer nesting) and the brief + prior notes flag it as distinct / other-worker territory.

SUGGESTIONS FOR NEXT BRIEFS: the two-level LOOP is now maximally unified (one structure, zero diff cost, byte-identical) -- this region is exhausted for loop-level collapse. Further structural levers elsewhere: (a) the two loop FUNCTIONS still have near-identical handle-setup (cublasCreate+SetMathMode) and scratch-cache-guard PATTERNS, but their smem-opt-in kernel lists + scratch types genuinely diverge per regime (a shared init helper would save only ~4 lines and add a param-heavy signature -- likely net-neutral, not worth it); (b) if a future brief wants to PUSH diff below parent here, the run_two_level_loop doc comment (~13 lines) could be trimmed, but I judged keeping the shared-abstraction contract documented worth more than ~6 diff_lines on a deliverable-lineage branch."
2026-06-20T13:40:35.365811,3,18,N/A,N/A,N/A,brief_start,N/A,"BOLD STRUCTURAL REFACTOR, continue on your branch (parent 34f5c081 — your run_two_level_loop<T> unification). Next target: the single-level blocked_qr loop (the n=176 path) is a SECOND distinct outer-loop structure. Investigate whether single-level QR can be expressed as a DEGENERATE case of your run_two_level_loop<T> (one outer block OB=n, or IB=block with a single outer iteration) — collapsing the two remaining QR loop structures into ONE. If the single-level panel/apply differ enough that forcing them through the two-level loop adds complexity rather than removing it, instead unify what IS shared (the scratch setup, the cuBLAS-handle/stream boilerplate, the H/tau output formatting that blocked_qr and blocked_qr_2level both replicate). Prove (H,tau) byte-identical on shape 1 (n=176) + all 12 vs your parent; geomean within 1% of 1934us; guards pass. NO library substitution. Commit + log diff_lines each iter; keep iterating until this region is maximally consolidated, then brief_stop."
2026-06-20T14:19:31.304172,3,18,0,1920.187,6088,succeeded,521f8ab44e14d14b9a66d32ba9501d7c224f0181,"STRUCTURAL: routed single-level blocked_qr through run_two_level_loop as the DEGENERATE two-level case (OB=n, IB=block, one outer block). The single-level k-loop was the SECOND distinct outer-loop structure in the file; it is now GONE -- all THREE QR regimes (single-level n=176, two-level FP32, two-level bf16) flow through ONE for(ko+=OB) loop. With OB=n the outer block covers all columns so outer_rest==0: build_outer_V + the outer apply never run, ov_panel=false, indexed_out=false, Vop_base=nullptr, try_fuse=false; the inner sub-panels ARE the single-level panels. run_panel = the single-level cmf panel; apply_trailing = the single-level S/W/build_Minv(blk4|blk2 on g_minv_blk4/g_minv_nt_sl)/Y/(C-=VY) sequence (NOT apply_block_reflector -- that uses g_minv_2lev_nlev/g_minv_nt and would give nlev=1 not the n=176 champion's nlev=2, breaking byte-identicality). The dead bfit/smem_path cap was dropped (b=60 always fits smem on n=176). BYTE-IDENTICAL: built parent 34f5c081 in a fresh worktree and sha256-compared (H,tau) over ALL 12 bench shapes incl shape 1 (n=176) -- ALL match EXACTLY. Validation PASS all 22 tests + invariance + diff-correctness + kernelguard. nsys n=176 confirms the cmf panel + build_Minv_rblk_gen + trailing GEMM set intact. geomean 1920.19us (parent 1923.69, within noise; -0.74% under 1934 floor). diff_lines 6087->6088 (+1, structural consolidation at near-zero diff cost; the brief's primary goal -- collapse the two QR loop structures into ONE -- achieved byte-identical)."
2026-06-20T14:21:28.337196,3,18,N/A,N/A,N/A,brief_stop,N/A,"BRIEF 18 DELIVERED (collapse the single-level blocked_qr loop -- the SECOND distinct outer-loop structure -- into run_two_level_loop). 1 keeper; HEAD=521f8ab44e14d14b9a66d32ba9501d7c224f0181; diff_lines 6087->6088 (+1, structural consolidation at near-zero diff cost); geomean 1920.19us (parent 1923.69, within noise; -0.74% under the 1934 floor, within 1%); validation PASS all 22 tests + invariance/fraction/position + diff-correctness + kernelguard.

CORE STRUCTURAL WIN (iter0 521f8ab4): single-level QR IS the DEGENERATE two-level case -- ONE outer block (OB=n) whose IB-wide inner sub-panels ARE the single-level panels. Routed blocked_qr through run_two_level_loop<float>(n, OB=n, IB=block, ncap=n, ov_panel=false, indexed_out=false, Vop_base=nullptr, ...). With OB=n the single outer block covers all columns, so outer_rest==0: build_outer_V and the outer apply never run, and the inner loop walks EXACTLY the old single-level k-loop (inner panel + within-block trailing). run_panel callable = the single-level cmf panel; apply_trailing callable = the single-level S/W/build_Minv/Y/(C-=VY) sequence. The old dead bfit/smem_path block cap was dropped (b=60 always fits smem on the only live single-level shape n=176). RESULT: the single-level for(k+=block) loop is GONE -- a grep finds exactly ONE for(ko+=OB) QR blocking-loop nest, and all THREE regimes (single-level n=176, two-level FP32, two-level bf16) now flow through that one structure.

BYTE-IDENTICAL PROVEN (the brief's hard gate): built parent 34f5c081 in a fresh worktree and sha256-compared (H,tau) over ALL 12 benchmark shapes incl shape 1 (n=176) -- ALL 24 hashes match EXACTLY. (Harness pre-verified deterministic: my unchanged branch reproduced the parent hashes bit-for-bit first.) nsys n=176 confirms the executed kernel set is intact (panel_factor_smem_wsp_cmf_tmpl<32,6,float> + build_Minv_rblk_gen + the trailing GEMMs) -- pure structural change, kernels byte-identical.

KEY DESIGN POINT (why apply_trailing is the single-level inline math, NOT apply_block_reflector): single-level n=176 uses build_Minv via g_minv_blk4=2 -> rblk_gen with nlev=2 and g_minv_nt_sl threads. apply_block_reflector (the two-level FP32 apply) uses g_minv_2lev_nlev (=1 by default, only set to 2 inside set_n512_good_flags) and g_minv_nt. So apply_block_reflector would give nlev=1, a DIFFERENT FP32 reassociation -> not byte-identical. The single-level apply genuinely needs its own dispatch, exactly as the brief anticipated ('the single-level panel/apply path is genuinely different'). Keeping it as the lambda preserves byte-identicality.

CONSIDERED AND REJECTED (the brief's secondary lever -- shared setup helpers): blocked_qr and blocked_qr_2level still replicate (a) the cublasCreate+SetMathMode handle setup, (b) the scratch-cache pattern, (c) the H/tau clone+empty. But each is only ~5 lines of trivial boilerplate with real per-regime divergence: the smem-opt-in kernel lists differ (cmf vs raw/pipe/fnorm), the scratch shapes/keys differ (block vs OB, plus the two-level cVo2 outer-V buffer gated on g_ov_fold and the g_no_splitk workspace), and the bf16 function can't share H (indexed/BF16). A shared H/tau helper needs a 5-tuple return (H,tau,B,n,opts); a shared scratch helper needs a param-heavy 5-6-ref signature with an optional buffer. Both ADD indirection on the hot deliverable for ~3-5 negative-to-neutral lines -- exactly the _LARGE_BASE-style obfuscation SIMPLIFY rejects (and my brief-17 stop already judged net-neutral). Left inline.

REGION EXHAUSTED for loop-level collapse: the QR-loop region is now maximally consolidated (one structure, byte-identical, +1 diff line). The two FP32 entry functions (blocked_qr single-level, blocked_qr_2level two-level) are appropriately distinct after the loop merge -- forcing them into one flag-driven function would be branch-heavy and add complexity. SUGGESTIONS FOR NEXT BRIEFS: (a) for diff reduction, point elsewhere -- the loop region has no clean proven-dead symbols or safe structural collapses left; (b) if a future brief wants to push diff below parent here, the run_two_level_loop doc comment (~13 lines) or the per-lambda comments could be trimmed, but I judged keeping the shared-abstraction contract + the byte-identical-reasoning comments documented worth more than a few diff_lines on a deliverable-lineage branch."
2026-06-20T14:31:46.814334,3,19,N/A,N/A,N/A,brief_start,N/A,"BOLD STRUCTURAL REFACTOR, continue on your branch (parent 521f8ab4 — all 3 QR loops now flow through run_two_level_loop). Two cross-cutting targets: (1) SCRATCH UNIFICATION: each QR path still allocates its own V/S/W/Y/M-inverse/build_Minv scratch with near-identical torch::empty/_scratch_like patterns + cuBLAS handle/stream setup; now that the loop is unified, extract a shared scratch-allocation + handle-setup helper the run_two_level_loop callers share. (2) EXTENSION MERGE investigation: the file builds TWO separate load_inline extensions (_compile_ext main + _compile_lu for the n4096 LU/orhr). Investigate whether they can merge into ONE load_inline (one _CUDA_SRC + one _CPP_SRC + one pybind) — eliminating the duplicated build scaffolding, the second _CPP_SRC/_CUDA_LU_SRC harness, and the _get_lu indirection. If the LU ext must stay separate (compile-time or include reasons), unify the duplicated build/compile boilerplate instead. Prove (H,tau) byte-identical all 12 shapes vs parent; geomean within 1% of 1934us; guards pass. NO library substitution. Commit + log diff_lines each iter; keep iterating, then brief_stop. Avoid backticks in log text."
2026-06-20T14:47:39.171921,3,19,0,1925.689,6097,succeeded,e9663ea5ecb6636c74212c8350d6b6be26d1e664,"TARGET 1 (handle/setup unification), structural prep. Extracted 2 shared helpers from the 3 run_two_level_loop drivers: qr_make_tf32_handle (cublasCreate+SetMathMode TF32, byte-identical across all 3) and qr_probe_smem_optin (the identical cudaGetDevice/GetAttribute/walk-down-1KB probe-loop skeleton; each driver passes a lambda doing its own cudaFuncSetAttribute kernel checks). Handles deliberately kept per-driver (blocked_qr_2level toggles split-K workspace under g_no_splitk). Byte-identical (H,tau) all 12 shapes vs parent. Validation PASS (22 tests + invariance + diff-correctness + kernelguard CLEAN). geomean 1925.69us (parent 1926.18, within noise). diff_lines 6088->6097 (+9: verbose helper comments outweigh removed boilerplate -- will trim next)."
2026-06-20T14:54:03.652235,3,19,1,1933.081,6092,succeeded,4497408b753323c13deffd9385ca087920f1dc1c,"Comment-only trim of the iter0 helper docstrings (CUDA-source comments; nvcc strips them so cubin unchanged). Byte-identical (H,tau) all 12 shapes. Validation PASS all guards. geomean 1933.08us (within noise of 1934 floor). diff_lines 6097->6092 (-5). NET vs parent 6088: +4 -- the DRY handle/probe refactor is structurally cleaner (removes 3x duplicated boilerplate) but ~break-even on line count because the 3 per-site probe lambdas cost back what the loop-skeleton extraction saved. Pivoting to target 2 (extension merge) which can DELETE the duplicated build scaffolding for a real diff_lines win."
2026-06-20T15:08:04.569777,3,19,2,1923.430,6082,succeeded,4b6b8c1f5a6e44e57b5cafe5ed7c918e403dd5c8,"TARGET 2: extension-merge investigation. REJECTED merge on compile-time: measured t_ext~=t_lu~=28s each; the ThreadPoolExecutor(2) overlaps them (each ninja releases GIL) so cold wall=max~=28s, but a single merged TU compiles serially ~=56s (2x build regression). Confirmed zero symbol collisions (no shared kernels/host-fns/g_-globals/macros), so merge is feasible but not worth 2x build. INSTEAD unified the build boilerplate (brief's fallback): extracted _compile_qr(name,cpp,cuda,functions,ldflags) shared load_inline wrapper (both _compile_ext+_compile_lu one-line through it), removed standalone _cuda_cflags(), removed _get_lu() pure-passthrough indirection (4 sites lu=_get_lu()->lu=_lu, consistent with direct _ext refs), condensed split parallel-build comment. CUDA text + flags unchanged -> cubins byte-identical. (H,tau) byte-identical all 12 shapes. Validation PASS all guards. geomean 1923.43us (within noise). diff_lines 6092->6082 (-10; net -6 vs parent 6088)."
2026-06-20T15:18:54.855722,3,19,3,1936.426,6090,succeeded,e90080e03bbec83c44a5f8247350d256ee1c0cb7,"TARGET 1 (scratch unification, V/S/W/Y half). Extracted qr_alloc_vtswy(B,n,w,opts,V,T,S,W,Y) -- the 5 identical FP32 trailing-update torch::empty (V=(B,n,w),T/S=(B,w,w),W/Y=(B,w,n)) shared by blocked_qr (w=block) + blocked_qr_2level (w=OB). Both call it inside their existing per-(B,n,w) cache guard; caching statics stay per-driver (never share storage). Kept cVo2 (g_ov_fold-gated outer-V) inline + bf16 driver's mixed-dtype scratch untouched (genuinely differ). Byte-identical allocation -> (H,tau) byte-identical all 12 shapes. Validation PASS all guards. geomean 1936.43us (+0.13% vs 1934 floor, within noise). diff_lines 6082->6090 (+8: 16-line helper outweighs the 8 removed empties -- will trim comment next)."
2026-06-20T15:25:40.972798,3,19,4,1922.493,6087,succeeded,9f37407b54ae2ff3b3d7e9ffacaffac302c539a0,"Comment-only trim of qr_alloc_vtswy docstring (CUDA comment; cubin unchanged). Byte-identical (H,tau) all 12 shapes. Validation PASS all guards. geomean 1922.49us (within noise). diff_lines 6090->6087 (-3; now -1 vs parent 6088). CUMULATIVE brief-19 state: both targets delivered -- handle/probe-loop + V/S/W/Y scratch unified into 3 shared helpers (qr_make_tf32_handle, qr_probe_smem_optin, qr_alloc_vtswy); extension-merge investigated+rejected (2x build), build boilerplate unified (_compile_qr, _get_lu removed). Net diff -1 with substantial duplication removed across all 3 run_two_level_loop drivers + the build scaffolding."
2026-06-20T15:35:31.458886,3,19,N/A,N/A,N/A,brief_stop,N/A,"BRIEF 19 DELIVERED (bold structural refactor: scratch/handle unification + extension-merge investigation). Final HEAD=9f37407b; 5 commits on parent 521f8ab4. diff_lines 6088->6087 (-1 net); geomean held 1922-1936us across iters (within 1pct of the 1934 floor, within noise); (H,tau) sha256 BYTE-IDENTICAL all 12 benchmark shapes every iteration; validation PASS (22 tests + invariance + diff-correctness + kernelguard CLEAN) every iter.

TARGET 1 (scratch + handle-setup unification) DONE. The 3 run_two_level_loop drivers (blocked_qr single-level, blocked_qr_2level FP32, blocked_qr_2level_bf16_indexed) each opened with near-identical setup; extracted 3 shared C++ helpers placed beside ceildiv: qr_make_tf32_handle() (cublasCreate+SetMathMode TF32, byte-identical across all 3), qr_probe_smem_optin(probe) (the identical cudaGetDevice/GetAttribute/walk-down-1KB smem-opt-in loop skeleton; each driver passes a lambda doing its own cudaFuncSetAttribute kernel checks -- the ONLY genuinely-differing part), and qr_alloc_vtswy(B,n,w,opts,V,T,S,W,Y) (the 5 identical FP32 V/T/S/W/Y torch::empty shared by the 2 FP32 drivers, w=block vs OB). KEPT PER-SITE (genuinely differ): the 3 cublasHandle_t statics are NOT shared (blocked_qr_2level toggles split-K workspace under g_no_splitk, which must not perturb the others' GEMM kernel pick -- sharing would risk byte-changes); the conditional outer-V buffer cVo2; the bf16 driver's mixed-dtype scratch (bf16 V/Y + FP32 S/T/W + bf16 W/M).

TARGET 2 (extension merge) INVESTIGATED + REJECTED on compile-time grounds (the brief's escape hatch). Measured each TU in isolation: t_ext ~= t_lu ~= 28s (sm_100 -O3). The two load_inline extensions are deliberately built CONCURRENTLY in ThreadPoolExecutor(2) (each ninja subprocess releases the GIL) so the cold wall is max ~= 28s; a single merged TU compiles SERIALLY ~= 56s = a 2x build regression. Confirmed the merge is FEASIBLE (zero shared __global__ kernels / host fns / g_-globals / macros between the two sources) but not worth 2x build. INSTEAD did the fallback: unified the duplicated build boilerplate -- extracted _compile_qr(name,cpp,cuda,functions,ldflags) shared load_inline wrapper (both _compile_ext+_compile_lu one-line through it), removed the standalone _cuda_cflags() helper, removed the _get_lu() pure-passthrough indirection (4 sites lu=_get_lu()->lu=_lu, now consistent with how _ext is referenced directly). This was the only NET diff reduction (-10 in that iter).

W5 COORDINATION HONORED: touched ONLY build/compile scaffolding + the C++ driver setup in _CUDA_SRC -- did NOT touch any _CUDA_LU_SRC kernel body (W5's territory). The _compile_lu change is pybind/build glue only.

WHY NET DIFF IS ONLY -1: the DRY helper extractions (handle/probe/scratch) are inherently ~line-neutral (inline lines traded for helper-def + call-site lines); their value is structural (eliminating triplicated/duplicated boilerplate across all 3 drivers), not line count. The large line-delete opportunity (merge the 2 extensions -> delete the second ~850-line harness) was correctly rejected to avoid the 2x build regression.

SUGGESTIONS for next brief: (a) the per-driver 'static cublasHandle_t handle=nullptr; static int smem_limit=0; if(handle==nullptr){...build_Minv opt-in...}' wrapper could fold into a qr_init_driver(handle&,smem_limit&,probe,opt_blk4) helper, but it's ~break-even on lines and adds by-ref-static complexity -- low value. (b) The genuine remaining diff_lines headroom is NOT in this region; recommend pointing workers at the larger kernel-zoo or the n512 dispatch tables. (c) The build-time finding (merge=2x) is now documented in-code at the ThreadPoolExecutor + as a don't-retry note -- no worker should re-attempt the merge."
2026-06-20T16:00:32.272346,3,19,5,1923.925,6076,succeeded,6155badda2ef6dd4003267adcd2809213bacdebb,"GEMM-wrapper dedup step 1: merged mm1g into mm3g. mm1g body was byte-identical to mm3g (same cublasSgemmStridedBatched marshaling, same g_prec==0 DEFAULT/TF32 bracketing). Repointed its 2 callers (g_prec==1 W-step in both FP32 apply paths) to mm3g, deleted wrapper. qr 1923.925us (parent 1922.493, +0.07pct, within 1pct). diff_lines 6087->6076 (-11). (H,tau) BYTE-IDENTICAL all 12 benchmark shapes vs parent 9f37407b via bytecheck oracle (torch.equal). Validate PASS incl invariance + diff-correctness guards."
2026-06-20T16:16:41.006385,3,19,6,1930.023,6079,succeeded,c9b634b6932f9db169198fb873d2b77e92b15a44,"FP32 marshaling fold complete + comment trim. mm3g/mm1_tf32_inplace/mm_S_tf32 now share mm_fp32_strided core (3-line arg setup + the one cublasSgemmStridedBatched); wrappers keep only their distinct math-mode bracketing. diff_lines 6076->6079 (+3 vs iter1: the core+comment slightly outweighs the saved marshaling lines, but it is the structural fold the brief asked for and prepares the same pattern for BF16). (H,tau) BYTE-IDENTICAL all 12 shapes vs parent 9f37407b. qr 1930.023us (within 1pct of 1922.493). Validate PASS incl guards."
2026-06-20T16:18:56.816687,3,21,N/A,N/A,N/A,brief_start,N/A,"BOLD STRUCTURAL REFACTOR off the NEW canonical combine (parent 041d4dee, diff 5635 — the merged deepest of all 6 regions). Your prior brief-20 agent never started; work on the combine directly so your refactor deepens the canonical. Target the GEMM-wrapper family the unified run_two_level_loop calls: mm3g/mm3/mmb/mm_S_tf32/mmb_S/mmb_Y/mm1g and the cublasSgemmStridedBatched / cublasGemmStridedBatchedEx call sites — fold the shared arg-marshaling (transpose/alpha-beta/stride/dtype setup) around each cuBLAS call into a smaller set of typed helpers. RESPECT the irreducible Sgemm-vs-GemmEx API split (W1 proved that boundary). Prove (H,tau) byte-identical all 12 shapes vs the combine 041d4dee (bytecheck oracle); geomean within 1% of 1934us; 22 tests + guards clean. NO library substitution. FENCE: do NOT touch _CUDA_LU_SRC kernels (W5) or n512 _indexed kernels (W4). COMMIT each iter before next. Log diff_lines each iter; keep iterating, then brief_stop. Avoid backticks in log text."
2026-06-20T16:25:34.968372,3,21,N/A,N/A,N/A,brief_start,N/A,"BOLD STRUCTURAL REFACTOR off the NEW canonical combine (parent 041d4dee, diff 5635 — the merged deepest of all 6 regions). Your prior brief-20 agent never started; work on the combine directly so your refactor deepens the canonical. Target the GEMM-wrapper family the unified run_two_level_loop calls: mm3g/mm3/mmb/mm_S_tf32/mmb_S/mmb_Y/mm1g and the cublasSgemmStridedBatched / cublasGemmStridedBatchedEx call sites — fold the shared arg-marshaling (transpose/alpha-beta/stride/dtype setup) around each cuBLAS call into a smaller set of typed helpers. RESPECT the irreducible Sgemm-vs-GemmEx API split (W1 proved that boundary). Prove (H,tau) byte-identical all 12 shapes vs the combine 041d4dee (bytecheck oracle); geomean within 1% of 1934us; 22 tests + guards clean. NO library substitution. FENCE: do NOT touch _CUDA_LU_SRC kernels (W5) or n512 _indexed kernels (W4). COMMIT each iter before next. Log diff_lines each iter; keep iterating, then brief_stop. Avoid backticks in log text."
2026-06-20T16:30:47.994146,3,21,0,1928.530,5624,succeeded,500a85ba469ab5456aa7963328afa5b81cfaf7b8,"SIMPLIFY iter0: merged mm1g into mm3g (byte-identical FP32 strided-GEMM marshaler). mm1g body was byte-for-byte mm3g; deleted def, redirected 2 call sites, fixed dangling doc refs. diff_lines 5635->5624 (-11). (H,tau) byte-identical all 12 benchmark shapes vs combine 041d4dee (sha256 oracle). geomean 1928.5us vs 1934 floor (-0.3pct, noise). 22 tests + invariance guard PASS."
2026-06-20T16:38:49.707866,3,21,N/A,N/A,N/A,brief_start,N/A,"BOLD STRUCTURAL REFACTOR off the NEW canonical combine (parent 041d4dee, diff 5635 — the merged deepest of all 6 regions). Your prior brief-20 agent never started; work on the combine directly so your refactor deepens the canonical. Target the GEMM-wrapper family the unified run_two_level_loop calls: mm3g/mm3/mmb/mm_S_tf32/mmb_S/mmb_Y/mm1g and the cublasSgemmStridedBatched / cublasGemmStridedBatchedEx call sites — fold the shared arg-marshaling (transpose/alpha-beta/stride/dtype setup) around each cuBLAS call into a smaller set of typed helpers. RESPECT the irreducible Sgemm-vs-GemmEx API split (W1 proved that boundary). Prove (H,tau) byte-identical all 12 shapes vs the combine 041d4dee (bytecheck oracle); geomean within 1% of 1934us; 22 tests + guards clean. NO library substitution. FENCE: do NOT touch _CUDA_LU_SRC kernels (W5) or n512 _indexed kernels (W4). COMMIT each iter before next. Log diff_lines each iter; keep iterating, then brief_stop. Avoid backticks in log text."
2026-06-20T16:38:52.641197,3,21,N/A,N/A,N/A,brief_stop,N/A,"STOPPING DUE TO DUPLICATE-AGENT-3 COLLISION. A second agent-3 process is actively executing brief-21 on the SAME worktree+branch: it committed iter0 500a85ba (mm1g merge, diff 5624) at 16:30 and is mid-benchmark now (gpu locks churning at 16:38). The brief-21 branch ref is ping-ponging via git reset between our two init-brief calls (reflog: commit 500a85ba -> reset 041d4dee -> reset 500a85ba); every edit I make is wiped by the other worker's reset, so I cannot safely iterate. I made 3 GEMM-wrapper edits (extract mm_fp32_strided core; route mm3g/mm1_tf32_inplace/mm_S_tf32 through it) and they were each reverted before commit. WORK PRESERVED: my brief-20 branch holds 3 clean committed iterations toward this exact objective vs parent 9f37407b -- 6155badd (merge mm1g into mm3g, diff 6076), 7d8260e2 (extract mm_fp32_strided FP32 marshaling core), c9b634b6 (comment trim, diff 6079) -- all proven (H,tau) BYTE-IDENTICAL all 12 shapes via bytecheck oracle, validate PASS incl invariance + diff-correctness guards, qr within 0.4pct of parent. RESOLUTION NEEDED: kill one of the two agent-3 workers before relaunching, or reassign agent-id. REMAINING OBJECTIVE for whoever owns brief-21: the BF16 family (mmb_S/mmb_Y fold into the mmb GemmEx core -- both are fixed-arg cases: mmb_S tA=true CUDA_R_32F, mmb_Y tA=false CUDA_R_16F; I proved both byte-identical on the brief-20 lineage). The 3 drivers do NOT share pre/post-loop structure cleanly (FP32 writes R during the panel; BF16 needs a post-loop above-panel R fill) -- not worth forcing. Avoid further FP32-core comment verbosity: the extraction is ~+3 diff_lines vs the bare mm1g merge, so keep its comments minimal."
2026-06-20T16:50:51.122161,3,21,1,1929.416,5623,succeeded,3185b47aa6e78d9d8e4a6215d1925344175e1959,"Fold mmb_S + mmb_Y into the shared mmb GemmEx marshaler. Both open-coded cublasGemmStridedBatchedEx sites (S=V^T V Gram, Y=M W) now route through the one mmb marshaler, leaving exactly two irreducible cuBLAS entry points (one Sgemm via mm_fp32_strided, one GemmEx via mmb). Byte-identical (H,tau) all 12 shapes vs canonical combine 041d4dee (bytecheck oracle, 12/12). geomean 1929.4us (within 0.3pct of 1934 floor); 19 tests + invariance + diff-correctness + kernelguard clean. diff_lines 5623."
2026-06-20T17:04:28.759854,3,21,2,1930.657,5621,succeeded,11cc29d7c97a2817e74d43b32f36f673f0728ef8,"Extract mm_tf32_strided: shared TF32-bracket (set TF32 / run mm_fp32_strided / restore DEFAULT when g_prec==0) for mm_S_tf32 + mm1_tf32_inplace, which duplicated it. mm_S_tf32 now restores too, but the next W-step GEMM always re-sets the math mode so byte-identical to the former no-restore form (oracle confirms). Trimmed GemmEx-wrapper comments. Byte-identical (H,tau) all 12 shapes vs 041d4dee (12/12). geomean 1930.7us; 19 tests + invariance + diff-correctness + kernelguard clean. diff_lines 5621."
2026-06-20T17:06:48.547948,3,21,N/A,N/A,N/A,brief_stop,N/A,"Brief 21 (resumed) GEMM-wrapper dedup EXHAUSTED. 3 iters, all byte-identical (H,tau) all 12 shapes vs canonical combine 041d4dee (bytecheck oracle 12/12), validate + invariance + diff-correctness + kernelguard clean each, geomean 1929-1931us (within 0.3pct of 1934 floor). diff_lines 5624 (it0) -> 5621 (HEAD 11cc29d7). The _CUDA_SRC mm-family is now fully collapsed to exactly TWO irreducible cuBLAS entry points: mm_fp32_strided (one cublasSgemmStridedBatched; wrappers mm3g/mm3/mm_S_tf32/mm1_tf32_inplace via the new mm_tf32_strided TF32-bracket) and mmb (one cublasGemmStridedBatchedEx; wrappers mmb_S/mmb_Y folded in). it1 folded mmb_S+mmb_Y into mmb; it2 extracted mm_tf32_strided shared by mm_S_tf32+mm1_tf32_inplace (mm_S_tf32 now restores DEFAULT but the next W-step GEMM always re-sets math mode -> byte-identical, oracle-confirmed). The W1 Sgemm-vs-GemmEx boundary is respected. NOT done: the 3 driver functions pre/post-loop R-fill is entangled with W4 fenced n512 _indexed kernels (fill_R_n512_ob64_ib16_indexed_kernel) so its dispatch was left untouched per fence; and the _CUDA_LU_SRC BKL(cublasSgemmStridedBatched) sites (lines 4420-4757) are W5 fenced. SUGGEST next brief: target the driver-function scratch-caching / handle-init / no-splitk-workspace boilerplate (shared init_qr_cublas_handle exists; the per-driver cache+workspace setup still duplicates) which is NOT fenced, or hand W4 the n512-indexed R-fill consolidation since they own that kernel."
2026-06-20T17:08:35.537920,3,22,N/A,N/A,N/A,brief_start,N/A,"BOLD STRUCTURAL REFACTOR off the canonical b9219078 (diff 5534 — the deepest 3rd-gen combine; work here deepens the canonical directly). You exhausted the GEMM-wrapper family (collapsed to the 2 irreducible cuBLAS entry points — excellent; that GEMM dedup will be folded into the canonical separately). New target you flagged: the per-driver SCRATCH-CACHE + no-splitk-workspace setup boilerplate. init_qr_cublas_handle exists, but the surrounding setup still duplicates across the 3 run_two_level_loop drivers + blocked_qr: the static buffer-cache keyed by (B,n,...) torch::empty patterns, the g_no_splitk workspace alloc/restore, the stream setup. Extract the shared scratch-cache + workspace setup into a helper (keep per-site allocation that genuinely differs; no unused params). Prove (H,tau) byte-identical all 12 shapes vs b9219078 (bytecheck oracle); use BOTH the 12-shape check AND the full invariance guard (B=1280) as gates (host-side scratch is lower-risk than kernel SASS, but verify). geomean within 1% of 1934us. NO library substitution. FENCE: _CUDA_LU_SRC (W5), n512 _indexed kernels (W4), conversion-kernel + panel leaf idioms (W0). COMMIT each iter before next. Log diff_lines each iter; keep iterating, then brief_stop. Avoid backticks in log text."
2026-06-20T17:46:28.159414,3,22,0,1931.285,5530,succeeded,7905fc8e2748719f2b175363fbb4d2f6264ccd0c,"SIMPLIFY iter0: extract alloc_vtswy_fp32 -- the FP32 V/T/S/W/Y band-scratch allocation shared by blocked_qr (single-level degenerate) + blocked_qr_2level. Both sites had byte-identical empty() shapes (W=block/OB). Also condensed blocked_qr redundant cuBLAS-handle comment (rationale lives at init_qr_cublas_handle). Byte-identical (H,tau) 12/12 oracle + 224/224 B=1280 invariance probe vs parent b9219078 (the lone transient n512/mixed/c1/b1280 flicker is documented split-K run-to-run nondeterminism, stable across 3 reruns, matches golden). validate PASS incl functional invariance guard. geomean 1931.3us within 0.2pct of 1928 floor. diff_lines 5534->5530."
2026-06-20T18:11:49.829366,3,22,1,1927.798,5518,succeeded,d90d39d8c3e4d09a23eebab517331b2ff3707b54,"SIMPLIFY iter1: fold the build_Minv smem opt-in into init_qr_cublas_handle. The 3 blocked-QR launchers each ran a post-init build_Minv opt-in block (rblk_gen for all; blk4 for single-level + BF16, not the FP32 two-level). Folded into init_qr_cublas_handle via a want_blk4 bool -- helper opts rblk_gen always + blk4 when want_blk4, right after fixing smem_limit, before returning true. Same opt-ins, same first-call-only timing; the opt-in only sets a launch smem cap, never kernel selection or numerics. Removed 3 post-init blocks; condensed BF16 cache comment. Byte-identical (H,tau) 12/12 oracle + 224/224 invariance probe vs b9219078 (lone n512/mixed/c1/b1280 flicker is documented split-K run-to-run nondeterminism: stable across 5 isolated runs matching golden). validate PASS incl functional invariance guard. geomean 1927.8us within 0.05pct of floor. diff_lines 5530->5518."
2026-06-20T18:23:20.933177,3,22,2,1929.532,5514,succeeded,ec0583835f8451cdab171e2901c4ac1536e74ed9,"SIMPLIFY iter2: condense the g_no_splitk workspace setup/restore comments. The blocked_qr_2level inline g_no_splitk setup comment (7 lines) duplicated the master rationale at g_no_splitk decl; condensed to 4-line summary pointing there. Trimmed the 2-line restore comment to 1. Comment-only -- no code touched. Byte-identical (H,tau) 12/12 oracle + 224/224 invariance probe vs b9219078. validate PASS incl functional invariance guard. geomean 1929.5us within 0.07pct of floor. diff_lines 5518->5514."
2026-06-20T18:26:06.759028,3,22,N/A,N/A,N/A,brief_stop,N/A,"Brief 22 SCRATCH-CACHE + workspace-setup refactor EXHAUSTED. 3 iters, all byte-identical (H,tau) 12/12 oracle + 224/224 B=1280 invariance probe vs parent b9219078, validate PASS incl functional invariance guard each, geomean 1928-1930us (within 0.1pct of the 1928 floor / 1pct of 1934). diff_lines 5534 -> 5514 (-20). HEAD ec058383.

WHAT WORKED (the brief's named targets): (it0) Extracted alloc_vtswy_fp32 -- the FP32 V/T/S/W/Y band-scratch torch::empty quintet shared byte-for-byte by blocked_qr (single-level degenerate) + blocked_qr_2level (W=block/OB). (it1, the biggest structural win, -12) Folded the per-driver build_Minv smem opt-in into init_qr_cublas_handle via a want_blk4 bool: the helper now opts rblk_gen always + blk4 when want_blk4 (true for single-level + BF16, false for the FP32 two-level which never dispatches blk4), removing the 3 post-init opt-in blocks. Same opt-ins, same first-call-only timing -- the opt-in only sets a launch smem cap, never kernel selection or numerics. (it2) Condensed the g_no_splitk workspace setup/restore comments (the inline block duplicated the master rationale at g_no_splitk decl). NO unused params on any helper.

KERNEL-MIX UNCHANGED: the final-HEAD nsys profile is identical to the parent (same simt_sgemm proportions, larft_T, qr_panel_apply_fused, splitKreduce present) -- confirming the host-side scratch refactor did NOT shift cuBLAS GEMM/split-K kernel selection.

KEY OBSERVATION for future gating: n512/mixed/c1/b1280 in the byte-identity invariance probe is a DOCUMENTED cuBLAS split-K run-to-run nondeterministic case (submission.py ~lines 1316-1325). It is STABLE across 5 consecutive isolated runs and matches the golden every time, but the very first probe invocation in a multi-probe process sequence occasionally lands on a different split-K reduction order (a one-time transient, not a regression). My /tmp/cmp_gate.sh now auto-rechecks a sole-b1280 diff 5x in isolation. The shipped functional invariance_guard.sh (svdvals tolerance, not byte-identity) is robust to this and passed clean every iter.

WHAT I DID NOT DO (and why): The g_no_splitk workspace alloc+restore lives in ONLY blocked_qr_2level (not 3 drivers as the brief framed) -- extracting single-use code into a helper would ADD diff_lines, so I condensed its comments instead. There is NO explicit stream setup in the drivers (all run on the default queue implicitly), so nothing to extract there. The bf16 driver shares only FP32 S/T/W (3 buffers) with the quintet helper; a templated-dtype band helper to cover its BF16 V/Y was net-negative on diff_lines (helper grows more than the 1 extra caller saves), and reordering its allocs risked perturbing proven byte-identity. The signature-guard (s_B/s_n/...) idiom helper is also net-negative (saves 1 store line/site, costs ~6 helper lines). Other scratch caches (qr_n512_mixed_driver cap-keyed cache at ~3992; the n4096 R-solve cache at ~4516) are NOT run_two_level_loop drivers, have structurally different buffer sets, and 4516 is inside the W5-fenced _CUDA_LU_SRC -- left untouched. FENCES respected throughout (W5 _CUDA_LU_SRC, W4 n512 _indexed, W0 conversion/panel-leaf).

SUGGEST next brief: the host-side setup boilerplate is now well-consolidated; the remaining diff_lines lives in kernel-documentation comment blocks (985 lines in runs >=8, mostly === banners + kernel docs) -- a dedicated COMMENT-MINIMIZATION simplify pass could target those (lower-risk than code; pure comment trims are byte-identical) but is a different objective than this scratch-cache brief. Alternatively hand the n512-indexed dispatch cache (qr_n512_mixed_driver) consolidation to whoever owns W4."
2026-06-20T18:52:40.738960,3,22,3,1933.430,5513,succeeded,d5d7daf2f8826f1893530669e65dc2d1f55e7ae7,"SIMPLIFY iter0: templatize alloc_vtswy_fp32 -> alloc_vtswy<T> (dtype = template param), share with the bf16 driver. The bf16 driver's bf16 V/M/W/Y quartet (cVb/cMb/cWb/cYb) IS the band-scratch quintet at T=bf16, so it now allocates via ONE alloc_vtswy<bf16> call (V->cVb, T->cMb, W->cWb, Y->cYb); its Gram S stays FP32 (cS3) so the template S slot is a thin throwaway (cSbf, {B,OB,OB} bf16, never read). THREE call sites now share the one helper (the two FP32 launchers + the bf16 quartet). diff_lines 5514->5513 (-1: bf16 4 alloc lines collapse to 1 call = -3 code, +1 template line, def comment trimmed -1). (H,tau) BYTE-IDENTICAL all 12 bench shapes (12/12 sha256 oracle) + 224/224 B=1280 invariance probe (the alloc reorder + throwaway buffer did NOT perturb -- all buffers are write-then-read). validate.sh PASS incl invariance guard. geomean 1933.4us (+0.2pct vs 1929.5 parent, byte-identical kernels so pure noise, within 1pct of 1928). FENCED n512 _indexed COMPUTE untouched -- only the shared HOST scratch-alloc block (identical for indexed+non-indexed paths) now routes through the helper."
2026-06-20T18:55:43.921533,3,22,N/A,N/A,N/A,brief_stop,N/A,"Brief-23 (extend scratch-alloc consolidation to the bf16 driver): 1 clean win, region now EXHAUSTED. HEAD=d5d7daf2, diff_lines 5514->5513 (-1), geomean 1933.4us (within 1pct of 1928, byte-identical kernels = noise), (H,tau) BYTE-IDENTICAL all 12 bench shapes (12/12 oracle) + 224/224 B=1280 invariance probe + validate.sh PASS. WIN (iter0): templatized alloc_vtswy_fp32 -> alloc_vtswy<T> (dtype = template param) and routed the bf16 driver's bf16 V/M/W/Y quartet (cVb/cMb/cWb/cYb) through ONE alloc_vtswy<bf16> call (V->cVb, T->cMb, W->cWb, Y->cYb); collapsed 4 per-buffer torch::empty lines to 1 call (-3 code), +1 template line, def comment trimmed -1. The bf16 Gram S stays FP32 (cS3) so the template S slot is a small documented throwaway (cSbf, {B,OB,OB} bf16 ~5MB, never read -- negligible vs the 84MB cHb/cVb the driver already holds). THREE call sites now share the one helper. The alloc reorder + throwaway did NOT perturb byte-identity (all band buffers are write-then-read; the documented split-K transient is workspace/algo-selection-bound, not address-bound). FENCED n512 _indexed COMPUTE untouched -- only the shared HOST scratch-alloc block (byte-identical for indexed+non-indexed) routes through the helper. EXHAUSTION ANALYSIS (corroborates W4 brief-19/20, but I extracted one more fold W4 could not -- alloc_vtswy_fp32 did not exist on W4's branch): (a) the bf16 driver is a MIXED-dtype 9-buffer set, NOT a clean single-dtype quintet -- it needs an FP32 S/T/W triplet (cS3/cT3/cW3) AND a bf16 V/Y/W/M quartet; the quartet is the only sub-set that maps byte-identically onto the templated quintet. (b) The FP32 triplet cS3/cT3/cW3 IS byte-identical to alloc_vtswy<float>'s {T,S,W}, but routing it through the quintet would waste the FP32 V buffer (~84MB at n512/B640) -- prohibitive. (c) The ov-fold buffers (cVo2 FP32 + cVob bf16) are a clean 2-site pattern but a dedicated helper is net +1 (2 one-liners < 3-line helper def); folding ov into alloc_vtswy as an optional pointer out-param nets ~0 and uglifies the signature + forces a single-level dummy. (d) A no-S quartet helper alloc_vtwy<T> to avoid the throwaway costs +7 lines (new def > throwaway saved). (e) The 3-line static-key-guard idiom is too small to factor (W4/W5 confirmed). (f) tau/data_ptr/no-splitk-workspace are per-driver 1-liners or single-site. SUGGESTION for next brief: the scratch-alloc consolidation lane is EXHAUSTED for clean net-negative byte-identical work. Remaining diff_lines levers are in other workers' lanes -- W2 flagged the ~50 os.environ.get(QR_*) tuning knobs (largest lever, needs per-knob reachability) + the dead n512 multi-CTA m-split scratch (cGbar/cGpart, 0-def-dead kernel, n512-CODE-owner territory); W0/W1 panel+apply bodies; W5 LU/recon host orchestration."
2026-06-20T18:59:22.821955,3,24,N/A,N/A,N/A,brief_start,N/A,"BOLD STRUCTURAL REFACTOR off your own tip d5d7daf2 (diff 5513). Your GEMM + scratch-alloc lanes are exhausted — escalate to the per-driver SMEM OPT-IN boilerplate, a direct extension of your brief-22 init_qr_cublas_handle work. There are duplicated cudaFuncSetAttribute opt-in loops (the 'for (int want = optin; want>=49152; want-=1024)' blocks that opt panel/build_Minv kernels into large dynamic smem) repeated across blocked_qr (~L1397) and blocked_qr_2level (~L1553). Where two sites opt-in the SAME kernel set with the SAME loop, extract into a shared helper (or fold into init_qr_cublas_handle like you did build_Minv) — first-call-only, sets only a launch smem cap, never kernel selection/numerics (your proven byte-safe class). This DELETES duplicated host code (good for the code-vs-comment ratio operator monitors). FENCE: leave the _indexed driver's opt-in site (~L3846) ALONE (W4 n512 fence) — fold only the 2 non-indexed sites; if their kernel sets differ, fold the common prefix or pass the kernel set as a param (NO unused params). GATES: (H,tau) byte-identical all 12 shapes vs d5d7daf2 (12/12 sha oracle + 224/224 B=1280 invariance probe + your /tmp/cmp_gate.sh sole-b1280 5x recheck); validate.sh PASS; geomean within 1% of 1928us. NO library substitution. Other fences: LU (W5), panel/device-idiom bodies (W0), Python _run_blocked (W2), run_two_level_loop template (W1). COMMIT each validated iter. Log --metric linalg/qr_v2 + diff_lines each iter, then brief_stop. If this is thin, also consider the dead n512 m-split scratch you flagged (cGbar/cGpart) ONLY if you prove 0-consumer AND it is outside the _indexed compute path. Avoid backticks in log text."
2026-06-20T19:21:37.803405,3,24,0,1929.116,5512,succeeded,b0b7e809bc9cf2be84b62c5b022a743a1ff522c3,"Fold the 2 non-indexed FP32 panel opt-ins (blocked_qr cmf32,6; blocked_qr_2level pipe32/raw8,64/fnorm_ov32) into a shared variadic optin_panel_smem(want, kernels...) helper. Each kernel is its own fold element so every SetAttribute runs (no short-circuit) and the AND is returned -- byte-identical to the prior per-kernel cudaError_t form. Launch-cap-only first-call setup; _indexed BF16 driver opt-in left untouched per W4 n512 fence. Condensed the two redundant build-light comment blocks. Gates: 12/12 sha + 224/224 invariance vs d5d7daf2; validate PASS; geomean 1929.116us. diff_lines 5513 to 5512."
2026-06-20T19:32:04.360917,3,24,1,1929.951,5510,succeeded,9e648f97fca57d1bf3cb0acf843fdfb87de41682,"Route init_qr_cublas_handle build_Minv opt-in through the new optin_panel_smem helper (want_blk4 -> blk4+rblk_gen, else rblk_gen), removing 2 more explicit cudaFuncSetAttribute calls. Reordered the helper above init_qr_cublas_handle and condensed its doc 11 to 8 lines. Launch-cap-only first-call setup, identical SetAttribute calls. Gates: 12/12 sha + 224/224 invariance vs d5d7daf2; validate PASS; geomean 1929.951us. diff_lines 5512 to 5510."
2026-06-20T20:09:57.344863,3,24,N/A,N/A,N/A,brief_stop,N/A,"Brief-24 (per-driver SMEM opt-in boilerplate fold): 2 clean wins, region now EXHAUSTED. HEAD=9e648f97, diff_lines 5513->5510 (-3), geomean 1929.951us (within 1pct of 1928, byte-identical first-call setup = noise). NOTE the brief premise was STALE: the raw for(want) opt-in loops it described no longer exist -- my brief-22 work already extracted init_qr_cublas_handle, which owns the want-loop + build_Minv opt-in. The 3 live opt-in sites are register_panels lambdas (1 per driver), not loops. WINS: (iter0) new variadic helper optin_panel_smem(want, kernels...) does the per-kernel cudaFuncSetAttribute(MaxDynamicSharedMemorySize)=AND that was open-coded in each lambda; each kernel is its own fold element (every SetAttribute runs, no short-circuit), the conjunction is returned -- byte-for-byte the prior cudaError_t a=..,b=..; return a==Ok&&b==Ok form. Folded the 2 NON-INDEXED lambdas (blocked_qr cmf32,6; blocked_qr_2level pipe32/raw8,64/fnorm_ov32) + condensed their build-light comments. (iter1) routed init_qr_cublas_handle's OWN build_Minv opt-in through the same helper (want_blk4->blk4+rblk_gen, else rblk_gen) removing 2 more explicit SetAttribute calls, + condensed the helper doc 11->8 lines. The helper now amortizes over 4 logical sites. FENCE HONORED: the _indexed BF16 driver (blocked_qr_2level_bf16_indexed) opt-in at its register_panels lambda AND its per-launch qr_panel_apply_fused SetAttribute were left UNTOUCHED (W4 n512 fence). GATES vs d5d7daf2: 12/12 sha oracle byte-identical, 224/224 invariance byte-identical (clean run), validate.sh PASS. The sole-b1280 5x recheck flickers 1/5 on BOTH the committed version (2 independent recheck runs each showed 1/5 differ, 4/5 match golden) -- this is the DOCUMENTED ~1/5 cuBLAS split-K nondeterminism on the n512/mixed/c1/b1280 perturbation (submission.py decl comment lines 916-930: B>=~500 picks splitKreduce_kernel whose K-split reduction varies run-to-run; g_no_splitk mitigates it on the bad-subset GEMMs). b1280 is NOT a benchmark or test shape (both max at b640 for n512) -- it exists only in the adversarial b18 probe, so the flicker affects no scored/validated result and is byte-INDEPENDENT of my first-call smem-cap fold (which cannot touch the trailing-GEMM split-K path). The 12-shape oracle + 223/224 invariance cases are exactly byte-identical. cGbar/cGpart dead m-split scratch fallback: CONFIRMED already removed (0 references except fenced-region comments at ~L3750), no action. EXHAUSTION: the opt-in/handle/workspace area has no more byte-identical net-negative duplicated host code -- the 3 register_panels lambdas register DIFFERENT kernel sets so they cannot collapse further (fence blocks amortizing over the 3rd); the static handle+smem_limit 2-line preamble must stay per-driver (separate cuBLAS workspace state for g_no_splitk); the g_no_splitk workspace dance is single-site. SUGGESTION for next brief: my GEMM + scratch-alloc + opt-in lanes are ALL exhausted for clean byte-identical work. The largest remaining diff_lines lever is W2-flagged: the ~50 os.environ.get(QR_*) Python tuning knobs (needs per-knob reachability proof to delete dead ones); other levers are in W0/W1 panel+apply kernel bodies and W5 LU/recon host orchestration. Avoid pointing me at already-folded init_qr_cublas_handle/alloc_vtswy regions."
