incident_id,branch,skill,timestamp,severity,category,signal,evidence,recommendation,source
bug_0000,autocuda/optimize/2026-07-03-13-39-25/brief-10,optimize-tree,2026-07-03T23:40:15.164Z,critical,autocuda_exception,autocuda command raised an exception,"line 753 (tool_result): {""chunk_id"":""157576"",""wall_time_seconds"":17.638749348,""exit_code"":1,""original_token_count"":959,""output"":""[autocuda run] acquired lock=gpu-0 mode=exclusive at=2026-07-03T23:40:10.897985 wait=17.733s\n----- kernelguard scan -----\nkernelgu...",Fix the CLI or skill call path that produced the traceback.,/home/shadeform/.codex/sessions/2026/07/03/rollout-2026-07-03T23-37-30-019f2a58-3270-72e0-8e3a-099fd4cecefd.jsonl
bug_0001,autocuda/optimize/2026-07-03-13-39-25/brief-10,optimize-tree,2026-07-03T23:47:32.099Z,critical,autocuda_exception,autocuda command raised an exception,"line 896 (tool_result): {""chunk_id"":""2b5a71"",""wall_time_seconds"":16.375855526,""exit_code"":1,""original_token_count"":1175,""output"":""[autocuda run] acquired lock=build mode=shared at=2026-07-03T23:47:15.613877 wait=0.000s\nTraceback (most recent call last):\n File...",Fix the CLI or skill call path that produced the traceback.,/home/shadeform/.codex/sessions/2026/07/03/rollout-2026-07-03T23-37-30-019f2a58-3270-72e0-8e3a-099fd4cecefd.jsonl
bug_0002,autocuda/optimize/2026-07-03-13-39-25/brief-10,optimize-tree,2026-07-04T00:50:08.502Z,critical,autocuda_exception,autocuda command raised an exception,"line 1985 (tool_result): {""chunk_id"":""608bbf"",""wall_time_seconds"":22.256090331,""exit_code"":1,""original_token_count"":1099,""output"":""[autocuda run] acquired lock=build mode=shared at=2026-07-04T00:49:52.903999 wait=6.756s\nTraceback (most recent call last):\n File...",Fix the CLI or skill call path that produced the traceback.,/home/shadeform/.codex/sessions/2026/07/03/rollout-2026-07-03T23-37-30-019f2a58-3270-72e0-8e3a-099fd4cecefd.jsonl
bug_0003,autocuda/optimize/2026-07-03-13-39-25/brief-11,optimize-tree,2026-07-04T01:50:18.533Z,critical,autocuda_exception,autocuda command raised an exception,"line 2190 (tool_result): {""chunk_id"":""70ffec"",""wall_time_seconds"":12.740428221,""exit_code"":1,""original_token_count"":1210,""output"":""[autocuda run] acquired lock=gpu-0 mode=exclusive at=2026-07-04T01:50:14.307252 wait=81.640s\n----- kernelguard scan -----\nkernelg...",Fix the CLI or skill call path that produced the traceback.,/home/shadeform/.codex/sessions/2026/07/04/rollout-2026-07-04T00-21-59-019f2a80-e88b-73d1-bbf1-cc2e701a934f.jsonl
bug_0004,autocuda/optimize/2026-07-03-13-39-25/brief-16,optimize-tree,2026-07-04T04:39:50.596Z,critical,autocuda_exception,autocuda command raised an exception,"line 1536 (tool_result): {""chunk_id"":""ceab36"",""wall_time_seconds"":20.981609491,""exit_code"":1,""original_token_count"":308,""output"":""[autocuda run] acquired lock=gpu-0 mode=exclusive at=2026-07-04T04:39:48.122458 wait=22.757s\nTraceback (most recent call last):\n F...",Fix the CLI or skill call path that produced the traceback.,/home/shadeform/.codex/sessions/2026/07/04/rollout-2026-07-04T04-07-05-019f2b4f-010d-77c2-8dd6-3f3c86951495.jsonl
bug_0005,autocuda/optimize/2026-07-03-13-39-25/brief-3,optimize-tree,2026-07-03T17:56:04.288Z,critical,autocuda_exception,autocuda command raised an exception,"line 735 (tool_result): {""chunk_id"":""505771"",""wall_time_seconds"":45.232731732,""exit_code"":1,""original_token_count"":1454,""output"":""[autocuda run] acquired lock=gpu-0 mode=exclusive at=2026-07-03T17:55:42.476762 wait=28.033s\nmultiprocessing.pool.RemoteTraceback:...",Fix the CLI or skill call path that produced the traceback.,/home/shadeform/.codex/sessions/2026/07/03/rollout-2026-07-03T17-29-00-019f2906-d124-7e53-950a-7afc6125819d.jsonl
bug_0006,autocuda/optimize/2026-07-03-13-39-25/brief-3,optimize-tree,2026-07-03T18:00:17.717Z,critical,autocuda_exception,autocuda command raised an exception,"line 805 (tool_result): {""chunk_id"":""01cdb4"",""wall_time_seconds"":40.605089531,""exit_code"":1,""original_token_count"":1410,""output"":""[autocuda run] acquired lock=gpu-0 mode=exclusive at=2026-07-03T17:59:59.152053 wait=25.520s\nmultiprocessing.pool.RemoteTraceback:...",Fix the CLI or skill call path that produced the traceback.,/home/shadeform/.codex/sessions/2026/07/03/rollout-2026-07-03T17-29-00-019f2906-d124-7e53-950a-7afc6125819d.jsonl
bug_0007,autocuda/optimize/2026-07-03-13-39-25/brief-3,optimize-tree,2026-07-03T18:03:17.258Z,critical,autocuda_exception,autocuda command raised an exception,"line 849 (tool_result): {""chunk_id"":""d4758b"",""wall_time_seconds"":53.880623612,""exit_code"":1,""original_token_count"":1480,""output"":""[autocuda run] acquired lock=gpu-0 mode=exclusive at=2026-07-03T18:02:41.276818 wait=21.527s\nmultiprocessing.pool.RemoteTraceback:...",Fix the CLI or skill call path that produced the traceback.,/home/shadeform/.codex/sessions/2026/07/03/rollout-2026-07-03T17-29-00-019f2906-d124-7e53-950a-7afc6125819d.jsonl
bug_0008,autocuda/optimize/2026-07-03-13-39-25/brief-3,optimize-tree,2026-07-03T18:09:15.718Z,critical,autocuda_exception,autocuda command raised an exception,"line 935 (tool_result): {""chunk_id"":""020d68"",""wall_time_seconds"":10.331727463,""exit_code"":1,""original_token_count"":1479,""output"":""[autocuda run] acquired lock=gpu-0 mode=exclusive at=2026-07-03T18:08:52.283470 wait=3.254s\nmultiprocessing.pool.RemoteTraceback:...",Fix the CLI or skill call path that produced the traceback.,/home/shadeform/.codex/sessions/2026/07/03/rollout-2026-07-03T17-29-00-019f2906-d124-7e53-950a-7afc6125819d.jsonl
bug_0009,autocuda/optimize/2026-07-03-13-39-25/brief-3,optimize-tree,2026-07-03T18:34:50.132Z,critical,autocuda_exception,autocuda command raised an exception,"line 1306 (tool_result): {""chunk_id"":""703f91"",""wall_time_seconds"":34.859589712,""exit_code"":1,""original_token_count"":1292,""output"":""[autocuda run] acquired lock=gpu-0 mode=exclusive at=2026-07-03T18:34:34.352738 wait=26.533s\nmultiprocessing.pool.RemoteTraceback:...",Fix the CLI or skill call path that produced the traceback.,/home/shadeform/.codex/sessions/2026/07/03/rollout-2026-07-03T17-29-00-019f2906-d124-7e53-950a-7afc6125819d.jsonl
bug_0010,autocuda/optimize/2026-07-03-13-39-25/brief-30,optimize-tree,2026-07-04T07:41:50.047Z,critical,autocuda_exception,autocuda command raised an exception,"line 1464 (tool_result): {""chunk_id"":""fbd9d8"",""wall_time_seconds"":25.198818637,""exit_code"":1,""original_token_count"":1297,""output"":""[autocuda run] acquired lock=gpu-0 mode=exclusive at=2026-07-04T07:41:45.013084 wait=60.323s\n----- kernelguard scan -----\nkernelg...",Fix the CLI or skill call path that produced the traceback.,/home/shadeform/.codex/sessions/2026/07/04/rollout-2026-07-04T07-30-36-019f2c09-53da-7dd2-8a40-6180703d2814.jsonl
bug_0011,autocuda/optimize/2026-07-03-13-39-25/brief-30,optimize-tree,2026-07-04T08:21:59.119Z,critical,autocuda_exception,autocuda command raised an exception,"line 2284 (tool_result): {""chunk_id"":""c317c3"",""wall_time_seconds"":30.001412903,""session_id"":75682,""original_token_count"":895,""output"":""[autocuda run] acquired lock=gpu-0 mode=exclusive at=2026-07-04T08:21:48.847870 wait=24.126s\nmultiprocessing.pool.RemoteTraceb...",Fix the CLI or skill call path that produced the traceback.,/home/shadeform/.codex/sessions/2026/07/04/rollout-2026-07-04T07-30-36-019f2c09-53da-7dd2-8a40-6180703d2814.jsonl
bug_0012,autocuda/optimize/2026-07-03-13-39-25/brief-30,optimize-tree,2026-07-04T08:25:29.742Z,critical,autocuda_exception,autocuda command raised an exception,"line 2353 (tool_result): {""chunk_id"":""47e147"",""wall_time_seconds"":13.341957822,""exit_code"":1,""original_token_count"":115,""output"":""[autocuda run] acquired lock=gpu-0 mode=exclusive at=2026-07-04T08:25:26.538048 wait=56.068s\nTraceback (most recent call last):\n F...",Fix the CLI or skill call path that produced the traceback.,/home/shadeform/.codex/sessions/2026/07/04/rollout-2026-07-04T07-30-36-019f2c09-53da-7dd2-8a40-6180703d2814.jsonl
bug_0013,autocuda/optimize/2026-07-03-13-39-25/brief-30,optimize-tree,2026-07-04T10:07:08.085Z,critical,autocuda_exception,autocuda command raised an exception,"line 4443 (tool_result): [autocuda run] acquired lock=gpu-0 mode=exclusive at=2026-07-04T10:07:04.759078 wait=76.895s Traceback (most recent call last): File ""<stdin>"", line 11, in <module> torch.AcceleratorError: CUDA error: invalid device ordinal GPU device ma...",Fix the CLI or skill call path that produced the traceback.,/home/shadeform/.codex/sessions/2026/07/04/rollout-2026-07-04T07-30-36-019f2c09-53da-7dd2-8a40-6180703d2814.jsonl
bug_0014,autocuda/optimize/2026-07-03-13-39-25/brief-32,optimize-tree,2026-07-04T10:25:40.401Z,critical,autocuda_exception,autocuda command raised an exception,"line 2480 (tool_result): {""chunk_id"":""947d66"",""wall_time_seconds"":17.766244642,""exit_code"":1,""original_token_count"":1338,""output"":""[autocuda run] acquired lock=gpu-0 mode=exclusive at=2026-07-04T10:25:35.544131 wait=22.027s\n----- kernelguard scan -----\nkernelg...",Fix the CLI or skill call path that produced the traceback.,/home/shadeform/.codex/sessions/2026/07/04/rollout-2026-07-04T09-26-28-019f2c73-66e3-79b2-99e0-f40375daed0f.jsonl
bug_0015,autocuda/optimize/2026-07-03-13-39-25/brief-33,optimize-tree,2026-07-04T11:48:11.332Z,critical,autocuda_exception,autocuda command raised an exception,line 3297 (tool_result): ----- kernelguard scan ----- kernelguard gate: /home/shadeform/gpumode/autocuda/worktrees/optimize-2026-07-03-13-39-25-brief-33/problems/linalg/eigh_py/submission.py classification: valid should_filter: False matched patterns: none kerne...,Fix the CLI or skill call path that produced the traceback.,/home/shadeform/.codex/sessions/2026/07/04/rollout-2026-07-04T10-24-29-019f2ca8-83cd-7ae3-bc76-1d5f0c8f89ad.jsonl
bug_0016,autocuda/optimize/2026-07-03-13-39-25/brief-33,optimize-tree,2026-07-04T11:48:11.332Z,critical,autocuda_exception,autocuda command raised an exception,line 3297 (tool_result): kernelguard gate: /home/shadeform/gpumode/autocuda/worktrees/optimize-2026-07-03-13-39-25-brief-33/problems/linalg/eigh_py/submission.py classification: valid should_filter: False matched patterns: none kernelguard gate: CLEAN ----------...,Fix the CLI or skill call path that produced the traceback.,/home/shadeform/.codex/sessions/2026/07/04/rollout-2026-07-04T10-24-29-019f2ca8-83cd-7ae3-bc76-1d5f0c8f89ad.jsonl
bug_0017,autocuda/optimize/2026-07-03-13-39-25/brief-33,optimize-tree,2026-07-04T11:48:11.332Z,critical,autocuda_exception,autocuda command raised an exception,"line 3297 (tool_result): kernelguard gate: CLEAN ---------------------------- multiprocessing.pool.RemoteTraceback: """""" Traceback (most recent call last): File ""/home/shadeform/.local/share/uv/python/cpython-3.12.13-linux-x86_64-gnu/lib/python3.12/multiprocessin...",Fix the CLI or skill call path that produced the traceback.,/home/shadeform/.codex/sessions/2026/07/04/rollout-2026-07-04T10-24-29-019f2ca8-83cd-7ae3-bc76-1d5f0c8f89ad.jsonl
bug_0018,autocuda/optimize/2026-07-03-13-39-25/brief-33,optimize-tree,2026-07-04T11:48:11.332Z,critical,autocuda_exception,autocuda command raised an exception,"line 3297 (tool_result): ---------------------------- multiprocessing.pool.RemoteTraceback: """""" Traceback (most recent call last): File ""/home/shadeform/.local/share/uv/python/cpython-3.12.13-linux-x86_64-gnu/lib/python3.12/multiprocessing/pool.py"", line 125, in...",Fix the CLI or skill call path that produced the traceback.,/home/shadeform/.codex/sessions/2026/07/04/rollout-2026-07-04T10-24-29-019f2ca8-83cd-7ae3-bc76-1d5f0c8f89ad.jsonl
bug_0019,autocuda/optimize/2026-07-03-13-39-25/brief-33,optimize-tree,2026-07-04T11:48:11.332Z,critical,autocuda_exception,autocuda command raised an exception,"line 3297 (tool_result): multiprocessing.pool.RemoteTraceback: """""" Traceback (most recent call last): File ""/home/shadeform/.local/share/uv/python/cpython-3.12.13-linux-x86_64-gnu/lib/python3.12/multiprocessing/pool.py"", line 125, in worker result = (True, func(...",Fix the CLI or skill call path that produced the traceback.,/home/shadeform/.codex/sessions/2026/07/04/rollout-2026-07-04T10-24-29-019f2ca8-83cd-7ae3-bc76-1d5f0c8f89ad.jsonl
bug_0020,autocuda/optimize/2026-07-03-13-39-25/brief-33,optimize-tree,2026-07-04T11:48:11.332Z,critical,autocuda_exception,autocuda command raised an exception,"line 3297 (tool_result): """""" Traceback (most recent call last): File ""/home/shadeform/.local/share/uv/python/cpython-3.12.13-linux-x86_64-gnu/lib/python3.12/multiprocessing/pool.py"", line 125, in worker result = (True, func(*args, **kwds)) ^^^^^^^^^^^^^^^^^^^ Fi...",Fix the CLI or skill call path that produced the traceback.,/home/shadeform/.codex/sessions/2026/07/04/rollout-2026-07-04T10-24-29-019f2ca8-83cd-7ae3-bc76-1d5f0c8f89ad.jsonl
bug_0021,autocuda/optimize/2026-07-03-13-39-25/brief-33,optimize-tree,2026-07-04T11:48:11.332Z,critical,autocuda_exception,autocuda command raised an exception,"line 3297 (tool_result): Traceback (most recent call last): File ""/home/shadeform/.local/share/uv/python/cpython-3.12.13-linux-x86_64-gnu/lib/python3.12/multiprocessing/pool.py"", line 125, in worker result = (True, func(*args, **kwds)) ^^^^^^^^^^^^^^^^^^^ File ""...",Fix the CLI or skill call path that produced the traceback.,/home/shadeform/.codex/sessions/2026/07/04/rollout-2026-07-04T10-24-29-019f2ca8-83cd-7ae3-bc76-1d5f0c8f89ad.jsonl
bug_0022,autocuda/optimize/2026-07-03-13-39-25/brief-33,optimize-tree,2026-07-04T11:48:11.332Z,critical,autocuda_exception,autocuda command raised an exception,"line 3297 (tool_result): output = custom_kernel(_clone_data(data)) ^^^^^^^^^^^^^^^^^^^^^^^^^^^^^^^^ File ""/home/shadeform/gpumode/autocuda/worktrees/optimize-2026-07-03-13-39-25-brief-33/problems/linalg/eigh_py/submission.py"", line 3613, in custom_kernel vectors...",Fix the CLI or skill call path that produced the traceback.,/home/shadeform/.codex/sessions/2026/07/04/rollout-2026-07-04T10-24-29-019f2ca8-83cd-7ae3-bc76-1d5f0c8f89ad.jsonl
bug_0023,autocuda/optimize/2026-07-03-13-39-25/brief-33,optimize-tree,2026-07-04T11:48:11.332Z,critical,autocuda_exception,autocuda command raised an exception,"line 3297 (tool_result): ^^^^^^^^^^^^^^^^^^^^^^^^^^^^^^^^ File ""/home/shadeform/gpumode/autocuda/worktrees/optimize-2026-07-03-13-39-25-brief-33/problems/linalg/eigh_py/submission.py"", line 3613, in custom_kernel vectors, values, reflectors, taus = _ext.band_eig...",Fix the CLI or skill call path that produced the traceback.,/home/shadeform/.codex/sessions/2026/07/04/rollout-2026-07-04T10-24-29-019f2ca8-83cd-7ae3-bc76-1d5f0c8f89ad.jsonl
bug_0024,autocuda/optimize/2026-07-03-13-39-25/brief-33,optimize-tree,2026-07-04T11:48:11.332Z,critical,autocuda_exception,autocuda command raised an exception,"line 3297 (tool_result): File ""/home/shadeform/gpumode/autocuda/worktrees/optimize-2026-07-03-13-39-25-brief-33/problems/linalg/eigh_py/submission.py"", line 3613, in custom_kernel vectors, values, reflectors, taus = _ext.band_eigh(data) ^^^^^^^^^^^^^^^^^^^^ Runt...",Fix the CLI or skill call path that produced the traceback.,/home/shadeform/.codex/sessions/2026/07/04/rollout-2026-07-04T10-24-29-019f2ca8-83cd-7ae3-bc76-1d5f0c8f89ad.jsonl
bug_0025,autocuda/optimize/2026-07-03-13-39-25/brief-33,optimize-tree,2026-07-04T11:48:11.332Z,critical,autocuda_exception,autocuda command raised an exception,"line 3297 (tool_result): vectors, values, reflectors, taus = _ext.band_eigh(data) ^^^^^^^^^^^^^^^^^^^^ RuntimeError: CUDA error: CUBLAS_STATUS_INTERNAL_ERROR when calling `cublasSgemmStridedBatched( handle, opa, opb, m, n, k, &alpha, a, lda, stridea, b, ldb, str...",Fix the CLI or skill call path that produced the traceback.,/home/shadeform/.codex/sessions/2026/07/04/rollout-2026-07-04T10-24-29-019f2ca8-83cd-7ae3-bc76-1d5f0c8f89ad.jsonl
bug_0026,autocuda/optimize/2026-07-03-13-39-25/brief-33,optimize-tree,2026-07-04T11:48:11.332Z,critical,autocuda_exception,autocuda command raised an exception,"line 3297 (tool_result): ^^^^^^^^^^^^^^^^^^^^ RuntimeError: CUDA error: CUBLAS_STATUS_INTERNAL_ERROR when calling `cublasSgemmStridedBatched( handle, opa, opb, m, n, k, &alpha, a, lda, stridea, b, ldb, strideb, &beta, c, ldc, stridec, num_batches)` """""" The above...",Fix the CLI or skill call path that produced the traceback.,/home/shadeform/.codex/sessions/2026/07/04/rollout-2026-07-04T10-24-29-019f2ca8-83cd-7ae3-bc76-1d5f0c8f89ad.jsonl
bug_0027,autocuda/optimize/2026-07-03-13-39-25/brief-33,optimize-tree,2026-07-04T11:48:11.332Z,critical,autocuda_exception,autocuda command raised an exception,"line 3297 (tool_result): RuntimeError: CUDA error: CUBLAS_STATUS_INTERNAL_ERROR when calling `cublasSgemmStridedBatched( handle, opa, opb, m, n, k, &alpha, a, lda, stridea, b, ldb, strideb, &beta, c, ldc, stridec, num_batches)` """""" The above exception was the di...",Fix the CLI or skill call path that produced the traceback.,/home/shadeform/.codex/sessions/2026/07/04/rollout-2026-07-04T10-24-29-019f2ca8-83cd-7ae3-bc76-1d5f0c8f89ad.jsonl
bug_0028,autocuda/optimize/2026-07-03-13-39-25/brief-33,optimize-tree,2026-07-04T11:48:11.332Z,critical,autocuda_exception,autocuda command raised an exception,"line 3297 (tool_result): """""" The above exception was the direct cause of the following exception: Traceback (most recent call last): File ""/home/shadeform/gpumode/autocuda/worktrees/optimize-2026-07-03-13-39-25-brief-33/problems/linalg/eigh_py/eval.py"", line 304...",Fix the CLI or skill call path that produced the traceback.,/home/shadeform/.codex/sessions/2026/07/04/rollout-2026-07-04T10-24-29-019f2ca8-83cd-7ae3-bc76-1d5f0c8f89ad.jsonl
bug_0029,autocuda/optimize/2026-07-03-13-39-25/brief-33,optimize-tree,2026-07-04T11:48:11.332Z,critical,autocuda_exception,autocuda command raised an exception,"line 3297 (tool_result): The above exception was the direct cause of the following exception: Traceback (most recent call last): File ""/home/shadeform/gpumode/autocuda/worktrees/optimize-2026-07-03-13-39-25-brief-33/problems/linalg/eigh_py/eval.py"", line 304, in...",Fix the CLI or skill call path that produced the traceback.,/home/shadeform/.codex/sessions/2026/07/04/rollout-2026-07-04T10-24-29-019f2ca8-83cd-7ae3-bc76-1d5f0c8f89ad.jsonl
bug_0030,autocuda/optimize/2026-07-03-13-39-25/brief-33,optimize-tree,2026-07-04T11:48:11.332Z,critical,autocuda_exception,autocuda command raised an exception,"line 3297 (tool_result): Traceback (most recent call last): File ""/home/shadeform/gpumode/autocuda/worktrees/optimize-2026-07-03-13-39-25-brief-33/problems/linalg/eigh_py/eval.py"", line 304, in <module> sys.exit(main()) ^^^^^^ File ""/home/shadeform/gpumode/autoc...",Fix the CLI or skill call path that produced the traceback.,/home/shadeform/.codex/sessions/2026/07/04/rollout-2026-07-04T10-24-29-019f2ca8-83cd-7ae3-bc76-1d5f0c8f89ad.jsonl
bug_0031,autocuda/optimize/2026-07-03-13-39-25/brief-36,optimize-tree,2026-07-04T12:32:01.166Z,critical,autocuda_exception,autocuda command raised an exception,"line 1991 (tool_result): {""chunk_id"":""4e7191"",""wall_time_seconds"":10.176703944,""exit_code"":1,""original_token_count"":1004,""output"":""Traceback (most recent call last):\n File \""/home/shadeform/gpumode/.venv/lib/python3.12/site-packages/torch/utils/cpp_extension.py...",Fix the CLI or skill call path that produced the traceback.,/home/shadeform/.codex/sessions/2026/07/04/rollout-2026-07-04T12-22-08-019f2d14-399d-7611-ab48-e35c413058cf.jsonl
bug_0032,autocuda/optimize/2026-07-03-13-39-25/brief-36,optimize-tree,2026-07-04T13:15:16.382Z,critical,autocuda_exception,autocuda command raised an exception,"line 2829 (tool_result): {""chunk_id"":""df9cb7"",""wall_time_seconds"":21.935257485,""exit_code"":1,""original_token_count"":1361,""output"":""Traceback (most recent call last):\n File \""/home/shadeform/gpumode/.venv/lib/python3.12/site-packages/torch/utils/cpp_extension.py...",Fix the CLI or skill call path that produced the traceback.,/home/shadeform/.codex/sessions/2026/07/04/rollout-2026-07-04T12-22-08-019f2d14-399d-7611-ab48-e35c413058cf.jsonl
bug_0033,autocuda/optimize/2026-07-03-13-39-25/brief-39,optimize-tree,2026-07-04T17:02:24.016Z,critical,autocuda_exception,autocuda command raised an exception,"line 6435 (tool_result): {""chunk_id"":""d82b73"",""wall_time_seconds"":15.833827257,""exit_code"":1,""original_token_count"":106,""output"":""[autocuda run] acquired lock=gpu-0 mode=exclusive at=2026-07-04T17:02:21.307077 wait=13.265s\nTraceback (most recent call last):\n F...",Fix the CLI or skill call path that produced the traceback.,/home/shadeform/.codex/sessions/2026/07/04/rollout-2026-07-04T13-31-32-019f2d53-c44d-7733-9838-83730dcfcf6c.jsonl
bug_0034,autocuda/optimize/2026-07-03-13-39-25/brief-39,optimize-tree,2026-07-04T22:38:29.362Z,critical,autocuda_exception,autocuda command raised an exception,"line 12677 (tool_result): {""chunk_id"":""26458e"",""wall_time_seconds"":15.827204786,""exit_code"":1,""original_token_count"":1026,""output"":""[autocuda run] acquired lock=build mode=shared at=2026-07-04T22:38:13.370698 wait=0.000s\nTraceback (most recent call last):\n File...",Fix the CLI or skill call path that produced the traceback.,/home/shadeform/.codex/sessions/2026/07/04/rollout-2026-07-04T13-31-32-019f2d53-c44d-7733-9838-83730dcfcf6c.jsonl
bug_0035,autocuda/optimize/2026-07-03-13-39-25/brief-39,optimize-tree,2026-07-04T23:34:53.994Z,critical,autocuda_exception,autocuda command raised an exception,"line 13804 (tool_result): Warning: truncated output (original token count: 870) Total output lines: 1 {""chunk_id"":""97e19b"",""wall_time_seconds"":19.142686782,""exit_code"":1,""original_token_count"":2061,""output"":""Warning: truncated output (original token count: 2061)\...",Fix the CLI or skill call path that produced the traceback.,/home/shadeform/.codex/sessions/2026/07/04/rollout-2026-07-04T13-31-32-019f2d53-c44d-7733-9838-83730dcfcf6c.jsonl
bug_0036,autocuda/optimize/2026-07-03-13-39-25/brief-39,optimize-tree,2026-07-04T23:35:22.186Z,critical,autocuda_exception,autocuda command raised an exception,"line 13821 (tool_result): {""chunk_id"":""46a6ba"",""wall_time_seconds"":11.489729831,""exit_code"":1,""original_token_count"":2061,""output"":""[autocuda run] acquired lock=gpu-0 mode=exclusive at=2026-07-04T23:35:16.084696 wait=9.511s\n----- kernelguard scan -----\nkernelgu...",Fix the CLI or skill call path that produced the traceback.,/home/shadeform/.codex/sessions/2026/07/04/rollout-2026-07-04T13-31-32-019f2d53-c44d-7733-9838-83730dcfcf6c.jsonl
bug_0037,autocuda/optimize/2026-07-03-13-39-25/brief-4,optimize-tree,2026-07-03T18:06:57.479Z,critical,autocuda_exception,autocuda command raised an exception,"line 975 (tool_result): {""chunk_id"":""246690"",""wall_time_seconds"":20.667025337,""exit_code"":1,""original_token_count"":1005,""output"":""[autocuda run] acquired lock=build mode=shared at=2026-07-03T18:06:41.615183 wait=148.474s\nTraceback (most recent call last):\n Fi...",Fix the CLI or skill call path that produced the traceback.,/home/shadeform/.codex/sessions/2026/07/03/rollout-2026-07-03T17-34-29-019f290b-d7d2-7043-87a4-f37faae46d12.jsonl
bug_0038,autocuda/optimize/2026-07-03-13-39-25/brief-40,optimize-tree,2026-07-04T13:33:29.602Z,critical,autocuda_exception,autocuda command raised an exception,"line 2025 (tool_result): {""chunk_id"":""9fcc53"",""wall_time_seconds"":20.234079647,""exit_code"":1,""original_token_count"":1615,""output"":""[autocuda run] acquired lock=build mode=shared at=2026-07-04T13:33:07.614269 wait=1.181s\nTraceback (most recent call last):\n File...",Fix the CLI or skill call path that produced the traceback.,/home/shadeform/.codex/sessions/2026/07/04/rollout-2026-07-04T13-31-40-019f2d53-e328-75a0-b2df-fe1629f442f3.jsonl
bug_0039,autocuda/optimize/2026-07-03-13-39-25/brief-41,optimize-tree,2026-07-04T14:09:00.117Z,critical,autocuda_exception,autocuda command raised an exception,"line 2732 (tool_result): {""chunk_id"":""c539a3"",""wall_time_seconds"":11.925791971,""exit_code"":1,""original_token_count"":1000,""output"":""Traceback (most recent call last):\n File \""/home/shadeform/gpumode/.venv/lib/python3.12/site-packages/torch/utils/cpp_extension.py...",Fix the CLI or skill call path that produced the traceback.,/home/shadeform/.codex/sessions/2026/07/04/rollout-2026-07-04T13-31-45-019f2d53-f6d8-79a0-9c42-57422bb8059e.jsonl
bug_0040,autocuda/optimize/2026-07-03-13-39-25/brief-42,optimize-tree,2026-07-04T17:02:24.016Z,critical,autocuda_exception,autocuda command raised an exception,"line 6435 (tool_result): {""chunk_id"":""d82b73"",""wall_time_seconds"":15.833827257,""exit_code"":1,""original_token_count"":106,""output"":""[autocuda run] acquired lock=gpu-0 mode=exclusive at=2026-07-04T17:02:21.307077 wait=13.265s\nTraceback (most recent call last):\n F...",Fix the CLI or skill call path that produced the traceback.,/home/shadeform/.codex/sessions/2026/07/04/rollout-2026-07-04T13-31-32-019f2d53-c44d-7733-9838-83730dcfcf6c.jsonl
bug_0041,autocuda/optimize/2026-07-03-13-39-25/brief-42,optimize-tree,2026-07-04T22:38:29.362Z,critical,autocuda_exception,autocuda command raised an exception,"line 12677 (tool_result): {""chunk_id"":""26458e"",""wall_time_seconds"":15.827204786,""exit_code"":1,""original_token_count"":1026,""output"":""[autocuda run] acquired lock=build mode=shared at=2026-07-04T22:38:13.370698 wait=0.000s\nTraceback (most recent call last):\n File...",Fix the CLI or skill call path that produced the traceback.,/home/shadeform/.codex/sessions/2026/07/04/rollout-2026-07-04T13-31-32-019f2d53-c44d-7733-9838-83730dcfcf6c.jsonl
bug_0042,autocuda/optimize/2026-07-03-13-39-25/brief-42,optimize-tree,2026-07-04T23:34:53.994Z,critical,autocuda_exception,autocuda command raised an exception,"line 13804 (tool_result): Warning: truncated output (original token count: 870) Total output lines: 1 {""chunk_id"":""97e19b"",""wall_time_seconds"":19.142686782,""exit_code"":1,""original_token_count"":2061,""output"":""Warning: truncated output (original token count: 2061)\...",Fix the CLI or skill call path that produced the traceback.,/home/shadeform/.codex/sessions/2026/07/04/rollout-2026-07-04T13-31-32-019f2d53-c44d-7733-9838-83730dcfcf6c.jsonl
bug_0043,autocuda/optimize/2026-07-03-13-39-25/brief-42,optimize-tree,2026-07-04T23:35:22.186Z,critical,autocuda_exception,autocuda command raised an exception,"line 13821 (tool_result): {""chunk_id"":""46a6ba"",""wall_time_seconds"":11.489729831,""exit_code"":1,""original_token_count"":2061,""output"":""[autocuda run] acquired lock=gpu-0 mode=exclusive at=2026-07-04T23:35:16.084696 wait=9.511s\n----- kernelguard scan -----\nkernelgu...",Fix the CLI or skill call path that produced the traceback.,/home/shadeform/.codex/sessions/2026/07/04/rollout-2026-07-04T13-31-32-019f2d53-c44d-7733-9838-83730dcfcf6c.jsonl
bug_0044,autocuda/optimize/2026-07-03-13-39-25/brief-43,optimize-tree,2026-07-04T14:09:00.117Z,critical,autocuda_exception,autocuda command raised an exception,"line 2732 (tool_result): {""chunk_id"":""c539a3"",""wall_time_seconds"":11.925791971,""exit_code"":1,""original_token_count"":1000,""output"":""Traceback (most recent call last):\n File \""/home/shadeform/gpumode/.venv/lib/python3.12/site-packages/torch/utils/cpp_extension.py...",Fix the CLI or skill call path that produced the traceback.,/home/shadeform/.codex/sessions/2026/07/04/rollout-2026-07-04T13-31-45-019f2d53-f6d8-79a0-9c42-57422bb8059e.jsonl
bug_0045,autocuda/optimize/2026-07-03-13-39-25/brief-44,optimize-tree,2026-07-04T14:09:00.117Z,critical,autocuda_exception,autocuda command raised an exception,"line 2732 (tool_result): {""chunk_id"":""c539a3"",""wall_time_seconds"":11.925791971,""exit_code"":1,""original_token_count"":1000,""output"":""Traceback (most recent call last):\n File \""/home/shadeform/gpumode/.venv/lib/python3.12/site-packages/torch/utils/cpp_extension.py...",Fix the CLI or skill call path that produced the traceback.,/home/shadeform/.codex/sessions/2026/07/04/rollout-2026-07-04T13-31-45-019f2d53-f6d8-79a0-9c42-57422bb8059e.jsonl
bug_0046,autocuda/optimize/2026-07-03-13-39-25/brief-45,optimize-tree,2026-07-04T17:02:24.016Z,critical,autocuda_exception,autocuda command raised an exception,"line 6435 (tool_result): {""chunk_id"":""d82b73"",""wall_time_seconds"":15.833827257,""exit_code"":1,""original_token_count"":106,""output"":""[autocuda run] acquired lock=gpu-0 mode=exclusive at=2026-07-04T17:02:21.307077 wait=13.265s\nTraceback (most recent call last):\n F...",Fix the CLI or skill call path that produced the traceback.,/home/shadeform/.codex/sessions/2026/07/04/rollout-2026-07-04T13-31-32-019f2d53-c44d-7733-9838-83730dcfcf6c.jsonl
bug_0047,autocuda/optimize/2026-07-03-13-39-25/brief-45,optimize-tree,2026-07-04T22:38:29.362Z,critical,autocuda_exception,autocuda command raised an exception,"line 12677 (tool_result): {""chunk_id"":""26458e"",""wall_time_seconds"":15.827204786,""exit_code"":1,""original_token_count"":1026,""output"":""[autocuda run] acquired lock=build mode=shared at=2026-07-04T22:38:13.370698 wait=0.000s\nTraceback (most recent call last):\n File...",Fix the CLI or skill call path that produced the traceback.,/home/shadeform/.codex/sessions/2026/07/04/rollout-2026-07-04T13-31-32-019f2d53-c44d-7733-9838-83730dcfcf6c.jsonl
bug_0048,autocuda/optimize/2026-07-03-13-39-25/brief-45,optimize-tree,2026-07-04T23:34:53.994Z,critical,autocuda_exception,autocuda command raised an exception,"line 13804 (tool_result): Warning: truncated output (original token count: 870) Total output lines: 1 {""chunk_id"":""97e19b"",""wall_time_seconds"":19.142686782,""exit_code"":1,""original_token_count"":2061,""output"":""Warning: truncated output (original token count: 2061)\...",Fix the CLI or skill call path that produced the traceback.,/home/shadeform/.codex/sessions/2026/07/04/rollout-2026-07-04T13-31-32-019f2d53-c44d-7733-9838-83730dcfcf6c.jsonl
bug_0049,autocuda/optimize/2026-07-03-13-39-25/brief-45,optimize-tree,2026-07-04T23:35:22.186Z,critical,autocuda_exception,autocuda command raised an exception,"line 13821 (tool_result): {""chunk_id"":""46a6ba"",""wall_time_seconds"":11.489729831,""exit_code"":1,""original_token_count"":2061,""output"":""[autocuda run] acquired lock=gpu-0 mode=exclusive at=2026-07-04T23:35:16.084696 wait=9.511s\n----- kernelguard scan -----\nkernelgu...",Fix the CLI or skill call path that produced the traceback.,/home/shadeform/.codex/sessions/2026/07/04/rollout-2026-07-04T13-31-32-019f2d53-c44d-7733-9838-83730dcfcf6c.jsonl
bug_0050,autocuda/optimize/2026-07-03-13-39-25/brief-46,optimize-tree,2026-07-04T14:09:00.117Z,critical,autocuda_exception,autocuda command raised an exception,"line 2732 (tool_result): {""chunk_id"":""c539a3"",""wall_time_seconds"":11.925791971,""exit_code"":1,""original_token_count"":1000,""output"":""Traceback (most recent call last):\n File \""/home/shadeform/gpumode/.venv/lib/python3.12/site-packages/torch/utils/cpp_extension.py...",Fix the CLI or skill call path that produced the traceback.,/home/shadeform/.codex/sessions/2026/07/04/rollout-2026-07-04T13-31-45-019f2d53-f6d8-79a0-9c42-57422bb8059e.jsonl
bug_0051,autocuda/optimize/2026-07-03-13-39-25/brief-47,optimize-tree,2026-07-04T17:03:04.622Z,critical,autocuda_exception,autocuda command raised an exception,"line 1997 (tool_result): {""chunk_id"":""199f2c"",""wall_time_seconds"":11.45238784,""exit_code"":1,""original_token_count"":1341,""output"":""[autocuda run] acquired lock=gpu-0 mode=exclusive at=2026-07-04T17:02:45.501326 wait=4.756s\nmultiprocessing.pool.RemoteTraceback: \...",Fix the CLI or skill call path that produced the traceback.,/home/shadeform/.codex/sessions/2026/07/04/rollout-2026-07-04T15-32-53-019f2dc2-df5a-7f63-93cc-f46ea2028dc1.jsonl
bug_0052,autocuda/optimize/2026-07-03-13-39-25/brief-47,optimize-tree,2026-07-04T17:06:08.002Z,critical,autocuda_exception,autocuda command raised an exception,"line 2044 (tool_result): {""chunk_id"":""39e7d4"",""wall_time_seconds"":25.815853469,""exit_code"":1,""original_token_count"":1341,""output"":""[autocuda run] acquired lock=gpu-0 mode=exclusive at=2026-07-04T17:06:01.783296 wait=19.684s\nmultiprocessing.pool.RemoteTraceback:...",Fix the CLI or skill call path that produced the traceback.,/home/shadeform/.codex/sessions/2026/07/04/rollout-2026-07-04T15-32-53-019f2dc2-df5a-7f63-93cc-f46ea2028dc1.jsonl
bug_0053,autocuda/optimize/2026-07-03-13-39-25/brief-47,optimize-tree,2026-07-04T17:30:05.989Z,critical,autocuda_exception,autocuda command raised an exception,"line 2447 (tool_result): {""chunk_id"":""d36ffe"",""wall_time_seconds"":19.866124421,""exit_code"":1,""original_token_count"":1340,""output"":""[autocuda run] acquired lock=gpu-0 mode=exclusive at=2026-07-04T17:29:59.527397 wait=13.517s\nmultiprocessing.pool.RemoteTraceback:...",Fix the CLI or skill call path that produced the traceback.,/home/shadeform/.codex/sessions/2026/07/04/rollout-2026-07-04T15-32-53-019f2dc2-df5a-7f63-93cc-f46ea2028dc1.jsonl
bug_0054,autocuda/optimize/2026-07-03-13-39-25/brief-47,optimize-tree,2026-07-04T17:33:06.029Z,critical,autocuda_exception,autocuda command raised an exception,"line 2495 (tool_result): {""chunk_id"":""c04138"",""wall_time_seconds"":15.567723366,""exit_code"":1,""original_token_count"":1340,""output"":""[autocuda run] acquired lock=gpu-0 mode=exclusive at=2026-07-04T17:32:59.676782 wait=9.310s\nmultiprocessing.pool.RemoteTraceback:...",Fix the CLI or skill call path that produced the traceback.,/home/shadeform/.codex/sessions/2026/07/04/rollout-2026-07-04T15-32-53-019f2dc2-df5a-7f63-93cc-f46ea2028dc1.jsonl
bug_0055,autocuda/optimize/2026-07-03-13-39-25/brief-49,optimize-tree,2026-07-04T16:05:30.075Z,critical,autocuda_exception,autocuda command raised an exception,"line 294 (tool_result): {""chunk_id"":""939946"",""wall_time_seconds"":22.902466933,""exit_code"":1,""original_token_count"":1213,""output"":""Traceback (most recent call last):\n File \""/home/shadeform/gpumode/.venv/lib/python3.12/site-packages/torch/utils/cpp_extension.py...",Fix the CLI or skill call path that produced the traceback.,/home/shadeform/.codex/sessions/2026/07/04/rollout-2026-07-04T15-53-25-019f2dd5-ab6d-7233-9638-e99930565997.jsonl
bug_0056,autocuda/optimize/2026-07-03-13-39-25/brief-49,optimize-tree,2026-07-04T17:39:38.358Z,critical,autocuda_exception,autocuda command raised an exception,"line 2370 (tool_result): [autocuda run] acquired lock=build mode=shared at=2026-07-04T17:39:17.329974 wait=1.852s Traceback (most recent call last): File ""/home/shadeform/gpumode/.venv/lib/python3.12/site-packages/torch/utils/cpp_extension.py"", line 2782, in _ru...",Fix the CLI or skill call path that produced the traceback.,/home/shadeform/.codex/sessions/2026/07/04/rollout-2026-07-04T15-53-25-019f2dd5-ab6d-7233-9638-e99930565997.jsonl
bug_0057,autocuda/optimize/2026-07-03-13-39-25/brief-49,optimize-tree,2026-07-04T17:39:38.358Z,critical,autocuda_exception,autocuda command raised an exception,"line 2370 (tool_result): File ""/home/shadeform/gpumode/.venv/lib/python3.12/site-packages/torch/utils/cpp_extension.py"", line 2782, in _run_ninja_build subprocess.run( File ""/home/shadeform/.local/share/uv/python/cpython-3.12.13-linux-x86_64-gnu/lib/python3.12/s...",Fix the CLI or skill call path that produced the traceback.,/home/shadeform/.codex/sessions/2026/07/04/rollout-2026-07-04T15-53-25-019f2dd5-ab6d-7233-9638-e99930565997.jsonl
bug_0058,autocuda/optimize/2026-07-03-13-39-25/brief-49,optimize-tree,2026-07-04T17:39:38.358Z,critical,autocuda_exception,autocuda command raised an exception,"line 2370 (tool_result): subprocess.run( File ""/home/shadeform/.local/share/uv/python/cpython-3.12.13-linux-x86_64-gnu/lib/python3.12/subprocess.py"", line 571, in run raise CalledProcessError(retcode, process.args, subprocess.CalledProcessError: Command '['ninja...",Fix the CLI or skill call path that produced the traceback.,/home/shadeform/.codex/sessions/2026/07/04/rollout-2026-07-04T15-53-25-019f2dd5-ab6d-7233-9638-e99930565997.jsonl
bug_0059,autocuda/optimize/2026-07-03-13-39-25/brief-49,optimize-tree,2026-07-04T17:39:38.358Z,critical,autocuda_exception,autocuda command raised an exception,"line 2370 (tool_result): File ""/home/shadeform/.local/share/uv/python/cpython-3.12.13-linux-x86_64-gnu/lib/python3.12/subprocess.py"", line 571, in run raise CalledProcessError(retcode, process.args, subprocess.CalledProcessError: Command '['ninja', '-v', '-j', '...",Fix the CLI or skill call path that produced the traceback.,/home/shadeform/.codex/sessions/2026/07/04/rollout-2026-07-04T15-53-25-019f2dd5-ab6d-7233-9638-e99930565997.jsonl
bug_0060,autocuda/optimize/2026-07-03-13-39-25/brief-49,optimize-tree,2026-07-04T17:39:38.358Z,critical,autocuda_exception,autocuda command raised an exception,"line 2370 (tool_result): raise CalledProcessError(retcode, process.args, subprocess.CalledProcessError: Command '['ninja', '-v', '-j', '3']' returned non-zero exit status 1. The above exception was the direct cause of the following exception: Traceback (most rec...",Fix the CLI or skill call path that produced the traceback.,/home/shadeform/.codex/sessions/2026/07/04/rollout-2026-07-04T15-53-25-019f2dd5-ab6d-7233-9638-e99930565997.jsonl
bug_0061,autocuda/optimize/2026-07-03-13-39-25/brief-49,optimize-tree,2026-07-04T17:39:38.358Z,critical,autocuda_exception,autocuda command raised an exception,"line 2370 (tool_result): subprocess.CalledProcessError: Command '['ninja', '-v', '-j', '3']' returned non-zero exit status 1. The above exception was the direct cause of the following exception: Traceback (most recent call last): File ""<stdin>"", line 3, in <modu...",Fix the CLI or skill call path that produced the traceback.,/home/shadeform/.codex/sessions/2026/07/04/rollout-2026-07-04T15-53-25-019f2dd5-ab6d-7233-9638-e99930565997.jsonl
bug_0062,autocuda/optimize/2026-07-03-13-39-25/brief-49,optimize-tree,2026-07-04T17:39:38.358Z,critical,autocuda_exception,autocuda command raised an exception,"line 2370 (tool_result): The above exception was the direct cause of the following exception: Traceback (most recent call last): File ""<stdin>"", line 3, in <module> File ""/home/shadeform/gpumode/autocuda/worktrees/optimize-2026-07-03-13-39-25-brief-49/problems/l...",Fix the CLI or skill call path that produced the traceback.,/home/shadeform/.codex/sessions/2026/07/04/rollout-2026-07-04T15-53-25-019f2dd5-ab6d-7233-9638-e99930565997.jsonl
bug_0063,autocuda/optimize/2026-07-03-13-39-25/brief-49,optimize-tree,2026-07-04T17:39:38.358Z,critical,autocuda_exception,autocuda command raised an exception,"line 2370 (tool_result): Traceback (most recent call last): File ""<stdin>"", line 3, in <module> File ""/home/shadeform/gpumode/autocuda/worktrees/optimize-2026-07-03-13-39-25-brief-49/problems/linalg/eigh_py/submission.py"", line 4072, in <module> _ext = load_inli...",Fix the CLI or skill call path that produced the traceback.,/home/shadeform/.codex/sessions/2026/07/04/rollout-2026-07-04T15-53-25-019f2dd5-ab6d-7233-9638-e99930565997.jsonl
bug_0064,autocuda/optimize/2026-07-03-13-39-25/brief-49,optimize-tree,2026-07-04T17:46:13.120Z,critical,autocuda_exception,autocuda command raised an exception,line 2505 (tool_result): ----- kernelguard scan ----- kernelguard gate: /home/shadeform/gpumode/autocuda/worktrees/optimize-2026-07-03-13-39-25-brief-49/problems/linalg/eigh_py/submission.py classification: valid should_filter: False matched patterns: none kerne...,Fix the CLI or skill call path that produced the traceback.,/home/shadeform/.codex/sessions/2026/07/04/rollout-2026-07-04T15-53-25-019f2dd5-ab6d-7233-9638-e99930565997.jsonl
bug_0065,autocuda/optimize/2026-07-03-13-39-25/brief-49,optimize-tree,2026-07-04T17:46:13.120Z,critical,autocuda_exception,autocuda command raised an exception,line 2505 (tool_result): kernelguard gate: /home/shadeform/gpumode/autocuda/worktrees/optimize-2026-07-03-13-39-25-brief-49/problems/linalg/eigh_py/submission.py classification: valid should_filter: False matched patterns: none kernelguard gate: CLEAN ----------...,Fix the CLI or skill call path that produced the traceback.,/home/shadeform/.codex/sessions/2026/07/04/rollout-2026-07-04T15-53-25-019f2dd5-ab6d-7233-9638-e99930565997.jsonl
bug_0066,autocuda/optimize/2026-07-03-13-39-25/brief-49,optimize-tree,2026-07-04T17:46:13.120Z,critical,autocuda_exception,autocuda command raised an exception,"line 2505 (tool_result): kernelguard gate: CLEAN ---------------------------- multiprocessing.pool.RemoteTraceback: """""" Traceback (most recent call last): File ""/home/shadeform/.local/share/uv/python/cpython-3.12.13-linux-x86_64-gnu/lib/python3.12/multiprocessin...",Fix the CLI or skill call path that produced the traceback.,/home/shadeform/.codex/sessions/2026/07/04/rollout-2026-07-04T15-53-25-019f2dd5-ab6d-7233-9638-e99930565997.jsonl
bug_0067,autocuda/optimize/2026-07-03-13-39-25/brief-49,optimize-tree,2026-07-04T17:46:13.120Z,critical,autocuda_exception,autocuda command raised an exception,"line 2505 (tool_result): ---------------------------- multiprocessing.pool.RemoteTraceback: """""" Traceback (most recent call last): File ""/home/shadeform/.local/share/uv/python/cpython-3.12.13-linux-x86_64-gnu/lib/python3.12/multiprocessing/pool.py"", line 125, in...",Fix the CLI or skill call path that produced the traceback.,/home/shadeform/.codex/sessions/2026/07/04/rollout-2026-07-04T15-53-25-019f2dd5-ab6d-7233-9638-e99930565997.jsonl
bug_0068,autocuda/optimize/2026-07-03-13-39-25/brief-49,optimize-tree,2026-07-04T17:46:13.120Z,critical,autocuda_exception,autocuda command raised an exception,"line 2505 (tool_result): multiprocessing.pool.RemoteTraceback: """""" Traceback (most recent call last): File ""/home/shadeform/.local/share/uv/python/cpython-3.12.13-linux-x86_64-gnu/lib/python3.12/multiprocessing/pool.py"", line 125, in worker result = (True, func(...",Fix the CLI or skill call path that produced the traceback.,/home/shadeform/.codex/sessions/2026/07/04/rollout-2026-07-04T15-53-25-019f2dd5-ab6d-7233-9638-e99930565997.jsonl
bug_0069,autocuda/optimize/2026-07-03-13-39-25/brief-49,optimize-tree,2026-07-04T17:46:13.120Z,critical,autocuda_exception,autocuda command raised an exception,"line 2505 (tool_result): """""" Traceback (most recent call last): File ""/home/shadeform/.local/share/uv/python/cpython-3.12.13-linux-x86_64-gnu/lib/python3.12/multiprocessing/pool.py"", line 125, in worker result = (True, func(*args, **kwds)) ^^^^^^^^^^^^^^^^^^^ Fi...",Fix the CLI or skill call path that produced the traceback.,/home/shadeform/.codex/sessions/2026/07/04/rollout-2026-07-04T15-53-25-019f2dd5-ab6d-7233-9638-e99930565997.jsonl
bug_0070,autocuda/optimize/2026-07-03-13-39-25/brief-49,optimize-tree,2026-07-04T17:46:13.120Z,critical,autocuda_exception,autocuda command raised an exception,"line 2505 (tool_result): Traceback (most recent call last): File ""/home/shadeform/.local/share/uv/python/cpython-3.12.13-linux-x86_64-gnu/lib/python3.12/multiprocessing/pool.py"", line 125, in worker result = (True, func(*args, **kwds)) ^^^^^^^^^^^^^^^^^^^ File ""...",Fix the CLI or skill call path that produced the traceback.,/home/shadeform/.codex/sessions/2026/07/04/rollout-2026-07-04T15-53-25-019f2dd5-ab6d-7233-9638-e99930565997.jsonl
bug_0071,autocuda/optimize/2026-07-03-13-39-25/brief-49,optimize-tree,2026-07-04T17:46:13.120Z,critical,autocuda_exception,autocuda command raised an exception,"line 2505 (tool_result): ^^^^^^^^^^^^^^^^^^^^^^^^^^^^^^^^^^^^^^^^^^^^^^^^^^ File ""/home/shadeform/gpumode/.venv/lib/python3.12/site-packages/triton/runtime/jit.py"", line 723, in run bound_args, specialization, options = binder(*args, **kwargs) ^^^^^^^^^^^^^^^^^^...",Fix the CLI or skill call path that produced the traceback.,/home/shadeform/.codex/sessions/2026/07/04/rollout-2026-07-04T15-53-25-019f2dd5-ab6d-7233-9638-e99930565997.jsonl
bug_0072,autocuda/optimize/2026-07-03-13-39-25/brief-49,optimize-tree,2026-07-04T17:46:13.120Z,critical,autocuda_exception,autocuda command raised an exception,"line 2505 (tool_result): File ""/home/shadeform/gpumode/.venv/lib/python3.12/site-packages/triton/runtime/jit.py"", line 723, in run bound_args, specialization, options = binder(*args, **kwargs) ^^^^^^^^^^^^^^^^^^^^^^^ TypeError: dynamic_func() missing 1 required...",Fix the CLI or skill call path that produced the traceback.,/home/shadeform/.codex/sessions/2026/07/04/rollout-2026-07-04T15-53-25-019f2dd5-ab6d-7233-9638-e99930565997.jsonl
bug_0073,autocuda/optimize/2026-07-03-13-39-25/brief-49,optimize-tree,2026-07-04T17:46:13.120Z,critical,autocuda_exception,autocuda command raised an exception,"line 2505 (tool_result): bound_args, specialization, options = binder(*args, **kwargs) ^^^^^^^^^^^^^^^^^^^^^^^ TypeError: dynamic_func() missing 1 required positional argument: 'row_tiles' """""" The above exception was the direct cause of the following exception:...",Fix the CLI or skill call path that produced the traceback.,/home/shadeform/.codex/sessions/2026/07/04/rollout-2026-07-04T15-53-25-019f2dd5-ab6d-7233-9638-e99930565997.jsonl
bug_0074,autocuda/optimize/2026-07-03-13-39-25/brief-49,optimize-tree,2026-07-04T17:46:13.120Z,critical,autocuda_exception,autocuda command raised an exception,"line 2505 (tool_result): ^^^^^^^^^^^^^^^^^^^^^^^ TypeError: dynamic_func() missing 1 required positional argument: 'row_tiles' """""" The above exception was the direct cause of the following exception: Traceback (most recent call last): File ""/home/shadeform/gpumo...",Fix the CLI or skill call path that produced the traceback.,/home/shadeform/.codex/sessions/2026/07/04/rollout-2026-07-04T15-53-25-019f2dd5-ab6d-7233-9638-e99930565997.jsonl
bug_0075,autocuda/optimize/2026-07-03-13-39-25/brief-49,optimize-tree,2026-07-04T17:46:13.120Z,critical,autocuda_exception,autocuda command raised an exception,"line 2505 (tool_result): TypeError: dynamic_func() missing 1 required positional argument: 'row_tiles' """""" The above exception was the direct cause of the following exception: Traceback (most recent call last): File ""/home/shadeform/gpumode/autocuda/worktrees/op...",Fix the CLI or skill call path that produced the traceback.,/home/shadeform/.codex/sessions/2026/07/04/rollout-2026-07-04T15-53-25-019f2dd5-ab6d-7233-9638-e99930565997.jsonl
bug_0076,autocuda/optimize/2026-07-03-13-39-25/brief-49,optimize-tree,2026-07-04T17:46:13.120Z,critical,autocuda_exception,autocuda command raised an exception,"line 2505 (tool_result): """""" The above exception was the direct cause of the following exception: Traceback (most recent call last): File ""/home/shadeform/gpumode/autocuda/worktrees/optimize-2026-07-03-13-39-25-brief-49/problems/linalg/eigh_py/eval.py"", line 304...",Fix the CLI or skill call path that produced the traceback.,/home/shadeform/.codex/sessions/2026/07/04/rollout-2026-07-04T15-53-25-019f2dd5-ab6d-7233-9638-e99930565997.jsonl
bug_0077,autocuda/optimize/2026-07-03-13-39-25/brief-49,optimize-tree,2026-07-04T17:46:13.120Z,critical,autocuda_exception,autocuda command raised an exception,"line 2505 (tool_result): The above exception was the direct cause of the following exception: Traceback (most recent call last): File ""/home/shadeform/gpumode/autocuda/worktrees/optimize-2026-07-03-13-39-25-brief-49/problems/linalg/eigh_py/eval.py"", line 304, in...",Fix the CLI or skill call path that produced the traceback.,/home/shadeform/.codex/sessions/2026/07/04/rollout-2026-07-04T15-53-25-019f2dd5-ab6d-7233-9638-e99930565997.jsonl
bug_0078,autocuda/optimize/2026-07-03-13-39-25/brief-49,optimize-tree,2026-07-04T17:46:13.120Z,critical,autocuda_exception,autocuda command raised an exception,"line 2505 (tool_result): Traceback (most recent call last): File ""/home/shadeform/gpumode/autocuda/worktrees/optimize-2026-07-03-13-39-25-brief-49/problems/linalg/eigh_py/eval.py"", line 304, in <module> sys.exit(main()) ^^^^^^ File ""/home/shadeform/gpumode/autoc...",Fix the CLI or skill call path that produced the traceback.,/home/shadeform/.codex/sessions/2026/07/04/rollout-2026-07-04T15-53-25-019f2dd5-ab6d-7233-9638-e99930565997.jsonl
bug_0079,autocuda/optimize/2026-07-03-13-39-25/brief-49,optimize-tree,2026-07-05T00:25:27.228Z,critical,autocuda_exception,autocuda command raised an exception,"line 11291 (tool_result): {""chunk_id"":""182a14"",""wall_time_seconds"":16.286244998,""exit_code"":1,""original_token_count"":955,""output"":""[autocuda run] acquired lock=gpu-0 mode=exclusive at=2026-07-05T00:25:22.944192 wait=14.986s\n----- kernelguard scan -----\nkernelgu...",Fix the CLI or skill call path that produced the traceback.,/home/shadeform/.codex/sessions/2026/07/04/rollout-2026-07-04T15-53-25-019f2dd5-ab6d-7233-9638-e99930565997.jsonl
bug_0080,autocuda/optimize/2026-07-03-13-39-25/brief-50,optimize-tree,2026-07-04T17:03:04.622Z,critical,autocuda_exception,autocuda command raised an exception,"line 1997 (tool_result): {""chunk_id"":""199f2c"",""wall_time_seconds"":11.45238784,""exit_code"":1,""original_token_count"":1341,""output"":""[autocuda run] acquired lock=gpu-0 mode=exclusive at=2026-07-04T17:02:45.501326 wait=4.756s\nmultiprocessing.pool.RemoteTraceback: \...",Fix the CLI or skill call path that produced the traceback.,/home/shadeform/.codex/sessions/2026/07/04/rollout-2026-07-04T15-32-53-019f2dc2-df5a-7f63-93cc-f46ea2028dc1.jsonl
bug_0081,autocuda/optimize/2026-07-03-13-39-25/brief-50,optimize-tree,2026-07-04T17:06:08.002Z,critical,autocuda_exception,autocuda command raised an exception,"line 2044 (tool_result): {""chunk_id"":""39e7d4"",""wall_time_seconds"":25.815853469,""exit_code"":1,""original_token_count"":1341,""output"":""[autocuda run] acquired lock=gpu-0 mode=exclusive at=2026-07-04T17:06:01.783296 wait=19.684s\nmultiprocessing.pool.RemoteTraceback:...",Fix the CLI or skill call path that produced the traceback.,/home/shadeform/.codex/sessions/2026/07/04/rollout-2026-07-04T15-32-53-019f2dc2-df5a-7f63-93cc-f46ea2028dc1.jsonl
bug_0082,autocuda/optimize/2026-07-03-13-39-25/brief-50,optimize-tree,2026-07-04T17:30:05.989Z,critical,autocuda_exception,autocuda command raised an exception,"line 2447 (tool_result): {""chunk_id"":""d36ffe"",""wall_time_seconds"":19.866124421,""exit_code"":1,""original_token_count"":1340,""output"":""[autocuda run] acquired lock=gpu-0 mode=exclusive at=2026-07-04T17:29:59.527397 wait=13.517s\nmultiprocessing.pool.RemoteTraceback:...",Fix the CLI or skill call path that produced the traceback.,/home/shadeform/.codex/sessions/2026/07/04/rollout-2026-07-04T15-32-53-019f2dc2-df5a-7f63-93cc-f46ea2028dc1.jsonl
bug_0083,autocuda/optimize/2026-07-03-13-39-25/brief-50,optimize-tree,2026-07-04T17:33:06.029Z,critical,autocuda_exception,autocuda command raised an exception,"line 2495 (tool_result): {""chunk_id"":""c04138"",""wall_time_seconds"":15.567723366,""exit_code"":1,""original_token_count"":1340,""output"":""[autocuda run] acquired lock=gpu-0 mode=exclusive at=2026-07-04T17:32:59.676782 wait=9.310s\nmultiprocessing.pool.RemoteTraceback:...",Fix the CLI or skill call path that produced the traceback.,/home/shadeform/.codex/sessions/2026/07/04/rollout-2026-07-04T15-32-53-019f2dc2-df5a-7f63-93cc-f46ea2028dc1.jsonl
bug_0084,autocuda/optimize/2026-07-03-13-39-25/brief-51,optimize-tree,2026-07-04T18:31:41.764Z,critical,autocuda_exception,autocuda command raised an exception,line 3761 (tool_result): ----- kernelguard scan ----- kernelguard gate: /home/shadeform/gpumode/autocuda/worktrees/optimize-2026-07-03-13-39-25-brief-51/problems/linalg/eigh_py/submission.py classification: valid should_filter: False matched patterns: none kerne...,Fix the CLI or skill call path that produced the traceback.,/home/shadeform/.codex/sessions/2026/07/04/rollout-2026-07-04T17-58-15-019f2e47-f43b-7752-8d41-938c1d8d811b.jsonl
bug_0085,autocuda/optimize/2026-07-03-13-39-25/brief-51,optimize-tree,2026-07-04T18:31:41.764Z,critical,autocuda_exception,autocuda command raised an exception,line 3761 (tool_result): kernelguard gate: /home/shadeform/gpumode/autocuda/worktrees/optimize-2026-07-03-13-39-25-brief-51/problems/linalg/eigh_py/submission.py classification: valid should_filter: False matched patterns: none kernelguard gate: CLEAN ----------...,Fix the CLI or skill call path that produced the traceback.,/home/shadeform/.codex/sessions/2026/07/04/rollout-2026-07-04T17-58-15-019f2e47-f43b-7752-8d41-938c1d8d811b.jsonl
bug_0086,autocuda/optimize/2026-07-03-13-39-25/brief-51,optimize-tree,2026-07-04T18:31:41.764Z,critical,autocuda_exception,autocuda command raised an exception,"line 3761 (tool_result): kernelguard gate: CLEAN ---------------------------- multiprocessing.pool.RemoteTraceback: """""" Traceback (most recent call last): File ""/home/shadeform/.local/share/uv/python/cpython-3.12.13-linux-x86_64-gnu/lib/python3.12/multiprocessin...",Fix the CLI or skill call path that produced the traceback.,/home/shadeform/.codex/sessions/2026/07/04/rollout-2026-07-04T17-58-15-019f2e47-f43b-7752-8d41-938c1d8d811b.jsonl
bug_0087,autocuda/optimize/2026-07-03-13-39-25/brief-51,optimize-tree,2026-07-04T18:31:41.764Z,critical,autocuda_exception,autocuda command raised an exception,"line 3761 (tool_result): ---------------------------- multiprocessing.pool.RemoteTraceback: """""" Traceback (most recent call last): File ""/home/shadeform/.local/share/uv/python/cpython-3.12.13-linux-x86_64-gnu/lib/python3.12/multiprocessing/pool.py"", line 125, in...",Fix the CLI or skill call path that produced the traceback.,/home/shadeform/.codex/sessions/2026/07/04/rollout-2026-07-04T17-58-15-019f2e47-f43b-7752-8d41-938c1d8d811b.jsonl
bug_0088,autocuda/optimize/2026-07-03-13-39-25/brief-51,optimize-tree,2026-07-04T18:31:41.764Z,critical,autocuda_exception,autocuda command raised an exception,"line 3761 (tool_result): multiprocessing.pool.RemoteTraceback: """""" Traceback (most recent call last): File ""/home/shadeform/.local/share/uv/python/cpython-3.12.13-linux-x86_64-gnu/lib/python3.12/multiprocessing/pool.py"", line 125, in worker result = (True, func(...",Fix the CLI or skill call path that produced the traceback.,/home/shadeform/.codex/sessions/2026/07/04/rollout-2026-07-04T17-58-15-019f2e47-f43b-7752-8d41-938c1d8d811b.jsonl
bug_0089,autocuda/optimize/2026-07-03-13-39-25/brief-51,optimize-tree,2026-07-04T18:31:41.764Z,critical,autocuda_exception,autocuda command raised an exception,"line 3761 (tool_result): """""" Traceback (most recent call last): File ""/home/shadeform/.local/share/uv/python/cpython-3.12.13-linux-x86_64-gnu/lib/python3.12/multiprocessing/pool.py"", line 125, in worker result = (True, func(*args, **kwds)) ^^^^^^^^^^^^^^^^^^^ Fi...",Fix the CLI or skill call path that produced the traceback.,/home/shadeform/.codex/sessions/2026/07/04/rollout-2026-07-04T17-58-15-019f2e47-f43b-7752-8d41-938c1d8d811b.jsonl
bug_0090,autocuda/optimize/2026-07-03-13-39-25/brief-51,optimize-tree,2026-07-04T18:31:41.764Z,critical,autocuda_exception,autocuda command raised an exception,"line 3761 (tool_result): Traceback (most recent call last): File ""/home/shadeform/.local/share/uv/python/cpython-3.12.13-linux-x86_64-gnu/lib/python3.12/multiprocessing/pool.py"", line 125, in worker result = (True, func(*args, **kwds)) ^^^^^^^^^^^^^^^^^^^ File ""...",Fix the CLI or skill call path that produced the traceback.,/home/shadeform/.codex/sessions/2026/07/04/rollout-2026-07-04T17-58-15-019f2e47-f43b-7752-8d41-938c1d8d811b.jsonl
bug_0091,autocuda/optimize/2026-07-03-13-39-25/brief-51,optimize-tree,2026-07-04T18:31:41.764Z,critical,autocuda_exception,autocuda command raised an exception,"line 3761 (tool_result): return _custom_eigh512(data) ^^^^^^^^^^^^^^^^^^^^^ File ""/home/shadeform/gpumode/autocuda/worktrees/optimize-2026-07-03-13-39-25-brief-51/problems/linalg/eigh_py/submission.py"", line 4444, in _custom_eigh512 return _ext.refine_eigh512(da...",Fix the CLI or skill call path that produced the traceback.,/home/shadeform/.codex/sessions/2026/07/04/rollout-2026-07-04T17-58-15-019f2e47-f43b-7752-8d41-938c1d8d811b.jsonl
bug_0092,autocuda/optimize/2026-07-03-13-39-25/brief-51,optimize-tree,2026-07-04T18:31:41.764Z,critical,autocuda_exception,autocuda command raised an exception,"line 3761 (tool_result): ^^^^^^^^^^^^^^^^^^^^^ File ""/home/shadeform/gpumode/autocuda/worktrees/optimize-2026-07-03-13-39-25-brief-51/problems/linalg/eigh_py/submission.py"", line 4444, in _custom_eigh512 return _ext.refine_eigh512(data, vectors, values, factor_w...",Fix the CLI or skill call path that produced the traceback.,/home/shadeform/.codex/sessions/2026/07/04/rollout-2026-07-04T17-58-15-019f2e47-f43b-7752-8d41-938c1d8d811b.jsonl
bug_0093,autocuda/optimize/2026-07-03-13-39-25/brief-51,optimize-tree,2026-07-04T18:31:41.764Z,critical,autocuda_exception,autocuda command raised an exception,"line 3761 (tool_result): File ""/home/shadeform/gpumode/autocuda/worktrees/optimize-2026-07-03-13-39-25-brief-51/problems/linalg/eigh_py/submission.py"", line 4444, in _custom_eigh512 return _ext.refine_eigh512(data, vectors, values, factor_workspace) ^^^^^^^^^^^^...",Fix the CLI or skill call path that produced the traceback.,/home/shadeform/.codex/sessions/2026/07/04/rollout-2026-07-04T17-58-15-019f2e47-f43b-7752-8d41-938c1d8d811b.jsonl
bug_0094,autocuda/optimize/2026-07-03-13-39-25/brief-51,optimize-tree,2026-07-04T18:31:41.764Z,critical,autocuda_exception,autocuda command raised an exception,"line 3761 (tool_result): return _ext.refine_eigh512(data, vectors, values, factor_workspace) ^^^^^^^^^^^^^^^^^^^^^^^^^^^^^^^^^^^^^^^^^^^^^^^^^^^^^^^^^^^^ RuntimeError: cusolverDnXsyevBatched( s.handle, s.params, CUSOLVER_EIG_MODE_VECTOR, uplo, n, CUDA_R_32F, vec...",Fix the CLI or skill call path that produced the traceback.,/home/shadeform/.codex/sessions/2026/07/04/rollout-2026-07-04T17-58-15-019f2e47-f43b-7752-8d41-938c1d8d811b.jsonl
bug_0095,autocuda/optimize/2026-07-03-13-39-25/brief-51,optimize-tree,2026-07-04T18:31:41.764Z,critical,autocuda_exception,autocuda command raised an exception,"line 3761 (tool_result): ^^^^^^^^^^^^^^^^^^^^^^^^^^^^^^^^^^^^^^^^^^^^^^^^^^^^^^^^^^^^ RuntimeError: cusolverDnXsyevBatched( s.handle, s.params, CUSOLVER_EIG_MODE_VECTOR, uplo, n, CUDA_R_32F, vectors_col_major.data_ptr<float>(), n, CUDA_R_32F, values.data_ptr<flo...",Fix the CLI or skill call path that produced the traceback.,/home/shadeform/.codex/sessions/2026/07/04/rollout-2026-07-04T17-58-15-019f2e47-f43b-7752-8d41-938c1d8d811b.jsonl
bug_0096,autocuda/optimize/2026-07-03-13-39-25/brief-51,optimize-tree,2026-07-04T18:31:41.764Z,critical,autocuda_exception,autocuda command raised an exception,"line 3761 (tool_result): RuntimeError: cusolverDnXsyevBatched( s.handle, s.params, CUSOLVER_EIG_MODE_VECTOR, uplo, n, CUDA_R_32F, vectors_col_major.data_ptr<float>(), n, CUDA_R_32F, values.data_ptr<float>(), CUDA_R_32F, s.device_bytes == 0 ? nullptr : s.device_w...",Fix the CLI or skill call path that produced the traceback.,/home/shadeform/.codex/sessions/2026/07/04/rollout-2026-07-04T17-58-15-019f2e47-f43b-7752-8d41-938c1d8d811b.jsonl
bug_0097,autocuda/optimize/2026-07-03-13-39-25/brief-51,optimize-tree,2026-07-04T18:31:41.764Z,critical,autocuda_exception,autocuda command raised an exception,"line 3761 (tool_result): """""" The above exception was the direct cause of the following exception: Traceback (most recent call last): File ""/home/shadeform/gpumode/autocuda/worktrees/optimize-2026-07-03-13-39-25-brief-51/problems/linalg/eigh_py/eval.py"", line 304...",Fix the CLI or skill call path that produced the traceback.,/home/shadeform/.codex/sessions/2026/07/04/rollout-2026-07-04T17-58-15-019f2e47-f43b-7752-8d41-938c1d8d811b.jsonl
bug_0098,autocuda/optimize/2026-07-03-13-39-25/brief-51,optimize-tree,2026-07-04T18:31:41.764Z,critical,autocuda_exception,autocuda command raised an exception,"line 3761 (tool_result): The above exception was the direct cause of the following exception: Traceback (most recent call last): File ""/home/shadeform/gpumode/autocuda/worktrees/optimize-2026-07-03-13-39-25-brief-51/problems/linalg/eigh_py/eval.py"", line 304, in...",Fix the CLI or skill call path that produced the traceback.,/home/shadeform/.codex/sessions/2026/07/04/rollout-2026-07-04T17-58-15-019f2e47-f43b-7752-8d41-938c1d8d811b.jsonl
bug_0099,autocuda/optimize/2026-07-03-13-39-25/brief-51,optimize-tree,2026-07-04T18:31:41.764Z,critical,autocuda_exception,autocuda command raised an exception,"line 3761 (tool_result): Traceback (most recent call last): File ""/home/shadeform/gpumode/autocuda/worktrees/optimize-2026-07-03-13-39-25-brief-51/problems/linalg/eigh_py/eval.py"", line 304, in <module> sys.exit(main()) ^^^^^^ File ""/home/shadeform/gpumode/autoc...",Fix the CLI or skill call path that produced the traceback.,/home/shadeform/.codex/sessions/2026/07/04/rollout-2026-07-04T17-58-15-019f2e47-f43b-7752-8d41-938c1d8d811b.jsonl
bug_0100,autocuda/optimize/2026-07-03-13-39-25/brief-51,optimize-tree,2026-07-04T21:57:14.833Z,critical,autocuda_exception,autocuda command raised an exception,line 8446 (tool_result): ----- kernelguard scan ----- kernelguard gate: /home/shadeform/gpumode/autocuda/worktrees/optimize-2026-07-03-13-39-25-brief-53/problems/linalg/eigh_py/submission.py classification: valid should_filter: False matched patterns: none kerne...,Fix the CLI or skill call path that produced the traceback.,/home/shadeform/.codex/sessions/2026/07/04/rollout-2026-07-04T17-58-15-019f2e47-f43b-7752-8d41-938c1d8d811b.jsonl
bug_0101,autocuda/optimize/2026-07-03-13-39-25/brief-51,optimize-tree,2026-07-04T21:57:14.833Z,critical,autocuda_exception,autocuda command raised an exception,line 8446 (tool_result): kernelguard gate: /home/shadeform/gpumode/autocuda/worktrees/optimize-2026-07-03-13-39-25-brief-53/problems/linalg/eigh_py/submission.py classification: valid should_filter: False matched patterns: none kernelguard gate: CLEAN ----------...,Fix the CLI or skill call path that produced the traceback.,/home/shadeform/.codex/sessions/2026/07/04/rollout-2026-07-04T17-58-15-019f2e47-f43b-7752-8d41-938c1d8d811b.jsonl
bug_0102,autocuda/optimize/2026-07-03-13-39-25/brief-51,optimize-tree,2026-07-04T21:57:14.833Z,critical,autocuda_exception,autocuda command raised an exception,"line 8446 (tool_result): kernelguard gate: CLEAN ---------------------------- multiprocessing.pool.RemoteTraceback: """""" Traceback (most recent call last): File ""/home/shadeform/.local/share/uv/python/cpython-3.12.13-linux-x86_64-gnu/lib/python3.12/multiprocessin...",Fix the CLI or skill call path that produced the traceback.,/home/shadeform/.codex/sessions/2026/07/04/rollout-2026-07-04T17-58-15-019f2e47-f43b-7752-8d41-938c1d8d811b.jsonl
bug_0103,autocuda/optimize/2026-07-03-13-39-25/brief-51,optimize-tree,2026-07-04T21:57:14.833Z,critical,autocuda_exception,autocuda command raised an exception,"line 8446 (tool_result): ---------------------------- multiprocessing.pool.RemoteTraceback: """""" Traceback (most recent call last): File ""/home/shadeform/.local/share/uv/python/cpython-3.12.13-linux-x86_64-gnu/lib/python3.12/multiprocessing/pool.py"", line 125, in...",Fix the CLI or skill call path that produced the traceback.,/home/shadeform/.codex/sessions/2026/07/04/rollout-2026-07-04T17-58-15-019f2e47-f43b-7752-8d41-938c1d8d811b.jsonl
bug_0104,autocuda/optimize/2026-07-03-13-39-25/brief-51,optimize-tree,2026-07-04T21:57:14.833Z,critical,autocuda_exception,autocuda command raised an exception,"line 8446 (tool_result): multiprocessing.pool.RemoteTraceback: """""" Traceback (most recent call last): File ""/home/shadeform/.local/share/uv/python/cpython-3.12.13-linux-x86_64-gnu/lib/python3.12/multiprocessing/pool.py"", line 125, in worker result = (True, func(...",Fix the CLI or skill call path that produced the traceback.,/home/shadeform/.codex/sessions/2026/07/04/rollout-2026-07-04T17-58-15-019f2e47-f43b-7752-8d41-938c1d8d811b.jsonl
bug_0105,autocuda/optimize/2026-07-03-13-39-25/brief-51,optimize-tree,2026-07-04T21:57:14.833Z,critical,autocuda_exception,autocuda command raised an exception,"line 8446 (tool_result): """""" Traceback (most recent call last): File ""/home/shadeform/.local/share/uv/python/cpython-3.12.13-linux-x86_64-gnu/lib/python3.12/multiprocessing/pool.py"", line 125, in worker result = (True, func(*args, **kwds)) ^^^^^^^^^^^^^^^^^^^ Fi...",Fix the CLI or skill call path that produced the traceback.,/home/shadeform/.codex/sessions/2026/07/04/rollout-2026-07-04T17-58-15-019f2e47-f43b-7752-8d41-938c1d8d811b.jsonl
bug_0106,autocuda/optimize/2026-07-03-13-39-25/brief-51,optimize-tree,2026-07-04T21:57:14.833Z,critical,autocuda_exception,autocuda command raised an exception,"line 8446 (tool_result): Traceback (most recent call last): File ""/home/shadeform/.local/share/uv/python/cpython-3.12.13-linux-x86_64-gnu/lib/python3.12/multiprocessing/pool.py"", line 125, in worker result = (True, func(*args, **kwds)) ^^^^^^^^^^^^^^^^^^^ File ""...",Fix the CLI or skill call path that produced the traceback.,/home/shadeform/.codex/sessions/2026/07/04/rollout-2026-07-04T17-58-15-019f2e47-f43b-7752-8d41-938c1d8d811b.jsonl
bug_0107,autocuda/optimize/2026-07-03-13-39-25/brief-51,optimize-tree,2026-07-04T21:57:14.833Z,critical,autocuda_exception,autocuda command raised an exception,"line 8446 (tool_result): return _custom_eigh512(data) ^^^^^^^^^^^^^^^^^^^^^ File ""/home/shadeform/gpumode/autocuda/worktrees/optimize-2026-07-03-13-39-25-brief-53/problems/linalg/eigh_py/submission.py"", line 4532, in _custom_eigh512 cluster_cholesky = torch.lina...",Fix the CLI or skill call path that produced the traceback.,/home/shadeform/.codex/sessions/2026/07/04/rollout-2026-07-04T17-58-15-019f2e47-f43b-7752-8d41-938c1d8d811b.jsonl
bug_0108,autocuda/optimize/2026-07-03-13-39-25/brief-51,optimize-tree,2026-07-04T21:57:14.833Z,critical,autocuda_exception,autocuda command raised an exception,"line 8446 (tool_result): ^^^^^^^^^^^^^^^^^^^^^ File ""/home/shadeform/gpumode/autocuda/worktrees/optimize-2026-07-03-13-39-25-brief-53/problems/linalg/eigh_py/submission.py"", line 4532, in _custom_eigh512 cluster_cholesky = torch.linalg.cholesky(cluster_gram) ^^^...",Fix the CLI or skill call path that produced the traceback.,/home/shadeform/.codex/sessions/2026/07/04/rollout-2026-07-04T17-58-15-019f2e47-f43b-7752-8d41-938c1d8d811b.jsonl
bug_0109,autocuda/optimize/2026-07-03-13-39-25/brief-51,optimize-tree,2026-07-04T21:57:14.833Z,critical,autocuda_exception,autocuda command raised an exception,"line 8446 (tool_result): File ""/home/shadeform/gpumode/autocuda/worktrees/optimize-2026-07-03-13-39-25-brief-53/problems/linalg/eigh_py/submission.py"", line 4532, in _custom_eigh512 cluster_cholesky = torch.linalg.cholesky(cluster_gram) ^^^^^^^^^^^^^^^^^^^^^^^^^...",Fix the CLI or skill call path that produced the traceback.,/home/shadeform/.codex/sessions/2026/07/04/rollout-2026-07-04T17-58-15-019f2e47-f43b-7752-8d41-938c1d8d811b.jsonl
bug_0110,autocuda/optimize/2026-07-03-13-39-25/brief-51,optimize-tree,2026-07-04T21:57:14.833Z,critical,autocuda_exception,autocuda command raised an exception,line 8446 (tool_result): cluster_cholesky = torch.linalg.cholesky(cluster_gram) ^^^^^^^^^^^^^^^^^^^^^^^^^^^^^^^^^^^ torch._C._LinAlgError: linalg.cholesky: (Batch element 0): The factorization could not be completed because the input is not positive-definite (th...,Fix the CLI or skill call path that produced the traceback.,/home/shadeform/.codex/sessions/2026/07/04/rollout-2026-07-04T17-58-15-019f2e47-f43b-7752-8d41-938c1d8d811b.jsonl
bug_0111,autocuda/optimize/2026-07-03-13-39-25/brief-51,optimize-tree,2026-07-04T21:57:14.833Z,critical,autocuda_exception,autocuda command raised an exception,line 8446 (tool_result): ^^^^^^^^^^^^^^^^^^^^^^^^^^^^^^^^^^^ torch._C._LinAlgError: linalg.cholesky: (Batch element 0): The factorization could not be completed because the input is not positive-definite (the leading minor of order 26 is not positive-definite)....,Fix the CLI or skill call path that produced the traceback.,/home/shadeform/.codex/sessions/2026/07/04/rollout-2026-07-04T17-58-15-019f2e47-f43b-7752-8d41-938c1d8d811b.jsonl
bug_0112,autocuda/optimize/2026-07-03-13-39-25/brief-51,optimize-tree,2026-07-04T21:57:14.833Z,critical,autocuda_exception,autocuda command raised an exception,"line 8446 (tool_result): torch._C._LinAlgError: linalg.cholesky: (Batch element 0): The factorization could not be completed because the input is not positive-definite (the leading minor of order 26 is not positive-definite). """""" The above exception was the dire...",Fix the CLI or skill call path that produced the traceback.,/home/shadeform/.codex/sessions/2026/07/04/rollout-2026-07-04T17-58-15-019f2e47-f43b-7752-8d41-938c1d8d811b.jsonl
bug_0113,autocuda/optimize/2026-07-03-13-39-25/brief-51,optimize-tree,2026-07-04T21:57:14.833Z,critical,autocuda_exception,autocuda command raised an exception,"line 8446 (tool_result): """""" The above exception was the direct cause of the following exception: Traceback (most recent call last): File ""/home/shadeform/gpumode/autocuda/worktrees/optimize-2026-07-03-13-39-25-brief-53/problems/linalg/eigh_py/eval.py"", line 304...",Fix the CLI or skill call path that produced the traceback.,/home/shadeform/.codex/sessions/2026/07/04/rollout-2026-07-04T17-58-15-019f2e47-f43b-7752-8d41-938c1d8d811b.jsonl
bug_0114,autocuda/optimize/2026-07-03-13-39-25/brief-51,optimize-tree,2026-07-04T21:57:14.833Z,critical,autocuda_exception,autocuda command raised an exception,"line 8446 (tool_result): The above exception was the direct cause of the following exception: Traceback (most recent call last): File ""/home/shadeform/gpumode/autocuda/worktrees/optimize-2026-07-03-13-39-25-brief-53/problems/linalg/eigh_py/eval.py"", line 304, in...",Fix the CLI or skill call path that produced the traceback.,/home/shadeform/.codex/sessions/2026/07/04/rollout-2026-07-04T17-58-15-019f2e47-f43b-7752-8d41-938c1d8d811b.jsonl
bug_0115,autocuda/optimize/2026-07-03-13-39-25/brief-51,optimize-tree,2026-07-04T21:57:14.833Z,critical,autocuda_exception,autocuda command raised an exception,"line 8446 (tool_result): Traceback (most recent call last): File ""/home/shadeform/gpumode/autocuda/worktrees/optimize-2026-07-03-13-39-25-brief-53/problems/linalg/eigh_py/eval.py"", line 304, in <module> sys.exit(main()) ^^^^^^ File ""/home/shadeform/gpumode/autoc...",Fix the CLI or skill call path that produced the traceback.,/home/shadeform/.codex/sessions/2026/07/04/rollout-2026-07-04T17-58-15-019f2e47-f43b-7752-8d41-938c1d8d811b.jsonl
bug_0116,autocuda/optimize/2026-07-03-13-39-25/brief-51,optimize-tree,2026-07-04T22:12:03.151Z,critical,autocuda_exception,autocuda command raised an exception,line 8759 (tool_result): ----- kernelguard scan ----- kernelguard gate: /home/shadeform/gpumode/autocuda/worktrees/optimize-2026-07-03-13-39-25-brief-53/problems/linalg/eigh_py/submission.py classification: valid should_filter: False matched patterns: none kerne...,Fix the CLI or skill call path that produced the traceback.,/home/shadeform/.codex/sessions/2026/07/04/rollout-2026-07-04T17-58-15-019f2e47-f43b-7752-8d41-938c1d8d811b.jsonl
bug_0117,autocuda/optimize/2026-07-03-13-39-25/brief-51,optimize-tree,2026-07-04T22:12:03.151Z,critical,autocuda_exception,autocuda command raised an exception,line 8759 (tool_result): kernelguard gate: /home/shadeform/gpumode/autocuda/worktrees/optimize-2026-07-03-13-39-25-brief-53/problems/linalg/eigh_py/submission.py classification: valid should_filter: False matched patterns: none kernelguard gate: CLEAN ----------...,Fix the CLI or skill call path that produced the traceback.,/home/shadeform/.codex/sessions/2026/07/04/rollout-2026-07-04T17-58-15-019f2e47-f43b-7752-8d41-938c1d8d811b.jsonl
bug_0118,autocuda/optimize/2026-07-03-13-39-25/brief-51,optimize-tree,2026-07-04T22:12:03.151Z,critical,autocuda_exception,autocuda command raised an exception,"line 8759 (tool_result): kernelguard gate: CLEAN ---------------------------- multiprocessing.pool.RemoteTraceback: """""" Traceback (most recent call last): File ""/home/shadeform/.local/share/uv/python/cpython-3.12.13-linux-x86_64-gnu/lib/python3.12/multiprocessin...",Fix the CLI or skill call path that produced the traceback.,/home/shadeform/.codex/sessions/2026/07/04/rollout-2026-07-04T17-58-15-019f2e47-f43b-7752-8d41-938c1d8d811b.jsonl
bug_0119,autocuda/optimize/2026-07-03-13-39-25/brief-51,optimize-tree,2026-07-04T22:12:03.151Z,critical,autocuda_exception,autocuda command raised an exception,"line 8759 (tool_result): ---------------------------- multiprocessing.pool.RemoteTraceback: """""" Traceback (most recent call last): File ""/home/shadeform/.local/share/uv/python/cpython-3.12.13-linux-x86_64-gnu/lib/python3.12/multiprocessing/pool.py"", line 125, in...",Fix the CLI or skill call path that produced the traceback.,/home/shadeform/.codex/sessions/2026/07/04/rollout-2026-07-04T17-58-15-019f2e47-f43b-7752-8d41-938c1d8d811b.jsonl
bug_0120,autocuda/optimize/2026-07-03-13-39-25/brief-51,optimize-tree,2026-07-04T22:12:03.151Z,critical,autocuda_exception,autocuda command raised an exception,"line 8759 (tool_result): multiprocessing.pool.RemoteTraceback: """""" Traceback (most recent call last): File ""/home/shadeform/.local/share/uv/python/cpython-3.12.13-linux-x86_64-gnu/lib/python3.12/multiprocessing/pool.py"", line 125, in worker result = (True, func(...",Fix the CLI or skill call path that produced the traceback.,/home/shadeform/.codex/sessions/2026/07/04/rollout-2026-07-04T17-58-15-019f2e47-f43b-7752-8d41-938c1d8d811b.jsonl
bug_0121,autocuda/optimize/2026-07-03-13-39-25/brief-51,optimize-tree,2026-07-04T22:12:03.151Z,critical,autocuda_exception,autocuda command raised an exception,"line 8759 (tool_result): """""" Traceback (most recent call last): File ""/home/shadeform/.local/share/uv/python/cpython-3.12.13-linux-x86_64-gnu/lib/python3.12/multiprocessing/pool.py"", line 125, in worker result = (True, func(*args, **kwds)) ^^^^^^^^^^^^^^^^^^^ Fi...",Fix the CLI or skill call path that produced the traceback.,/home/shadeform/.codex/sessions/2026/07/04/rollout-2026-07-04T17-58-15-019f2e47-f43b-7752-8d41-938c1d8d811b.jsonl
bug_0122,autocuda/optimize/2026-07-03-13-39-25/brief-51,optimize-tree,2026-07-04T22:12:03.151Z,critical,autocuda_exception,autocuda command raised an exception,"line 8759 (tool_result): Traceback (most recent call last): File ""/home/shadeform/.local/share/uv/python/cpython-3.12.13-linux-x86_64-gnu/lib/python3.12/multiprocessing/pool.py"", line 125, in worker result = (True, func(*args, **kwds)) ^^^^^^^^^^^^^^^^^^^ File ""...",Fix the CLI or skill call path that produced the traceback.,/home/shadeform/.codex/sessions/2026/07/04/rollout-2026-07-04T17-58-15-019f2e47-f43b-7752-8d41-938c1d8d811b.jsonl
bug_0123,autocuda/optimize/2026-07-03-13-39-25/brief-51,optimize-tree,2026-07-04T22:12:03.151Z,critical,autocuda_exception,autocuda command raised an exception,"line 8759 (tool_result): return _custom_eigh512(data) ^^^^^^^^^^^^^^^^^^^^^ File ""/home/shadeform/gpumode/autocuda/worktrees/optimize-2026-07-03-13-39-25-brief-53/problems/linalg/eigh_py/submission.py"", line 4529, in _custom_eigh512 cluster_cholesky = torch.lina...",Fix the CLI or skill call path that produced the traceback.,/home/shadeform/.codex/sessions/2026/07/04/rollout-2026-07-04T17-58-15-019f2e47-f43b-7752-8d41-938c1d8d811b.jsonl
bug_0124,autocuda/optimize/2026-07-03-13-39-25/brief-51,optimize-tree,2026-07-04T22:12:03.151Z,critical,autocuda_exception,autocuda command raised an exception,"line 8759 (tool_result): ^^^^^^^^^^^^^^^^^^^^^ File ""/home/shadeform/gpumode/autocuda/worktrees/optimize-2026-07-03-13-39-25-brief-53/problems/linalg/eigh_py/submission.py"", line 4529, in _custom_eigh512 cluster_cholesky = torch.linalg.cholesky(cluster_gram) ^^^...",Fix the CLI or skill call path that produced the traceback.,/home/shadeform/.codex/sessions/2026/07/04/rollout-2026-07-04T17-58-15-019f2e47-f43b-7752-8d41-938c1d8d811b.jsonl
bug_0125,autocuda/optimize/2026-07-03-13-39-25/brief-51,optimize-tree,2026-07-04T22:12:03.151Z,critical,autocuda_exception,autocuda command raised an exception,"line 8759 (tool_result): File ""/home/shadeform/gpumode/autocuda/worktrees/optimize-2026-07-03-13-39-25-brief-53/problems/linalg/eigh_py/submission.py"", line 4529, in _custom_eigh512 cluster_cholesky = torch.linalg.cholesky(cluster_gram) ^^^^^^^^^^^^^^^^^^^^^^^^^...",Fix the CLI or skill call path that produced the traceback.,/home/shadeform/.codex/sessions/2026/07/04/rollout-2026-07-04T17-58-15-019f2e47-f43b-7752-8d41-938c1d8d811b.jsonl
bug_0126,autocuda/optimize/2026-07-03-13-39-25/brief-51,optimize-tree,2026-07-04T22:12:03.151Z,critical,autocuda_exception,autocuda command raised an exception,line 8759 (tool_result): cluster_cholesky = torch.linalg.cholesky(cluster_gram) ^^^^^^^^^^^^^^^^^^^^^^^^^^^^^^^^^^^ torch._C._LinAlgError: linalg.cholesky: (Batch element 0): The factorization could not be completed because the input is not positive-definite (th...,Fix the CLI or skill call path that produced the traceback.,/home/shadeform/.codex/sessions/2026/07/04/rollout-2026-07-04T17-58-15-019f2e47-f43b-7752-8d41-938c1d8d811b.jsonl
bug_0127,autocuda/optimize/2026-07-03-13-39-25/brief-51,optimize-tree,2026-07-04T22:12:03.151Z,critical,autocuda_exception,autocuda command raised an exception,line 8759 (tool_result): ^^^^^^^^^^^^^^^^^^^^^^^^^^^^^^^^^^^ torch._C._LinAlgError: linalg.cholesky: (Batch element 0): The factorization could not be completed because the input is not positive-definite (the leading minor of order 26 is not positive-definite)....,Fix the CLI or skill call path that produced the traceback.,/home/shadeform/.codex/sessions/2026/07/04/rollout-2026-07-04T17-58-15-019f2e47-f43b-7752-8d41-938c1d8d811b.jsonl
bug_0128,autocuda/optimize/2026-07-03-13-39-25/brief-51,optimize-tree,2026-07-04T22:12:03.151Z,critical,autocuda_exception,autocuda command raised an exception,"line 8759 (tool_result): torch._C._LinAlgError: linalg.cholesky: (Batch element 0): The factorization could not be completed because the input is not positive-definite (the leading minor of order 26 is not positive-definite). """""" The above exception was the dire...",Fix the CLI or skill call path that produced the traceback.,/home/shadeform/.codex/sessions/2026/07/04/rollout-2026-07-04T17-58-15-019f2e47-f43b-7752-8d41-938c1d8d811b.jsonl
bug_0129,autocuda/optimize/2026-07-03-13-39-25/brief-51,optimize-tree,2026-07-04T22:12:03.151Z,critical,autocuda_exception,autocuda command raised an exception,"line 8759 (tool_result): """""" The above exception was the direct cause of the following exception: Traceback (most recent call last): File ""/home/shadeform/gpumode/autocuda/worktrees/optimize-2026-07-03-13-39-25-brief-53/problems/linalg/eigh_py/eval.py"", line 304...",Fix the CLI or skill call path that produced the traceback.,/home/shadeform/.codex/sessions/2026/07/04/rollout-2026-07-04T17-58-15-019f2e47-f43b-7752-8d41-938c1d8d811b.jsonl
bug_0130,autocuda/optimize/2026-07-03-13-39-25/brief-51,optimize-tree,2026-07-04T22:12:03.151Z,critical,autocuda_exception,autocuda command raised an exception,"line 8759 (tool_result): The above exception was the direct cause of the following exception: Traceback (most recent call last): File ""/home/shadeform/gpumode/autocuda/worktrees/optimize-2026-07-03-13-39-25-brief-53/problems/linalg/eigh_py/eval.py"", line 304, in...",Fix the CLI or skill call path that produced the traceback.,/home/shadeform/.codex/sessions/2026/07/04/rollout-2026-07-04T17-58-15-019f2e47-f43b-7752-8d41-938c1d8d811b.jsonl
bug_0131,autocuda/optimize/2026-07-03-13-39-25/brief-51,optimize-tree,2026-07-04T22:12:03.151Z,critical,autocuda_exception,autocuda command raised an exception,"line 8759 (tool_result): Traceback (most recent call last): File ""/home/shadeform/gpumode/autocuda/worktrees/optimize-2026-07-03-13-39-25-brief-53/problems/linalg/eigh_py/eval.py"", line 304, in <module> sys.exit(main()) ^^^^^^ File ""/home/shadeform/gpumode/autoc...",Fix the CLI or skill call path that produced the traceback.,/home/shadeform/.codex/sessions/2026/07/04/rollout-2026-07-04T17-58-15-019f2e47-f43b-7752-8d41-938c1d8d811b.jsonl
bug_0132,autocuda/optimize/2026-07-03-13-39-25/brief-52,optimize-tree,2026-07-04T16:05:30.075Z,critical,autocuda_exception,autocuda command raised an exception,"line 294 (tool_result): {""chunk_id"":""939946"",""wall_time_seconds"":22.902466933,""exit_code"":1,""original_token_count"":1213,""output"":""Traceback (most recent call last):\n File \""/home/shadeform/gpumode/.venv/lib/python3.12/site-packages/torch/utils/cpp_extension.py...",Fix the CLI or skill call path that produced the traceback.,/home/shadeform/.codex/sessions/2026/07/04/rollout-2026-07-04T15-53-25-019f2dd5-ab6d-7233-9638-e99930565997.jsonl
bug_0133,autocuda/optimize/2026-07-03-13-39-25/brief-52,optimize-tree,2026-07-04T17:39:38.358Z,critical,autocuda_exception,autocuda command raised an exception,"line 2370 (tool_result): [autocuda run] acquired lock=build mode=shared at=2026-07-04T17:39:17.329974 wait=1.852s Traceback (most recent call last): File ""/home/shadeform/gpumode/.venv/lib/python3.12/site-packages/torch/utils/cpp_extension.py"", line 2782, in _ru...",Fix the CLI or skill call path that produced the traceback.,/home/shadeform/.codex/sessions/2026/07/04/rollout-2026-07-04T15-53-25-019f2dd5-ab6d-7233-9638-e99930565997.jsonl
bug_0134,autocuda/optimize/2026-07-03-13-39-25/brief-52,optimize-tree,2026-07-04T17:39:38.358Z,critical,autocuda_exception,autocuda command raised an exception,"line 2370 (tool_result): File ""/home/shadeform/gpumode/.venv/lib/python3.12/site-packages/torch/utils/cpp_extension.py"", line 2782, in _run_ninja_build subprocess.run( File ""/home/shadeform/.local/share/uv/python/cpython-3.12.13-linux-x86_64-gnu/lib/python3.12/s...",Fix the CLI or skill call path that produced the traceback.,/home/shadeform/.codex/sessions/2026/07/04/rollout-2026-07-04T15-53-25-019f2dd5-ab6d-7233-9638-e99930565997.jsonl
bug_0135,autocuda/optimize/2026-07-03-13-39-25/brief-52,optimize-tree,2026-07-04T17:39:38.358Z,critical,autocuda_exception,autocuda command raised an exception,"line 2370 (tool_result): subprocess.run( File ""/home/shadeform/.local/share/uv/python/cpython-3.12.13-linux-x86_64-gnu/lib/python3.12/subprocess.py"", line 571, in run raise CalledProcessError(retcode, process.args, subprocess.CalledProcessError: Command '['ninja...",Fix the CLI or skill call path that produced the traceback.,/home/shadeform/.codex/sessions/2026/07/04/rollout-2026-07-04T15-53-25-019f2dd5-ab6d-7233-9638-e99930565997.jsonl
bug_0136,autocuda/optimize/2026-07-03-13-39-25/brief-52,optimize-tree,2026-07-04T17:39:38.358Z,critical,autocuda_exception,autocuda command raised an exception,"line 2370 (tool_result): File ""/home/shadeform/.local/share/uv/python/cpython-3.12.13-linux-x86_64-gnu/lib/python3.12/subprocess.py"", line 571, in run raise CalledProcessError(retcode, process.args, subprocess.CalledProcessError: Command '['ninja', '-v', '-j', '...",Fix the CLI or skill call path that produced the traceback.,/home/shadeform/.codex/sessions/2026/07/04/rollout-2026-07-04T15-53-25-019f2dd5-ab6d-7233-9638-e99930565997.jsonl
bug_0137,autocuda/optimize/2026-07-03-13-39-25/brief-52,optimize-tree,2026-07-04T17:39:38.358Z,critical,autocuda_exception,autocuda command raised an exception,"line 2370 (tool_result): raise CalledProcessError(retcode, process.args, subprocess.CalledProcessError: Command '['ninja', '-v', '-j', '3']' returned non-zero exit status 1. The above exception was the direct cause of the following exception: Traceback (most rec...",Fix the CLI or skill call path that produced the traceback.,/home/shadeform/.codex/sessions/2026/07/04/rollout-2026-07-04T15-53-25-019f2dd5-ab6d-7233-9638-e99930565997.jsonl
bug_0138,autocuda/optimize/2026-07-03-13-39-25/brief-52,optimize-tree,2026-07-04T17:39:38.358Z,critical,autocuda_exception,autocuda command raised an exception,"line 2370 (tool_result): subprocess.CalledProcessError: Command '['ninja', '-v', '-j', '3']' returned non-zero exit status 1. The above exception was the direct cause of the following exception: Traceback (most recent call last): File ""<stdin>"", line 3, in <modu...",Fix the CLI or skill call path that produced the traceback.,/home/shadeform/.codex/sessions/2026/07/04/rollout-2026-07-04T15-53-25-019f2dd5-ab6d-7233-9638-e99930565997.jsonl
bug_0139,autocuda/optimize/2026-07-03-13-39-25/brief-52,optimize-tree,2026-07-04T17:39:38.358Z,critical,autocuda_exception,autocuda command raised an exception,"line 2370 (tool_result): The above exception was the direct cause of the following exception: Traceback (most recent call last): File ""<stdin>"", line 3, in <module> File ""/home/shadeform/gpumode/autocuda/worktrees/optimize-2026-07-03-13-39-25-brief-49/problems/l...",Fix the CLI or skill call path that produced the traceback.,/home/shadeform/.codex/sessions/2026/07/04/rollout-2026-07-04T15-53-25-019f2dd5-ab6d-7233-9638-e99930565997.jsonl
bug_0140,autocuda/optimize/2026-07-03-13-39-25/brief-52,optimize-tree,2026-07-04T17:39:38.358Z,critical,autocuda_exception,autocuda command raised an exception,"line 2370 (tool_result): Traceback (most recent call last): File ""<stdin>"", line 3, in <module> File ""/home/shadeform/gpumode/autocuda/worktrees/optimize-2026-07-03-13-39-25-brief-49/problems/linalg/eigh_py/submission.py"", line 4072, in <module> _ext = load_inli...",Fix the CLI or skill call path that produced the traceback.,/home/shadeform/.codex/sessions/2026/07/04/rollout-2026-07-04T15-53-25-019f2dd5-ab6d-7233-9638-e99930565997.jsonl
bug_0141,autocuda/optimize/2026-07-03-13-39-25/brief-52,optimize-tree,2026-07-04T17:46:13.120Z,critical,autocuda_exception,autocuda command raised an exception,line 2505 (tool_result): ----- kernelguard scan ----- kernelguard gate: /home/shadeform/gpumode/autocuda/worktrees/optimize-2026-07-03-13-39-25-brief-49/problems/linalg/eigh_py/submission.py classification: valid should_filter: False matched patterns: none kerne...,Fix the CLI or skill call path that produced the traceback.,/home/shadeform/.codex/sessions/2026/07/04/rollout-2026-07-04T15-53-25-019f2dd5-ab6d-7233-9638-e99930565997.jsonl
bug_0142,autocuda/optimize/2026-07-03-13-39-25/brief-52,optimize-tree,2026-07-04T17:46:13.120Z,critical,autocuda_exception,autocuda command raised an exception,line 2505 (tool_result): kernelguard gate: /home/shadeform/gpumode/autocuda/worktrees/optimize-2026-07-03-13-39-25-brief-49/problems/linalg/eigh_py/submission.py classification: valid should_filter: False matched patterns: none kernelguard gate: CLEAN ----------...,Fix the CLI or skill call path that produced the traceback.,/home/shadeform/.codex/sessions/2026/07/04/rollout-2026-07-04T15-53-25-019f2dd5-ab6d-7233-9638-e99930565997.jsonl
bug_0143,autocuda/optimize/2026-07-03-13-39-25/brief-52,optimize-tree,2026-07-04T17:46:13.120Z,critical,autocuda_exception,autocuda command raised an exception,"line 2505 (tool_result): kernelguard gate: CLEAN ---------------------------- multiprocessing.pool.RemoteTraceback: """""" Traceback (most recent call last): File ""/home/shadeform/.local/share/uv/python/cpython-3.12.13-linux-x86_64-gnu/lib/python3.12/multiprocessin...",Fix the CLI or skill call path that produced the traceback.,/home/shadeform/.codex/sessions/2026/07/04/rollout-2026-07-04T15-53-25-019f2dd5-ab6d-7233-9638-e99930565997.jsonl
bug_0144,autocuda/optimize/2026-07-03-13-39-25/brief-52,optimize-tree,2026-07-04T17:46:13.120Z,critical,autocuda_exception,autocuda command raised an exception,"line 2505 (tool_result): ---------------------------- multiprocessing.pool.RemoteTraceback: """""" Traceback (most recent call last): File ""/home/shadeform/.local/share/uv/python/cpython-3.12.13-linux-x86_64-gnu/lib/python3.12/multiprocessing/pool.py"", line 125, in...",Fix the CLI or skill call path that produced the traceback.,/home/shadeform/.codex/sessions/2026/07/04/rollout-2026-07-04T15-53-25-019f2dd5-ab6d-7233-9638-e99930565997.jsonl
bug_0145,autocuda/optimize/2026-07-03-13-39-25/brief-52,optimize-tree,2026-07-04T17:46:13.120Z,critical,autocuda_exception,autocuda command raised an exception,"line 2505 (tool_result): multiprocessing.pool.RemoteTraceback: """""" Traceback (most recent call last): File ""/home/shadeform/.local/share/uv/python/cpython-3.12.13-linux-x86_64-gnu/lib/python3.12/multiprocessing/pool.py"", line 125, in worker result = (True, func(...",Fix the CLI or skill call path that produced the traceback.,/home/shadeform/.codex/sessions/2026/07/04/rollout-2026-07-04T15-53-25-019f2dd5-ab6d-7233-9638-e99930565997.jsonl
bug_0146,autocuda/optimize/2026-07-03-13-39-25/brief-52,optimize-tree,2026-07-04T17:46:13.120Z,critical,autocuda_exception,autocuda command raised an exception,"line 2505 (tool_result): """""" Traceback (most recent call last): File ""/home/shadeform/.local/share/uv/python/cpython-3.12.13-linux-x86_64-gnu/lib/python3.12/multiprocessing/pool.py"", line 125, in worker result = (True, func(*args, **kwds)) ^^^^^^^^^^^^^^^^^^^ Fi...",Fix the CLI or skill call path that produced the traceback.,/home/shadeform/.codex/sessions/2026/07/04/rollout-2026-07-04T15-53-25-019f2dd5-ab6d-7233-9638-e99930565997.jsonl
bug_0147,autocuda/optimize/2026-07-03-13-39-25/brief-52,optimize-tree,2026-07-04T17:46:13.120Z,critical,autocuda_exception,autocuda command raised an exception,"line 2505 (tool_result): Traceback (most recent call last): File ""/home/shadeform/.local/share/uv/python/cpython-3.12.13-linux-x86_64-gnu/lib/python3.12/multiprocessing/pool.py"", line 125, in worker result = (True, func(*args, **kwds)) ^^^^^^^^^^^^^^^^^^^ File ""...",Fix the CLI or skill call path that produced the traceback.,/home/shadeform/.codex/sessions/2026/07/04/rollout-2026-07-04T15-53-25-019f2dd5-ab6d-7233-9638-e99930565997.jsonl
bug_0148,autocuda/optimize/2026-07-03-13-39-25/brief-52,optimize-tree,2026-07-04T17:46:13.120Z,critical,autocuda_exception,autocuda command raised an exception,"line 2505 (tool_result): ^^^^^^^^^^^^^^^^^^^^^^^^^^^^^^^^^^^^^^^^^^^^^^^^^^ File ""/home/shadeform/gpumode/.venv/lib/python3.12/site-packages/triton/runtime/jit.py"", line 723, in run bound_args, specialization, options = binder(*args, **kwargs) ^^^^^^^^^^^^^^^^^^...",Fix the CLI or skill call path that produced the traceback.,/home/shadeform/.codex/sessions/2026/07/04/rollout-2026-07-04T15-53-25-019f2dd5-ab6d-7233-9638-e99930565997.jsonl
bug_0149,autocuda/optimize/2026-07-03-13-39-25/brief-52,optimize-tree,2026-07-04T17:46:13.120Z,critical,autocuda_exception,autocuda command raised an exception,"line 2505 (tool_result): File ""/home/shadeform/gpumode/.venv/lib/python3.12/site-packages/triton/runtime/jit.py"", line 723, in run bound_args, specialization, options = binder(*args, **kwargs) ^^^^^^^^^^^^^^^^^^^^^^^ TypeError: dynamic_func() missing 1 required...",Fix the CLI or skill call path that produced the traceback.,/home/shadeform/.codex/sessions/2026/07/04/rollout-2026-07-04T15-53-25-019f2dd5-ab6d-7233-9638-e99930565997.jsonl
bug_0150,autocuda/optimize/2026-07-03-13-39-25/brief-52,optimize-tree,2026-07-04T17:46:13.120Z,critical,autocuda_exception,autocuda command raised an exception,"line 2505 (tool_result): bound_args, specialization, options = binder(*args, **kwargs) ^^^^^^^^^^^^^^^^^^^^^^^ TypeError: dynamic_func() missing 1 required positional argument: 'row_tiles' """""" The above exception was the direct cause of the following exception:...",Fix the CLI or skill call path that produced the traceback.,/home/shadeform/.codex/sessions/2026/07/04/rollout-2026-07-04T15-53-25-019f2dd5-ab6d-7233-9638-e99930565997.jsonl
bug_0151,autocuda/optimize/2026-07-03-13-39-25/brief-52,optimize-tree,2026-07-04T17:46:13.120Z,critical,autocuda_exception,autocuda command raised an exception,"line 2505 (tool_result): ^^^^^^^^^^^^^^^^^^^^^^^ TypeError: dynamic_func() missing 1 required positional argument: 'row_tiles' """""" The above exception was the direct cause of the following exception: Traceback (most recent call last): File ""/home/shadeform/gpumo...",Fix the CLI or skill call path that produced the traceback.,/home/shadeform/.codex/sessions/2026/07/04/rollout-2026-07-04T15-53-25-019f2dd5-ab6d-7233-9638-e99930565997.jsonl
bug_0152,autocuda/optimize/2026-07-03-13-39-25/brief-52,optimize-tree,2026-07-04T17:46:13.120Z,critical,autocuda_exception,autocuda command raised an exception,"line 2505 (tool_result): TypeError: dynamic_func() missing 1 required positional argument: 'row_tiles' """""" The above exception was the direct cause of the following exception: Traceback (most recent call last): File ""/home/shadeform/gpumode/autocuda/worktrees/op...",Fix the CLI or skill call path that produced the traceback.,/home/shadeform/.codex/sessions/2026/07/04/rollout-2026-07-04T15-53-25-019f2dd5-ab6d-7233-9638-e99930565997.jsonl
bug_0153,autocuda/optimize/2026-07-03-13-39-25/brief-52,optimize-tree,2026-07-04T17:46:13.120Z,critical,autocuda_exception,autocuda command raised an exception,"line 2505 (tool_result): """""" The above exception was the direct cause of the following exception: Traceback (most recent call last): File ""/home/shadeform/gpumode/autocuda/worktrees/optimize-2026-07-03-13-39-25-brief-49/problems/linalg/eigh_py/eval.py"", line 304...",Fix the CLI or skill call path that produced the traceback.,/home/shadeform/.codex/sessions/2026/07/04/rollout-2026-07-04T15-53-25-019f2dd5-ab6d-7233-9638-e99930565997.jsonl
bug_0154,autocuda/optimize/2026-07-03-13-39-25/brief-52,optimize-tree,2026-07-04T17:46:13.120Z,critical,autocuda_exception,autocuda command raised an exception,"line 2505 (tool_result): The above exception was the direct cause of the following exception: Traceback (most recent call last): File ""/home/shadeform/gpumode/autocuda/worktrees/optimize-2026-07-03-13-39-25-brief-49/problems/linalg/eigh_py/eval.py"", line 304, in...",Fix the CLI or skill call path that produced the traceback.,/home/shadeform/.codex/sessions/2026/07/04/rollout-2026-07-04T15-53-25-019f2dd5-ab6d-7233-9638-e99930565997.jsonl
bug_0155,autocuda/optimize/2026-07-03-13-39-25/brief-52,optimize-tree,2026-07-04T17:46:13.120Z,critical,autocuda_exception,autocuda command raised an exception,"line 2505 (tool_result): Traceback (most recent call last): File ""/home/shadeform/gpumode/autocuda/worktrees/optimize-2026-07-03-13-39-25-brief-49/problems/linalg/eigh_py/eval.py"", line 304, in <module> sys.exit(main()) ^^^^^^ File ""/home/shadeform/gpumode/autoc...",Fix the CLI or skill call path that produced the traceback.,/home/shadeform/.codex/sessions/2026/07/04/rollout-2026-07-04T15-53-25-019f2dd5-ab6d-7233-9638-e99930565997.jsonl
bug_0156,autocuda/optimize/2026-07-03-13-39-25/brief-52,optimize-tree,2026-07-05T00:25:27.228Z,critical,autocuda_exception,autocuda command raised an exception,"line 11291 (tool_result): {""chunk_id"":""182a14"",""wall_time_seconds"":16.286244998,""exit_code"":1,""original_token_count"":955,""output"":""[autocuda run] acquired lock=gpu-0 mode=exclusive at=2026-07-05T00:25:22.944192 wait=14.986s\n----- kernelguard scan -----\nkernelgu...",Fix the CLI or skill call path that produced the traceback.,/home/shadeform/.codex/sessions/2026/07/04/rollout-2026-07-04T15-53-25-019f2dd5-ab6d-7233-9638-e99930565997.jsonl
bug_0157,autocuda/optimize/2026-07-03-13-39-25/brief-53,optimize-tree,2026-07-04T18:31:41.764Z,critical,autocuda_exception,autocuda command raised an exception,line 3761 (tool_result): ----- kernelguard scan ----- kernelguard gate: /home/shadeform/gpumode/autocuda/worktrees/optimize-2026-07-03-13-39-25-brief-51/problems/linalg/eigh_py/submission.py classification: valid should_filter: False matched patterns: none kerne...,Fix the CLI or skill call path that produced the traceback.,/home/shadeform/.codex/sessions/2026/07/04/rollout-2026-07-04T17-58-15-019f2e47-f43b-7752-8d41-938c1d8d811b.jsonl
bug_0158,autocuda/optimize/2026-07-03-13-39-25/brief-53,optimize-tree,2026-07-04T18:31:41.764Z,critical,autocuda_exception,autocuda command raised an exception,line 3761 (tool_result): kernelguard gate: /home/shadeform/gpumode/autocuda/worktrees/optimize-2026-07-03-13-39-25-brief-51/problems/linalg/eigh_py/submission.py classification: valid should_filter: False matched patterns: none kernelguard gate: CLEAN ----------...,Fix the CLI or skill call path that produced the traceback.,/home/shadeform/.codex/sessions/2026/07/04/rollout-2026-07-04T17-58-15-019f2e47-f43b-7752-8d41-938c1d8d811b.jsonl
bug_0159,autocuda/optimize/2026-07-03-13-39-25/brief-53,optimize-tree,2026-07-04T18:31:41.764Z,critical,autocuda_exception,autocuda command raised an exception,"line 3761 (tool_result): kernelguard gate: CLEAN ---------------------------- multiprocessing.pool.RemoteTraceback: """""" Traceback (most recent call last): File ""/home/shadeform/.local/share/uv/python/cpython-3.12.13-linux-x86_64-gnu/lib/python3.12/multiprocessin...",Fix the CLI or skill call path that produced the traceback.,/home/shadeform/.codex/sessions/2026/07/04/rollout-2026-07-04T17-58-15-019f2e47-f43b-7752-8d41-938c1d8d811b.jsonl
bug_0160,autocuda/optimize/2026-07-03-13-39-25/brief-53,optimize-tree,2026-07-04T18:31:41.764Z,critical,autocuda_exception,autocuda command raised an exception,"line 3761 (tool_result): ---------------------------- multiprocessing.pool.RemoteTraceback: """""" Traceback (most recent call last): File ""/home/shadeform/.local/share/uv/python/cpython-3.12.13-linux-x86_64-gnu/lib/python3.12/multiprocessing/pool.py"", line 125, in...",Fix the CLI or skill call path that produced the traceback.,/home/shadeform/.codex/sessions/2026/07/04/rollout-2026-07-04T17-58-15-019f2e47-f43b-7752-8d41-938c1d8d811b.jsonl
bug_0161,autocuda/optimize/2026-07-03-13-39-25/brief-53,optimize-tree,2026-07-04T18:31:41.764Z,critical,autocuda_exception,autocuda command raised an exception,"line 3761 (tool_result): multiprocessing.pool.RemoteTraceback: """""" Traceback (most recent call last): File ""/home/shadeform/.local/share/uv/python/cpython-3.12.13-linux-x86_64-gnu/lib/python3.12/multiprocessing/pool.py"", line 125, in worker result = (True, func(...",Fix the CLI or skill call path that produced the traceback.,/home/shadeform/.codex/sessions/2026/07/04/rollout-2026-07-04T17-58-15-019f2e47-f43b-7752-8d41-938c1d8d811b.jsonl
bug_0162,autocuda/optimize/2026-07-03-13-39-25/brief-53,optimize-tree,2026-07-04T18:31:41.764Z,critical,autocuda_exception,autocuda command raised an exception,"line 3761 (tool_result): """""" Traceback (most recent call last): File ""/home/shadeform/.local/share/uv/python/cpython-3.12.13-linux-x86_64-gnu/lib/python3.12/multiprocessing/pool.py"", line 125, in worker result = (True, func(*args, **kwds)) ^^^^^^^^^^^^^^^^^^^ Fi...",Fix the CLI or skill call path that produced the traceback.,/home/shadeform/.codex/sessions/2026/07/04/rollout-2026-07-04T17-58-15-019f2e47-f43b-7752-8d41-938c1d8d811b.jsonl
bug_0163,autocuda/optimize/2026-07-03-13-39-25/brief-53,optimize-tree,2026-07-04T18:31:41.764Z,critical,autocuda_exception,autocuda command raised an exception,"line 3761 (tool_result): Traceback (most recent call last): File ""/home/shadeform/.local/share/uv/python/cpython-3.12.13-linux-x86_64-gnu/lib/python3.12/multiprocessing/pool.py"", line 125, in worker result = (True, func(*args, **kwds)) ^^^^^^^^^^^^^^^^^^^ File ""...",Fix the CLI or skill call path that produced the traceback.,/home/shadeform/.codex/sessions/2026/07/04/rollout-2026-07-04T17-58-15-019f2e47-f43b-7752-8d41-938c1d8d811b.jsonl
bug_0164,autocuda/optimize/2026-07-03-13-39-25/brief-53,optimize-tree,2026-07-04T18:31:41.764Z,critical,autocuda_exception,autocuda command raised an exception,"line 3761 (tool_result): return _custom_eigh512(data) ^^^^^^^^^^^^^^^^^^^^^ File ""/home/shadeform/gpumode/autocuda/worktrees/optimize-2026-07-03-13-39-25-brief-51/problems/linalg/eigh_py/submission.py"", line 4444, in _custom_eigh512 return _ext.refine_eigh512(da...",Fix the CLI or skill call path that produced the traceback.,/home/shadeform/.codex/sessions/2026/07/04/rollout-2026-07-04T17-58-15-019f2e47-f43b-7752-8d41-938c1d8d811b.jsonl
bug_0165,autocuda/optimize/2026-07-03-13-39-25/brief-53,optimize-tree,2026-07-04T18:31:41.764Z,critical,autocuda_exception,autocuda command raised an exception,"line 3761 (tool_result): ^^^^^^^^^^^^^^^^^^^^^ File ""/home/shadeform/gpumode/autocuda/worktrees/optimize-2026-07-03-13-39-25-brief-51/problems/linalg/eigh_py/submission.py"", line 4444, in _custom_eigh512 return _ext.refine_eigh512(data, vectors, values, factor_w...",Fix the CLI or skill call path that produced the traceback.,/home/shadeform/.codex/sessions/2026/07/04/rollout-2026-07-04T17-58-15-019f2e47-f43b-7752-8d41-938c1d8d811b.jsonl
bug_0166,autocuda/optimize/2026-07-03-13-39-25/brief-53,optimize-tree,2026-07-04T18:31:41.764Z,critical,autocuda_exception,autocuda command raised an exception,"line 3761 (tool_result): File ""/home/shadeform/gpumode/autocuda/worktrees/optimize-2026-07-03-13-39-25-brief-51/problems/linalg/eigh_py/submission.py"", line 4444, in _custom_eigh512 return _ext.refine_eigh512(data, vectors, values, factor_workspace) ^^^^^^^^^^^^...",Fix the CLI or skill call path that produced the traceback.,/home/shadeform/.codex/sessions/2026/07/04/rollout-2026-07-04T17-58-15-019f2e47-f43b-7752-8d41-938c1d8d811b.jsonl
bug_0167,autocuda/optimize/2026-07-03-13-39-25/brief-53,optimize-tree,2026-07-04T18:31:41.764Z,critical,autocuda_exception,autocuda command raised an exception,"line 3761 (tool_result): return _ext.refine_eigh512(data, vectors, values, factor_workspace) ^^^^^^^^^^^^^^^^^^^^^^^^^^^^^^^^^^^^^^^^^^^^^^^^^^^^^^^^^^^^ RuntimeError: cusolverDnXsyevBatched( s.handle, s.params, CUSOLVER_EIG_MODE_VECTOR, uplo, n, CUDA_R_32F, vec...",Fix the CLI or skill call path that produced the traceback.,/home/shadeform/.codex/sessions/2026/07/04/rollout-2026-07-04T17-58-15-019f2e47-f43b-7752-8d41-938c1d8d811b.jsonl
bug_0168,autocuda/optimize/2026-07-03-13-39-25/brief-53,optimize-tree,2026-07-04T18:31:41.764Z,critical,autocuda_exception,autocuda command raised an exception,"line 3761 (tool_result): ^^^^^^^^^^^^^^^^^^^^^^^^^^^^^^^^^^^^^^^^^^^^^^^^^^^^^^^^^^^^ RuntimeError: cusolverDnXsyevBatched( s.handle, s.params, CUSOLVER_EIG_MODE_VECTOR, uplo, n, CUDA_R_32F, vectors_col_major.data_ptr<float>(), n, CUDA_R_32F, values.data_ptr<flo...",Fix the CLI or skill call path that produced the traceback.,/home/shadeform/.codex/sessions/2026/07/04/rollout-2026-07-04T17-58-15-019f2e47-f43b-7752-8d41-938c1d8d811b.jsonl
bug_0169,autocuda/optimize/2026-07-03-13-39-25/brief-53,optimize-tree,2026-07-04T18:31:41.764Z,critical,autocuda_exception,autocuda command raised an exception,"line 3761 (tool_result): RuntimeError: cusolverDnXsyevBatched( s.handle, s.params, CUSOLVER_EIG_MODE_VECTOR, uplo, n, CUDA_R_32F, vectors_col_major.data_ptr<float>(), n, CUDA_R_32F, values.data_ptr<float>(), CUDA_R_32F, s.device_bytes == 0 ? nullptr : s.device_w...",Fix the CLI or skill call path that produced the traceback.,/home/shadeform/.codex/sessions/2026/07/04/rollout-2026-07-04T17-58-15-019f2e47-f43b-7752-8d41-938c1d8d811b.jsonl
bug_0170,autocuda/optimize/2026-07-03-13-39-25/brief-53,optimize-tree,2026-07-04T18:31:41.764Z,critical,autocuda_exception,autocuda command raised an exception,"line 3761 (tool_result): """""" The above exception was the direct cause of the following exception: Traceback (most recent call last): File ""/home/shadeform/gpumode/autocuda/worktrees/optimize-2026-07-03-13-39-25-brief-51/problems/linalg/eigh_py/eval.py"", line 304...",Fix the CLI or skill call path that produced the traceback.,/home/shadeform/.codex/sessions/2026/07/04/rollout-2026-07-04T17-58-15-019f2e47-f43b-7752-8d41-938c1d8d811b.jsonl
bug_0171,autocuda/optimize/2026-07-03-13-39-25/brief-53,optimize-tree,2026-07-04T18:31:41.764Z,critical,autocuda_exception,autocuda command raised an exception,"line 3761 (tool_result): The above exception was the direct cause of the following exception: Traceback (most recent call last): File ""/home/shadeform/gpumode/autocuda/worktrees/optimize-2026-07-03-13-39-25-brief-51/problems/linalg/eigh_py/eval.py"", line 304, in...",Fix the CLI or skill call path that produced the traceback.,/home/shadeform/.codex/sessions/2026/07/04/rollout-2026-07-04T17-58-15-019f2e47-f43b-7752-8d41-938c1d8d811b.jsonl
bug_0172,autocuda/optimize/2026-07-03-13-39-25/brief-53,optimize-tree,2026-07-04T18:31:41.764Z,critical,autocuda_exception,autocuda command raised an exception,"line 3761 (tool_result): Traceback (most recent call last): File ""/home/shadeform/gpumode/autocuda/worktrees/optimize-2026-07-03-13-39-25-brief-51/problems/linalg/eigh_py/eval.py"", line 304, in <module> sys.exit(main()) ^^^^^^ File ""/home/shadeform/gpumode/autoc...",Fix the CLI or skill call path that produced the traceback.,/home/shadeform/.codex/sessions/2026/07/04/rollout-2026-07-04T17-58-15-019f2e47-f43b-7752-8d41-938c1d8d811b.jsonl
bug_0173,autocuda/optimize/2026-07-03-13-39-25/brief-53,optimize-tree,2026-07-04T21:57:14.833Z,critical,autocuda_exception,autocuda command raised an exception,line 8446 (tool_result): ----- kernelguard scan ----- kernelguard gate: /home/shadeform/gpumode/autocuda/worktrees/optimize-2026-07-03-13-39-25-brief-53/problems/linalg/eigh_py/submission.py classification: valid should_filter: False matched patterns: none kerne...,Fix the CLI or skill call path that produced the traceback.,/home/shadeform/.codex/sessions/2026/07/04/rollout-2026-07-04T17-58-15-019f2e47-f43b-7752-8d41-938c1d8d811b.jsonl
bug_0174,autocuda/optimize/2026-07-03-13-39-25/brief-53,optimize-tree,2026-07-04T21:57:14.833Z,critical,autocuda_exception,autocuda command raised an exception,line 8446 (tool_result): kernelguard gate: /home/shadeform/gpumode/autocuda/worktrees/optimize-2026-07-03-13-39-25-brief-53/problems/linalg/eigh_py/submission.py classification: valid should_filter: False matched patterns: none kernelguard gate: CLEAN ----------...,Fix the CLI or skill call path that produced the traceback.,/home/shadeform/.codex/sessions/2026/07/04/rollout-2026-07-04T17-58-15-019f2e47-f43b-7752-8d41-938c1d8d811b.jsonl
bug_0175,autocuda/optimize/2026-07-03-13-39-25/brief-53,optimize-tree,2026-07-04T21:57:14.833Z,critical,autocuda_exception,autocuda command raised an exception,"line 8446 (tool_result): kernelguard gate: CLEAN ---------------------------- multiprocessing.pool.RemoteTraceback: """""" Traceback (most recent call last): File ""/home/shadeform/.local/share/uv/python/cpython-3.12.13-linux-x86_64-gnu/lib/python3.12/multiprocessin...",Fix the CLI or skill call path that produced the traceback.,/home/shadeform/.codex/sessions/2026/07/04/rollout-2026-07-04T17-58-15-019f2e47-f43b-7752-8d41-938c1d8d811b.jsonl
bug_0176,autocuda/optimize/2026-07-03-13-39-25/brief-53,optimize-tree,2026-07-04T21:57:14.833Z,critical,autocuda_exception,autocuda command raised an exception,"line 8446 (tool_result): ---------------------------- multiprocessing.pool.RemoteTraceback: """""" Traceback (most recent call last): File ""/home/shadeform/.local/share/uv/python/cpython-3.12.13-linux-x86_64-gnu/lib/python3.12/multiprocessing/pool.py"", line 125, in...",Fix the CLI or skill call path that produced the traceback.,/home/shadeform/.codex/sessions/2026/07/04/rollout-2026-07-04T17-58-15-019f2e47-f43b-7752-8d41-938c1d8d811b.jsonl
bug_0177,autocuda/optimize/2026-07-03-13-39-25/brief-53,optimize-tree,2026-07-04T21:57:14.833Z,critical,autocuda_exception,autocuda command raised an exception,"line 8446 (tool_result): multiprocessing.pool.RemoteTraceback: """""" Traceback (most recent call last): File ""/home/shadeform/.local/share/uv/python/cpython-3.12.13-linux-x86_64-gnu/lib/python3.12/multiprocessing/pool.py"", line 125, in worker result = (True, func(...",Fix the CLI or skill call path that produced the traceback.,/home/shadeform/.codex/sessions/2026/07/04/rollout-2026-07-04T17-58-15-019f2e47-f43b-7752-8d41-938c1d8d811b.jsonl
bug_0178,autocuda/optimize/2026-07-03-13-39-25/brief-53,optimize-tree,2026-07-04T21:57:14.833Z,critical,autocuda_exception,autocuda command raised an exception,"line 8446 (tool_result): """""" Traceback (most recent call last): File ""/home/shadeform/.local/share/uv/python/cpython-3.12.13-linux-x86_64-gnu/lib/python3.12/multiprocessing/pool.py"", line 125, in worker result = (True, func(*args, **kwds)) ^^^^^^^^^^^^^^^^^^^ Fi...",Fix the CLI or skill call path that produced the traceback.,/home/shadeform/.codex/sessions/2026/07/04/rollout-2026-07-04T17-58-15-019f2e47-f43b-7752-8d41-938c1d8d811b.jsonl
bug_0179,autocuda/optimize/2026-07-03-13-39-25/brief-53,optimize-tree,2026-07-04T21:57:14.833Z,critical,autocuda_exception,autocuda command raised an exception,"line 8446 (tool_result): Traceback (most recent call last): File ""/home/shadeform/.local/share/uv/python/cpython-3.12.13-linux-x86_64-gnu/lib/python3.12/multiprocessing/pool.py"", line 125, in worker result = (True, func(*args, **kwds)) ^^^^^^^^^^^^^^^^^^^ File ""...",Fix the CLI or skill call path that produced the traceback.,/home/shadeform/.codex/sessions/2026/07/04/rollout-2026-07-04T17-58-15-019f2e47-f43b-7752-8d41-938c1d8d811b.jsonl
bug_0180,autocuda/optimize/2026-07-03-13-39-25/brief-53,optimize-tree,2026-07-04T21:57:14.833Z,critical,autocuda_exception,autocuda command raised an exception,"line 8446 (tool_result): return _custom_eigh512(data) ^^^^^^^^^^^^^^^^^^^^^ File ""/home/shadeform/gpumode/autocuda/worktrees/optimize-2026-07-03-13-39-25-brief-53/problems/linalg/eigh_py/submission.py"", line 4532, in _custom_eigh512 cluster_cholesky = torch.lina...",Fix the CLI or skill call path that produced the traceback.,/home/shadeform/.codex/sessions/2026/07/04/rollout-2026-07-04T17-58-15-019f2e47-f43b-7752-8d41-938c1d8d811b.jsonl
bug_0181,autocuda/optimize/2026-07-03-13-39-25/brief-53,optimize-tree,2026-07-04T21:57:14.833Z,critical,autocuda_exception,autocuda command raised an exception,"line 8446 (tool_result): ^^^^^^^^^^^^^^^^^^^^^ File ""/home/shadeform/gpumode/autocuda/worktrees/optimize-2026-07-03-13-39-25-brief-53/problems/linalg/eigh_py/submission.py"", line 4532, in _custom_eigh512 cluster_cholesky = torch.linalg.cholesky(cluster_gram) ^^^...",Fix the CLI or skill call path that produced the traceback.,/home/shadeform/.codex/sessions/2026/07/04/rollout-2026-07-04T17-58-15-019f2e47-f43b-7752-8d41-938c1d8d811b.jsonl
bug_0182,autocuda/optimize/2026-07-03-13-39-25/brief-53,optimize-tree,2026-07-04T21:57:14.833Z,critical,autocuda_exception,autocuda command raised an exception,"line 8446 (tool_result): File ""/home/shadeform/gpumode/autocuda/worktrees/optimize-2026-07-03-13-39-25-brief-53/problems/linalg/eigh_py/submission.py"", line 4532, in _custom_eigh512 cluster_cholesky = torch.linalg.cholesky(cluster_gram) ^^^^^^^^^^^^^^^^^^^^^^^^^...",Fix the CLI or skill call path that produced the traceback.,/home/shadeform/.codex/sessions/2026/07/04/rollout-2026-07-04T17-58-15-019f2e47-f43b-7752-8d41-938c1d8d811b.jsonl
bug_0183,autocuda/optimize/2026-07-03-13-39-25/brief-53,optimize-tree,2026-07-04T21:57:14.833Z,critical,autocuda_exception,autocuda command raised an exception,line 8446 (tool_result): cluster_cholesky = torch.linalg.cholesky(cluster_gram) ^^^^^^^^^^^^^^^^^^^^^^^^^^^^^^^^^^^ torch._C._LinAlgError: linalg.cholesky: (Batch element 0): The factorization could not be completed because the input is not positive-definite (th...,Fix the CLI or skill call path that produced the traceback.,/home/shadeform/.codex/sessions/2026/07/04/rollout-2026-07-04T17-58-15-019f2e47-f43b-7752-8d41-938c1d8d811b.jsonl
bug_0184,autocuda/optimize/2026-07-03-13-39-25/brief-53,optimize-tree,2026-07-04T21:57:14.833Z,critical,autocuda_exception,autocuda command raised an exception,line 8446 (tool_result): ^^^^^^^^^^^^^^^^^^^^^^^^^^^^^^^^^^^ torch._C._LinAlgError: linalg.cholesky: (Batch element 0): The factorization could not be completed because the input is not positive-definite (the leading minor of order 26 is not positive-definite)....,Fix the CLI or skill call path that produced the traceback.,/home/shadeform/.codex/sessions/2026/07/04/rollout-2026-07-04T17-58-15-019f2e47-f43b-7752-8d41-938c1d8d811b.jsonl
bug_0185,autocuda/optimize/2026-07-03-13-39-25/brief-53,optimize-tree,2026-07-04T21:57:14.833Z,critical,autocuda_exception,autocuda command raised an exception,"line 8446 (tool_result): torch._C._LinAlgError: linalg.cholesky: (Batch element 0): The factorization could not be completed because the input is not positive-definite (the leading minor of order 26 is not positive-definite). """""" The above exception was the dire...",Fix the CLI or skill call path that produced the traceback.,/home/shadeform/.codex/sessions/2026/07/04/rollout-2026-07-04T17-58-15-019f2e47-f43b-7752-8d41-938c1d8d811b.jsonl
bug_0186,autocuda/optimize/2026-07-03-13-39-25/brief-53,optimize-tree,2026-07-04T21:57:14.833Z,critical,autocuda_exception,autocuda command raised an exception,"line 8446 (tool_result): """""" The above exception was the direct cause of the following exception: Traceback (most recent call last): File ""/home/shadeform/gpumode/autocuda/worktrees/optimize-2026-07-03-13-39-25-brief-53/problems/linalg/eigh_py/eval.py"", line 304...",Fix the CLI or skill call path that produced the traceback.,/home/shadeform/.codex/sessions/2026/07/04/rollout-2026-07-04T17-58-15-019f2e47-f43b-7752-8d41-938c1d8d811b.jsonl
bug_0187,autocuda/optimize/2026-07-03-13-39-25/brief-53,optimize-tree,2026-07-04T21:57:14.833Z,critical,autocuda_exception,autocuda command raised an exception,"line 8446 (tool_result): The above exception was the direct cause of the following exception: Traceback (most recent call last): File ""/home/shadeform/gpumode/autocuda/worktrees/optimize-2026-07-03-13-39-25-brief-53/problems/linalg/eigh_py/eval.py"", line 304, in...",Fix the CLI or skill call path that produced the traceback.,/home/shadeform/.codex/sessions/2026/07/04/rollout-2026-07-04T17-58-15-019f2e47-f43b-7752-8d41-938c1d8d811b.jsonl
bug_0188,autocuda/optimize/2026-07-03-13-39-25/brief-53,optimize-tree,2026-07-04T21:57:14.833Z,critical,autocuda_exception,autocuda command raised an exception,"line 8446 (tool_result): Traceback (most recent call last): File ""/home/shadeform/gpumode/autocuda/worktrees/optimize-2026-07-03-13-39-25-brief-53/problems/linalg/eigh_py/eval.py"", line 304, in <module> sys.exit(main()) ^^^^^^ File ""/home/shadeform/gpumode/autoc...",Fix the CLI or skill call path that produced the traceback.,/home/shadeform/.codex/sessions/2026/07/04/rollout-2026-07-04T17-58-15-019f2e47-f43b-7752-8d41-938c1d8d811b.jsonl
bug_0189,autocuda/optimize/2026-07-03-13-39-25/brief-53,optimize-tree,2026-07-04T22:12:03.151Z,critical,autocuda_exception,autocuda command raised an exception,line 8759 (tool_result): ----- kernelguard scan ----- kernelguard gate: /home/shadeform/gpumode/autocuda/worktrees/optimize-2026-07-03-13-39-25-brief-53/problems/linalg/eigh_py/submission.py classification: valid should_filter: False matched patterns: none kerne...,Fix the CLI or skill call path that produced the traceback.,/home/shadeform/.codex/sessions/2026/07/04/rollout-2026-07-04T17-58-15-019f2e47-f43b-7752-8d41-938c1d8d811b.jsonl
bug_0190,autocuda/optimize/2026-07-03-13-39-25/brief-53,optimize-tree,2026-07-04T22:12:03.151Z,critical,autocuda_exception,autocuda command raised an exception,line 8759 (tool_result): kernelguard gate: /home/shadeform/gpumode/autocuda/worktrees/optimize-2026-07-03-13-39-25-brief-53/problems/linalg/eigh_py/submission.py classification: valid should_filter: False matched patterns: none kernelguard gate: CLEAN ----------...,Fix the CLI or skill call path that produced the traceback.,/home/shadeform/.codex/sessions/2026/07/04/rollout-2026-07-04T17-58-15-019f2e47-f43b-7752-8d41-938c1d8d811b.jsonl
bug_0191,autocuda/optimize/2026-07-03-13-39-25/brief-53,optimize-tree,2026-07-04T22:12:03.151Z,critical,autocuda_exception,autocuda command raised an exception,"line 8759 (tool_result): kernelguard gate: CLEAN ---------------------------- multiprocessing.pool.RemoteTraceback: """""" Traceback (most recent call last): File ""/home/shadeform/.local/share/uv/python/cpython-3.12.13-linux-x86_64-gnu/lib/python3.12/multiprocessin...",Fix the CLI or skill call path that produced the traceback.,/home/shadeform/.codex/sessions/2026/07/04/rollout-2026-07-04T17-58-15-019f2e47-f43b-7752-8d41-938c1d8d811b.jsonl
bug_0192,autocuda/optimize/2026-07-03-13-39-25/brief-53,optimize-tree,2026-07-04T22:12:03.151Z,critical,autocuda_exception,autocuda command raised an exception,"line 8759 (tool_result): ---------------------------- multiprocessing.pool.RemoteTraceback: """""" Traceback (most recent call last): File ""/home/shadeform/.local/share/uv/python/cpython-3.12.13-linux-x86_64-gnu/lib/python3.12/multiprocessing/pool.py"", line 125, in...",Fix the CLI or skill call path that produced the traceback.,/home/shadeform/.codex/sessions/2026/07/04/rollout-2026-07-04T17-58-15-019f2e47-f43b-7752-8d41-938c1d8d811b.jsonl
bug_0193,autocuda/optimize/2026-07-03-13-39-25/brief-53,optimize-tree,2026-07-04T22:12:03.151Z,critical,autocuda_exception,autocuda command raised an exception,"line 8759 (tool_result): multiprocessing.pool.RemoteTraceback: """""" Traceback (most recent call last): File ""/home/shadeform/.local/share/uv/python/cpython-3.12.13-linux-x86_64-gnu/lib/python3.12/multiprocessing/pool.py"", line 125, in worker result = (True, func(...",Fix the CLI or skill call path that produced the traceback.,/home/shadeform/.codex/sessions/2026/07/04/rollout-2026-07-04T17-58-15-019f2e47-f43b-7752-8d41-938c1d8d811b.jsonl
bug_0194,autocuda/optimize/2026-07-03-13-39-25/brief-53,optimize-tree,2026-07-04T22:12:03.151Z,critical,autocuda_exception,autocuda command raised an exception,"line 8759 (tool_result): """""" Traceback (most recent call last): File ""/home/shadeform/.local/share/uv/python/cpython-3.12.13-linux-x86_64-gnu/lib/python3.12/multiprocessing/pool.py"", line 125, in worker result = (True, func(*args, **kwds)) ^^^^^^^^^^^^^^^^^^^ Fi...",Fix the CLI or skill call path that produced the traceback.,/home/shadeform/.codex/sessions/2026/07/04/rollout-2026-07-04T17-58-15-019f2e47-f43b-7752-8d41-938c1d8d811b.jsonl
bug_0195,autocuda/optimize/2026-07-03-13-39-25/brief-53,optimize-tree,2026-07-04T22:12:03.151Z,critical,autocuda_exception,autocuda command raised an exception,"line 8759 (tool_result): Traceback (most recent call last): File ""/home/shadeform/.local/share/uv/python/cpython-3.12.13-linux-x86_64-gnu/lib/python3.12/multiprocessing/pool.py"", line 125, in worker result = (True, func(*args, **kwds)) ^^^^^^^^^^^^^^^^^^^ File ""...",Fix the CLI or skill call path that produced the traceback.,/home/shadeform/.codex/sessions/2026/07/04/rollout-2026-07-04T17-58-15-019f2e47-f43b-7752-8d41-938c1d8d811b.jsonl
bug_0196,autocuda/optimize/2026-07-03-13-39-25/brief-53,optimize-tree,2026-07-04T22:12:03.151Z,critical,autocuda_exception,autocuda command raised an exception,"line 8759 (tool_result): return _custom_eigh512(data) ^^^^^^^^^^^^^^^^^^^^^ File ""/home/shadeform/gpumode/autocuda/worktrees/optimize-2026-07-03-13-39-25-brief-53/problems/linalg/eigh_py/submission.py"", line 4529, in _custom_eigh512 cluster_cholesky = torch.lina...",Fix the CLI or skill call path that produced the traceback.,/home/shadeform/.codex/sessions/2026/07/04/rollout-2026-07-04T17-58-15-019f2e47-f43b-7752-8d41-938c1d8d811b.jsonl
bug_0197,autocuda/optimize/2026-07-03-13-39-25/brief-53,optimize-tree,2026-07-04T22:12:03.151Z,critical,autocuda_exception,autocuda command raised an exception,"line 8759 (tool_result): ^^^^^^^^^^^^^^^^^^^^^ File ""/home/shadeform/gpumode/autocuda/worktrees/optimize-2026-07-03-13-39-25-brief-53/problems/linalg/eigh_py/submission.py"", line 4529, in _custom_eigh512 cluster_cholesky = torch.linalg.cholesky(cluster_gram) ^^^...",Fix the CLI or skill call path that produced the traceback.,/home/shadeform/.codex/sessions/2026/07/04/rollout-2026-07-04T17-58-15-019f2e47-f43b-7752-8d41-938c1d8d811b.jsonl
bug_0198,autocuda/optimize/2026-07-03-13-39-25/brief-53,optimize-tree,2026-07-04T22:12:03.151Z,critical,autocuda_exception,autocuda command raised an exception,"line 8759 (tool_result): File ""/home/shadeform/gpumode/autocuda/worktrees/optimize-2026-07-03-13-39-25-brief-53/problems/linalg/eigh_py/submission.py"", line 4529, in _custom_eigh512 cluster_cholesky = torch.linalg.cholesky(cluster_gram) ^^^^^^^^^^^^^^^^^^^^^^^^^...",Fix the CLI or skill call path that produced the traceback.,/home/shadeform/.codex/sessions/2026/07/04/rollout-2026-07-04T17-58-15-019f2e47-f43b-7752-8d41-938c1d8d811b.jsonl
bug_0199,autocuda/optimize/2026-07-03-13-39-25/brief-53,optimize-tree,2026-07-04T22:12:03.151Z,critical,autocuda_exception,autocuda command raised an exception,line 8759 (tool_result): cluster_cholesky = torch.linalg.cholesky(cluster_gram) ^^^^^^^^^^^^^^^^^^^^^^^^^^^^^^^^^^^ torch._C._LinAlgError: linalg.cholesky: (Batch element 0): The factorization could not be completed because the input is not positive-definite (th...,Fix the CLI or skill call path that produced the traceback.,/home/shadeform/.codex/sessions/2026/07/04/rollout-2026-07-04T17-58-15-019f2e47-f43b-7752-8d41-938c1d8d811b.jsonl
bug_0200,autocuda/optimize/2026-07-03-13-39-25/brief-53,optimize-tree,2026-07-04T22:12:03.151Z,critical,autocuda_exception,autocuda command raised an exception,line 8759 (tool_result): ^^^^^^^^^^^^^^^^^^^^^^^^^^^^^^^^^^^ torch._C._LinAlgError: linalg.cholesky: (Batch element 0): The factorization could not be completed because the input is not positive-definite (the leading minor of order 26 is not positive-definite)....,Fix the CLI or skill call path that produced the traceback.,/home/shadeform/.codex/sessions/2026/07/04/rollout-2026-07-04T17-58-15-019f2e47-f43b-7752-8d41-938c1d8d811b.jsonl
bug_0201,autocuda/optimize/2026-07-03-13-39-25/brief-53,optimize-tree,2026-07-04T22:12:03.151Z,critical,autocuda_exception,autocuda command raised an exception,"line 8759 (tool_result): torch._C._LinAlgError: linalg.cholesky: (Batch element 0): The factorization could not be completed because the input is not positive-definite (the leading minor of order 26 is not positive-definite). """""" The above exception was the dire...",Fix the CLI or skill call path that produced the traceback.,/home/shadeform/.codex/sessions/2026/07/04/rollout-2026-07-04T17-58-15-019f2e47-f43b-7752-8d41-938c1d8d811b.jsonl
bug_0202,autocuda/optimize/2026-07-03-13-39-25/brief-53,optimize-tree,2026-07-04T22:12:03.151Z,critical,autocuda_exception,autocuda command raised an exception,"line 8759 (tool_result): """""" The above exception was the direct cause of the following exception: Traceback (most recent call last): File ""/home/shadeform/gpumode/autocuda/worktrees/optimize-2026-07-03-13-39-25-brief-53/problems/linalg/eigh_py/eval.py"", line 304...",Fix the CLI or skill call path that produced the traceback.,/home/shadeform/.codex/sessions/2026/07/04/rollout-2026-07-04T17-58-15-019f2e47-f43b-7752-8d41-938c1d8d811b.jsonl
bug_0203,autocuda/optimize/2026-07-03-13-39-25/brief-53,optimize-tree,2026-07-04T22:12:03.151Z,critical,autocuda_exception,autocuda command raised an exception,"line 8759 (tool_result): The above exception was the direct cause of the following exception: Traceback (most recent call last): File ""/home/shadeform/gpumode/autocuda/worktrees/optimize-2026-07-03-13-39-25-brief-53/problems/linalg/eigh_py/eval.py"", line 304, in...",Fix the CLI or skill call path that produced the traceback.,/home/shadeform/.codex/sessions/2026/07/04/rollout-2026-07-04T17-58-15-019f2e47-f43b-7752-8d41-938c1d8d811b.jsonl
bug_0204,autocuda/optimize/2026-07-03-13-39-25/brief-53,optimize-tree,2026-07-04T22:12:03.151Z,critical,autocuda_exception,autocuda command raised an exception,"line 8759 (tool_result): Traceback (most recent call last): File ""/home/shadeform/gpumode/autocuda/worktrees/optimize-2026-07-03-13-39-25-brief-53/problems/linalg/eigh_py/eval.py"", line 304, in <module> sys.exit(main()) ^^^^^^ File ""/home/shadeform/gpumode/autoc...",Fix the CLI or skill call path that produced the traceback.,/home/shadeform/.codex/sessions/2026/07/04/rollout-2026-07-04T17-58-15-019f2e47-f43b-7752-8d41-938c1d8d811b.jsonl
bug_0205,autocuda/optimize/2026-07-03-13-39-25/brief-54,optimize-tree,2026-07-04T16:05:30.075Z,critical,autocuda_exception,autocuda command raised an exception,"line 294 (tool_result): {""chunk_id"":""939946"",""wall_time_seconds"":22.902466933,""exit_code"":1,""original_token_count"":1213,""output"":""Traceback (most recent call last):\n File \""/home/shadeform/gpumode/.venv/lib/python3.12/site-packages/torch/utils/cpp_extension.py...",Fix the CLI or skill call path that produced the traceback.,/home/shadeform/.codex/sessions/2026/07/04/rollout-2026-07-04T15-53-25-019f2dd5-ab6d-7233-9638-e99930565997.jsonl
bug_0206,autocuda/optimize/2026-07-03-13-39-25/brief-54,optimize-tree,2026-07-04T17:39:38.358Z,critical,autocuda_exception,autocuda command raised an exception,"line 2370 (tool_result): [autocuda run] acquired lock=build mode=shared at=2026-07-04T17:39:17.329974 wait=1.852s Traceback (most recent call last): File ""/home/shadeform/gpumode/.venv/lib/python3.12/site-packages/torch/utils/cpp_extension.py"", line 2782, in _ru...",Fix the CLI or skill call path that produced the traceback.,/home/shadeform/.codex/sessions/2026/07/04/rollout-2026-07-04T15-53-25-019f2dd5-ab6d-7233-9638-e99930565997.jsonl
bug_0207,autocuda/optimize/2026-07-03-13-39-25/brief-54,optimize-tree,2026-07-04T17:39:38.358Z,critical,autocuda_exception,autocuda command raised an exception,"line 2370 (tool_result): File ""/home/shadeform/gpumode/.venv/lib/python3.12/site-packages/torch/utils/cpp_extension.py"", line 2782, in _run_ninja_build subprocess.run( File ""/home/shadeform/.local/share/uv/python/cpython-3.12.13-linux-x86_64-gnu/lib/python3.12/s...",Fix the CLI or skill call path that produced the traceback.,/home/shadeform/.codex/sessions/2026/07/04/rollout-2026-07-04T15-53-25-019f2dd5-ab6d-7233-9638-e99930565997.jsonl
bug_0208,autocuda/optimize/2026-07-03-13-39-25/brief-54,optimize-tree,2026-07-04T17:39:38.358Z,critical,autocuda_exception,autocuda command raised an exception,"line 2370 (tool_result): subprocess.run( File ""/home/shadeform/.local/share/uv/python/cpython-3.12.13-linux-x86_64-gnu/lib/python3.12/subprocess.py"", line 571, in run raise CalledProcessError(retcode, process.args, subprocess.CalledProcessError: Command '['ninja...",Fix the CLI or skill call path that produced the traceback.,/home/shadeform/.codex/sessions/2026/07/04/rollout-2026-07-04T15-53-25-019f2dd5-ab6d-7233-9638-e99930565997.jsonl
bug_0209,autocuda/optimize/2026-07-03-13-39-25/brief-54,optimize-tree,2026-07-04T17:39:38.358Z,critical,autocuda_exception,autocuda command raised an exception,"line 2370 (tool_result): File ""/home/shadeform/.local/share/uv/python/cpython-3.12.13-linux-x86_64-gnu/lib/python3.12/subprocess.py"", line 571, in run raise CalledProcessError(retcode, process.args, subprocess.CalledProcessError: Command '['ninja', '-v', '-j', '...",Fix the CLI or skill call path that produced the traceback.,/home/shadeform/.codex/sessions/2026/07/04/rollout-2026-07-04T15-53-25-019f2dd5-ab6d-7233-9638-e99930565997.jsonl
bug_0210,autocuda/optimize/2026-07-03-13-39-25/brief-54,optimize-tree,2026-07-04T17:39:38.358Z,critical,autocuda_exception,autocuda command raised an exception,"line 2370 (tool_result): raise CalledProcessError(retcode, process.args, subprocess.CalledProcessError: Command '['ninja', '-v', '-j', '3']' returned non-zero exit status 1. The above exception was the direct cause of the following exception: Traceback (most rec...",Fix the CLI or skill call path that produced the traceback.,/home/shadeform/.codex/sessions/2026/07/04/rollout-2026-07-04T15-53-25-019f2dd5-ab6d-7233-9638-e99930565997.jsonl
bug_0211,autocuda/optimize/2026-07-03-13-39-25/brief-54,optimize-tree,2026-07-04T17:39:38.358Z,critical,autocuda_exception,autocuda command raised an exception,"line 2370 (tool_result): subprocess.CalledProcessError: Command '['ninja', '-v', '-j', '3']' returned non-zero exit status 1. The above exception was the direct cause of the following exception: Traceback (most recent call last): File ""<stdin>"", line 3, in <modu...",Fix the CLI or skill call path that produced the traceback.,/home/shadeform/.codex/sessions/2026/07/04/rollout-2026-07-04T15-53-25-019f2dd5-ab6d-7233-9638-e99930565997.jsonl
bug_0212,autocuda/optimize/2026-07-03-13-39-25/brief-54,optimize-tree,2026-07-04T17:39:38.358Z,critical,autocuda_exception,autocuda command raised an exception,"line 2370 (tool_result): The above exception was the direct cause of the following exception: Traceback (most recent call last): File ""<stdin>"", line 3, in <module> File ""/home/shadeform/gpumode/autocuda/worktrees/optimize-2026-07-03-13-39-25-brief-49/problems/l...",Fix the CLI or skill call path that produced the traceback.,/home/shadeform/.codex/sessions/2026/07/04/rollout-2026-07-04T15-53-25-019f2dd5-ab6d-7233-9638-e99930565997.jsonl
bug_0213,autocuda/optimize/2026-07-03-13-39-25/brief-54,optimize-tree,2026-07-04T17:39:38.358Z,critical,autocuda_exception,autocuda command raised an exception,"line 2370 (tool_result): Traceback (most recent call last): File ""<stdin>"", line 3, in <module> File ""/home/shadeform/gpumode/autocuda/worktrees/optimize-2026-07-03-13-39-25-brief-49/problems/linalg/eigh_py/submission.py"", line 4072, in <module> _ext = load_inli...",Fix the CLI or skill call path that produced the traceback.,/home/shadeform/.codex/sessions/2026/07/04/rollout-2026-07-04T15-53-25-019f2dd5-ab6d-7233-9638-e99930565997.jsonl
bug_0214,autocuda/optimize/2026-07-03-13-39-25/brief-54,optimize-tree,2026-07-04T17:46:13.120Z,critical,autocuda_exception,autocuda command raised an exception,line 2505 (tool_result): ----- kernelguard scan ----- kernelguard gate: /home/shadeform/gpumode/autocuda/worktrees/optimize-2026-07-03-13-39-25-brief-49/problems/linalg/eigh_py/submission.py classification: valid should_filter: False matched patterns: none kerne...,Fix the CLI or skill call path that produced the traceback.,/home/shadeform/.codex/sessions/2026/07/04/rollout-2026-07-04T15-53-25-019f2dd5-ab6d-7233-9638-e99930565997.jsonl
bug_0215,autocuda/optimize/2026-07-03-13-39-25/brief-54,optimize-tree,2026-07-04T17:46:13.120Z,critical,autocuda_exception,autocuda command raised an exception,line 2505 (tool_result): kernelguard gate: /home/shadeform/gpumode/autocuda/worktrees/optimize-2026-07-03-13-39-25-brief-49/problems/linalg/eigh_py/submission.py classification: valid should_filter: False matched patterns: none kernelguard gate: CLEAN ----------...,Fix the CLI or skill call path that produced the traceback.,/home/shadeform/.codex/sessions/2026/07/04/rollout-2026-07-04T15-53-25-019f2dd5-ab6d-7233-9638-e99930565997.jsonl
bug_0216,autocuda/optimize/2026-07-03-13-39-25/brief-54,optimize-tree,2026-07-04T17:46:13.120Z,critical,autocuda_exception,autocuda command raised an exception,"line 2505 (tool_result): kernelguard gate: CLEAN ---------------------------- multiprocessing.pool.RemoteTraceback: """""" Traceback (most recent call last): File ""/home/shadeform/.local/share/uv/python/cpython-3.12.13-linux-x86_64-gnu/lib/python3.12/multiprocessin...",Fix the CLI or skill call path that produced the traceback.,/home/shadeform/.codex/sessions/2026/07/04/rollout-2026-07-04T15-53-25-019f2dd5-ab6d-7233-9638-e99930565997.jsonl
bug_0217,autocuda/optimize/2026-07-03-13-39-25/brief-54,optimize-tree,2026-07-04T17:46:13.120Z,critical,autocuda_exception,autocuda command raised an exception,"line 2505 (tool_result): ---------------------------- multiprocessing.pool.RemoteTraceback: """""" Traceback (most recent call last): File ""/home/shadeform/.local/share/uv/python/cpython-3.12.13-linux-x86_64-gnu/lib/python3.12/multiprocessing/pool.py"", line 125, in...",Fix the CLI or skill call path that produced the traceback.,/home/shadeform/.codex/sessions/2026/07/04/rollout-2026-07-04T15-53-25-019f2dd5-ab6d-7233-9638-e99930565997.jsonl
bug_0218,autocuda/optimize/2026-07-03-13-39-25/brief-54,optimize-tree,2026-07-04T17:46:13.120Z,critical,autocuda_exception,autocuda command raised an exception,"line 2505 (tool_result): multiprocessing.pool.RemoteTraceback: """""" Traceback (most recent call last): File ""/home/shadeform/.local/share/uv/python/cpython-3.12.13-linux-x86_64-gnu/lib/python3.12/multiprocessing/pool.py"", line 125, in worker result = (True, func(...",Fix the CLI or skill call path that produced the traceback.,/home/shadeform/.codex/sessions/2026/07/04/rollout-2026-07-04T15-53-25-019f2dd5-ab6d-7233-9638-e99930565997.jsonl
bug_0219,autocuda/optimize/2026-07-03-13-39-25/brief-54,optimize-tree,2026-07-04T17:46:13.120Z,critical,autocuda_exception,autocuda command raised an exception,"line 2505 (tool_result): """""" Traceback (most recent call last): File ""/home/shadeform/.local/share/uv/python/cpython-3.12.13-linux-x86_64-gnu/lib/python3.12/multiprocessing/pool.py"", line 125, in worker result = (True, func(*args, **kwds)) ^^^^^^^^^^^^^^^^^^^ Fi...",Fix the CLI or skill call path that produced the traceback.,/home/shadeform/.codex/sessions/2026/07/04/rollout-2026-07-04T15-53-25-019f2dd5-ab6d-7233-9638-e99930565997.jsonl
bug_0220,autocuda/optimize/2026-07-03-13-39-25/brief-54,optimize-tree,2026-07-04T17:46:13.120Z,critical,autocuda_exception,autocuda command raised an exception,"line 2505 (tool_result): Traceback (most recent call last): File ""/home/shadeform/.local/share/uv/python/cpython-3.12.13-linux-x86_64-gnu/lib/python3.12/multiprocessing/pool.py"", line 125, in worker result = (True, func(*args, **kwds)) ^^^^^^^^^^^^^^^^^^^ File ""...",Fix the CLI or skill call path that produced the traceback.,/home/shadeform/.codex/sessions/2026/07/04/rollout-2026-07-04T15-53-25-019f2dd5-ab6d-7233-9638-e99930565997.jsonl
bug_0221,autocuda/optimize/2026-07-03-13-39-25/brief-54,optimize-tree,2026-07-04T17:46:13.120Z,critical,autocuda_exception,autocuda command raised an exception,"line 2505 (tool_result): ^^^^^^^^^^^^^^^^^^^^^^^^^^^^^^^^^^^^^^^^^^^^^^^^^^ File ""/home/shadeform/gpumode/.venv/lib/python3.12/site-packages/triton/runtime/jit.py"", line 723, in run bound_args, specialization, options = binder(*args, **kwargs) ^^^^^^^^^^^^^^^^^^...",Fix the CLI or skill call path that produced the traceback.,/home/shadeform/.codex/sessions/2026/07/04/rollout-2026-07-04T15-53-25-019f2dd5-ab6d-7233-9638-e99930565997.jsonl
bug_0222,autocuda/optimize/2026-07-03-13-39-25/brief-54,optimize-tree,2026-07-04T17:46:13.120Z,critical,autocuda_exception,autocuda command raised an exception,"line 2505 (tool_result): File ""/home/shadeform/gpumode/.venv/lib/python3.12/site-packages/triton/runtime/jit.py"", line 723, in run bound_args, specialization, options = binder(*args, **kwargs) ^^^^^^^^^^^^^^^^^^^^^^^ TypeError: dynamic_func() missing 1 required...",Fix the CLI or skill call path that produced the traceback.,/home/shadeform/.codex/sessions/2026/07/04/rollout-2026-07-04T15-53-25-019f2dd5-ab6d-7233-9638-e99930565997.jsonl
bug_0223,autocuda/optimize/2026-07-03-13-39-25/brief-54,optimize-tree,2026-07-04T17:46:13.120Z,critical,autocuda_exception,autocuda command raised an exception,"line 2505 (tool_result): bound_args, specialization, options = binder(*args, **kwargs) ^^^^^^^^^^^^^^^^^^^^^^^ TypeError: dynamic_func() missing 1 required positional argument: 'row_tiles' """""" The above exception was the direct cause of the following exception:...",Fix the CLI or skill call path that produced the traceback.,/home/shadeform/.codex/sessions/2026/07/04/rollout-2026-07-04T15-53-25-019f2dd5-ab6d-7233-9638-e99930565997.jsonl
bug_0224,autocuda/optimize/2026-07-03-13-39-25/brief-54,optimize-tree,2026-07-04T17:46:13.120Z,critical,autocuda_exception,autocuda command raised an exception,"line 2505 (tool_result): ^^^^^^^^^^^^^^^^^^^^^^^ TypeError: dynamic_func() missing 1 required positional argument: 'row_tiles' """""" The above exception was the direct cause of the following exception: Traceback (most recent call last): File ""/home/shadeform/gpumo...",Fix the CLI or skill call path that produced the traceback.,/home/shadeform/.codex/sessions/2026/07/04/rollout-2026-07-04T15-53-25-019f2dd5-ab6d-7233-9638-e99930565997.jsonl
bug_0225,autocuda/optimize/2026-07-03-13-39-25/brief-54,optimize-tree,2026-07-04T17:46:13.120Z,critical,autocuda_exception,autocuda command raised an exception,"line 2505 (tool_result): TypeError: dynamic_func() missing 1 required positional argument: 'row_tiles' """""" The above exception was the direct cause of the following exception: Traceback (most recent call last): File ""/home/shadeform/gpumode/autocuda/worktrees/op...",Fix the CLI or skill call path that produced the traceback.,/home/shadeform/.codex/sessions/2026/07/04/rollout-2026-07-04T15-53-25-019f2dd5-ab6d-7233-9638-e99930565997.jsonl
bug_0226,autocuda/optimize/2026-07-03-13-39-25/brief-54,optimize-tree,2026-07-04T17:46:13.120Z,critical,autocuda_exception,autocuda command raised an exception,"line 2505 (tool_result): """""" The above exception was the direct cause of the following exception: Traceback (most recent call last): File ""/home/shadeform/gpumode/autocuda/worktrees/optimize-2026-07-03-13-39-25-brief-49/problems/linalg/eigh_py/eval.py"", line 304...",Fix the CLI or skill call path that produced the traceback.,/home/shadeform/.codex/sessions/2026/07/04/rollout-2026-07-04T15-53-25-019f2dd5-ab6d-7233-9638-e99930565997.jsonl
bug_0227,autocuda/optimize/2026-07-03-13-39-25/brief-54,optimize-tree,2026-07-04T17:46:13.120Z,critical,autocuda_exception,autocuda command raised an exception,"line 2505 (tool_result): The above exception was the direct cause of the following exception: Traceback (most recent call last): File ""/home/shadeform/gpumode/autocuda/worktrees/optimize-2026-07-03-13-39-25-brief-49/problems/linalg/eigh_py/eval.py"", line 304, in...",Fix the CLI or skill call path that produced the traceback.,/home/shadeform/.codex/sessions/2026/07/04/rollout-2026-07-04T15-53-25-019f2dd5-ab6d-7233-9638-e99930565997.jsonl
bug_0228,autocuda/optimize/2026-07-03-13-39-25/brief-54,optimize-tree,2026-07-04T17:46:13.120Z,critical,autocuda_exception,autocuda command raised an exception,"line 2505 (tool_result): Traceback (most recent call last): File ""/home/shadeform/gpumode/autocuda/worktrees/optimize-2026-07-03-13-39-25-brief-49/problems/linalg/eigh_py/eval.py"", line 304, in <module> sys.exit(main()) ^^^^^^ File ""/home/shadeform/gpumode/autoc...",Fix the CLI or skill call path that produced the traceback.,/home/shadeform/.codex/sessions/2026/07/04/rollout-2026-07-04T15-53-25-019f2dd5-ab6d-7233-9638-e99930565997.jsonl
bug_0229,autocuda/optimize/2026-07-03-13-39-25/brief-54,optimize-tree,2026-07-05T00:25:27.228Z,critical,autocuda_exception,autocuda command raised an exception,"line 11291 (tool_result): {""chunk_id"":""182a14"",""wall_time_seconds"":16.286244998,""exit_code"":1,""original_token_count"":955,""output"":""[autocuda run] acquired lock=gpu-0 mode=exclusive at=2026-07-05T00:25:22.944192 wait=14.986s\n----- kernelguard scan -----\nkernelgu...",Fix the CLI or skill call path that produced the traceback.,/home/shadeform/.codex/sessions/2026/07/04/rollout-2026-07-04T15-53-25-019f2dd5-ab6d-7233-9638-e99930565997.jsonl
bug_0230,autocuda/optimize/2026-07-03-13-39-25/brief-55,optimize-tree,2026-07-04T17:02:24.016Z,critical,autocuda_exception,autocuda command raised an exception,"line 6435 (tool_result): {""chunk_id"":""d82b73"",""wall_time_seconds"":15.833827257,""exit_code"":1,""original_token_count"":106,""output"":""[autocuda run] acquired lock=gpu-0 mode=exclusive at=2026-07-04T17:02:21.307077 wait=13.265s\nTraceback (most recent call last):\n F...",Fix the CLI or skill call path that produced the traceback.,/home/shadeform/.codex/sessions/2026/07/04/rollout-2026-07-04T13-31-32-019f2d53-c44d-7733-9838-83730dcfcf6c.jsonl
bug_0231,autocuda/optimize/2026-07-03-13-39-25/brief-55,optimize-tree,2026-07-04T22:38:29.362Z,critical,autocuda_exception,autocuda command raised an exception,"line 12677 (tool_result): {""chunk_id"":""26458e"",""wall_time_seconds"":15.827204786,""exit_code"":1,""original_token_count"":1026,""output"":""[autocuda run] acquired lock=build mode=shared at=2026-07-04T22:38:13.370698 wait=0.000s\nTraceback (most recent call last):\n File...",Fix the CLI or skill call path that produced the traceback.,/home/shadeform/.codex/sessions/2026/07/04/rollout-2026-07-04T13-31-32-019f2d53-c44d-7733-9838-83730dcfcf6c.jsonl
bug_0232,autocuda/optimize/2026-07-03-13-39-25/brief-55,optimize-tree,2026-07-04T23:34:53.994Z,critical,autocuda_exception,autocuda command raised an exception,"line 13804 (tool_result): Warning: truncated output (original token count: 870) Total output lines: 1 {""chunk_id"":""97e19b"",""wall_time_seconds"":19.142686782,""exit_code"":1,""original_token_count"":2061,""output"":""Warning: truncated output (original token count: 2061)\...",Fix the CLI or skill call path that produced the traceback.,/home/shadeform/.codex/sessions/2026/07/04/rollout-2026-07-04T13-31-32-019f2d53-c44d-7733-9838-83730dcfcf6c.jsonl
bug_0233,autocuda/optimize/2026-07-03-13-39-25/brief-55,optimize-tree,2026-07-04T23:35:22.186Z,critical,autocuda_exception,autocuda command raised an exception,"line 13821 (tool_result): {""chunk_id"":""46a6ba"",""wall_time_seconds"":11.489729831,""exit_code"":1,""original_token_count"":2061,""output"":""[autocuda run] acquired lock=gpu-0 mode=exclusive at=2026-07-04T23:35:16.084696 wait=9.511s\n----- kernelguard scan -----\nkernelgu...",Fix the CLI or skill call path that produced the traceback.,/home/shadeform/.codex/sessions/2026/07/04/rollout-2026-07-04T13-31-32-019f2d53-c44d-7733-9838-83730dcfcf6c.jsonl
bug_0234,autocuda/optimize/2026-07-03-13-39-25/brief-56,optimize-tree,2026-07-04T16:05:30.075Z,critical,autocuda_exception,autocuda command raised an exception,"line 294 (tool_result): {""chunk_id"":""939946"",""wall_time_seconds"":22.902466933,""exit_code"":1,""original_token_count"":1213,""output"":""Traceback (most recent call last):\n File \""/home/shadeform/gpumode/.venv/lib/python3.12/site-packages/torch/utils/cpp_extension.py...",Fix the CLI or skill call path that produced the traceback.,/home/shadeform/.codex/sessions/2026/07/04/rollout-2026-07-04T15-53-25-019f2dd5-ab6d-7233-9638-e99930565997.jsonl
bug_0235,autocuda/optimize/2026-07-03-13-39-25/brief-56,optimize-tree,2026-07-04T17:39:38.358Z,critical,autocuda_exception,autocuda command raised an exception,"line 2370 (tool_result): [autocuda run] acquired lock=build mode=shared at=2026-07-04T17:39:17.329974 wait=1.852s Traceback (most recent call last): File ""/home/shadeform/gpumode/.venv/lib/python3.12/site-packages/torch/utils/cpp_extension.py"", line 2782, in _ru...",Fix the CLI or skill call path that produced the traceback.,/home/shadeform/.codex/sessions/2026/07/04/rollout-2026-07-04T15-53-25-019f2dd5-ab6d-7233-9638-e99930565997.jsonl
bug_0236,autocuda/optimize/2026-07-03-13-39-25/brief-56,optimize-tree,2026-07-04T17:39:38.358Z,critical,autocuda_exception,autocuda command raised an exception,"line 2370 (tool_result): File ""/home/shadeform/gpumode/.venv/lib/python3.12/site-packages/torch/utils/cpp_extension.py"", line 2782, in _run_ninja_build subprocess.run( File ""/home/shadeform/.local/share/uv/python/cpython-3.12.13-linux-x86_64-gnu/lib/python3.12/s...",Fix the CLI or skill call path that produced the traceback.,/home/shadeform/.codex/sessions/2026/07/04/rollout-2026-07-04T15-53-25-019f2dd5-ab6d-7233-9638-e99930565997.jsonl
bug_0237,autocuda/optimize/2026-07-03-13-39-25/brief-56,optimize-tree,2026-07-04T17:39:38.358Z,critical,autocuda_exception,autocuda command raised an exception,"line 2370 (tool_result): subprocess.run( File ""/home/shadeform/.local/share/uv/python/cpython-3.12.13-linux-x86_64-gnu/lib/python3.12/subprocess.py"", line 571, in run raise CalledProcessError(retcode, process.args, subprocess.CalledProcessError: Command '['ninja...",Fix the CLI or skill call path that produced the traceback.,/home/shadeform/.codex/sessions/2026/07/04/rollout-2026-07-04T15-53-25-019f2dd5-ab6d-7233-9638-e99930565997.jsonl
bug_0238,autocuda/optimize/2026-07-03-13-39-25/brief-56,optimize-tree,2026-07-04T17:39:38.358Z,critical,autocuda_exception,autocuda command raised an exception,"line 2370 (tool_result): File ""/home/shadeform/.local/share/uv/python/cpython-3.12.13-linux-x86_64-gnu/lib/python3.12/subprocess.py"", line 571, in run raise CalledProcessError(retcode, process.args, subprocess.CalledProcessError: Command '['ninja', '-v', '-j', '...",Fix the CLI or skill call path that produced the traceback.,/home/shadeform/.codex/sessions/2026/07/04/rollout-2026-07-04T15-53-25-019f2dd5-ab6d-7233-9638-e99930565997.jsonl
bug_0239,autocuda/optimize/2026-07-03-13-39-25/brief-56,optimize-tree,2026-07-04T17:39:38.358Z,critical,autocuda_exception,autocuda command raised an exception,"line 2370 (tool_result): raise CalledProcessError(retcode, process.args, subprocess.CalledProcessError: Command '['ninja', '-v', '-j', '3']' returned non-zero exit status 1. The above exception was the direct cause of the following exception: Traceback (most rec...",Fix the CLI or skill call path that produced the traceback.,/home/shadeform/.codex/sessions/2026/07/04/rollout-2026-07-04T15-53-25-019f2dd5-ab6d-7233-9638-e99930565997.jsonl
bug_0240,autocuda/optimize/2026-07-03-13-39-25/brief-56,optimize-tree,2026-07-04T17:39:38.358Z,critical,autocuda_exception,autocuda command raised an exception,"line 2370 (tool_result): subprocess.CalledProcessError: Command '['ninja', '-v', '-j', '3']' returned non-zero exit status 1. The above exception was the direct cause of the following exception: Traceback (most recent call last): File ""<stdin>"", line 3, in <modu...",Fix the CLI or skill call path that produced the traceback.,/home/shadeform/.codex/sessions/2026/07/04/rollout-2026-07-04T15-53-25-019f2dd5-ab6d-7233-9638-e99930565997.jsonl
bug_0241,autocuda/optimize/2026-07-03-13-39-25/brief-56,optimize-tree,2026-07-04T17:39:38.358Z,critical,autocuda_exception,autocuda command raised an exception,"line 2370 (tool_result): The above exception was the direct cause of the following exception: Traceback (most recent call last): File ""<stdin>"", line 3, in <module> File ""/home/shadeform/gpumode/autocuda/worktrees/optimize-2026-07-03-13-39-25-brief-49/problems/l...",Fix the CLI or skill call path that produced the traceback.,/home/shadeform/.codex/sessions/2026/07/04/rollout-2026-07-04T15-53-25-019f2dd5-ab6d-7233-9638-e99930565997.jsonl
bug_0242,autocuda/optimize/2026-07-03-13-39-25/brief-56,optimize-tree,2026-07-04T17:39:38.358Z,critical,autocuda_exception,autocuda command raised an exception,"line 2370 (tool_result): Traceback (most recent call last): File ""<stdin>"", line 3, in <module> File ""/home/shadeform/gpumode/autocuda/worktrees/optimize-2026-07-03-13-39-25-brief-49/problems/linalg/eigh_py/submission.py"", line 4072, in <module> _ext = load_inli...",Fix the CLI or skill call path that produced the traceback.,/home/shadeform/.codex/sessions/2026/07/04/rollout-2026-07-04T15-53-25-019f2dd5-ab6d-7233-9638-e99930565997.jsonl
bug_0243,autocuda/optimize/2026-07-03-13-39-25/brief-56,optimize-tree,2026-07-04T17:46:13.120Z,critical,autocuda_exception,autocuda command raised an exception,line 2505 (tool_result): ----- kernelguard scan ----- kernelguard gate: /home/shadeform/gpumode/autocuda/worktrees/optimize-2026-07-03-13-39-25-brief-49/problems/linalg/eigh_py/submission.py classification: valid should_filter: False matched patterns: none kerne...,Fix the CLI or skill call path that produced the traceback.,/home/shadeform/.codex/sessions/2026/07/04/rollout-2026-07-04T15-53-25-019f2dd5-ab6d-7233-9638-e99930565997.jsonl
bug_0244,autocuda/optimize/2026-07-03-13-39-25/brief-56,optimize-tree,2026-07-04T17:46:13.120Z,critical,autocuda_exception,autocuda command raised an exception,line 2505 (tool_result): kernelguard gate: /home/shadeform/gpumode/autocuda/worktrees/optimize-2026-07-03-13-39-25-brief-49/problems/linalg/eigh_py/submission.py classification: valid should_filter: False matched patterns: none kernelguard gate: CLEAN ----------...,Fix the CLI or skill call path that produced the traceback.,/home/shadeform/.codex/sessions/2026/07/04/rollout-2026-07-04T15-53-25-019f2dd5-ab6d-7233-9638-e99930565997.jsonl
bug_0245,autocuda/optimize/2026-07-03-13-39-25/brief-56,optimize-tree,2026-07-04T17:46:13.120Z,critical,autocuda_exception,autocuda command raised an exception,"line 2505 (tool_result): kernelguard gate: CLEAN ---------------------------- multiprocessing.pool.RemoteTraceback: """""" Traceback (most recent call last): File ""/home/shadeform/.local/share/uv/python/cpython-3.12.13-linux-x86_64-gnu/lib/python3.12/multiprocessin...",Fix the CLI or skill call path that produced the traceback.,/home/shadeform/.codex/sessions/2026/07/04/rollout-2026-07-04T15-53-25-019f2dd5-ab6d-7233-9638-e99930565997.jsonl
bug_0246,autocuda/optimize/2026-07-03-13-39-25/brief-56,optimize-tree,2026-07-04T17:46:13.120Z,critical,autocuda_exception,autocuda command raised an exception,"line 2505 (tool_result): ---------------------------- multiprocessing.pool.RemoteTraceback: """""" Traceback (most recent call last): File ""/home/shadeform/.local/share/uv/python/cpython-3.12.13-linux-x86_64-gnu/lib/python3.12/multiprocessing/pool.py"", line 125, in...",Fix the CLI or skill call path that produced the traceback.,/home/shadeform/.codex/sessions/2026/07/04/rollout-2026-07-04T15-53-25-019f2dd5-ab6d-7233-9638-e99930565997.jsonl
bug_0247,autocuda/optimize/2026-07-03-13-39-25/brief-56,optimize-tree,2026-07-04T17:46:13.120Z,critical,autocuda_exception,autocuda command raised an exception,"line 2505 (tool_result): multiprocessing.pool.RemoteTraceback: """""" Traceback (most recent call last): File ""/home/shadeform/.local/share/uv/python/cpython-3.12.13-linux-x86_64-gnu/lib/python3.12/multiprocessing/pool.py"", line 125, in worker result = (True, func(...",Fix the CLI or skill call path that produced the traceback.,/home/shadeform/.codex/sessions/2026/07/04/rollout-2026-07-04T15-53-25-019f2dd5-ab6d-7233-9638-e99930565997.jsonl
bug_0248,autocuda/optimize/2026-07-03-13-39-25/brief-56,optimize-tree,2026-07-04T17:46:13.120Z,critical,autocuda_exception,autocuda command raised an exception,"line 2505 (tool_result): """""" Traceback (most recent call last): File ""/home/shadeform/.local/share/uv/python/cpython-3.12.13-linux-x86_64-gnu/lib/python3.12/multiprocessing/pool.py"", line 125, in worker result = (True, func(*args, **kwds)) ^^^^^^^^^^^^^^^^^^^ Fi...",Fix the CLI or skill call path that produced the traceback.,/home/shadeform/.codex/sessions/2026/07/04/rollout-2026-07-04T15-53-25-019f2dd5-ab6d-7233-9638-e99930565997.jsonl
bug_0249,autocuda/optimize/2026-07-03-13-39-25/brief-56,optimize-tree,2026-07-04T17:46:13.120Z,critical,autocuda_exception,autocuda command raised an exception,"line 2505 (tool_result): Traceback (most recent call last): File ""/home/shadeform/.local/share/uv/python/cpython-3.12.13-linux-x86_64-gnu/lib/python3.12/multiprocessing/pool.py"", line 125, in worker result = (True, func(*args, **kwds)) ^^^^^^^^^^^^^^^^^^^ File ""...",Fix the CLI or skill call path that produced the traceback.,/home/shadeform/.codex/sessions/2026/07/04/rollout-2026-07-04T15-53-25-019f2dd5-ab6d-7233-9638-e99930565997.jsonl
bug_0250,autocuda/optimize/2026-07-03-13-39-25/brief-56,optimize-tree,2026-07-04T17:46:13.120Z,critical,autocuda_exception,autocuda command raised an exception,"line 2505 (tool_result): ^^^^^^^^^^^^^^^^^^^^^^^^^^^^^^^^^^^^^^^^^^^^^^^^^^ File ""/home/shadeform/gpumode/.venv/lib/python3.12/site-packages/triton/runtime/jit.py"", line 723, in run bound_args, specialization, options = binder(*args, **kwargs) ^^^^^^^^^^^^^^^^^^...",Fix the CLI or skill call path that produced the traceback.,/home/shadeform/.codex/sessions/2026/07/04/rollout-2026-07-04T15-53-25-019f2dd5-ab6d-7233-9638-e99930565997.jsonl
bug_0251,autocuda/optimize/2026-07-03-13-39-25/brief-56,optimize-tree,2026-07-04T17:46:13.120Z,critical,autocuda_exception,autocuda command raised an exception,"line 2505 (tool_result): File ""/home/shadeform/gpumode/.venv/lib/python3.12/site-packages/triton/runtime/jit.py"", line 723, in run bound_args, specialization, options = binder(*args, **kwargs) ^^^^^^^^^^^^^^^^^^^^^^^ TypeError: dynamic_func() missing 1 required...",Fix the CLI or skill call path that produced the traceback.,/home/shadeform/.codex/sessions/2026/07/04/rollout-2026-07-04T15-53-25-019f2dd5-ab6d-7233-9638-e99930565997.jsonl
bug_0252,autocuda/optimize/2026-07-03-13-39-25/brief-56,optimize-tree,2026-07-04T17:46:13.120Z,critical,autocuda_exception,autocuda command raised an exception,"line 2505 (tool_result): bound_args, specialization, options = binder(*args, **kwargs) ^^^^^^^^^^^^^^^^^^^^^^^ TypeError: dynamic_func() missing 1 required positional argument: 'row_tiles' """""" The above exception was the direct cause of the following exception:...",Fix the CLI or skill call path that produced the traceback.,/home/shadeform/.codex/sessions/2026/07/04/rollout-2026-07-04T15-53-25-019f2dd5-ab6d-7233-9638-e99930565997.jsonl
bug_0253,autocuda/optimize/2026-07-03-13-39-25/brief-56,optimize-tree,2026-07-04T17:46:13.120Z,critical,autocuda_exception,autocuda command raised an exception,"line 2505 (tool_result): ^^^^^^^^^^^^^^^^^^^^^^^ TypeError: dynamic_func() missing 1 required positional argument: 'row_tiles' """""" The above exception was the direct cause of the following exception: Traceback (most recent call last): File ""/home/shadeform/gpumo...",Fix the CLI or skill call path that produced the traceback.,/home/shadeform/.codex/sessions/2026/07/04/rollout-2026-07-04T15-53-25-019f2dd5-ab6d-7233-9638-e99930565997.jsonl
bug_0254,autocuda/optimize/2026-07-03-13-39-25/brief-56,optimize-tree,2026-07-04T17:46:13.120Z,critical,autocuda_exception,autocuda command raised an exception,"line 2505 (tool_result): TypeError: dynamic_func() missing 1 required positional argument: 'row_tiles' """""" The above exception was the direct cause of the following exception: Traceback (most recent call last): File ""/home/shadeform/gpumode/autocuda/worktrees/op...",Fix the CLI or skill call path that produced the traceback.,/home/shadeform/.codex/sessions/2026/07/04/rollout-2026-07-04T15-53-25-019f2dd5-ab6d-7233-9638-e99930565997.jsonl
bug_0255,autocuda/optimize/2026-07-03-13-39-25/brief-56,optimize-tree,2026-07-04T17:46:13.120Z,critical,autocuda_exception,autocuda command raised an exception,"line 2505 (tool_result): """""" The above exception was the direct cause of the following exception: Traceback (most recent call last): File ""/home/shadeform/gpumode/autocuda/worktrees/optimize-2026-07-03-13-39-25-brief-49/problems/linalg/eigh_py/eval.py"", line 304...",Fix the CLI or skill call path that produced the traceback.,/home/shadeform/.codex/sessions/2026/07/04/rollout-2026-07-04T15-53-25-019f2dd5-ab6d-7233-9638-e99930565997.jsonl
bug_0256,autocuda/optimize/2026-07-03-13-39-25/brief-56,optimize-tree,2026-07-04T17:46:13.120Z,critical,autocuda_exception,autocuda command raised an exception,"line 2505 (tool_result): The above exception was the direct cause of the following exception: Traceback (most recent call last): File ""/home/shadeform/gpumode/autocuda/worktrees/optimize-2026-07-03-13-39-25-brief-49/problems/linalg/eigh_py/eval.py"", line 304, in...",Fix the CLI or skill call path that produced the traceback.,/home/shadeform/.codex/sessions/2026/07/04/rollout-2026-07-04T15-53-25-019f2dd5-ab6d-7233-9638-e99930565997.jsonl
bug_0257,autocuda/optimize/2026-07-03-13-39-25/brief-56,optimize-tree,2026-07-04T17:46:13.120Z,critical,autocuda_exception,autocuda command raised an exception,"line 2505 (tool_result): Traceback (most recent call last): File ""/home/shadeform/gpumode/autocuda/worktrees/optimize-2026-07-03-13-39-25-brief-49/problems/linalg/eigh_py/eval.py"", line 304, in <module> sys.exit(main()) ^^^^^^ File ""/home/shadeform/gpumode/autoc...",Fix the CLI or skill call path that produced the traceback.,/home/shadeform/.codex/sessions/2026/07/04/rollout-2026-07-04T15-53-25-019f2dd5-ab6d-7233-9638-e99930565997.jsonl
bug_0258,autocuda/optimize/2026-07-03-13-39-25/brief-56,optimize-tree,2026-07-05T00:25:27.228Z,critical,autocuda_exception,autocuda command raised an exception,"line 11291 (tool_result): {""chunk_id"":""182a14"",""wall_time_seconds"":16.286244998,""exit_code"":1,""original_token_count"":955,""output"":""[autocuda run] acquired lock=gpu-0 mode=exclusive at=2026-07-05T00:25:22.944192 wait=14.986s\n----- kernelguard scan -----\nkernelgu...",Fix the CLI or skill call path that produced the traceback.,/home/shadeform/.codex/sessions/2026/07/04/rollout-2026-07-04T15-53-25-019f2dd5-ab6d-7233-9638-e99930565997.jsonl
bug_0259,autocuda/optimize/2026-07-03-13-39-25/brief-57,optimize-tree,2026-07-04T16:05:30.075Z,critical,autocuda_exception,autocuda command raised an exception,"line 294 (tool_result): {""chunk_id"":""939946"",""wall_time_seconds"":22.902466933,""exit_code"":1,""original_token_count"":1213,""output"":""Traceback (most recent call last):\n File \""/home/shadeform/gpumode/.venv/lib/python3.12/site-packages/torch/utils/cpp_extension.py...",Fix the CLI or skill call path that produced the traceback.,/home/shadeform/.codex/sessions/2026/07/04/rollout-2026-07-04T15-53-25-019f2dd5-ab6d-7233-9638-e99930565997.jsonl
bug_0260,autocuda/optimize/2026-07-03-13-39-25/brief-57,optimize-tree,2026-07-04T17:39:38.358Z,critical,autocuda_exception,autocuda command raised an exception,"line 2370 (tool_result): [autocuda run] acquired lock=build mode=shared at=2026-07-04T17:39:17.329974 wait=1.852s Traceback (most recent call last): File ""/home/shadeform/gpumode/.venv/lib/python3.12/site-packages/torch/utils/cpp_extension.py"", line 2782, in _ru...",Fix the CLI or skill call path that produced the traceback.,/home/shadeform/.codex/sessions/2026/07/04/rollout-2026-07-04T15-53-25-019f2dd5-ab6d-7233-9638-e99930565997.jsonl
bug_0261,autocuda/optimize/2026-07-03-13-39-25/brief-57,optimize-tree,2026-07-04T17:39:38.358Z,critical,autocuda_exception,autocuda command raised an exception,"line 2370 (tool_result): File ""/home/shadeform/gpumode/.venv/lib/python3.12/site-packages/torch/utils/cpp_extension.py"", line 2782, in _run_ninja_build subprocess.run( File ""/home/shadeform/.local/share/uv/python/cpython-3.12.13-linux-x86_64-gnu/lib/python3.12/s...",Fix the CLI or skill call path that produced the traceback.,/home/shadeform/.codex/sessions/2026/07/04/rollout-2026-07-04T15-53-25-019f2dd5-ab6d-7233-9638-e99930565997.jsonl
bug_0262,autocuda/optimize/2026-07-03-13-39-25/brief-57,optimize-tree,2026-07-04T17:39:38.358Z,critical,autocuda_exception,autocuda command raised an exception,"line 2370 (tool_result): subprocess.run( File ""/home/shadeform/.local/share/uv/python/cpython-3.12.13-linux-x86_64-gnu/lib/python3.12/subprocess.py"", line 571, in run raise CalledProcessError(retcode, process.args, subprocess.CalledProcessError: Command '['ninja...",Fix the CLI or skill call path that produced the traceback.,/home/shadeform/.codex/sessions/2026/07/04/rollout-2026-07-04T15-53-25-019f2dd5-ab6d-7233-9638-e99930565997.jsonl
bug_0263,autocuda/optimize/2026-07-03-13-39-25/brief-57,optimize-tree,2026-07-04T17:39:38.358Z,critical,autocuda_exception,autocuda command raised an exception,"line 2370 (tool_result): File ""/home/shadeform/.local/share/uv/python/cpython-3.12.13-linux-x86_64-gnu/lib/python3.12/subprocess.py"", line 571, in run raise CalledProcessError(retcode, process.args, subprocess.CalledProcessError: Command '['ninja', '-v', '-j', '...",Fix the CLI or skill call path that produced the traceback.,/home/shadeform/.codex/sessions/2026/07/04/rollout-2026-07-04T15-53-25-019f2dd5-ab6d-7233-9638-e99930565997.jsonl
bug_0264,autocuda/optimize/2026-07-03-13-39-25/brief-57,optimize-tree,2026-07-04T17:39:38.358Z,critical,autocuda_exception,autocuda command raised an exception,"line 2370 (tool_result): raise CalledProcessError(retcode, process.args, subprocess.CalledProcessError: Command '['ninja', '-v', '-j', '3']' returned non-zero exit status 1. The above exception was the direct cause of the following exception: Traceback (most rec...",Fix the CLI or skill call path that produced the traceback.,/home/shadeform/.codex/sessions/2026/07/04/rollout-2026-07-04T15-53-25-019f2dd5-ab6d-7233-9638-e99930565997.jsonl
bug_0265,autocuda/optimize/2026-07-03-13-39-25/brief-57,optimize-tree,2026-07-04T17:39:38.358Z,critical,autocuda_exception,autocuda command raised an exception,"line 2370 (tool_result): subprocess.CalledProcessError: Command '['ninja', '-v', '-j', '3']' returned non-zero exit status 1. The above exception was the direct cause of the following exception: Traceback (most recent call last): File ""<stdin>"", line 3, in <modu...",Fix the CLI or skill call path that produced the traceback.,/home/shadeform/.codex/sessions/2026/07/04/rollout-2026-07-04T15-53-25-019f2dd5-ab6d-7233-9638-e99930565997.jsonl
bug_0266,autocuda/optimize/2026-07-03-13-39-25/brief-57,optimize-tree,2026-07-04T17:39:38.358Z,critical,autocuda_exception,autocuda command raised an exception,"line 2370 (tool_result): The above exception was the direct cause of the following exception: Traceback (most recent call last): File ""<stdin>"", line 3, in <module> File ""/home/shadeform/gpumode/autocuda/worktrees/optimize-2026-07-03-13-39-25-brief-49/problems/l...",Fix the CLI or skill call path that produced the traceback.,/home/shadeform/.codex/sessions/2026/07/04/rollout-2026-07-04T15-53-25-019f2dd5-ab6d-7233-9638-e99930565997.jsonl
bug_0267,autocuda/optimize/2026-07-03-13-39-25/brief-57,optimize-tree,2026-07-04T17:39:38.358Z,critical,autocuda_exception,autocuda command raised an exception,"line 2370 (tool_result): Traceback (most recent call last): File ""<stdin>"", line 3, in <module> File ""/home/shadeform/gpumode/autocuda/worktrees/optimize-2026-07-03-13-39-25-brief-49/problems/linalg/eigh_py/submission.py"", line 4072, in <module> _ext = load_inli...",Fix the CLI or skill call path that produced the traceback.,/home/shadeform/.codex/sessions/2026/07/04/rollout-2026-07-04T15-53-25-019f2dd5-ab6d-7233-9638-e99930565997.jsonl
bug_0268,autocuda/optimize/2026-07-03-13-39-25/brief-57,optimize-tree,2026-07-04T17:46:13.120Z,critical,autocuda_exception,autocuda command raised an exception,line 2505 (tool_result): ----- kernelguard scan ----- kernelguard gate: /home/shadeform/gpumode/autocuda/worktrees/optimize-2026-07-03-13-39-25-brief-49/problems/linalg/eigh_py/submission.py classification: valid should_filter: False matched patterns: none kerne...,Fix the CLI or skill call path that produced the traceback.,/home/shadeform/.codex/sessions/2026/07/04/rollout-2026-07-04T15-53-25-019f2dd5-ab6d-7233-9638-e99930565997.jsonl
bug_0269,autocuda/optimize/2026-07-03-13-39-25/brief-57,optimize-tree,2026-07-04T17:46:13.120Z,critical,autocuda_exception,autocuda command raised an exception,line 2505 (tool_result): kernelguard gate: /home/shadeform/gpumode/autocuda/worktrees/optimize-2026-07-03-13-39-25-brief-49/problems/linalg/eigh_py/submission.py classification: valid should_filter: False matched patterns: none kernelguard gate: CLEAN ----------...,Fix the CLI or skill call path that produced the traceback.,/home/shadeform/.codex/sessions/2026/07/04/rollout-2026-07-04T15-53-25-019f2dd5-ab6d-7233-9638-e99930565997.jsonl
bug_0270,autocuda/optimize/2026-07-03-13-39-25/brief-57,optimize-tree,2026-07-04T17:46:13.120Z,critical,autocuda_exception,autocuda command raised an exception,"line 2505 (tool_result): kernelguard gate: CLEAN ---------------------------- multiprocessing.pool.RemoteTraceback: """""" Traceback (most recent call last): File ""/home/shadeform/.local/share/uv/python/cpython-3.12.13-linux-x86_64-gnu/lib/python3.12/multiprocessin...",Fix the CLI or skill call path that produced the traceback.,/home/shadeform/.codex/sessions/2026/07/04/rollout-2026-07-04T15-53-25-019f2dd5-ab6d-7233-9638-e99930565997.jsonl
bug_0271,autocuda/optimize/2026-07-03-13-39-25/brief-57,optimize-tree,2026-07-04T17:46:13.120Z,critical,autocuda_exception,autocuda command raised an exception,"line 2505 (tool_result): ---------------------------- multiprocessing.pool.RemoteTraceback: """""" Traceback (most recent call last): File ""/home/shadeform/.local/share/uv/python/cpython-3.12.13-linux-x86_64-gnu/lib/python3.12/multiprocessing/pool.py"", line 125, in...",Fix the CLI or skill call path that produced the traceback.,/home/shadeform/.codex/sessions/2026/07/04/rollout-2026-07-04T15-53-25-019f2dd5-ab6d-7233-9638-e99930565997.jsonl
bug_0272,autocuda/optimize/2026-07-03-13-39-25/brief-57,optimize-tree,2026-07-04T17:46:13.120Z,critical,autocuda_exception,autocuda command raised an exception,"line 2505 (tool_result): multiprocessing.pool.RemoteTraceback: """""" Traceback (most recent call last): File ""/home/shadeform/.local/share/uv/python/cpython-3.12.13-linux-x86_64-gnu/lib/python3.12/multiprocessing/pool.py"", line 125, in worker result = (True, func(...",Fix the CLI or skill call path that produced the traceback.,/home/shadeform/.codex/sessions/2026/07/04/rollout-2026-07-04T15-53-25-019f2dd5-ab6d-7233-9638-e99930565997.jsonl
bug_0273,autocuda/optimize/2026-07-03-13-39-25/brief-57,optimize-tree,2026-07-04T17:46:13.120Z,critical,autocuda_exception,autocuda command raised an exception,"line 2505 (tool_result): """""" Traceback (most recent call last): File ""/home/shadeform/.local/share/uv/python/cpython-3.12.13-linux-x86_64-gnu/lib/python3.12/multiprocessing/pool.py"", line 125, in worker result = (True, func(*args, **kwds)) ^^^^^^^^^^^^^^^^^^^ Fi...",Fix the CLI or skill call path that produced the traceback.,/home/shadeform/.codex/sessions/2026/07/04/rollout-2026-07-04T15-53-25-019f2dd5-ab6d-7233-9638-e99930565997.jsonl
bug_0274,autocuda/optimize/2026-07-03-13-39-25/brief-57,optimize-tree,2026-07-04T17:46:13.120Z,critical,autocuda_exception,autocuda command raised an exception,"line 2505 (tool_result): Traceback (most recent call last): File ""/home/shadeform/.local/share/uv/python/cpython-3.12.13-linux-x86_64-gnu/lib/python3.12/multiprocessing/pool.py"", line 125, in worker result = (True, func(*args, **kwds)) ^^^^^^^^^^^^^^^^^^^ File ""...",Fix the CLI or skill call path that produced the traceback.,/home/shadeform/.codex/sessions/2026/07/04/rollout-2026-07-04T15-53-25-019f2dd5-ab6d-7233-9638-e99930565997.jsonl
bug_0275,autocuda/optimize/2026-07-03-13-39-25/brief-57,optimize-tree,2026-07-04T17:46:13.120Z,critical,autocuda_exception,autocuda command raised an exception,"line 2505 (tool_result): ^^^^^^^^^^^^^^^^^^^^^^^^^^^^^^^^^^^^^^^^^^^^^^^^^^ File ""/home/shadeform/gpumode/.venv/lib/python3.12/site-packages/triton/runtime/jit.py"", line 723, in run bound_args, specialization, options = binder(*args, **kwargs) ^^^^^^^^^^^^^^^^^^...",Fix the CLI or skill call path that produced the traceback.,/home/shadeform/.codex/sessions/2026/07/04/rollout-2026-07-04T15-53-25-019f2dd5-ab6d-7233-9638-e99930565997.jsonl
bug_0276,autocuda/optimize/2026-07-03-13-39-25/brief-57,optimize-tree,2026-07-04T17:46:13.120Z,critical,autocuda_exception,autocuda command raised an exception,"line 2505 (tool_result): File ""/home/shadeform/gpumode/.venv/lib/python3.12/site-packages/triton/runtime/jit.py"", line 723, in run bound_args, specialization, options = binder(*args, **kwargs) ^^^^^^^^^^^^^^^^^^^^^^^ TypeError: dynamic_func() missing 1 required...",Fix the CLI or skill call path that produced the traceback.,/home/shadeform/.codex/sessions/2026/07/04/rollout-2026-07-04T15-53-25-019f2dd5-ab6d-7233-9638-e99930565997.jsonl
bug_0277,autocuda/optimize/2026-07-03-13-39-25/brief-57,optimize-tree,2026-07-04T17:46:13.120Z,critical,autocuda_exception,autocuda command raised an exception,"line 2505 (tool_result): bound_args, specialization, options = binder(*args, **kwargs) ^^^^^^^^^^^^^^^^^^^^^^^ TypeError: dynamic_func() missing 1 required positional argument: 'row_tiles' """""" The above exception was the direct cause of the following exception:...",Fix the CLI or skill call path that produced the traceback.,/home/shadeform/.codex/sessions/2026/07/04/rollout-2026-07-04T15-53-25-019f2dd5-ab6d-7233-9638-e99930565997.jsonl
bug_0278,autocuda/optimize/2026-07-03-13-39-25/brief-57,optimize-tree,2026-07-04T17:46:13.120Z,critical,autocuda_exception,autocuda command raised an exception,"line 2505 (tool_result): ^^^^^^^^^^^^^^^^^^^^^^^ TypeError: dynamic_func() missing 1 required positional argument: 'row_tiles' """""" The above exception was the direct cause of the following exception: Traceback (most recent call last): File ""/home/shadeform/gpumo...",Fix the CLI or skill call path that produced the traceback.,/home/shadeform/.codex/sessions/2026/07/04/rollout-2026-07-04T15-53-25-019f2dd5-ab6d-7233-9638-e99930565997.jsonl
bug_0279,autocuda/optimize/2026-07-03-13-39-25/brief-57,optimize-tree,2026-07-04T17:46:13.120Z,critical,autocuda_exception,autocuda command raised an exception,"line 2505 (tool_result): TypeError: dynamic_func() missing 1 required positional argument: 'row_tiles' """""" The above exception was the direct cause of the following exception: Traceback (most recent call last): File ""/home/shadeform/gpumode/autocuda/worktrees/op...",Fix the CLI or skill call path that produced the traceback.,/home/shadeform/.codex/sessions/2026/07/04/rollout-2026-07-04T15-53-25-019f2dd5-ab6d-7233-9638-e99930565997.jsonl
bug_0280,autocuda/optimize/2026-07-03-13-39-25/brief-57,optimize-tree,2026-07-04T17:46:13.120Z,critical,autocuda_exception,autocuda command raised an exception,"line 2505 (tool_result): """""" The above exception was the direct cause of the following exception: Traceback (most recent call last): File ""/home/shadeform/gpumode/autocuda/worktrees/optimize-2026-07-03-13-39-25-brief-49/problems/linalg/eigh_py/eval.py"", line 304...",Fix the CLI or skill call path that produced the traceback.,/home/shadeform/.codex/sessions/2026/07/04/rollout-2026-07-04T15-53-25-019f2dd5-ab6d-7233-9638-e99930565997.jsonl
bug_0281,autocuda/optimize/2026-07-03-13-39-25/brief-57,optimize-tree,2026-07-04T17:46:13.120Z,critical,autocuda_exception,autocuda command raised an exception,"line 2505 (tool_result): The above exception was the direct cause of the following exception: Traceback (most recent call last): File ""/home/shadeform/gpumode/autocuda/worktrees/optimize-2026-07-03-13-39-25-brief-49/problems/linalg/eigh_py/eval.py"", line 304, in...",Fix the CLI or skill call path that produced the traceback.,/home/shadeform/.codex/sessions/2026/07/04/rollout-2026-07-04T15-53-25-019f2dd5-ab6d-7233-9638-e99930565997.jsonl
bug_0282,autocuda/optimize/2026-07-03-13-39-25/brief-57,optimize-tree,2026-07-04T17:46:13.120Z,critical,autocuda_exception,autocuda command raised an exception,"line 2505 (tool_result): Traceback (most recent call last): File ""/home/shadeform/gpumode/autocuda/worktrees/optimize-2026-07-03-13-39-25-brief-49/problems/linalg/eigh_py/eval.py"", line 304, in <module> sys.exit(main()) ^^^^^^ File ""/home/shadeform/gpumode/autoc...",Fix the CLI or skill call path that produced the traceback.,/home/shadeform/.codex/sessions/2026/07/04/rollout-2026-07-04T15-53-25-019f2dd5-ab6d-7233-9638-e99930565997.jsonl
bug_0283,autocuda/optimize/2026-07-03-13-39-25/brief-57,optimize-tree,2026-07-05T00:25:27.228Z,critical,autocuda_exception,autocuda command raised an exception,"line 11291 (tool_result): {""chunk_id"":""182a14"",""wall_time_seconds"":16.286244998,""exit_code"":1,""original_token_count"":955,""output"":""[autocuda run] acquired lock=gpu-0 mode=exclusive at=2026-07-05T00:25:22.944192 wait=14.986s\n----- kernelguard scan -----\nkernelgu...",Fix the CLI or skill call path that produced the traceback.,/home/shadeform/.codex/sessions/2026/07/04/rollout-2026-07-04T15-53-25-019f2dd5-ab6d-7233-9638-e99930565997.jsonl
bug_0284,autocuda/optimize/2026-07-03-13-39-25/brief-61,optimize-tree,2026-07-05T01:00:44.131Z,critical,autocuda_exception,autocuda command raised an exception,"line 137 (tool_result): {""chunk_id"":""738b8a"",""wall_time_seconds"":10.962288687000001,""exit_code"":1,""original_token_count"":1411,""output"":""[autocuda run] acquired lock=gpu-0 mode=exclusive at=2026-07-05T01:00:38.895822 wait=9.301s\n----- kernelguard scan -----\nke...",Fix the CLI or skill call path that produced the traceback.,/home/shadeform/.codex/sessions/2026/07/05/rollout-2026-07-05T00-55-38-019f2fc6-136e-7231-977b-fe8d82f44dd9.jsonl
bug_0285,autocuda/optimize/2026-07-03-13-39-25/brief-61,optimize-tree,2026-07-05T01:29:56.907Z,critical,autocuda_exception,autocuda command raised an exception,"line 744 (tool_result): {""chunk_id"":""8cefd1"",""wall_time_seconds"":14.561728073,""exit_code"":1,""original_token_count"":1118,""output"":""[autocuda run] acquired lock=gpu-0 mode=exclusive at=2026-07-05T01:29:43.398939 wait=37.795s\nmultiprocessing.pool.RemoteTraceback:...",Fix the CLI or skill call path that produced the traceback.,/home/shadeform/.codex/sessions/2026/07/05/rollout-2026-07-05T00-55-38-019f2fc6-136e-7231-977b-fe8d82f44dd9.jsonl
bug_0286,autocuda/optimize/2026-07-03-13-39-25/brief-61,optimize-tree,2026-07-05T01:39:53.468Z,critical,autocuda_exception,autocuda command raised an exception,"line 914 (tool_result): {""chunk_id"":""18046b"",""wall_time_seconds"":25.092116358,""exit_code"":1,""original_token_count"":1344,""output"":""[autocuda run] acquired lock=gpu-0 mode=exclusive at=2026-07-05T01:39:46.621602 wait=59.090s\nmultiprocessing.pool.RemoteTraceback:...",Fix the CLI or skill call path that produced the traceback.,/home/shadeform/.codex/sessions/2026/07/05/rollout-2026-07-05T00-55-38-019f2fc6-136e-7231-977b-fe8d82f44dd9.jsonl
bug_0287,autocuda/optimize/2026-07-03-13-39-25/brief-61,optimize-tree,2026-07-05T01:44:21.586Z,critical,autocuda_exception,autocuda command raised an exception,"line 991 (tool_result): {""chunk_id"":""1fd162"",""wall_time_seconds"":18.326351097,""exit_code"":1,""original_token_count"":1345,""output"":""[autocuda run] acquired lock=gpu-0 mode=exclusive at=2026-07-05T01:44:14.150192 wait=18.904s\nmultiprocessing.pool.RemoteTraceback:...",Fix the CLI or skill call path that produced the traceback.,/home/shadeform/.codex/sessions/2026/07/05/rollout-2026-07-05T00-55-38-019f2fc6-136e-7231-977b-fe8d82f44dd9.jsonl
bug_0288,autocuda/optimize/2026-07-03-13-39-25/brief-61,optimize-tree,2026-07-05T03:43:50.998Z,critical,autocuda_exception,autocuda command raised an exception,"line 3312 (tool_result): {""chunk_id"":""a98385"",""wall_time_seconds"":26.40594202,""exit_code"":1,""original_token_count"":774,""output"":""[autocuda run] acquired lock=gpu-0 mode=exclusive at=2026-07-05T03:43:46.735357 wait=57.507s\nmultiprocessing.pool.RemoteTraceback: \...",Fix the CLI or skill call path that produced the traceback.,/home/shadeform/.codex/sessions/2026/07/05/rollout-2026-07-05T00-55-38-019f2fc6-136e-7231-977b-fe8d82f44dd9.jsonl
bug_0289,autocuda/optimize/2026-07-03-13-39-25/brief-61,optimize-tree,2026-07-05T04:50:11.732Z,critical,autocuda_exception,autocuda command raised an exception,"line 4494 (tool_result): {""chunk_id"":""e0c2a6"",""wall_time_seconds"":22.008561935,""exit_code"":1,""original_token_count"":795,""output"":""[autocuda run] acquired lock=gpu-0 mode=exclusive at=2026-07-05T04:50:07.728010 wait=25.282s\nmultiprocessing.pool.RemoteTraceback:...",Fix the CLI or skill call path that produced the traceback.,/home/shadeform/.codex/sessions/2026/07/05/rollout-2026-07-05T00-55-38-019f2fc6-136e-7231-977b-fe8d82f44dd9.jsonl
bug_0290,autocuda/optimize/2026-07-03-13-39-25/brief-61,optimize-tree,2026-07-05T04:50:50.579Z,critical,autocuda_exception,autocuda command raised an exception,"line 4505 (tool_result): Warning: truncated output (original token count: 6120) Total output lines: 1 {""chunk_id"":""433acd"",""wall_time_seconds"":28.852544378,""exit_code"":99,""original_token_count"":56239,""output"":""Warning: truncated output (original token count: 562...",Fix the CLI or skill call path that produced the traceback.,/home/shadeform/.codex/sessions/2026/07/05/rollout-2026-07-05T00-55-38-019f2fc6-136e-7231-977b-fe8d82f44dd9.jsonl
bug_0291,autocuda/optimize/2026-07-03-13-39-25/brief-61,optimize-tree,2026-07-05T06:59:32.715Z,critical,autocuda_exception,autocuda command raised an exception,"line 6616 (tool_result): {""chunk_id"":""9ca068"",""wall_time_seconds"":19.206809389,""exit_code"":1,""original_token_count"":1027,""output"":""[autocuda run] acquired lock=build mode=shared at=2026-07-05T06:59:15.813015 wait=5.162s\nTraceback (most recent call last):\n File...",Fix the CLI or skill call path that produced the traceback.,/home/shadeform/.codex/sessions/2026/07/05/rollout-2026-07-05T00-55-38-019f2fc6-136e-7231-977b-fe8d82f44dd9.jsonl
bug_0292,autocuda/optimize/2026-07-03-13-39-25/brief-62,optimize-tree,2026-07-05T02:43:36.290Z,critical,autocuda_exception,autocuda command raised an exception,"line 406 (tool_result): {""chunk_id"":""dc40b7"",""wall_time_seconds"":27.422809584,""exit_code"":1,""original_token_count"":1607,""output"":""[autocuda run] acquired lock=gpu-0 mode=exclusive at=2026-07-05T02:43:17.581337 wait=115.153s\nmultiprocessing.pool.RemoteTraceback...",Fix the CLI or skill call path that produced the traceback.,/home/shadeform/.codex/sessions/2026/07/05/rollout-2026-07-05T02-25-47-019f3018-9e69-7820-bfec-50779332458c.jsonl
bug_0293,autocuda/optimize/2026-07-03-13-39-25/brief-63,optimize-tree,2026-07-05T06:41:56.793Z,critical,autocuda_exception,autocuda command raised an exception,"line 9704 (tool_result): {""chunk_id"":""e78e13"",""wall_time_seconds"":12.694709229,""exit_code"":1,""original_token_count"":1128,""output"":""[autocuda run] acquired lock=gpu-0 mode=exclusive at=2026-07-05T06:41:51.872497 wait=214.808s\n----- kernelguard scan -----\nkernel...",Fix the CLI or skill call path that produced the traceback.,/home/shadeform/.codex/sessions/2026/07/05/rollout-2026-07-05T03-14-40-019f3045-6075-76c3-9547-8f62b49e8a73.jsonl
bug_0294,autocuda/optimize/2026-07-03-13-39-25/brief-63,optimize-tree,2026-07-05T06:57:09.742Z,critical,autocuda_exception,autocuda command raised an exception,"line 9984 (tool_result): {""chunk_id"":""8f5ce1"",""wall_time_seconds"":11.659497256,""exit_code"":1,""original_token_count"":1126,""output"":""[autocuda run] acquired lock=gpu-0 mode=exclusive at=2026-07-05T06:56:54.227189 wait=2.753s\nmultiprocessing.pool.RemoteTraceback:...",Fix the CLI or skill call path that produced the traceback.,/home/shadeform/.codex/sessions/2026/07/05/rollout-2026-07-05T03-14-40-019f3045-6075-76c3-9547-8f62b49e8a73.jsonl
bug_0295,autocuda/optimize/2026-07-03-13-39-25/brief-63,optimize-tree,2026-07-05T08:38:05.893Z,critical,autocuda_exception,autocuda command raised an exception,"line 11709 (tool_result): {""chunk_id"":""583644"",""wall_time_seconds"":15.94184082,""exit_code"":1,""original_token_count"":1024,""output"":""[autocuda run] acquired lock=build mode=shared at=2026-07-05T08:37:49.669640 wait=0.000s\nTraceback (most recent call last):\n File...",Fix the CLI or skill call path that produced the traceback.,/home/shadeform/.codex/sessions/2026/07/05/rollout-2026-07-05T03-14-40-019f3045-6075-76c3-9547-8f62b49e8a73.jsonl
bug_0296,autocuda/optimize/2026-07-03-13-39-25/brief-63,optimize-tree,2026-07-05T11:58:13.551Z,critical,autocuda_exception,autocuda command raised an exception,"line 16398 (tool_result): {""chunk_id"":""a4effa"",""wall_time_seconds"":16.883805959,""exit_code"":1,""original_token_count"":1011,""output"":""[autocuda run] acquired lock=build mode=shared at=2026-07-05T11:57:56.580284 wait=0.000s\nTraceback (most recent call last):\n File...",Fix the CLI or skill call path that produced the traceback.,/home/shadeform/.codex/sessions/2026/07/05/rollout-2026-07-05T03-14-40-019f3045-6075-76c3-9547-8f62b49e8a73.jsonl
bug_0297,autocuda/optimize/2026-07-03-13-39-25/brief-67,optimize-tree,2026-07-05T06:41:56.793Z,critical,autocuda_exception,autocuda command raised an exception,"line 9704 (tool_result): {""chunk_id"":""e78e13"",""wall_time_seconds"":12.694709229,""exit_code"":1,""original_token_count"":1128,""output"":""[autocuda run] acquired lock=gpu-0 mode=exclusive at=2026-07-05T06:41:51.872497 wait=214.808s\n----- kernelguard scan -----\nkernel...",Fix the CLI or skill call path that produced the traceback.,/home/shadeform/.codex/sessions/2026/07/05/rollout-2026-07-05T03-14-40-019f3045-6075-76c3-9547-8f62b49e8a73.jsonl
bug_0298,autocuda/optimize/2026-07-03-13-39-25/brief-67,optimize-tree,2026-07-05T06:57:09.742Z,critical,autocuda_exception,autocuda command raised an exception,"line 9984 (tool_result): {""chunk_id"":""8f5ce1"",""wall_time_seconds"":11.659497256,""exit_code"":1,""original_token_count"":1126,""output"":""[autocuda run] acquired lock=gpu-0 mode=exclusive at=2026-07-05T06:56:54.227189 wait=2.753s\nmultiprocessing.pool.RemoteTraceback:...",Fix the CLI or skill call path that produced the traceback.,/home/shadeform/.codex/sessions/2026/07/05/rollout-2026-07-05T03-14-40-019f3045-6075-76c3-9547-8f62b49e8a73.jsonl
bug_0299,autocuda/optimize/2026-07-03-13-39-25/brief-67,optimize-tree,2026-07-05T08:38:05.893Z,critical,autocuda_exception,autocuda command raised an exception,"line 11709 (tool_result): {""chunk_id"":""583644"",""wall_time_seconds"":15.94184082,""exit_code"":1,""original_token_count"":1024,""output"":""[autocuda run] acquired lock=build mode=shared at=2026-07-05T08:37:49.669640 wait=0.000s\nTraceback (most recent call last):\n File...",Fix the CLI or skill call path that produced the traceback.,/home/shadeform/.codex/sessions/2026/07/05/rollout-2026-07-05T03-14-40-019f3045-6075-76c3-9547-8f62b49e8a73.jsonl
bug_0300,autocuda/optimize/2026-07-03-13-39-25/brief-67,optimize-tree,2026-07-05T11:58:13.551Z,critical,autocuda_exception,autocuda command raised an exception,"line 16398 (tool_result): {""chunk_id"":""a4effa"",""wall_time_seconds"":16.883805959,""exit_code"":1,""original_token_count"":1011,""output"":""[autocuda run] acquired lock=build mode=shared at=2026-07-05T11:57:56.580284 wait=0.000s\nTraceback (most recent call last):\n File...",Fix the CLI or skill call path that produced the traceback.,/home/shadeform/.codex/sessions/2026/07/05/rollout-2026-07-05T03-14-40-019f3045-6075-76c3-9547-8f62b49e8a73.jsonl
bug_0301,autocuda/optimize/2026-07-03-13-39-25/brief-7,optimize-tree,2026-07-03T22:34:18.704Z,critical,autocuda_exception,autocuda command raised an exception,"line 2857 (tool_result): {""chunk_id"":""454b02"",""wall_time_seconds"":25.16465572,""exit_code"":1,""original_token_count"":1016,""output"":""[autocuda run] acquired lock=build mode=shared at=2026-07-03T22:33:53.439297 wait=0.000s\nTraceback (most recent call last):\n File...",Fix the CLI or skill call path that produced the traceback.,/home/shadeform/.codex/sessions/2026/07/03/rollout-2026-07-03T20-12-33-019f299c-8cda-7880-9822-d62d6ec980d9.jsonl
bug_0302,autocuda/optimize/2026-07-03-13-39-25/brief-70,optimize-tree,2026-07-05T13:21:36.562Z,critical,autocuda_exception,autocuda command raised an exception,"line 8189 (tool_result): {""chunk_id"":""a6d2c3"",""wall_time_seconds"":21.419922681,""exit_code"":1,""original_token_count"":1444,""output"":""[autocuda run] acquired lock=gpu-0 mode=exclusive at=2026-07-05T13:21:31.575621 wait=22.028s\n----- kernelguard scan -----\nkernelg...",Fix the CLI or skill call path that produced the traceback.,/home/shadeform/.codex/sessions/2026/07/05/rollout-2026-07-05T13-06-35-019f3263-4946-72b1-b7be-ce0db4f6c644.jsonl
bug_0303,autocuda/optimize/2026-07-03-13-39-25/brief-71,optimize-tree,2026-07-05T14:38:51.292Z,critical,autocuda_exception,autocuda command raised an exception,"line 9181 (tool_result): {""chunk_id"":""4e14e5"",""wall_time_seconds"":22.764807562,""exit_code"":1,""original_token_count"":96,""output"":""[autocuda run] acquired lock=gpu-0 mode=exclusive at=2026-07-05T14:38:47.555218 wait=73.429s\nTraceback (most recent call last):\n Fi...",Fix the CLI or skill call path that produced the traceback.,/home/shadeform/.codex/sessions/2026/07/05/rollout-2026-07-05T13-38-06-019f3280-2245-7da3-92f6-1d5635491796.jsonl
bug_0304,autocuda/optimize/2026-07-03-13-39-25/brief-78,optimize-tree,2026-07-05T18:02:02.294Z,high,explicit_skill_issue,Agent identified a bug or contradiction in skill instructions,"line 8853 (assistant): The official PTX table exposes a concrete defect in the saved descriptor: its shared-memory descriptor omitted Blackwell’s fixed high-field encoding, so the MMA consumed the wrong operand layout while still executing valid native instruc...","Patch the named SKILL.md or referenced guide, then add a regression check when possible.",/home/shadeform/.codex/sessions/2026/07/05/rollout-2026-07-05T17-53-48-019f336a-3f56-73e1-9cf0-590391c4052a.jsonl
bug_0305,autocuda/optimize/2026-07-03-13-39-25/brief-78,optimize-tree,2026-07-05T18:02:02.294Z,high,explicit_skill_issue,Agent identified a bug or contradiction in skill instructions,"line 8854 (assistant): The official PTX table exposes a concrete defect in the saved descriptor: its shared-memory descriptor omitted Blackwell’s fixed high-field encoding, so the MMA consumed the wrong operand layout while still executing valid native instruc...","Patch the named SKILL.md or referenced guide, then add a regression check when possible.",/home/shadeform/.codex/sessions/2026/07/05/rollout-2026-07-05T17-53-48-019f336a-3f56-73e1-9cf0-590391c4052a.jsonl
bug_0306,autocuda/optimize/2026-07-03-13-39-25/brief-82,optimize-tree,2026-07-05T21:43:51.939Z,critical,autocuda_exception,autocuda command raised an exception,"line 9811 (tool_result): ========= Host Frame: main [0x158cfab] in python ========= multiprocessing.pool.RemoteTraceback: """""" Traceback (most recent call last): File ""/home/shadeform/.local/share/uv/python/cpython-3.12.13-linux-x86_64-gnu/lib/python3.12/multipro...",Fix the CLI or skill call path that produced the traceback.,/home/shadeform/.codex/sessions/2026/07/05/rollout-2026-07-05T21-34-51-019f3434-9dbc-7053-81d6-afdf665c2903.jsonl
bug_0307,autocuda/optimize/2026-07-03-13-39-25/brief-82,optimize-tree,2026-07-05T21:43:51.939Z,critical,autocuda_exception,autocuda command raised an exception,"line 9811 (tool_result): ========= multiprocessing.pool.RemoteTraceback: """""" Traceback (most recent call last): File ""/home/shadeform/.local/share/uv/python/cpython-3.12.13-linux-x86_64-gnu/lib/python3.12/multiprocessing/pool.py"", line 125, in worker result = (T...",Fix the CLI or skill call path that produced the traceback.,/home/shadeform/.codex/sessions/2026/07/05/rollout-2026-07-05T21-34-51-019f3434-9dbc-7053-81d6-afdf665c2903.jsonl
bug_0308,autocuda/optimize/2026-07-03-13-39-25/brief-82,optimize-tree,2026-07-05T21:43:51.939Z,critical,autocuda_exception,autocuda command raised an exception,"line 9811 (tool_result): multiprocessing.pool.RemoteTraceback: """""" Traceback (most recent call last): File ""/home/shadeform/.local/share/uv/python/cpython-3.12.13-linux-x86_64-gnu/lib/python3.12/multiprocessing/pool.py"", line 125, in worker result = (True, func(...",Fix the CLI or skill call path that produced the traceback.,/home/shadeform/.codex/sessions/2026/07/05/rollout-2026-07-05T21-34-51-019f3434-9dbc-7053-81d6-afdf665c2903.jsonl
bug_0309,autocuda/optimize/2026-07-03-13-39-25/brief-82,optimize-tree,2026-07-05T21:43:51.939Z,critical,autocuda_exception,autocuda command raised an exception,"line 9811 (tool_result): """""" Traceback (most recent call last): File ""/home/shadeform/.local/share/uv/python/cpython-3.12.13-linux-x86_64-gnu/lib/python3.12/multiprocessing/pool.py"", line 125, in worker result = (True, func(*args, **kwds)) ^^^^^^^^^^^^^^^^^^^ Fi...",Fix the CLI or skill call path that produced the traceback.,/home/shadeform/.codex/sessions/2026/07/05/rollout-2026-07-05T21-34-51-019f3434-9dbc-7053-81d6-afdf665c2903.jsonl
bug_0310,autocuda/optimize/2026-07-03-13-39-25/brief-82,optimize-tree,2026-07-05T21:43:51.939Z,critical,autocuda_exception,autocuda command raised an exception,"line 9811 (tool_result): Traceback (most recent call last): File ""/home/shadeform/.local/share/uv/python/cpython-3.12.13-linux-x86_64-gnu/lib/python3.12/multiprocessing/pool.py"", line 125, in worker result = (True, func(*args, **kwds)) ^^^^^^^^^^^^^^^^^^^ File ""...",Fix the CLI or skill call path that produced the traceback.,/home/shadeform/.codex/sessions/2026/07/05/rollout-2026-07-05T21-34-51-019f3434-9dbc-7053-81d6-afdf665c2903.jsonl
bug_0311,autocuda/optimize/2026-07-03-13-39-25/brief-82,optimize-tree,2026-07-05T21:43:51.939Z,critical,autocuda_exception,autocuda command raised an exception,"line 9811 (tool_result): return _custom_eigh512(data) ^^^^^^^^^^^^^^^^^^^^^ File ""/home/shadeform/gpumode/autocuda/worktrees/optimize-2026-07-03-13-39-25-brief-82/problems/linalg/eigh_py/submission.py"", line 7266, in _custom_eigh512 ) = _ext.refine_eigh512(data,...",Fix the CLI or skill call path that produced the traceback.,/home/shadeform/.codex/sessions/2026/07/05/rollout-2026-07-05T21-34-51-019f3434-9dbc-7053-81d6-afdf665c2903.jsonl
bug_0312,autocuda/optimize/2026-07-03-13-39-25/brief-82,optimize-tree,2026-07-05T21:43:51.939Z,critical,autocuda_exception,autocuda command raised an exception,"line 9811 (tool_result): ^^^^^^^^^^^^^^^^^^^^^ File ""/home/shadeform/gpumode/autocuda/worktrees/optimize-2026-07-03-13-39-25-brief-82/problems/linalg/eigh_py/submission.py"", line 7266, in _custom_eigh512 ) = _ext.refine_eigh512(data, vectors, values, factor_work...",Fix the CLI or skill call path that produced the traceback.,/home/shadeform/.codex/sessions/2026/07/05/rollout-2026-07-05T21-34-51-019f3434-9dbc-7053-81d6-afdf665c2903.jsonl
bug_0313,autocuda/optimize/2026-07-03-13-39-25/brief-82,optimize-tree,2026-07-05T21:43:51.939Z,critical,autocuda_exception,autocuda command raised an exception,"line 9811 (tool_result): File ""/home/shadeform/gpumode/autocuda/worktrees/optimize-2026-07-03-13-39-25-brief-82/problems/linalg/eigh_py/submission.py"", line 7266, in _custom_eigh512 ) = _ext.refine_eigh512(data, vectors, values, factor_workspace) ^^^^^^^^^^^^^^^...",Fix the CLI or skill call path that produced the traceback.,/home/shadeform/.codex/sessions/2026/07/05/rollout-2026-07-05T21-34-51-019f3434-9dbc-7053-81d6-afdf665c2903.jsonl
bug_0314,autocuda/optimize/2026-07-03-13-39-25/brief-82,optimize-tree,2026-07-05T21:43:51.939Z,critical,autocuda_exception,autocuda command raised an exception,"line 9811 (tool_result): ) = _ext.refine_eigh512(data, vectors, values, factor_workspace) ^^^^^^^^^^^^^^^^^^^^^^^^^^^^^^^^^^^^^^^^^^^^^^^^^^^^^^^^^^^^ RuntimeError: n512 remaining compaction launch failed: an illegal memory access was encountered """""" The above e...",Fix the CLI or skill call path that produced the traceback.,/home/shadeform/.codex/sessions/2026/07/05/rollout-2026-07-05T21-34-51-019f3434-9dbc-7053-81d6-afdf665c2903.jsonl
bug_0315,autocuda/optimize/2026-07-03-13-39-25/brief-82,optimize-tree,2026-07-05T21:43:51.939Z,critical,autocuda_exception,autocuda command raised an exception,"line 9811 (tool_result): ^^^^^^^^^^^^^^^^^^^^^^^^^^^^^^^^^^^^^^^^^^^^^^^^^^^^^^^^^^^^ RuntimeError: n512 remaining compaction launch failed: an illegal memory access was encountered """""" The above exception was the direct cause of the following exception: Traceba...",Fix the CLI or skill call path that produced the traceback.,/home/shadeform/.codex/sessions/2026/07/05/rollout-2026-07-05T21-34-51-019f3434-9dbc-7053-81d6-afdf665c2903.jsonl
bug_0316,autocuda/optimize/2026-07-03-13-39-25/brief-82,optimize-tree,2026-07-05T21:43:51.939Z,critical,autocuda_exception,autocuda command raised an exception,"line 9811 (tool_result): RuntimeError: n512 remaining compaction launch failed: an illegal memory access was encountered """""" The above exception was the direct cause of the following exception: Traceback (most recent call last): File ""/home/shadeform/gpumode/aut...",Fix the CLI or skill call path that produced the traceback.,/home/shadeform/.codex/sessions/2026/07/05/rollout-2026-07-05T21-34-51-019f3434-9dbc-7053-81d6-afdf665c2903.jsonl
bug_0317,autocuda/optimize/2026-07-03-13-39-25/brief-82,optimize-tree,2026-07-05T21:43:51.939Z,critical,autocuda_exception,autocuda command raised an exception,"line 9811 (tool_result): """""" The above exception was the direct cause of the following exception: Traceback (most recent call last): File ""/home/shadeform/gpumode/autocuda/worktrees/optimize-2026-07-03-13-39-25-brief-82/problems/linalg/eigh_py/eval.py"", line 304...",Fix the CLI or skill call path that produced the traceback.,/home/shadeform/.codex/sessions/2026/07/05/rollout-2026-07-05T21-34-51-019f3434-9dbc-7053-81d6-afdf665c2903.jsonl
bug_0318,autocuda/optimize/2026-07-03-13-39-25/brief-82,optimize-tree,2026-07-05T21:43:51.939Z,critical,autocuda_exception,autocuda command raised an exception,"line 9811 (tool_result): The above exception was the direct cause of the following exception: Traceback (most recent call last): File ""/home/shadeform/gpumode/autocuda/worktrees/optimize-2026-07-03-13-39-25-brief-82/problems/linalg/eigh_py/eval.py"", line 304, in...",Fix the CLI or skill call path that produced the traceback.,/home/shadeform/.codex/sessions/2026/07/05/rollout-2026-07-05T21-34-51-019f3434-9dbc-7053-81d6-afdf665c2903.jsonl
bug_0319,autocuda/optimize/2026-07-03-13-39-25/brief-82,optimize-tree,2026-07-05T21:43:51.939Z,critical,autocuda_exception,autocuda command raised an exception,"line 9811 (tool_result): Traceback (most recent call last): File ""/home/shadeform/gpumode/autocuda/worktrees/optimize-2026-07-03-13-39-25-brief-82/problems/linalg/eigh_py/eval.py"", line 304, in <module> sys.exit(main()) ^^^^^^ File ""/home/shadeform/gpumode/autoc...",Fix the CLI or skill call path that produced the traceback.,/home/shadeform/.codex/sessions/2026/07/05/rollout-2026-07-05T21-34-51-019f3434-9dbc-7053-81d6-afdf665c2903.jsonl
bug_0320,autocuda/optimize/2026-07-03-13-39-25/brief-82,optimize-tree,2026-07-05T22:08:35.867Z,critical,autocuda_exception,autocuda command raised an exception,line 10277 (tool_result): kernelguard gate: /home/shadeform/gpumode/autocuda/worktrees/optimize-2026-07-03-13-39-25-brief-82/problems/linalg/eigh_py/submission.py classification: low_confidence should_filter: False matched patterns (1): - [ low] HARDCODED_SHAPES...,Fix the CLI or skill call path that produced the traceback.,/home/shadeform/.codex/sessions/2026/07/05/rollout-2026-07-05T21-34-51-019f3434-9dbc-7053-81d6-afdf665c2903.jsonl
bug_0321,autocuda/optimize/2026-07-03-13-39-25/brief-82,optimize-tree,2026-07-05T22:08:35.867Z,critical,autocuda_exception,autocuda command raised an exception,"line 10277 (tool_result): kernelguard gate: CLEAN ---------------------------- multiprocessing.pool.RemoteTraceback: """""" Traceback (most recent call last): File ""/home/shadeform/.local/share/uv/python/cpython-3.12.13-linux-x86_64-gnu/lib/python3.12/multiprocessin...",Fix the CLI or skill call path that produced the traceback.,/home/shadeform/.codex/sessions/2026/07/05/rollout-2026-07-05T21-34-51-019f3434-9dbc-7053-81d6-afdf665c2903.jsonl
bug_0322,autocuda/optimize/2026-07-03-13-39-25/brief-82,optimize-tree,2026-07-05T22:08:35.867Z,critical,autocuda_exception,autocuda command raised an exception,"line 10277 (tool_result): ---------------------------- multiprocessing.pool.RemoteTraceback: """""" Traceback (most recent call last): File ""/home/shadeform/.local/share/uv/python/cpython-3.12.13-linux-x86_64-gnu/lib/python3.12/multiprocessing/pool.py"", line 125, in...",Fix the CLI or skill call path that produced the traceback.,/home/shadeform/.codex/sessions/2026/07/05/rollout-2026-07-05T21-34-51-019f3434-9dbc-7053-81d6-afdf665c2903.jsonl
bug_0323,autocuda/optimize/2026-07-03-13-39-25/brief-82,optimize-tree,2026-07-05T22:08:35.867Z,critical,autocuda_exception,autocuda command raised an exception,"line 10277 (tool_result): multiprocessing.pool.RemoteTraceback: """""" Traceback (most recent call last): File ""/home/shadeform/.local/share/uv/python/cpython-3.12.13-linux-x86_64-gnu/lib/python3.12/multiprocessing/pool.py"", line 125, in worker result = (True, func(...",Fix the CLI or skill call path that produced the traceback.,/home/shadeform/.codex/sessions/2026/07/05/rollout-2026-07-05T21-34-51-019f3434-9dbc-7053-81d6-afdf665c2903.jsonl
bug_0324,autocuda/optimize/2026-07-03-13-39-25/brief-82,optimize-tree,2026-07-05T22:08:35.867Z,critical,autocuda_exception,autocuda command raised an exception,"line 10277 (tool_result): """""" Traceback (most recent call last): File ""/home/shadeform/.local/share/uv/python/cpython-3.12.13-linux-x86_64-gnu/lib/python3.12/multiprocessing/pool.py"", line 125, in worker result = (True, func(*args, **kwds)) ^^^^^^^^^^^^^^^^^^^ Fi...",Fix the CLI or skill call path that produced the traceback.,/home/shadeform/.codex/sessions/2026/07/05/rollout-2026-07-05T21-34-51-019f3434-9dbc-7053-81d6-afdf665c2903.jsonl
bug_0325,autocuda/optimize/2026-07-03-13-39-25/brief-82,optimize-tree,2026-07-05T22:08:35.867Z,critical,autocuda_exception,autocuda command raised an exception,"line 10277 (tool_result): Traceback (most recent call last): File ""/home/shadeform/.local/share/uv/python/cpython-3.12.13-linux-x86_64-gnu/lib/python3.12/multiprocessing/pool.py"", line 125, in worker result = (True, func(*args, **kwds)) ^^^^^^^^^^^^^^^^^^^ File ""...",Fix the CLI or skill call path that produced the traceback.,/home/shadeform/.codex/sessions/2026/07/05/rollout-2026-07-05T21-34-51-019f3434-9dbc-7053-81d6-afdf665c2903.jsonl
bug_0326,autocuda/optimize/2026-07-03-13-39-25/brief-82,optimize-tree,2026-07-05T22:08:35.867Z,critical,autocuda_exception,autocuda command raised an exception,"line 10277 (tool_result): return _custom_eigh512(data) ^^^^^^^^^^^^^^^^^^^^^ File ""/home/shadeform/gpumode/autocuda/worktrees/optimize-2026-07-03-13-39-25-brief-82/problems/linalg/eigh_py/submission.py"", line 7468, in _custom_eigh512 ) = _ext.refine_eigh512(data,...",Fix the CLI or skill call path that produced the traceback.,/home/shadeform/.codex/sessions/2026/07/05/rollout-2026-07-05T21-34-51-019f3434-9dbc-7053-81d6-afdf665c2903.jsonl
bug_0327,autocuda/optimize/2026-07-03-13-39-25/brief-82,optimize-tree,2026-07-05T22:08:35.867Z,critical,autocuda_exception,autocuda command raised an exception,"line 10277 (tool_result): ^^^^^^^^^^^^^^^^^^^^^ File ""/home/shadeform/gpumode/autocuda/worktrees/optimize-2026-07-03-13-39-25-brief-82/problems/linalg/eigh_py/submission.py"", line 7468, in _custom_eigh512 ) = _ext.refine_eigh512(data, vectors, values, factor_work...",Fix the CLI or skill call path that produced the traceback.,/home/shadeform/.codex/sessions/2026/07/05/rollout-2026-07-05T21-34-51-019f3434-9dbc-7053-81d6-afdf665c2903.jsonl
bug_0328,autocuda/optimize/2026-07-03-13-39-25/brief-82,optimize-tree,2026-07-05T22:08:35.867Z,critical,autocuda_exception,autocuda command raised an exception,"line 10277 (tool_result): File ""/home/shadeform/gpumode/autocuda/worktrees/optimize-2026-07-03-13-39-25-brief-82/problems/linalg/eigh_py/submission.py"", line 7468, in _custom_eigh512 ) = _ext.refine_eigh512(data, vectors, values, factor_workspace) ^^^^^^^^^^^^^^^...",Fix the CLI or skill call path that produced the traceback.,/home/shadeform/.codex/sessions/2026/07/05/rollout-2026-07-05T21-34-51-019f3434-9dbc-7053-81d6-afdf665c2903.jsonl
bug_0329,autocuda/optimize/2026-07-03-13-39-25/brief-82,optimize-tree,2026-07-05T22:08:35.867Z,critical,autocuda_exception,autocuda command raised an exception,"line 10277 (tool_result): ) = _ext.refine_eigh512(data, vectors, values, factor_workspace) ^^^^^^^^^^^^^^^^^^^^^^^^^^^^^^^^^^^^^^^^^^^^^^^^^^^^^^^^^^^^ RuntimeError: n512 remaining compaction synchronization failed: an illegal instruction was encountered """""" The...",Fix the CLI or skill call path that produced the traceback.,/home/shadeform/.codex/sessions/2026/07/05/rollout-2026-07-05T21-34-51-019f3434-9dbc-7053-81d6-afdf665c2903.jsonl
bug_0330,autocuda/optimize/2026-07-03-13-39-25/brief-82,optimize-tree,2026-07-05T22:08:35.867Z,critical,autocuda_exception,autocuda command raised an exception,"line 10277 (tool_result): ^^^^^^^^^^^^^^^^^^^^^^^^^^^^^^^^^^^^^^^^^^^^^^^^^^^^^^^^^^^^ RuntimeError: n512 remaining compaction synchronization failed: an illegal instruction was encountered """""" The above exception was the direct cause of the following exception:...",Fix the CLI or skill call path that produced the traceback.,/home/shadeform/.codex/sessions/2026/07/05/rollout-2026-07-05T21-34-51-019f3434-9dbc-7053-81d6-afdf665c2903.jsonl
bug_0331,autocuda/optimize/2026-07-03-13-39-25/brief-82,optimize-tree,2026-07-05T22:08:35.867Z,critical,autocuda_exception,autocuda command raised an exception,"line 10277 (tool_result): RuntimeError: n512 remaining compaction synchronization failed: an illegal instruction was encountered """""" The above exception was the direct cause of the following exception: Traceback (most recent call last): File ""/home/shadeform/gpum...",Fix the CLI or skill call path that produced the traceback.,/home/shadeform/.codex/sessions/2026/07/05/rollout-2026-07-05T21-34-51-019f3434-9dbc-7053-81d6-afdf665c2903.jsonl
bug_0332,autocuda/optimize/2026-07-03-13-39-25/brief-82,optimize-tree,2026-07-05T22:08:35.867Z,critical,autocuda_exception,autocuda command raised an exception,"line 10277 (tool_result): """""" The above exception was the direct cause of the following exception: Traceback (most recent call last): File ""/home/shadeform/gpumode/autocuda/worktrees/optimize-2026-07-03-13-39-25-brief-82/problems/linalg/eigh_py/eval.py"", line 304...",Fix the CLI or skill call path that produced the traceback.,/home/shadeform/.codex/sessions/2026/07/05/rollout-2026-07-05T21-34-51-019f3434-9dbc-7053-81d6-afdf665c2903.jsonl
bug_0333,autocuda/optimize/2026-07-03-13-39-25/brief-82,optimize-tree,2026-07-05T22:08:35.867Z,critical,autocuda_exception,autocuda command raised an exception,"line 10277 (tool_result): The above exception was the direct cause of the following exception: Traceback (most recent call last): File ""/home/shadeform/gpumode/autocuda/worktrees/optimize-2026-07-03-13-39-25-brief-82/problems/linalg/eigh_py/eval.py"", line 304, in...",Fix the CLI or skill call path that produced the traceback.,/home/shadeform/.codex/sessions/2026/07/05/rollout-2026-07-05T21-34-51-019f3434-9dbc-7053-81d6-afdf665c2903.jsonl
bug_0334,autocuda/optimize/2026-07-03-13-39-25/brief-82,optimize-tree,2026-07-05T22:08:35.867Z,critical,autocuda_exception,autocuda command raised an exception,"line 10277 (tool_result): Traceback (most recent call last): File ""/home/shadeform/gpumode/autocuda/worktrees/optimize-2026-07-03-13-39-25-brief-82/problems/linalg/eigh_py/eval.py"", line 304, in <module> sys.exit(main()) ^^^^^^ File ""/home/shadeform/gpumode/autoc...",Fix the CLI or skill call path that produced the traceback.,/home/shadeform/.codex/sessions/2026/07/05/rollout-2026-07-05T21-34-51-019f3434-9dbc-7053-81d6-afdf665c2903.jsonl
bug_0335,autocuda/optimize/2026-07-03-13-39-25/brief-82,optimize-tree,2026-07-05T22:15:30.092Z,critical,autocuda_exception,autocuda command raised an exception,line 10406 (tool_result): kernelguard gate: /home/shadeform/gpumode/autocuda/worktrees/optimize-2026-07-03-13-39-25-brief-82/problems/linalg/eigh_py/submission.py classification: low_confidence should_filter: False matched patterns (1): - [ low] HARDCODED_SHAPES...,Fix the CLI or skill call path that produced the traceback.,/home/shadeform/.codex/sessions/2026/07/05/rollout-2026-07-05T21-34-51-019f3434-9dbc-7053-81d6-afdf665c2903.jsonl
bug_0336,autocuda/optimize/2026-07-03-13-39-25/brief-82,optimize-tree,2026-07-05T22:15:30.092Z,critical,autocuda_exception,autocuda command raised an exception,"line 10406 (tool_result): kernelguard gate: CLEAN ---------------------------- multiprocessing.pool.RemoteTraceback: """""" Traceback (most recent call last): File ""/home/shadeform/.local/share/uv/python/cpython-3.12.13-linux-x86_64-gnu/lib/python3.12/multiprocessin...",Fix the CLI or skill call path that produced the traceback.,/home/shadeform/.codex/sessions/2026/07/05/rollout-2026-07-05T21-34-51-019f3434-9dbc-7053-81d6-afdf665c2903.jsonl
bug_0337,autocuda/optimize/2026-07-03-13-39-25/brief-82,optimize-tree,2026-07-05T22:15:30.092Z,critical,autocuda_exception,autocuda command raised an exception,"line 10406 (tool_result): ---------------------------- multiprocessing.pool.RemoteTraceback: """""" Traceback (most recent call last): File ""/home/shadeform/.local/share/uv/python/cpython-3.12.13-linux-x86_64-gnu/lib/python3.12/multiprocessing/pool.py"", line 125, in...",Fix the CLI or skill call path that produced the traceback.,/home/shadeform/.codex/sessions/2026/07/05/rollout-2026-07-05T21-34-51-019f3434-9dbc-7053-81d6-afdf665c2903.jsonl
bug_0338,autocuda/optimize/2026-07-03-13-39-25/brief-82,optimize-tree,2026-07-05T22:15:30.092Z,critical,autocuda_exception,autocuda command raised an exception,"line 10406 (tool_result): multiprocessing.pool.RemoteTraceback: """""" Traceback (most recent call last): File ""/home/shadeform/.local/share/uv/python/cpython-3.12.13-linux-x86_64-gnu/lib/python3.12/multiprocessing/pool.py"", line 125, in worker result = (True, func(...",Fix the CLI or skill call path that produced the traceback.,/home/shadeform/.codex/sessions/2026/07/05/rollout-2026-07-05T21-34-51-019f3434-9dbc-7053-81d6-afdf665c2903.jsonl
bug_0339,autocuda/optimize/2026-07-03-13-39-25/brief-82,optimize-tree,2026-07-05T22:15:30.092Z,critical,autocuda_exception,autocuda command raised an exception,"line 10406 (tool_result): """""" Traceback (most recent call last): File ""/home/shadeform/.local/share/uv/python/cpython-3.12.13-linux-x86_64-gnu/lib/python3.12/multiprocessing/pool.py"", line 125, in worker result = (True, func(*args, **kwds)) ^^^^^^^^^^^^^^^^^^^ Fi...",Fix the CLI or skill call path that produced the traceback.,/home/shadeform/.codex/sessions/2026/07/05/rollout-2026-07-05T21-34-51-019f3434-9dbc-7053-81d6-afdf665c2903.jsonl
bug_0340,autocuda/optimize/2026-07-03-13-39-25/brief-82,optimize-tree,2026-07-05T22:15:30.092Z,critical,autocuda_exception,autocuda command raised an exception,"line 10406 (tool_result): Traceback (most recent call last): File ""/home/shadeform/.local/share/uv/python/cpython-3.12.13-linux-x86_64-gnu/lib/python3.12/multiprocessing/pool.py"", line 125, in worker result = (True, func(*args, **kwds)) ^^^^^^^^^^^^^^^^^^^ File ""...",Fix the CLI or skill call path that produced the traceback.,/home/shadeform/.codex/sessions/2026/07/05/rollout-2026-07-05T21-34-51-019f3434-9dbc-7053-81d6-afdf665c2903.jsonl
bug_0341,autocuda/optimize/2026-07-03-13-39-25/brief-82,optimize-tree,2026-07-05T22:15:30.092Z,critical,autocuda_exception,autocuda command raised an exception,"line 10406 (tool_result): return _custom_eigh512(data) ^^^^^^^^^^^^^^^^^^^^^ File ""/home/shadeform/gpumode/autocuda/worktrees/optimize-2026-07-03-13-39-25-brief-82/problems/linalg/eigh_py/submission.py"", line 7460, in _custom_eigh512 ) = _ext.refine_eigh512(data,...",Fix the CLI or skill call path that produced the traceback.,/home/shadeform/.codex/sessions/2026/07/05/rollout-2026-07-05T21-34-51-019f3434-9dbc-7053-81d6-afdf665c2903.jsonl
bug_0342,autocuda/optimize/2026-07-03-13-39-25/brief-82,optimize-tree,2026-07-05T22:15:30.092Z,critical,autocuda_exception,autocuda command raised an exception,"line 10406 (tool_result): ^^^^^^^^^^^^^^^^^^^^^ File ""/home/shadeform/gpumode/autocuda/worktrees/optimize-2026-07-03-13-39-25-brief-82/problems/linalg/eigh_py/submission.py"", line 7460, in _custom_eigh512 ) = _ext.refine_eigh512(data, vectors, values, factor_work...",Fix the CLI or skill call path that produced the traceback.,/home/shadeform/.codex/sessions/2026/07/05/rollout-2026-07-05T21-34-51-019f3434-9dbc-7053-81d6-afdf665c2903.jsonl
bug_0343,autocuda/optimize/2026-07-03-13-39-25/brief-82,optimize-tree,2026-07-05T22:15:30.092Z,critical,autocuda_exception,autocuda command raised an exception,"line 10406 (tool_result): File ""/home/shadeform/gpumode/autocuda/worktrees/optimize-2026-07-03-13-39-25-brief-82/problems/linalg/eigh_py/submission.py"", line 7460, in _custom_eigh512 ) = _ext.refine_eigh512(data, vectors, values, factor_workspace) ^^^^^^^^^^^^^^^...",Fix the CLI or skill call path that produced the traceback.,/home/shadeform/.codex/sessions/2026/07/05/rollout-2026-07-05T21-34-51-019f3434-9dbc-7053-81d6-afdf665c2903.jsonl
bug_0344,autocuda/optimize/2026-07-03-13-39-25/brief-82,optimize-tree,2026-07-05T22:15:30.092Z,critical,autocuda_exception,autocuda command raised an exception,"line 10406 (tool_result): ) = _ext.refine_eigh512(data, vectors, values, factor_workspace) ^^^^^^^^^^^^^^^^^^^^^^^^^^^^^^^^^^^^^^^^^^^^^^^^^^^^^^^^^^^^ RuntimeError: n512 remaining compaction synchronization failed: an illegal instruction was encountered """""" The...",Fix the CLI or skill call path that produced the traceback.,/home/shadeform/.codex/sessions/2026/07/05/rollout-2026-07-05T21-34-51-019f3434-9dbc-7053-81d6-afdf665c2903.jsonl
bug_0345,autocuda/optimize/2026-07-03-13-39-25/brief-82,optimize-tree,2026-07-05T22:15:30.092Z,critical,autocuda_exception,autocuda command raised an exception,"line 10406 (tool_result): ^^^^^^^^^^^^^^^^^^^^^^^^^^^^^^^^^^^^^^^^^^^^^^^^^^^^^^^^^^^^ RuntimeError: n512 remaining compaction synchronization failed: an illegal instruction was encountered """""" The above exception was the direct cause of the following exception:...",Fix the CLI or skill call path that produced the traceback.,/home/shadeform/.codex/sessions/2026/07/05/rollout-2026-07-05T21-34-51-019f3434-9dbc-7053-81d6-afdf665c2903.jsonl
bug_0346,autocuda/optimize/2026-07-03-13-39-25/brief-82,optimize-tree,2026-07-05T22:15:30.092Z,critical,autocuda_exception,autocuda command raised an exception,"line 10406 (tool_result): RuntimeError: n512 remaining compaction synchronization failed: an illegal instruction was encountered """""" The above exception was the direct cause of the following exception: Traceback (most recent call last): File ""/home/shadeform/gpum...",Fix the CLI or skill call path that produced the traceback.,/home/shadeform/.codex/sessions/2026/07/05/rollout-2026-07-05T21-34-51-019f3434-9dbc-7053-81d6-afdf665c2903.jsonl
bug_0347,autocuda/optimize/2026-07-03-13-39-25/brief-82,optimize-tree,2026-07-05T22:15:30.092Z,critical,autocuda_exception,autocuda command raised an exception,"line 10406 (tool_result): """""" The above exception was the direct cause of the following exception: Traceback (most recent call last): File ""/home/shadeform/gpumode/autocuda/worktrees/optimize-2026-07-03-13-39-25-brief-82/problems/linalg/eigh_py/eval.py"", line 304...",Fix the CLI or skill call path that produced the traceback.,/home/shadeform/.codex/sessions/2026/07/05/rollout-2026-07-05T21-34-51-019f3434-9dbc-7053-81d6-afdf665c2903.jsonl
bug_0348,autocuda/optimize/2026-07-03-13-39-25/brief-82,optimize-tree,2026-07-05T22:15:30.092Z,critical,autocuda_exception,autocuda command raised an exception,"line 10406 (tool_result): The above exception was the direct cause of the following exception: Traceback (most recent call last): File ""/home/shadeform/gpumode/autocuda/worktrees/optimize-2026-07-03-13-39-25-brief-82/problems/linalg/eigh_py/eval.py"", line 304, in...",Fix the CLI or skill call path that produced the traceback.,/home/shadeform/.codex/sessions/2026/07/05/rollout-2026-07-05T21-34-51-019f3434-9dbc-7053-81d6-afdf665c2903.jsonl
bug_0349,autocuda/optimize/2026-07-03-13-39-25/brief-82,optimize-tree,2026-07-05T22:15:30.092Z,critical,autocuda_exception,autocuda command raised an exception,"line 10406 (tool_result): Traceback (most recent call last): File ""/home/shadeform/gpumode/autocuda/worktrees/optimize-2026-07-03-13-39-25-brief-82/problems/linalg/eigh_py/eval.py"", line 304, in <module> sys.exit(main()) ^^^^^^ File ""/home/shadeform/gpumode/autoc...",Fix the CLI or skill call path that produced the traceback.,/home/shadeform/.codex/sessions/2026/07/05/rollout-2026-07-05T21-34-51-019f3434-9dbc-7053-81d6-afdf665c2903.jsonl
bug_0350,autocuda/optimize/2026-07-03-13-39-25/brief-82,optimize-tree,2026-07-05T22:19:59.085Z,critical,autocuda_exception,autocuda command raised an exception,line 10488 (tool_result): kernelguard gate: /home/shadeform/gpumode/autocuda/worktrees/optimize-2026-07-03-13-39-25-brief-82/problems/linalg/eigh_py/submission.py classification: low_confidence should_filter: False matched patterns (1): - [ low] HARDCODED_SHAPES...,Fix the CLI or skill call path that produced the traceback.,/home/shadeform/.codex/sessions/2026/07/05/rollout-2026-07-05T21-34-51-019f3434-9dbc-7053-81d6-afdf665c2903.jsonl
bug_0351,autocuda/optimize/2026-07-03-13-39-25/brief-82,optimize-tree,2026-07-05T22:19:59.085Z,critical,autocuda_exception,autocuda command raised an exception,"line 10488 (tool_result): kernelguard gate: CLEAN ---------------------------- multiprocessing.pool.RemoteTraceback: """""" Traceback (most recent call last): File ""/home/shadeform/.local/share/uv/python/cpython-3.12.13-linux-x86_64-gnu/lib/python3.12/multiprocessin...",Fix the CLI or skill call path that produced the traceback.,/home/shadeform/.codex/sessions/2026/07/05/rollout-2026-07-05T21-34-51-019f3434-9dbc-7053-81d6-afdf665c2903.jsonl
bug_0352,autocuda/optimize/2026-07-03-13-39-25/brief-82,optimize-tree,2026-07-05T22:19:59.085Z,critical,autocuda_exception,autocuda command raised an exception,"line 10488 (tool_result): ---------------------------- multiprocessing.pool.RemoteTraceback: """""" Traceback (most recent call last): File ""/home/shadeform/.local/share/uv/python/cpython-3.12.13-linux-x86_64-gnu/lib/python3.12/multiprocessing/pool.py"", line 125, in...",Fix the CLI or skill call path that produced the traceback.,/home/shadeform/.codex/sessions/2026/07/05/rollout-2026-07-05T21-34-51-019f3434-9dbc-7053-81d6-afdf665c2903.jsonl
bug_0353,autocuda/optimize/2026-07-03-13-39-25/brief-82,optimize-tree,2026-07-05T22:19:59.085Z,critical,autocuda_exception,autocuda command raised an exception,"line 10488 (tool_result): multiprocessing.pool.RemoteTraceback: """""" Traceback (most recent call last): File ""/home/shadeform/.local/share/uv/python/cpython-3.12.13-linux-x86_64-gnu/lib/python3.12/multiprocessing/pool.py"", line 125, in worker result = (True, func(...",Fix the CLI or skill call path that produced the traceback.,/home/shadeform/.codex/sessions/2026/07/05/rollout-2026-07-05T21-34-51-019f3434-9dbc-7053-81d6-afdf665c2903.jsonl
bug_0354,autocuda/optimize/2026-07-03-13-39-25/brief-82,optimize-tree,2026-07-05T22:19:59.085Z,critical,autocuda_exception,autocuda command raised an exception,"line 10488 (tool_result): """""" Traceback (most recent call last): File ""/home/shadeform/.local/share/uv/python/cpython-3.12.13-linux-x86_64-gnu/lib/python3.12/multiprocessing/pool.py"", line 125, in worker result = (True, func(*args, **kwds)) ^^^^^^^^^^^^^^^^^^^ Fi...",Fix the CLI or skill call path that produced the traceback.,/home/shadeform/.codex/sessions/2026/07/05/rollout-2026-07-05T21-34-51-019f3434-9dbc-7053-81d6-afdf665c2903.jsonl
bug_0355,autocuda/optimize/2026-07-03-13-39-25/brief-82,optimize-tree,2026-07-05T22:19:59.085Z,critical,autocuda_exception,autocuda command raised an exception,"line 10488 (tool_result): Traceback (most recent call last): File ""/home/shadeform/.local/share/uv/python/cpython-3.12.13-linux-x86_64-gnu/lib/python3.12/multiprocessing/pool.py"", line 125, in worker result = (True, func(*args, **kwds)) ^^^^^^^^^^^^^^^^^^^ File ""...",Fix the CLI or skill call path that produced the traceback.,/home/shadeform/.codex/sessions/2026/07/05/rollout-2026-07-05T21-34-51-019f3434-9dbc-7053-81d6-afdf665c2903.jsonl
bug_0356,autocuda/optimize/2026-07-03-13-39-25/brief-82,optimize-tree,2026-07-05T22:19:59.085Z,critical,autocuda_exception,autocuda command raised an exception,"line 10488 (tool_result): return _custom_eigh512(data) ^^^^^^^^^^^^^^^^^^^^^ File ""/home/shadeform/gpumode/autocuda/worktrees/optimize-2026-07-03-13-39-25-brief-82/problems/linalg/eigh_py/submission.py"", line 7466, in _custom_eigh512 ) = _ext.refine_eigh512(data,...",Fix the CLI or skill call path that produced the traceback.,/home/shadeform/.codex/sessions/2026/07/05/rollout-2026-07-05T21-34-51-019f3434-9dbc-7053-81d6-afdf665c2903.jsonl
bug_0357,autocuda/optimize/2026-07-03-13-39-25/brief-82,optimize-tree,2026-07-05T22:19:59.085Z,critical,autocuda_exception,autocuda command raised an exception,"line 10488 (tool_result): ^^^^^^^^^^^^^^^^^^^^^ File ""/home/shadeform/gpumode/autocuda/worktrees/optimize-2026-07-03-13-39-25-brief-82/problems/linalg/eigh_py/submission.py"", line 7466, in _custom_eigh512 ) = _ext.refine_eigh512(data, vectors, values, factor_work...",Fix the CLI or skill call path that produced the traceback.,/home/shadeform/.codex/sessions/2026/07/05/rollout-2026-07-05T21-34-51-019f3434-9dbc-7053-81d6-afdf665c2903.jsonl
bug_0358,autocuda/optimize/2026-07-03-13-39-25/brief-82,optimize-tree,2026-07-05T22:19:59.085Z,critical,autocuda_exception,autocuda command raised an exception,"line 10488 (tool_result): File ""/home/shadeform/gpumode/autocuda/worktrees/optimize-2026-07-03-13-39-25-brief-82/problems/linalg/eigh_py/submission.py"", line 7466, in _custom_eigh512 ) = _ext.refine_eigh512(data, vectors, values, factor_workspace) ^^^^^^^^^^^^^^^...",Fix the CLI or skill call path that produced the traceback.,/home/shadeform/.codex/sessions/2026/07/05/rollout-2026-07-05T21-34-51-019f3434-9dbc-7053-81d6-afdf665c2903.jsonl
bug_0359,autocuda/optimize/2026-07-03-13-39-25/brief-82,optimize-tree,2026-07-05T22:19:59.085Z,critical,autocuda_exception,autocuda command raised an exception,"line 10488 (tool_result): ) = _ext.refine_eigh512(data, vectors, values, factor_workspace) ^^^^^^^^^^^^^^^^^^^^^^^^^^^^^^^^^^^^^^^^^^^^^^^^^^^^^^^^^^^^ RuntimeError: n512 remaining compaction synchronization failed: an illegal instruction was encountered """""" The...",Fix the CLI or skill call path that produced the traceback.,/home/shadeform/.codex/sessions/2026/07/05/rollout-2026-07-05T21-34-51-019f3434-9dbc-7053-81d6-afdf665c2903.jsonl
bug_0360,autocuda/optimize/2026-07-03-13-39-25/brief-82,optimize-tree,2026-07-05T22:19:59.085Z,critical,autocuda_exception,autocuda command raised an exception,"line 10488 (tool_result): ^^^^^^^^^^^^^^^^^^^^^^^^^^^^^^^^^^^^^^^^^^^^^^^^^^^^^^^^^^^^ RuntimeError: n512 remaining compaction synchronization failed: an illegal instruction was encountered """""" The above exception was the direct cause of the following exception:...",Fix the CLI or skill call path that produced the traceback.,/home/shadeform/.codex/sessions/2026/07/05/rollout-2026-07-05T21-34-51-019f3434-9dbc-7053-81d6-afdf665c2903.jsonl
bug_0361,autocuda/optimize/2026-07-03-13-39-25/brief-82,optimize-tree,2026-07-05T22:19:59.085Z,critical,autocuda_exception,autocuda command raised an exception,"line 10488 (tool_result): RuntimeError: n512 remaining compaction synchronization failed: an illegal instruction was encountered """""" The above exception was the direct cause of the following exception: Traceback (most recent call last): File ""/home/shadeform/gpum...",Fix the CLI or skill call path that produced the traceback.,/home/shadeform/.codex/sessions/2026/07/05/rollout-2026-07-05T21-34-51-019f3434-9dbc-7053-81d6-afdf665c2903.jsonl
bug_0362,autocuda/optimize/2026-07-03-13-39-25/brief-82,optimize-tree,2026-07-05T22:19:59.085Z,critical,autocuda_exception,autocuda command raised an exception,"line 10488 (tool_result): """""" The above exception was the direct cause of the following exception: Traceback (most recent call last): File ""/home/shadeform/gpumode/autocuda/worktrees/optimize-2026-07-03-13-39-25-brief-82/problems/linalg/eigh_py/eval.py"", line 304...",Fix the CLI or skill call path that produced the traceback.,/home/shadeform/.codex/sessions/2026/07/05/rollout-2026-07-05T21-34-51-019f3434-9dbc-7053-81d6-afdf665c2903.jsonl
bug_0363,autocuda/optimize/2026-07-03-13-39-25/brief-82,optimize-tree,2026-07-05T22:19:59.085Z,critical,autocuda_exception,autocuda command raised an exception,"line 10488 (tool_result): The above exception was the direct cause of the following exception: Traceback (most recent call last): File ""/home/shadeform/gpumode/autocuda/worktrees/optimize-2026-07-03-13-39-25-brief-82/problems/linalg/eigh_py/eval.py"", line 304, in...",Fix the CLI or skill call path that produced the traceback.,/home/shadeform/.codex/sessions/2026/07/05/rollout-2026-07-05T21-34-51-019f3434-9dbc-7053-81d6-afdf665c2903.jsonl
bug_0364,autocuda/optimize/2026-07-03-13-39-25/brief-82,optimize-tree,2026-07-05T22:19:59.085Z,critical,autocuda_exception,autocuda command raised an exception,"line 10488 (tool_result): Traceback (most recent call last): File ""/home/shadeform/gpumode/autocuda/worktrees/optimize-2026-07-03-13-39-25-brief-82/problems/linalg/eigh_py/eval.py"", line 304, in <module> sys.exit(main()) ^^^^^^ File ""/home/shadeform/gpumode/autoc...",Fix the CLI or skill call path that produced the traceback.,/home/shadeform/.codex/sessions/2026/07/05/rollout-2026-07-05T21-34-51-019f3434-9dbc-7053-81d6-afdf665c2903.jsonl
bug_0365,autocuda/optimize/2026-07-03-13-39-25/brief-82,optimize-tree,2026-07-05T22:21:29.941Z,critical,autocuda_exception,autocuda command raised an exception,"line 10511 (tool_result): ========= Host Frame: main [0x158cfab] in python ========= multiprocessing.pool.RemoteTraceback: """""" Traceback (most recent call last): File ""/home/shadeform/.local/share/uv/python/cpython-3.12.13-linux-x86_64-gnu/lib/python3.12/multipro...",Fix the CLI or skill call path that produced the traceback.,/home/shadeform/.codex/sessions/2026/07/05/rollout-2026-07-05T21-34-51-019f3434-9dbc-7053-81d6-afdf665c2903.jsonl
bug_0366,autocuda/optimize/2026-07-03-13-39-25/brief-82,optimize-tree,2026-07-05T22:21:29.941Z,critical,autocuda_exception,autocuda command raised an exception,"line 10511 (tool_result): ========= multiprocessing.pool.RemoteTraceback: """""" Traceback (most recent call last): File ""/home/shadeform/.local/share/uv/python/cpython-3.12.13-linux-x86_64-gnu/lib/python3.12/multiprocessing/pool.py"", line 125, in worker result = (T...",Fix the CLI or skill call path that produced the traceback.,/home/shadeform/.codex/sessions/2026/07/05/rollout-2026-07-05T21-34-51-019f3434-9dbc-7053-81d6-afdf665c2903.jsonl
bug_0367,autocuda/optimize/2026-07-03-13-39-25/brief-82,optimize-tree,2026-07-05T22:21:29.941Z,critical,autocuda_exception,autocuda command raised an exception,"line 10511 (tool_result): multiprocessing.pool.RemoteTraceback: """""" Traceback (most recent call last): File ""/home/shadeform/.local/share/uv/python/cpython-3.12.13-linux-x86_64-gnu/lib/python3.12/multiprocessing/pool.py"", line 125, in worker result = (True, func(...",Fix the CLI or skill call path that produced the traceback.,/home/shadeform/.codex/sessions/2026/07/05/rollout-2026-07-05T21-34-51-019f3434-9dbc-7053-81d6-afdf665c2903.jsonl
bug_0368,autocuda/optimize/2026-07-03-13-39-25/brief-82,optimize-tree,2026-07-05T22:21:29.941Z,critical,autocuda_exception,autocuda command raised an exception,"line 10511 (tool_result): """""" Traceback (most recent call last): File ""/home/shadeform/.local/share/uv/python/cpython-3.12.13-linux-x86_64-gnu/lib/python3.12/multiprocessing/pool.py"", line 125, in worker result = (True, func(*args, **kwds)) ^^^^^^^^^^^^^^^^^^^ Fi...",Fix the CLI or skill call path that produced the traceback.,/home/shadeform/.codex/sessions/2026/07/05/rollout-2026-07-05T21-34-51-019f3434-9dbc-7053-81d6-afdf665c2903.jsonl
bug_0369,autocuda/optimize/2026-07-03-13-39-25/brief-82,optimize-tree,2026-07-05T22:21:29.941Z,critical,autocuda_exception,autocuda command raised an exception,"line 10511 (tool_result): Traceback (most recent call last): File ""/home/shadeform/.local/share/uv/python/cpython-3.12.13-linux-x86_64-gnu/lib/python3.12/multiprocessing/pool.py"", line 125, in worker result = (True, func(*args, **kwds)) ^^^^^^^^^^^^^^^^^^^ File ""...",Fix the CLI or skill call path that produced the traceback.,/home/shadeform/.codex/sessions/2026/07/05/rollout-2026-07-05T21-34-51-019f3434-9dbc-7053-81d6-afdf665c2903.jsonl
bug_0370,autocuda/optimize/2026-07-03-13-39-25/brief-82,optimize-tree,2026-07-05T22:21:29.941Z,critical,autocuda_exception,autocuda command raised an exception,"line 10511 (tool_result): return _custom_eigh512(data) ^^^^^^^^^^^^^^^^^^^^^ File ""/home/shadeform/gpumode/autocuda/worktrees/optimize-2026-07-03-13-39-25-brief-82/problems/linalg/eigh_py/submission.py"", line 7466, in _custom_eigh512 ) = _ext.refine_eigh512(data,...",Fix the CLI or skill call path that produced the traceback.,/home/shadeform/.codex/sessions/2026/07/05/rollout-2026-07-05T21-34-51-019f3434-9dbc-7053-81d6-afdf665c2903.jsonl
bug_0371,autocuda/optimize/2026-07-03-13-39-25/brief-82,optimize-tree,2026-07-05T22:21:29.941Z,critical,autocuda_exception,autocuda command raised an exception,"line 10511 (tool_result): ^^^^^^^^^^^^^^^^^^^^^ File ""/home/shadeform/gpumode/autocuda/worktrees/optimize-2026-07-03-13-39-25-brief-82/problems/linalg/eigh_py/submission.py"", line 7466, in _custom_eigh512 ) = _ext.refine_eigh512(data, vectors, values, factor_work...",Fix the CLI or skill call path that produced the traceback.,/home/shadeform/.codex/sessions/2026/07/05/rollout-2026-07-05T21-34-51-019f3434-9dbc-7053-81d6-afdf665c2903.jsonl
bug_0372,autocuda/optimize/2026-07-03-13-39-25/brief-82,optimize-tree,2026-07-05T22:21:29.941Z,critical,autocuda_exception,autocuda command raised an exception,"line 10511 (tool_result): File ""/home/shadeform/gpumode/autocuda/worktrees/optimize-2026-07-03-13-39-25-brief-82/problems/linalg/eigh_py/submission.py"", line 7466, in _custom_eigh512 ) = _ext.refine_eigh512(data, vectors, values, factor_workspace) ^^^^^^^^^^^^^^^...",Fix the CLI or skill call path that produced the traceback.,/home/shadeform/.codex/sessions/2026/07/05/rollout-2026-07-05T21-34-51-019f3434-9dbc-7053-81d6-afdf665c2903.jsonl
bug_0373,autocuda/optimize/2026-07-03-13-39-25/brief-82,optimize-tree,2026-07-05T22:21:29.941Z,critical,autocuda_exception,autocuda command raised an exception,"line 10511 (tool_result): ) = _ext.refine_eigh512(data, vectors, values, factor_workspace) ^^^^^^^^^^^^^^^^^^^^^^^^^^^^^^^^^^^^^^^^^^^^^^^^^^^^^^^^^^^^ RuntimeError: n512 remaining compaction launch failed: unspecified launch failure """""" The above exception was t...",Fix the CLI or skill call path that produced the traceback.,/home/shadeform/.codex/sessions/2026/07/05/rollout-2026-07-05T21-34-51-019f3434-9dbc-7053-81d6-afdf665c2903.jsonl
bug_0374,autocuda/optimize/2026-07-03-13-39-25/brief-82,optimize-tree,2026-07-05T22:21:29.941Z,critical,autocuda_exception,autocuda command raised an exception,"line 10511 (tool_result): ^^^^^^^^^^^^^^^^^^^^^^^^^^^^^^^^^^^^^^^^^^^^^^^^^^^^^^^^^^^^ RuntimeError: n512 remaining compaction launch failed: unspecified launch failure """""" The above exception was the direct cause of the following exception: Traceback (most recen...",Fix the CLI or skill call path that produced the traceback.,/home/shadeform/.codex/sessions/2026/07/05/rollout-2026-07-05T21-34-51-019f3434-9dbc-7053-81d6-afdf665c2903.jsonl
bug_0375,autocuda/optimize/2026-07-03-13-39-25/brief-82,optimize-tree,2026-07-05T22:21:29.941Z,critical,autocuda_exception,autocuda command raised an exception,"line 10511 (tool_result): RuntimeError: n512 remaining compaction launch failed: unspecified launch failure """""" The above exception was the direct cause of the following exception: Traceback (most recent call last): File ""/home/shadeform/gpumode/autocuda/worktree...",Fix the CLI or skill call path that produced the traceback.,/home/shadeform/.codex/sessions/2026/07/05/rollout-2026-07-05T21-34-51-019f3434-9dbc-7053-81d6-afdf665c2903.jsonl
bug_0376,autocuda/optimize/2026-07-03-13-39-25/brief-82,optimize-tree,2026-07-05T22:21:29.941Z,critical,autocuda_exception,autocuda command raised an exception,"line 10511 (tool_result): """""" The above exception was the direct cause of the following exception: Traceback (most recent call last): File ""/home/shadeform/gpumode/autocuda/worktrees/optimize-2026-07-03-13-39-25-brief-82/problems/linalg/eigh_py/eval.py"", line 304...",Fix the CLI or skill call path that produced the traceback.,/home/shadeform/.codex/sessions/2026/07/05/rollout-2026-07-05T21-34-51-019f3434-9dbc-7053-81d6-afdf665c2903.jsonl
bug_0377,autocuda/optimize/2026-07-03-13-39-25/brief-82,optimize-tree,2026-07-05T22:21:29.941Z,critical,autocuda_exception,autocuda command raised an exception,"line 10511 (tool_result): The above exception was the direct cause of the following exception: Traceback (most recent call last): File ""/home/shadeform/gpumode/autocuda/worktrees/optimize-2026-07-03-13-39-25-brief-82/problems/linalg/eigh_py/eval.py"", line 304, in...",Fix the CLI or skill call path that produced the traceback.,/home/shadeform/.codex/sessions/2026/07/05/rollout-2026-07-05T21-34-51-019f3434-9dbc-7053-81d6-afdf665c2903.jsonl
bug_0378,autocuda/optimize/2026-07-03-13-39-25/brief-82,optimize-tree,2026-07-05T22:21:29.941Z,critical,autocuda_exception,autocuda command raised an exception,"line 10511 (tool_result): Traceback (most recent call last): File ""/home/shadeform/gpumode/autocuda/worktrees/optimize-2026-07-03-13-39-25-brief-82/problems/linalg/eigh_py/eval.py"", line 304, in <module> sys.exit(main()) ^^^^^^ File ""/home/shadeform/gpumode/autoc...",Fix the CLI or skill call path that produced the traceback.,/home/shadeform/.codex/sessions/2026/07/05/rollout-2026-07-05T21-34-51-019f3434-9dbc-7053-81d6-afdf665c2903.jsonl
bug_0379,autocuda/optimize/2026-07-03-13-39-25/brief-82,optimize-tree,2026-07-05T22:24:16.804Z,critical,autocuda_exception,autocuda command raised an exception,line 10562 (tool_result): kernelguard gate: /home/shadeform/gpumode/autocuda/worktrees/optimize-2026-07-03-13-39-25-brief-82/problems/linalg/eigh_py/submission.py classification: low_confidence should_filter: False matched patterns (1): - [ low] HARDCODED_SHAPES...,Fix the CLI or skill call path that produced the traceback.,/home/shadeform/.codex/sessions/2026/07/05/rollout-2026-07-05T21-34-51-019f3434-9dbc-7053-81d6-afdf665c2903.jsonl
bug_0380,autocuda/optimize/2026-07-03-13-39-25/brief-82,optimize-tree,2026-07-05T22:24:16.804Z,critical,autocuda_exception,autocuda command raised an exception,"line 10562 (tool_result): kernelguard gate: CLEAN ---------------------------- multiprocessing.pool.RemoteTraceback: """""" Traceback (most recent call last): File ""/home/shadeform/.local/share/uv/python/cpython-3.12.13-linux-x86_64-gnu/lib/python3.12/multiprocessin...",Fix the CLI or skill call path that produced the traceback.,/home/shadeform/.codex/sessions/2026/07/05/rollout-2026-07-05T21-34-51-019f3434-9dbc-7053-81d6-afdf665c2903.jsonl
bug_0381,autocuda/optimize/2026-07-03-13-39-25/brief-82,optimize-tree,2026-07-05T22:24:16.804Z,critical,autocuda_exception,autocuda command raised an exception,"line 10562 (tool_result): ---------------------------- multiprocessing.pool.RemoteTraceback: """""" Traceback (most recent call last): File ""/home/shadeform/.local/share/uv/python/cpython-3.12.13-linux-x86_64-gnu/lib/python3.12/multiprocessing/pool.py"", line 125, in...",Fix the CLI or skill call path that produced the traceback.,/home/shadeform/.codex/sessions/2026/07/05/rollout-2026-07-05T21-34-51-019f3434-9dbc-7053-81d6-afdf665c2903.jsonl
bug_0382,autocuda/optimize/2026-07-03-13-39-25/brief-82,optimize-tree,2026-07-05T22:24:16.804Z,critical,autocuda_exception,autocuda command raised an exception,"line 10562 (tool_result): multiprocessing.pool.RemoteTraceback: """""" Traceback (most recent call last): File ""/home/shadeform/.local/share/uv/python/cpython-3.12.13-linux-x86_64-gnu/lib/python3.12/multiprocessing/pool.py"", line 125, in worker result = (True, func(...",Fix the CLI or skill call path that produced the traceback.,/home/shadeform/.codex/sessions/2026/07/05/rollout-2026-07-05T21-34-51-019f3434-9dbc-7053-81d6-afdf665c2903.jsonl
bug_0383,autocuda/optimize/2026-07-03-13-39-25/brief-82,optimize-tree,2026-07-05T22:24:16.804Z,critical,autocuda_exception,autocuda command raised an exception,"line 10562 (tool_result): """""" Traceback (most recent call last): File ""/home/shadeform/.local/share/uv/python/cpython-3.12.13-linux-x86_64-gnu/lib/python3.12/multiprocessing/pool.py"", line 125, in worker result = (True, func(*args, **kwds)) ^^^^^^^^^^^^^^^^^^^ Fi...",Fix the CLI or skill call path that produced the traceback.,/home/shadeform/.codex/sessions/2026/07/05/rollout-2026-07-05T21-34-51-019f3434-9dbc-7053-81d6-afdf665c2903.jsonl
bug_0384,autocuda/optimize/2026-07-03-13-39-25/brief-82,optimize-tree,2026-07-05T22:24:16.804Z,critical,autocuda_exception,autocuda command raised an exception,"line 10562 (tool_result): Traceback (most recent call last): File ""/home/shadeform/.local/share/uv/python/cpython-3.12.13-linux-x86_64-gnu/lib/python3.12/multiprocessing/pool.py"", line 125, in worker result = (True, func(*args, **kwds)) ^^^^^^^^^^^^^^^^^^^ File ""...",Fix the CLI or skill call path that produced the traceback.,/home/shadeform/.codex/sessions/2026/07/05/rollout-2026-07-05T21-34-51-019f3434-9dbc-7053-81d6-afdf665c2903.jsonl
bug_0385,autocuda/optimize/2026-07-03-13-39-25/brief-82,optimize-tree,2026-07-05T22:24:16.804Z,critical,autocuda_exception,autocuda command raised an exception,"line 10562 (tool_result): return _custom_eigh512(data) ^^^^^^^^^^^^^^^^^^^^^ File ""/home/shadeform/gpumode/autocuda/worktrees/optimize-2026-07-03-13-39-25-brief-82/problems/linalg/eigh_py/submission.py"", line 7465, in _custom_eigh512 ) = _ext.refine_eigh512(data,...",Fix the CLI or skill call path that produced the traceback.,/home/shadeform/.codex/sessions/2026/07/05/rollout-2026-07-05T21-34-51-019f3434-9dbc-7053-81d6-afdf665c2903.jsonl
bug_0386,autocuda/optimize/2026-07-03-13-39-25/brief-82,optimize-tree,2026-07-05T22:24:16.804Z,critical,autocuda_exception,autocuda command raised an exception,"line 10562 (tool_result): ^^^^^^^^^^^^^^^^^^^^^ File ""/home/shadeform/gpumode/autocuda/worktrees/optimize-2026-07-03-13-39-25-brief-82/problems/linalg/eigh_py/submission.py"", line 7465, in _custom_eigh512 ) = _ext.refine_eigh512(data, vectors, values, factor_work...",Fix the CLI or skill call path that produced the traceback.,/home/shadeform/.codex/sessions/2026/07/05/rollout-2026-07-05T21-34-51-019f3434-9dbc-7053-81d6-afdf665c2903.jsonl
bug_0387,autocuda/optimize/2026-07-03-13-39-25/brief-82,optimize-tree,2026-07-05T22:24:16.804Z,critical,autocuda_exception,autocuda command raised an exception,"line 10562 (tool_result): File ""/home/shadeform/gpumode/autocuda/worktrees/optimize-2026-07-03-13-39-25-brief-82/problems/linalg/eigh_py/submission.py"", line 7465, in _custom_eigh512 ) = _ext.refine_eigh512(data, vectors, values, factor_workspace) ^^^^^^^^^^^^^^^...",Fix the CLI or skill call path that produced the traceback.,/home/shadeform/.codex/sessions/2026/07/05/rollout-2026-07-05T21-34-51-019f3434-9dbc-7053-81d6-afdf665c2903.jsonl
bug_0388,autocuda/optimize/2026-07-03-13-39-25/brief-82,optimize-tree,2026-07-05T22:24:16.804Z,critical,autocuda_exception,autocuda command raised an exception,"line 10562 (tool_result): ) = _ext.refine_eigh512(data, vectors, values, factor_workspace) ^^^^^^^^^^^^^^^^^^^^^^^^^^^^^^^^^^^^^^^^^^^^^^^^^^^^^^^^^^^^ RuntimeError: n512 remaining compaction synchronization failed: an illegal instruction was encountered """""" The...",Fix the CLI or skill call path that produced the traceback.,/home/shadeform/.codex/sessions/2026/07/05/rollout-2026-07-05T21-34-51-019f3434-9dbc-7053-81d6-afdf665c2903.jsonl
bug_0389,autocuda/optimize/2026-07-03-13-39-25/brief-82,optimize-tree,2026-07-05T22:24:16.804Z,critical,autocuda_exception,autocuda command raised an exception,"line 10562 (tool_result): ^^^^^^^^^^^^^^^^^^^^^^^^^^^^^^^^^^^^^^^^^^^^^^^^^^^^^^^^^^^^ RuntimeError: n512 remaining compaction synchronization failed: an illegal instruction was encountered """""" The above exception was the direct cause of the following exception:...",Fix the CLI or skill call path that produced the traceback.,/home/shadeform/.codex/sessions/2026/07/05/rollout-2026-07-05T21-34-51-019f3434-9dbc-7053-81d6-afdf665c2903.jsonl
bug_0390,autocuda/optimize/2026-07-03-13-39-25/brief-82,optimize-tree,2026-07-05T22:24:16.804Z,critical,autocuda_exception,autocuda command raised an exception,"line 10562 (tool_result): RuntimeError: n512 remaining compaction synchronization failed: an illegal instruction was encountered """""" The above exception was the direct cause of the following exception: Traceback (most recent call last): File ""/home/shadeform/gpum...",Fix the CLI or skill call path that produced the traceback.,/home/shadeform/.codex/sessions/2026/07/05/rollout-2026-07-05T21-34-51-019f3434-9dbc-7053-81d6-afdf665c2903.jsonl
bug_0391,autocuda/optimize/2026-07-03-13-39-25/brief-82,optimize-tree,2026-07-05T22:24:16.804Z,critical,autocuda_exception,autocuda command raised an exception,"line 10562 (tool_result): """""" The above exception was the direct cause of the following exception: Traceback (most recent call last): File ""/home/shadeform/gpumode/autocuda/worktrees/optimize-2026-07-03-13-39-25-brief-82/problems/linalg/eigh_py/eval.py"", line 304...",Fix the CLI or skill call path that produced the traceback.,/home/shadeform/.codex/sessions/2026/07/05/rollout-2026-07-05T21-34-51-019f3434-9dbc-7053-81d6-afdf665c2903.jsonl
bug_0392,autocuda/optimize/2026-07-03-13-39-25/brief-82,optimize-tree,2026-07-05T22:24:16.804Z,critical,autocuda_exception,autocuda command raised an exception,"line 10562 (tool_result): The above exception was the direct cause of the following exception: Traceback (most recent call last): File ""/home/shadeform/gpumode/autocuda/worktrees/optimize-2026-07-03-13-39-25-brief-82/problems/linalg/eigh_py/eval.py"", line 304, in...",Fix the CLI or skill call path that produced the traceback.,/home/shadeform/.codex/sessions/2026/07/05/rollout-2026-07-05T21-34-51-019f3434-9dbc-7053-81d6-afdf665c2903.jsonl
bug_0393,autocuda/optimize/2026-07-03-13-39-25/brief-82,optimize-tree,2026-07-05T22:24:16.804Z,critical,autocuda_exception,autocuda command raised an exception,"line 10562 (tool_result): Traceback (most recent call last): File ""/home/shadeform/gpumode/autocuda/worktrees/optimize-2026-07-03-13-39-25-brief-82/problems/linalg/eigh_py/eval.py"", line 304, in <module> sys.exit(main()) ^^^^^^ File ""/home/shadeform/gpumode/autoc...",Fix the CLI or skill call path that produced the traceback.,/home/shadeform/.codex/sessions/2026/07/05/rollout-2026-07-05T21-34-51-019f3434-9dbc-7053-81d6-afdf665c2903.jsonl
bug_0394,autocuda/optimize/2026-07-03-13-39-25/brief-82,optimize-tree,2026-07-05T22:26:02.771Z,critical,autocuda_exception,autocuda command raised an exception,"line 10585 (tool_result): ========= Host Frame: main [0x158cfab] in python ========= multiprocessing.pool.RemoteTraceback: """""" Traceback (most recent call last): File ""/home/shadeform/.local/share/uv/python/cpython-3.12.13-linux-x86_64-gnu/lib/python3.12/multipro...",Fix the CLI or skill call path that produced the traceback.,/home/shadeform/.codex/sessions/2026/07/05/rollout-2026-07-05T21-34-51-019f3434-9dbc-7053-81d6-afdf665c2903.jsonl
bug_0395,autocuda/optimize/2026-07-03-13-39-25/brief-82,optimize-tree,2026-07-05T22:26:02.771Z,critical,autocuda_exception,autocuda command raised an exception,"line 10585 (tool_result): ========= multiprocessing.pool.RemoteTraceback: """""" Traceback (most recent call last): File ""/home/shadeform/.local/share/uv/python/cpython-3.12.13-linux-x86_64-gnu/lib/python3.12/multiprocessing/pool.py"", line 125, in worker result = (T...",Fix the CLI or skill call path that produced the traceback.,/home/shadeform/.codex/sessions/2026/07/05/rollout-2026-07-05T21-34-51-019f3434-9dbc-7053-81d6-afdf665c2903.jsonl
bug_0396,autocuda/optimize/2026-07-03-13-39-25/brief-82,optimize-tree,2026-07-05T22:26:02.771Z,critical,autocuda_exception,autocuda command raised an exception,"line 10585 (tool_result): multiprocessing.pool.RemoteTraceback: """""" Traceback (most recent call last): File ""/home/shadeform/.local/share/uv/python/cpython-3.12.13-linux-x86_64-gnu/lib/python3.12/multiprocessing/pool.py"", line 125, in worker result = (True, func(...",Fix the CLI or skill call path that produced the traceback.,/home/shadeform/.codex/sessions/2026/07/05/rollout-2026-07-05T21-34-51-019f3434-9dbc-7053-81d6-afdf665c2903.jsonl
bug_0397,autocuda/optimize/2026-07-03-13-39-25/brief-82,optimize-tree,2026-07-05T22:26:02.771Z,critical,autocuda_exception,autocuda command raised an exception,"line 10585 (tool_result): """""" Traceback (most recent call last): File ""/home/shadeform/.local/share/uv/python/cpython-3.12.13-linux-x86_64-gnu/lib/python3.12/multiprocessing/pool.py"", line 125, in worker result = (True, func(*args, **kwds)) ^^^^^^^^^^^^^^^^^^^ Fi...",Fix the CLI or skill call path that produced the traceback.,/home/shadeform/.codex/sessions/2026/07/05/rollout-2026-07-05T21-34-51-019f3434-9dbc-7053-81d6-afdf665c2903.jsonl
bug_0398,autocuda/optimize/2026-07-03-13-39-25/brief-82,optimize-tree,2026-07-05T22:26:02.771Z,critical,autocuda_exception,autocuda command raised an exception,"line 10585 (tool_result): Traceback (most recent call last): File ""/home/shadeform/.local/share/uv/python/cpython-3.12.13-linux-x86_64-gnu/lib/python3.12/multiprocessing/pool.py"", line 125, in worker result = (True, func(*args, **kwds)) ^^^^^^^^^^^^^^^^^^^ File ""...",Fix the CLI or skill call path that produced the traceback.,/home/shadeform/.codex/sessions/2026/07/05/rollout-2026-07-05T21-34-51-019f3434-9dbc-7053-81d6-afdf665c2903.jsonl
bug_0399,autocuda/optimize/2026-07-03-13-39-25/brief-82,optimize-tree,2026-07-05T22:26:02.771Z,critical,autocuda_exception,autocuda command raised an exception,"line 10585 (tool_result): return _custom_eigh512(data) ^^^^^^^^^^^^^^^^^^^^^ File ""/home/shadeform/gpumode/autocuda/worktrees/optimize-2026-07-03-13-39-25-brief-82/problems/linalg/eigh_py/submission.py"", line 7465, in _custom_eigh512 ) = _ext.refine_eigh512(data,...",Fix the CLI or skill call path that produced the traceback.,/home/shadeform/.codex/sessions/2026/07/05/rollout-2026-07-05T21-34-51-019f3434-9dbc-7053-81d6-afdf665c2903.jsonl
bug_0400,autocuda/optimize/2026-07-03-13-39-25/brief-82,optimize-tree,2026-07-05T22:26:02.771Z,critical,autocuda_exception,autocuda command raised an exception,"line 10585 (tool_result): ^^^^^^^^^^^^^^^^^^^^^ File ""/home/shadeform/gpumode/autocuda/worktrees/optimize-2026-07-03-13-39-25-brief-82/problems/linalg/eigh_py/submission.py"", line 7465, in _custom_eigh512 ) = _ext.refine_eigh512(data, vectors, values, factor_work...",Fix the CLI or skill call path that produced the traceback.,/home/shadeform/.codex/sessions/2026/07/05/rollout-2026-07-05T21-34-51-019f3434-9dbc-7053-81d6-afdf665c2903.jsonl
bug_0401,autocuda/optimize/2026-07-03-13-39-25/brief-82,optimize-tree,2026-07-05T22:26:02.771Z,critical,autocuda_exception,autocuda command raised an exception,"line 10585 (tool_result): File ""/home/shadeform/gpumode/autocuda/worktrees/optimize-2026-07-03-13-39-25-brief-82/problems/linalg/eigh_py/submission.py"", line 7465, in _custom_eigh512 ) = _ext.refine_eigh512(data, vectors, values, factor_workspace) ^^^^^^^^^^^^^^^...",Fix the CLI or skill call path that produced the traceback.,/home/shadeform/.codex/sessions/2026/07/05/rollout-2026-07-05T21-34-51-019f3434-9dbc-7053-81d6-afdf665c2903.jsonl
bug_0402,autocuda/optimize/2026-07-03-13-39-25/brief-82,optimize-tree,2026-07-05T22:26:02.771Z,critical,autocuda_exception,autocuda command raised an exception,"line 10585 (tool_result): ) = _ext.refine_eigh512(data, vectors, values, factor_workspace) ^^^^^^^^^^^^^^^^^^^^^^^^^^^^^^^^^^^^^^^^^^^^^^^^^^^^^^^^^^^^ RuntimeError: n512 remaining compaction launch failed: unspecified launch failure """""" The above exception was t...",Fix the CLI or skill call path that produced the traceback.,/home/shadeform/.codex/sessions/2026/07/05/rollout-2026-07-05T21-34-51-019f3434-9dbc-7053-81d6-afdf665c2903.jsonl
bug_0403,autocuda/optimize/2026-07-03-13-39-25/brief-82,optimize-tree,2026-07-05T22:26:02.771Z,critical,autocuda_exception,autocuda command raised an exception,"line 10585 (tool_result): ^^^^^^^^^^^^^^^^^^^^^^^^^^^^^^^^^^^^^^^^^^^^^^^^^^^^^^^^^^^^ RuntimeError: n512 remaining compaction launch failed: unspecified launch failure """""" The above exception was the direct cause of the following exception: Traceback (most recen...",Fix the CLI or skill call path that produced the traceback.,/home/shadeform/.codex/sessions/2026/07/05/rollout-2026-07-05T21-34-51-019f3434-9dbc-7053-81d6-afdf665c2903.jsonl
bug_0404,autocuda/optimize/2026-07-03-13-39-25/brief-82,optimize-tree,2026-07-05T22:26:02.771Z,critical,autocuda_exception,autocuda command raised an exception,"line 10585 (tool_result): RuntimeError: n512 remaining compaction launch failed: unspecified launch failure """""" The above exception was the direct cause of the following exception: Traceback (most recent call last): File ""/home/shadeform/gpumode/autocuda/worktree...",Fix the CLI or skill call path that produced the traceback.,/home/shadeform/.codex/sessions/2026/07/05/rollout-2026-07-05T21-34-51-019f3434-9dbc-7053-81d6-afdf665c2903.jsonl
bug_0405,autocuda/optimize/2026-07-03-13-39-25/brief-82,optimize-tree,2026-07-05T22:26:02.771Z,critical,autocuda_exception,autocuda command raised an exception,"line 10585 (tool_result): """""" The above exception was the direct cause of the following exception: Traceback (most recent call last): File ""/home/shadeform/gpumode/autocuda/worktrees/optimize-2026-07-03-13-39-25-brief-82/problems/linalg/eigh_py/eval.py"", line 304...",Fix the CLI or skill call path that produced the traceback.,/home/shadeform/.codex/sessions/2026/07/05/rollout-2026-07-05T21-34-51-019f3434-9dbc-7053-81d6-afdf665c2903.jsonl
bug_0406,autocuda/optimize/2026-07-03-13-39-25/brief-82,optimize-tree,2026-07-05T22:26:02.771Z,critical,autocuda_exception,autocuda command raised an exception,"line 10585 (tool_result): The above exception was the direct cause of the following exception: Traceback (most recent call last): File ""/home/shadeform/gpumode/autocuda/worktrees/optimize-2026-07-03-13-39-25-brief-82/problems/linalg/eigh_py/eval.py"", line 304, in...",Fix the CLI or skill call path that produced the traceback.,/home/shadeform/.codex/sessions/2026/07/05/rollout-2026-07-05T21-34-51-019f3434-9dbc-7053-81d6-afdf665c2903.jsonl
bug_0407,autocuda/optimize/2026-07-03-13-39-25/brief-82,optimize-tree,2026-07-05T22:26:02.771Z,critical,autocuda_exception,autocuda command raised an exception,"line 10585 (tool_result): Traceback (most recent call last): File ""/home/shadeform/gpumode/autocuda/worktrees/optimize-2026-07-03-13-39-25-brief-82/problems/linalg/eigh_py/eval.py"", line 304, in <module> sys.exit(main()) ^^^^^^ File ""/home/shadeform/gpumode/autoc...",Fix the CLI or skill call path that produced the traceback.,/home/shadeform/.codex/sessions/2026/07/05/rollout-2026-07-05T21-34-51-019f3434-9dbc-7053-81d6-afdf665c2903.jsonl
bug_0408,autocuda/optimize/2026-07-03-13-39-25/brief-83,optimize-tree,2026-07-05T23:18:46.740Z,critical,autocuda_exception,autocuda command raised an exception,"line 10598 (tool_result): [autocuda run] acquired lock=gpu-0 mode=exclusive at=2026-07-05T23:18:42.911967 wait=64.459s Traceback (most recent call last): File ""<stdin>"", line 30, in <module> File ""<stdin>"", line 26, in stress RuntimeError: batch=2 case=dense: A @...",Fix the CLI or skill call path that produced the traceback.,/home/shadeform/.codex/sessions/2026/07/05/rollout-2026-07-05T22-46-31-019f3476-39d6-7ee1-8ae1-8ae7ff060479.jsonl
bug_0409,autocuda/optimize/2026-07-03-13-39-25/brief-83,optimize-tree,2026-07-05T23:18:46.740Z,critical,autocuda_exception,autocuda command raised an exception,"line 10598 (tool_result): Traceback (most recent call last): File ""<stdin>"", line 30, in <module> File ""<stdin>"", line 26, in stress RuntimeError: batch=2 case=dense: A @ Q - Q @ diag(L) is too large: matrix=1, residual=1.13e+10, allowed=3.18, scaled=7.12e+11 bat...",Fix the CLI or skill call path that produced the traceback.,/home/shadeform/.codex/sessions/2026/07/05/rollout-2026-07-05T22-46-31-019f3476-39d6-7ee1-8ae1-8ae7ff060479.jsonl
bug_0410,autocuda/optimize/2026-07-03-13-39-25/brief-85,optimize-tree,2026-07-06T00:34:46.552Z,critical,autocuda_exception,autocuda command raised an exception,"line 10797 (tool_result): {""chunk_id"":""646a19"",""wall_time_seconds"":14.760974819,""exit_code"":1,""original_token_count"":1227,""output"":""[autocuda run] acquired lock=gpu-0 mode=exclusive at=2026-07-06T00:34:29.591767 wait=4.255s\nmultiprocessing.pool.RemoteTraceback:...",Fix the CLI or skill call path that produced the traceback.,/home/shadeform/.codex/sessions/2026/07/06/rollout-2026-07-06T00-07-18-019f34c0-3270-7c61-8262-c526f24134a0.jsonl
bug_0411,autocuda/optimize/2026-07-03-13-39-25/brief-85,optimize-tree,2026-07-06T00:53:53.875Z,critical,autocuda_exception,autocuda command raised an exception,"line 11140 (tool_result): Warning: truncated output (original token count: 30264) Total output lines: 1 {""chunk_id"":""df253e"",""wall_time_seconds"":10.184811712,""exit_code"":99,""original_token_count"":81102,""output"":""Warning: truncated output (original token count: 81...",Fix the CLI or skill call path that produced the traceback.,/home/shadeform/.codex/sessions/2026/07/06/rollout-2026-07-06T00-07-18-019f34c0-3270-7c61-8262-c526f24134a0.jsonl
bug_0412,autocuda/optimize/2026-07-03-13-39-25/brief-86,optimize-tree,2026-07-06T00:31:42.865Z,critical,autocuda_exception,autocuda command raised an exception,"line 10664 (tool_result): {""chunk_id"":""1d24fb"",""wall_time_seconds"":13.648049678,""exit_code"":1,""original_token_count"":1249,""output"":""[autocuda run] acquired lock=gpu-0 mode=exclusive at=2026-07-06T00:31:35.274300 wait=13.447s\n----- kernelguard scan -----\nkernelg...",Fix the CLI or skill call path that produced the traceback.,/home/shadeform/.codex/sessions/2026/07/06/rollout-2026-07-06T00-14-37-019f34c6-e59e-7ba0-956d-9cd50d5be9b4.jsonl
bug_0413,autocuda/optimize/2026-07-03-13-39-25/brief-88,optimize-tree,2026-07-06T01:38:48.973Z,critical,autocuda_exception,autocuda command raised an exception,"line 11274 (tool_result): {""chunk_id"":""602df7"",""wall_time_seconds"":13.530568287,""exit_code"":1,""original_token_count"":2607,""output"":""[autocuda run] acquired lock=gpu-0 mode=exclusive at=2026-07-06T01:38:42.473443 wait=44.552s\n----- kernelguard scan -----\nkernelg...",Fix the CLI or skill call path that produced the traceback.,/home/shadeform/.codex/sessions/2026/07/06/rollout-2026-07-06T01-05-57-019f34f5-e187-7303-a091-29c7043f4bd5.jsonl
bug_0414,autocuda/optimize/2026-07-03-13-39-25/brief-9,optimize-tree,2026-07-03T22:57:29.623Z,critical,autocuda_exception,autocuda command raised an exception,"line 740 (tool_result): [autocuda run] acquired lock=build mode=shared at=2026-07-03T22:57:04.938274 wait=0.258s Traceback (most recent call last): File ""/home/shadeform/gpumode/.venv/lib/python3.12/site-packages/torch/utils/cpp_extension.py"", line 2782, in _ru...",Fix the CLI or skill call path that produced the traceback.,/home/shadeform/.codex/sessions/2026/07/03/rollout-2026-07-03T22-53-21-019f2a2f-c59e-7c12-a40a-621f6aef0f28.jsonl
bug_0415,autocuda/optimize/2026-07-03-13-39-25/brief-9,optimize-tree,2026-07-03T22:57:29.623Z,critical,autocuda_exception,autocuda command raised an exception,"line 740 (tool_result): File ""/home/shadeform/gpumode/.venv/lib/python3.12/site-packages/torch/utils/cpp_extension.py"", line 2782, in _run_ninja_build subprocess.run( File ""/home/shadeform/.local/share/uv/python/cpython-3.12.13-linux-x86_64-gnu/lib/python3.12/s...",Fix the CLI or skill call path that produced the traceback.,/home/shadeform/.codex/sessions/2026/07/03/rollout-2026-07-03T22-53-21-019f2a2f-c59e-7c12-a40a-621f6aef0f28.jsonl
bug_0416,autocuda/optimize/2026-07-03-13-39-25/brief-9,optimize-tree,2026-07-03T22:57:29.623Z,critical,autocuda_exception,autocuda command raised an exception,"line 740 (tool_result): subprocess.run( File ""/home/shadeform/.local/share/uv/python/cpython-3.12.13-linux-x86_64-gnu/lib/python3.12/subprocess.py"", line 571, in run raise CalledProcessError(retcode, process.args, subprocess.CalledProcessError: Command '['ninja...",Fix the CLI or skill call path that produced the traceback.,/home/shadeform/.codex/sessions/2026/07/03/rollout-2026-07-03T22-53-21-019f2a2f-c59e-7c12-a40a-621f6aef0f28.jsonl
bug_0417,autocuda/optimize/2026-07-03-13-39-25/brief-9,optimize-tree,2026-07-03T22:57:29.623Z,critical,autocuda_exception,autocuda command raised an exception,"line 740 (tool_result): File ""/home/shadeform/.local/share/uv/python/cpython-3.12.13-linux-x86_64-gnu/lib/python3.12/subprocess.py"", line 571, in run raise CalledProcessError(retcode, process.args, subprocess.CalledProcessError: Command '['ninja', '-v', '-j', '...",Fix the CLI or skill call path that produced the traceback.,/home/shadeform/.codex/sessions/2026/07/03/rollout-2026-07-03T22-53-21-019f2a2f-c59e-7c12-a40a-621f6aef0f28.jsonl
bug_0418,autocuda/optimize/2026-07-03-13-39-25/brief-9,optimize-tree,2026-07-03T22:57:29.623Z,critical,autocuda_exception,autocuda command raised an exception,"line 740 (tool_result): raise CalledProcessError(retcode, process.args, subprocess.CalledProcessError: Command '['ninja', '-v', '-j', '3']' returned non-zero exit status 1. The above exception was the direct cause of the following exception: Traceback (most rec...",Fix the CLI or skill call path that produced the traceback.,/home/shadeform/.codex/sessions/2026/07/03/rollout-2026-07-03T22-53-21-019f2a2f-c59e-7c12-a40a-621f6aef0f28.jsonl
bug_0419,autocuda/optimize/2026-07-03-13-39-25/brief-9,optimize-tree,2026-07-03T22:57:29.623Z,critical,autocuda_exception,autocuda command raised an exception,"line 740 (tool_result): subprocess.CalledProcessError: Command '['ninja', '-v', '-j', '3']' returned non-zero exit status 1. The above exception was the direct cause of the following exception: Traceback (most recent call last): File ""<stdin>"", line 3, in <modu...",Fix the CLI or skill call path that produced the traceback.,/home/shadeform/.codex/sessions/2026/07/03/rollout-2026-07-03T22-53-21-019f2a2f-c59e-7c12-a40a-621f6aef0f28.jsonl
bug_0420,autocuda/optimize/2026-07-03-13-39-25/brief-9,optimize-tree,2026-07-03T22:57:29.623Z,critical,autocuda_exception,autocuda command raised an exception,"line 740 (tool_result): The above exception was the direct cause of the following exception: Traceback (most recent call last): File ""<stdin>"", line 3, in <module> File ""/home/shadeform/gpumode/autocuda/worktrees/optimize-2026-07-03-13-39-25-brief-9/problems/li...",Fix the CLI or skill call path that produced the traceback.,/home/shadeform/.codex/sessions/2026/07/03/rollout-2026-07-03T22-53-21-019f2a2f-c59e-7c12-a40a-621f6aef0f28.jsonl
bug_0421,autocuda/optimize/2026-07-03-13-39-25/brief-9,optimize-tree,2026-07-03T22:57:29.623Z,critical,autocuda_exception,autocuda command raised an exception,"line 740 (tool_result): Traceback (most recent call last): File ""<stdin>"", line 3, in <module> File ""/home/shadeform/gpumode/autocuda/worktrees/optimize-2026-07-03-13-39-25-brief-9/problems/linalg/eigh_py/submission.py"", line 898, in <module> _ext = load_inline...",Fix the CLI or skill call path that produced the traceback.,/home/shadeform/.codex/sessions/2026/07/03/rollout-2026-07-03T22-53-21-019f2a2f-c59e-7c12-a40a-621f6aef0f28.jsonl
bug_0422,autocuda/optimize/2026-07-03-13-39-25/brief-9,optimize-tree,2026-07-03T22:57:59.646Z,critical,autocuda_exception,autocuda command raised an exception,"line 758 (tool_result): [autocuda run] acquired lock=build mode=shared at=2026-07-03T22:57:44.024633 wait=0.000s Traceback (most recent call last): File ""/home/shadeform/gpumode/.venv/lib/python3.12/site-packages/torch/utils/cpp_extension.py"", line 2782, in _ru...",Fix the CLI or skill call path that produced the traceback.,/home/shadeform/.codex/sessions/2026/07/03/rollout-2026-07-03T22-53-21-019f2a2f-c59e-7c12-a40a-621f6aef0f28.jsonl
bug_0423,autocuda/optimize/2026-07-03-13-39-25/brief-9,optimize-tree,2026-07-03T22:57:59.646Z,critical,autocuda_exception,autocuda command raised an exception,"line 758 (tool_result): File ""/home/shadeform/gpumode/.venv/lib/python3.12/site-packages/torch/utils/cpp_extension.py"", line 2782, in _run_ninja_build subprocess.run( File ""/home/shadeform/.local/share/uv/python/cpython-3.12.13-linux-x86_64-gnu/lib/python3.12/s...",Fix the CLI or skill call path that produced the traceback.,/home/shadeform/.codex/sessions/2026/07/03/rollout-2026-07-03T22-53-21-019f2a2f-c59e-7c12-a40a-621f6aef0f28.jsonl
bug_0424,autocuda/optimize/2026-07-03-13-39-25/brief-9,optimize-tree,2026-07-03T22:57:59.646Z,critical,autocuda_exception,autocuda command raised an exception,"line 758 (tool_result): subprocess.run( File ""/home/shadeform/.local/share/uv/python/cpython-3.12.13-linux-x86_64-gnu/lib/python3.12/subprocess.py"", line 571, in run raise CalledProcessError(retcode, process.args, subprocess.CalledProcessError: Command '['ninja...",Fix the CLI or skill call path that produced the traceback.,/home/shadeform/.codex/sessions/2026/07/03/rollout-2026-07-03T22-53-21-019f2a2f-c59e-7c12-a40a-621f6aef0f28.jsonl
bug_0425,autocuda/optimize/2026-07-03-13-39-25/brief-9,optimize-tree,2026-07-03T22:57:59.646Z,critical,autocuda_exception,autocuda command raised an exception,"line 758 (tool_result): File ""/home/shadeform/.local/share/uv/python/cpython-3.12.13-linux-x86_64-gnu/lib/python3.12/subprocess.py"", line 571, in run raise CalledProcessError(retcode, process.args, subprocess.CalledProcessError: Command '['ninja', '-v', '-j', '...",Fix the CLI or skill call path that produced the traceback.,/home/shadeform/.codex/sessions/2026/07/03/rollout-2026-07-03T22-53-21-019f2a2f-c59e-7c12-a40a-621f6aef0f28.jsonl
bug_0426,autocuda/optimize/2026-07-03-13-39-25/brief-9,optimize-tree,2026-07-03T22:57:59.646Z,critical,autocuda_exception,autocuda command raised an exception,"line 758 (tool_result): raise CalledProcessError(retcode, process.args, subprocess.CalledProcessError: Command '['ninja', '-v', '-j', '3']' returned non-zero exit status 1. The above exception was the direct cause of the following exception: Traceback (most rec...",Fix the CLI or skill call path that produced the traceback.,/home/shadeform/.codex/sessions/2026/07/03/rollout-2026-07-03T22-53-21-019f2a2f-c59e-7c12-a40a-621f6aef0f28.jsonl
bug_0427,autocuda/optimize/2026-07-03-13-39-25/brief-9,optimize-tree,2026-07-03T22:57:59.646Z,critical,autocuda_exception,autocuda command raised an exception,"line 758 (tool_result): subprocess.CalledProcessError: Command '['ninja', '-v', '-j', '3']' returned non-zero exit status 1. The above exception was the direct cause of the following exception: Traceback (most recent call last): File ""<stdin>"", line 3, in <modu...",Fix the CLI or skill call path that produced the traceback.,/home/shadeform/.codex/sessions/2026/07/03/rollout-2026-07-03T22-53-21-019f2a2f-c59e-7c12-a40a-621f6aef0f28.jsonl
bug_0428,autocuda/optimize/2026-07-03-13-39-25/brief-9,optimize-tree,2026-07-03T22:57:59.646Z,critical,autocuda_exception,autocuda command raised an exception,"line 758 (tool_result): The above exception was the direct cause of the following exception: Traceback (most recent call last): File ""<stdin>"", line 3, in <module> File ""/home/shadeform/gpumode/autocuda/worktrees/optimize-2026-07-03-13-39-25-brief-9/problems/li...",Fix the CLI or skill call path that produced the traceback.,/home/shadeform/.codex/sessions/2026/07/03/rollout-2026-07-03T22-53-21-019f2a2f-c59e-7c12-a40a-621f6aef0f28.jsonl
bug_0429,autocuda/optimize/2026-07-03-13-39-25/brief-9,optimize-tree,2026-07-03T22:57:59.646Z,critical,autocuda_exception,autocuda command raised an exception,"line 758 (tool_result): Traceback (most recent call last): File ""<stdin>"", line 3, in <module> File ""/home/shadeform/gpumode/autocuda/worktrees/optimize-2026-07-03-13-39-25-brief-9/problems/linalg/eigh_py/submission.py"", line 898, in <module> _ext = load_inline...",Fix the CLI or skill call path that produced the traceback.,/home/shadeform/.codex/sessions/2026/07/03/rollout-2026-07-03T22-53-21-019f2a2f-c59e-7c12-a40a-621f6aef0f28.jsonl
bug_0430,autocuda/optimize/2026-07-03-13-39-25/brief-90,optimize-tree,2026-07-06T02:29:05.492Z,critical,autocuda_exception,autocuda command raised an exception,"line 11454 (tool_result): {""chunk_id"":""491913"",""wall_time_seconds"":11.07089021,""exit_code"":1,""original_token_count"":1833,""output"":""multiprocessing.pool.RemoteTraceback: \n\""\""\""\nTraceback (most recent call last):\n File \""/home/shadeform/.local/share/uv/python/c...",Fix the CLI or skill call path that produced the traceback.,/home/shadeform/.codex/sessions/2026/07/06/rollout-2026-07-06T01-54-31-019f3522-57e1-78c0-bdb5-25c8271028df.jsonl
bug_0431,autocuda/optimize/2026-07-03-13-39-25/brief-90,optimize-tree,2026-07-06T02:30:50.636Z,critical,autocuda_exception,autocuda command raised an exception,"line 11500 (tool_result): {""chunk_id"":""272f4c"",""wall_time_seconds"":20.4259109,""exit_code"":1,""original_token_count"":1828,""output"":""multiprocessing.pool.RemoteTraceback: \n\""\""\""\nTraceback (most recent call last):\n File \""/home/shadeform/.local/share/uv/python/cp...",Fix the CLI or skill call path that produced the traceback.,/home/shadeform/.codex/sessions/2026/07/06/rollout-2026-07-06T01-54-31-019f3522-57e1-78c0-bdb5-25c8271028df.jsonl
bug_0432,autocuda/optimize/2026-07-03-13-39-25/brief-90,optimize-tree,2026-07-06T02:32:40.405Z,critical,autocuda_exception,autocuda command raised an exception,"line 11546 (tool_result): {""chunk_id"":""329048"",""wall_time_seconds"":18.010590611,""exit_code"":1,""original_token_count"":1850,""output"":""[autocuda run] acquired lock=gpu-0 mode=exclusive at=2026-07-06T02:32:21.192008 wait=11.381s\nmultiprocessing.pool.RemoteTraceback:...",Fix the CLI or skill call path that produced the traceback.,/home/shadeform/.codex/sessions/2026/07/06/rollout-2026-07-06T01-54-31-019f3522-57e1-78c0-bdb5-25c8271028df.jsonl
bug_0433,autocuda/optimize/2026-07-03-13-39-25/brief-90,optimize-tree,2026-07-06T02:37:28.372Z,critical,autocuda_exception,autocuda command raised an exception,"line 11647 (tool_result): {""chunk_id"":""31ce46"",""wall_time_seconds"":13.734466534,""exit_code"":1,""original_token_count"":1850,""output"":""[autocuda run] acquired lock=gpu-0 mode=exclusive at=2026-07-06T02:37:06.488771 wait=6.758s\nmultiprocessing.pool.RemoteTraceback:...",Fix the CLI or skill call path that produced the traceback.,/home/shadeform/.codex/sessions/2026/07/06/rollout-2026-07-06T01-54-31-019f3522-57e1-78c0-bdb5-25c8271028df.jsonl
bug_0434,autocuda/optimize/2026-07-03-13-39-25/brief-90,optimize-tree,2026-07-06T02:40:11.363Z,critical,autocuda_exception,autocuda command raised an exception,"line 11702 (tool_result): {""chunk_id"":""eed224"",""wall_time_seconds"":16.720133412,""exit_code"":1,""original_token_count"":1827,""output"":""multiprocessing.pool.RemoteTraceback: \n\""\""\""\nTraceback (most recent call last):\n File \""/home/shadeform/.local/share/uv/python/...",Fix the CLI or skill call path that produced the traceback.,/home/shadeform/.codex/sessions/2026/07/06/rollout-2026-07-06T01-54-31-019f3522-57e1-78c0-bdb5-25c8271028df.jsonl
bug_0435,autocuda/optimize/2026-07-03-13-39-25/brief-90,optimize-tree,2026-07-06T02:57:13.491Z,critical,autocuda_exception,autocuda command raised an exception,"line 12030 (tool_result): [autocuda run] acquired lock=gpu-0 mode=exclusive at=2026-07-06T02:57:12.687855 wait=10.765s Traceback (most recent call last): File ""<stdin>"", line 1, in <module> ModuleNotFoundError: No module named 'torch' [autocuda run] released lock...",Fix the CLI or skill call path that produced the traceback.,/home/shadeform/.codex/sessions/2026/07/06/rollout-2026-07-06T01-54-31-019f3522-57e1-78c0-bdb5-25c8271028df.jsonl
bug_0436,autocuda/optimize/2026-07-03-13-39-25/brief-90,optimize-tree,2026-07-06T03:14:03.686Z,critical,autocuda_exception,autocuda command raised an exception,"line 12329 (tool_result): {""chunk_id"":""89d8f1"",""wall_time_seconds"":13.08167354,""exit_code"":1,""original_token_count"":1175,""output"":""[autocuda run] acquired lock=gpu-0 mode=exclusive at=2026-07-06T03:13:57.447247 wait=44.243s\n----- kernelguard scan -----\nkernelgu...",Fix the CLI or skill call path that produced the traceback.,/home/shadeform/.codex/sessions/2026/07/06/rollout-2026-07-06T01-54-31-019f3522-57e1-78c0-bdb5-25c8271028df.jsonl
bug_0437,autocuda/optimize/2026-07-03-13-39-25/brief-90,optimize-tree,2026-07-06T03:14:36.504Z,critical,autocuda_exception,autocuda command raised an exception,"line 12342 (tool_result): {""chunk_id"":""4ef8c5"",""wall_time_seconds"":19.45636719,""exit_code"":1,""original_token_count"":1122,""output"":""[autocuda run] acquired lock=gpu-0 mode=exclusive at=2026-07-06T03:14:31.489494 wait=21.481s\n----- kernelguard scan -----\nkernelgu...",Fix the CLI or skill call path that produced the traceback.,/home/shadeform/.codex/sessions/2026/07/06/rollout-2026-07-06T01-54-31-019f3522-57e1-78c0-bdb5-25c8271028df.jsonl
bug_0438,autocuda/optimize/2026-07-03-13-39-25/brief-90,optimize-tree,2026-07-06T03:21:36.166Z,critical,autocuda_exception,autocuda command raised an exception,"line 12489 (tool_result): {""chunk_id"":""5c2cf3"",""wall_time_seconds"":26.504557348,""exit_code"":1,""original_token_count"":1122,""output"":""[autocuda run] acquired lock=gpu-0 mode=exclusive at=2026-07-06T03:21:31.026990 wait=26.005s\n----- kernelguard scan -----\nkernelg...",Fix the CLI or skill call path that produced the traceback.,/home/shadeform/.codex/sessions/2026/07/06/rollout-2026-07-06T01-54-31-019f3522-57e1-78c0-bdb5-25c8271028df.jsonl
bug_0439,autocuda/optimize/2026-07-03-13-39-25/brief-90,optimize-tree,2026-07-06T03:24:37.717Z,critical,autocuda_exception,autocuda command raised an exception,"line 12543 (tool_result): {""chunk_id"":""306653"",""wall_time_seconds"":26.559706845,""exit_code"":1,""original_token_count"":1122,""output"":""[autocuda run] acquired lock=gpu-0 mode=exclusive at=2026-07-06T03:24:32.872688 wait=62.921s\n----- kernelguard scan -----\nkernelg...",Fix the CLI or skill call path that produced the traceback.,/home/shadeform/.codex/sessions/2026/07/06/rollout-2026-07-06T01-54-31-019f3522-57e1-78c0-bdb5-25c8271028df.jsonl
