timestamp,agent_id,brief_id,iteration,linalg/qr_v2,diff_lines,status,commit,description
2026-06-20T04:38:06.090458,4,,N/A,1934.431,8691,optimized,fb5f83213d5dbc7a4a0fe4e2b876bef744414979,optimized
2026-06-20T04:43:11.541813,4,,N/A,130825.790,0,baseline,6e619b05330c0076bbe6c7ee691362d3eee23125,baseline
2026-06-20T04:56:23.739839,4,0,N/A,N/A,N/A,brief_start,N/A,"SIMPLIFY the n=512 PAF megakernel sub-mode scaffolding (submission.py ~4768-end of _CUDA_SRC + setters set_paf_warps/set_paf_no_csh/set_paf_no_vsh/set_panel_apply_fused and _BIGBATCH_PAF_* knobs ~7540-7560). Recent commits (8212e962, ada7ce6b) mark the PAF block-config / MINB4 levers DEAD with machinery left inert. Fix the kept-ON values as literals (paf_warps=8, no_csh=1, no_vsh=1, fused=1) and delete the dead 4-warp/PAF_MINB4/block-config branches, their #ifdef PAF_LAUNCH_BOUNDS variants, and the now-constant setters. Hold all 12 shapes numerically identical, geomean within 1% of 1934us. Measure diff_lines each iteration."
2026-06-20T05:13:12.500895,4,0,0,1940.248,8626,succeeded,78dc38099947a37436ddc573a89a3c46be7ef2ba,"Delete dead n512 PAF block-config scaffolding: PAF_MINB4 macro + #if PAF_LAUNCH_BOUNDS variant (inlined plain __launch_bounds__(NWARPS*32)); dead >=16 and 4-warp launch-dispatch arms (only 8/32 ever set); g_n512_paf_warps global+setter+pybind+python call (set_n512_good_flags sets g_paf_warps=8 directly); _BIGBATCH_PAF_WARPS knob + redundant set_paf_warps(8)/restore. Bit-identical dead-code elim; all 12 shapes held (geomean 1940us, within noise of 1934 floor). diff_lines 8691->8626 (-65)."
2026-06-20T05:18:55.783016,4,0,1,1934.535,8608,succeeded,0483965c0b0c12905ec8a480476faa175931aecc,"Fold the 3 always-on n512-only PAF python env knobs (_BIGBATCH_PANEL_APPLY_FUSED/_PAF_NO_CSH/_PAF_NO_VSH, each used once in _qr_bigbatch_two_level) to literal 1; deleted their definitions + comment blocks. _paf_on keeps its live gate on the widely-used _iwmma_on==2 and _BIGBATCH_PANEL_CM; no_csh/no_vsh pass _paf_on directly. Bit-identical no-op (geomean 1934.5us == floor; all 12 shapes held). diff_lines 8626->8608 (-18)."
2026-06-20T05:27:59.220835,4,0,2,1943.726,8605,succeeded,e873f06e5daacceb8028ef23c0b43f704cb82a76,"Drop redundant PAF flag re-set in set_n512_indexed_flags: it called set_n512_good_flags() (already sets fused/no_csh/no_vsh=1) then re-set the same 3 flags to the same values. Collapsed to just the set_n512_good_flags() call. Pure no-op, bit-identical (geomean 1943.7us within 1% of floor; all 12 shapes held incl indexed shape 7). diff_lines 8608->8605 (-3)."
2026-06-20T05:30:05.720508,4,0,N/A,N/A,N/A,brief_stop,N/A,"Brief exhausted. diff_lines 8691->8605 (-86, -0.99%) across 3 commits, all 12 shapes held numerically identical (geomean 1934-1944us, within 1% of 1934.4 floor; validation incl. invariance + kernelguard passing every iter). DONE: (1) deleted the PAF_MINB4 macro + #if PAF_LAUNCH_BOUNDS variant (inlined plain __launch_bounds__(NWARPS*32)); (2) deleted the dead >=16 and 4-warp launch-dispatch arms (g_paf_warps is only ever 8[n512] or 32[n1024], confirmed by profile: only the <64,64,8> instance launches on n512), collapsing 4 arms to 2; (3) deleted g_n512_paf_warps global+setter+extern+pybind+python call, set_n512_good_flags now sets g_paf_warps=8 directly; (4) folded the 4 always-on _BIGBATCH_PAF_* python knobs (PAF_WARPS, PANEL_APPLY_FUSED, PAF_NO_CSH, PAF_NO_VSH) to literals + dropped their comment blocks and the redundant set_paf_warps(8)/restore in _qr_bigbatch_two_level; (5) dropped the redundant PAF flag re-set in set_n512_indexed_flags. BLOCKED (brief hypothesis wrong): the setters set_paf_warps/set_paf_no_csh/set_paf_no_vsh/set_panel_apply_fused are NOT now-constant -- they toggle genuinely-different runtime state between n512 (warps=8, no_csh=1, no_vsh=1) and n1024 (warps=32, no_csh=0, no_vsh=0, via _qr_large_fp16); deleting them breaks n1024 numerics, so they were kept. SUGGEST for next brief: (a) the PAF_MERGE_MBW/PAF_NO_LSH compile-time config macros (always 1) still carry dead #else/!MACRO branches inside the kernel -- a separate macro-folding brief could remove those; (b) stale g_paf_strip comments (~5901-5914) describe an already-deleted strip kernel and could be trimmed; (c) the indexed-path defensive set...(0) restore boilerplate is redundant but I left it to preserve the file's restore-on-exit invariant."
2026-06-20T05:32:00.475712,4,1,N/A,N/A,N/A,brief_start,N/A,"Continue PAF cleanup on your own branch (parent e873f06e). The PAF megakernel has a family of compile-time macros all pinned to one value (~4775-4853): PAF_FP32A5=0, PAF_SPLITK_A2=0, PAF_A4_DUALACC=0, PAF_FUSE_A2A4=1, PAF_MERGE_MBW=1, PAF_NO_LSH=1. Each guards #if/#else/#ifndef dead branches in qr_panel_apply_fused_kernel (the =0 experimental variants A2-splitK/A4-dualacc/FP32-A5 are pure dead code; the =1 ones have dead #else arms). Delete the macros, inline the taken branch of each, and remove the unreachable arms. Also clean the stale g_paf_strip comments and any indexed-path defensive-restore boilerplate you flagged. Hold all 12 shapes numerically identical, geomean within 1% of 1934us; validation guards must pass. Measure diff_lines each iteration."
2026-06-20T05:47:26.032434,4,1,0,1938.321,8386,succeeded,3669f831c0da2b71de55d14bd816477b330697b7,"Delete 6 PAF compile-time macros (PAF_FP32A5=0/SPLITK_A2=0/A4_DUALACC=0/FUSE_A2A4=1/MERGE_MBW=1/NO_LSH=1) from qr_panel_apply_fused_kernel; inline the taken branch of each and remove unreachable #if/#else/#ifndef arms. The 3 =0 macros guarded pure dead experimental code (FP32-A5 thread-matmul, split-K A2, dual-acc A4); the 3 =1 macros had dead #else arms. Also trimmed stale g_paf_strip comments (described already-deleted strip kernel). Kept PAF_A6_VEC2 (not in brief) + Lsh smem-layout pointer (preserves exact smem footprint -> identical occupancy/kernel). Bit-identical dead-code elim: all 12 shapes pass, geomean 1938.3us (within 0.2% of 1934.4 floor); validation (invariance+diff-correctness+kernelguard) clean. diff_lines 8605->8386 (-219)."
2026-06-20T05:57:16.686685,4,1,1,1936.140,8382,succeeded,1b22af656dea013d158535972dd34e75f0b9d76f,"Inline the single-call-site set_n512_indexed_flags() wrapper (it just delegated to set_n512_good_flags() because PAF is index-aware) into qr_n512_mixed_driver; moved its rationale to a call-site comment and deleted the wrapper. Pure host-side refactor, PAF kernel codegen byte-identical. All 12 shapes held: geomean 1936.1us (within 0.1% of 1934.4 floor); validation (invariance+diff-correctness+kernelguard) clean. diff_lines 8386->8382 (-4)."
2026-06-20T06:02:54.858319,4,1,2,1943.873,8381,succeeded,352cdc808826470db96fb587e278697712ee391e,"Drop 3 redundant post-call PAF-flag restores (set_panel_apply_fused/paf_no_csh/paf_no_vsh = 0) in _qr_bigbatch_two_level_indexed. Provably dead: the function pins these to 0 before the call, the indexed C++ entry only reads them (only C++ writers are the setters + set_n512_good_flags + restore_after_n512_good), so they are still 0 after the call. Kept the defensive pre-call pin + one-line note. Pure Python change (CUDA src unchanged -> build cached 1s, kernel byte-identical). All 12 shapes held: geomean 1943.9us (within 0.5% of 1934.4 floor, == parent's own 1943.7); invariance guard's indexed mixed-path sweeps confirm the cross-shape invariant holds. diff_lines 8382->8381 (-1)."
2026-06-20T06:05:34.743159,4,1,N/A,N/A,N/A,brief_stop,N/A,"Brief 1 (PAF compile-time macro cleanup) exhausted. diff_lines 8605->8381 (-224, -2.6%) across 3 commits, all 12 shapes held numerically (geomean 1936-1944us, within 0.5% of 1934.4 floor; validation incl invariance+diff-correctness+kernelguard clean every iter). PAF kernel confirmed BYTE-IDENTICAL by nsys: qr_panel_apply_fused_kernel<64,64,8>, 651 launches, +-0.05% timing vs parent. DONE: (1) [-219, commit 3669f831] deleted all 6 PAF compile-time macros from qr_panel_apply_fused_kernel and inlined the taken branch of each: PAF_FP32A5=0 / PAF_SPLITK_A2=0 / PAF_A4_DUALACC=0 were pure dead experimental variants (FP32-A5 thread-matmul, split-K A2, dual-acc A4) -- removed entirely; PAF_FUSE_A2A4=1 (kept fused A2+A4, deleted non-fused #else holding the dead split-K + standalone-A4 arms), PAF_MERGE_MBW=1 (kept merged W->Wsh+M->Mb convert, deleted dead !FP32A5&&!MERGE_MBW separate-A3b block), PAF_NO_LSH=1 (kept direct-from-Ssh forward-sub, deleted Lsh-staging #else). Also trimmed the stale g_paf_strip comments (described the already-deleted strip kernel). (2) [-4, commit 1b22af65] inlined the single-call-site set_n512_indexed_flags() wrapper (it just delegated to set_n512_good_flags) into qr_n512_mixed_driver. (3) [-1, commit 352cdc80] dropped 3 provably-dead post-call PAF-flag restores in _qr_bigbatch_two_level_indexed (it pins them to 0 pre-call and the indexed C++ entry only reads them, so they are still 0 after -> restore is a no-op). KEPT (proven-NOT-dead, do not retry): (a) PAF_A6_VEC2 (out of brief scope, =1 with a live #else); (b) the Lsh smem-layout pointer in the kernel (unconditional allocation matching the launch-side smem calc 2*ib*LDw -- removing it would shrink smem footprint -> change occupancy, not a no-op); (c) the 8-vs-32-warp PAF launch dispatch -- BOTH are live (g_paf_warps=8 for n512 via set_n512_good_flags; =32 reachable via the config-driven _run_with_params path with paf_warps=32 for n1024); (d) the non-indexed _qr_bigbatch_two_level PAF restores (pre-call set is _paf_on which can be 1, so the post-restore is load-bearing); (e) g_paf_no_csh/no_vsh runtime branches in the kernel (both 0 and 1 reachable via _paf_on). SUGGEST for next brief: PAF scope is now clean. Possible adjacent simplify targets I noticed but did not touch (out of this brief): the g_no_splitk cuBLAS-determinism machinery (~1318-2956, 5980) is a separate concept with 3 near-duplicate comment blocks that could be deduped; and the long-tail of set_*/restore_* flag-juggling in the Python big-batch drivers (8160-8230) has repeated 'restore so it never leaks' boilerplate that a macro-brief could compress, but each restore there guards a flag genuinely set non-zero, so it needs per-line proof, not bulk deletion."
2026-06-20T06:12:46.658462,4,2,N/A,N/A,N/A,brief_start,N/A,"PAF region exhausted — pivot to the large-n (n>=1024) two-level path (parent 352cdc80, your branch). Python: _qr_large_n ~8370, _qr_large_fp16 ~7787, _qr_large_fp32 ~7884, _qr_exact_2level ~7836, and the _LARGE_LO/_LARGE_HI config tables ~7747-7780. With _BF16_LARGELO=1 and _BF16_LARGEHI=1 (defaults) plus the MIN_BATCH gates (n=1024 B=60>=16 and n=2048 B=8>=4 both take the FP16 branch), the _qr_large_fp32 branch and its exact-2level FP32 config may be DEAD for every benchmark shape. Apply your reachability method (trace dispatch over all 12 bench + 22 TEST shapes — test shapes constrain reachability too, per W3's lesson) to prove which large-n sub-paths and which _LARGE_* config-table entries never execute, then delete the dead branches + any large-n-only kernel templates they alone instantiate. Hold all 12 shapes numerically identical, geomean within 1% of 1934us; guards pass. Measure diff_lines each iter."
2026-06-20T06:23:01.201948,4,2,0,1949.489,8366,succeeded,11c4a88cc901a80a7def183318abb74a7fc330f3,"Collapse _qr_large_b60_classified (n=1024 B=60) to unconditional return _qr_large_fp16(Ac, _LARGE_LO). PROVEN: with default _N1024_MIXED_FP16=1, both bad_count==0 and bad_count>0 branches returned the SAME _qr_large_fp16(_LARGE_LO); the fp32 fallback (old line 7433) was dead (required _N1024_MIXED_FP16==0). Count no longer consulted -> dropped the compact_large_bad_input call + counts scratch + bad_count (pure dead work). _qr_large_fp16 is FP32-V + _patch_collinear (correct at any conditioning), so output is identical regardless of batch ill-cond fraction. Deleted the now-unused _N1024_MIXED_FP16 knob+comment. Python-only (build cached 1s, kernel byte-identical). 12 bench shapes pass (geomean 1949.5us, +0.78% of 1934.4 floor; n=1024 B=60 shapes 4/8/11 numerically unchanged); 22 test shapes + diff-correctness + invariance guards clean. diff_lines 8381->8366 (-15)."
2026-06-20T06:33:16.706353,4,2,1,1930.189,8219,succeeded,bda526b6b4b1c7267dbb7f34e2514ce5a00181d1,"Delete the now-dead compact_large_bad_input C++ kernel (~145 lines). After prev commit collapsed _qr_large_b60_classified, this kernel had ZERO callers. NOT a shared panel/conversion kernel -- it was the n=1024-B=60 batch classifier exclusively for the removed exact-FP32 fallback. Deleted compact_large_bad_input_kernel __global__ (the sampled structural probe, ~117 lines), host wrapper, forward decl, pybind functions[] entry. C++ change (full recompile 35s). nsys on n=1024 B=60 confirms compact_large_bad_input_kernel no longer launches (0 occurrences); live kernels unchanged. OUTPUT IDENTICAL (kernel only produced an unconsulted count). The 3 n=1024 B=60 bench shapes 4/8/11 got FASTER from dropping the per-call classification launch (3712/3721/3715 -> 3691/3692/3685us). Geomean 1930.2us (BELOW the 1934.4 floor). 22 test shapes + diff-correctness + invariance guards all clean. diff_lines 8366->8219 (-147)."
2026-06-20T06:42:21.245959,4,2,2,1931.990,8218,succeeded,544821cb9eef6ff97d74748de43fcab3e74ec770,"Delete the unreachable n=1024 device-filling FP16 arm in _qr_large_n. Across ALL 12 bench + 22 test shapes, n=1024 appears ONLY at B=60 (bench->classified FP16) and B=4 (test->exact FP32); the middle arm (16<=B!=60 -> _qr_large_fp16(_LARGE_LO)) matched no shape (invariance batch-sweep is at n=512 not n=1024; diff guard keeps B=60). NO measured shape's routing changed; hypothetical 16<=B!=60 now falls to the exact FP32 path (correct at any conditioning). Cascade-removed _bf16_want (n<2048 term dead, inlined _BF16_LARGEHI at HI arm), _BF16_LARGELO, _LARGELO_FP16_MIN_BATCH (all only fed the deleted arm); retargeted stale comments to surviving HI knobs. Python-only (build cached, kernel byte-identical). Geomean 1932.0us (below 1934.4 floor); 12 bench shapes pass; 22 test + diff-correctness + invariance guards clean. diff_lines 8219->8218 (-1; net small because deleted code offset by added rationale comments)."
2026-06-20T06:49:11.548583,4,2,3,1931.414,8215,succeeded,200918e5f237f9d8fe4c0349e7e1f178f5718c15,"Condense the n=1024 dispatch rationale comment from 5 lines to 2 (it restated the prev commit message). Comment-only, byte-identical kernel + routing. Geomean 1931.4us (below 1934.4 floor); 12 bench shapes pass; 22 test + diff-correctness + invariance guards clean. diff_lines 8218->8215 (-3)."
2026-06-20T06:54:39.261832,4,2,N/A,N/A,N/A,brief_stop,N/A,"Brief 2 (large-n dead-code) exhausted. diff_lines 8381->8215 (-166, -2.0%) across 4 commits; geomean held 1930-1932us (BELOW the 1934.4 floor) every iter; all 12 bench shapes + 22 test shapes + diff-correctness + invariance guards clean throughout. Final HEAD 200918e5.

BRIEF HYPOTHESIS REFUTED (rigorously, via subagent cross-check): _qr_large_fp32 is NOT dead. Reachability over ALL 12 bench + 22 TEST shapes: _qr_large_n is reached ONLY for n in {1024,2048} (n=4096 is intercepted by the CholeskyQR arm at _CHOLQR_MIN_N=4096 BEFORE the n>=_LARGE_N arm -- exactly W3's test-shapes-route-differently lesson). n=1024 appears at B=60 (bench, 3 shapes -> _qr_large_b60_classified) and B=4 (test, 6 shapes -> _qr_large_fp32(_LARGE_LO)); n=2048 at B=8 (bench, 1 -> _qr_large_fp16(_LARGE_HI)) and B=2 (test, 3 -> _qr_large_fp32(_LARGE_HI)). So _qr_large_fp32 fires on the n=1024-B=4 and n=2048-B=2 TEST shapes -- LIVE, kept. Both _LARGE_LO/_LARGE_HI config tables: every key read by exactly one of fp16/fp32 (ov_fold the only shared key) -- NO unused config entries.

WHAT WAS ACTUALLY DEAD (and removed):
(1) [11c4a88c] _qr_large_b60_classified classified the B=60 batch via compact_large_bad_input/bad_count and fell back to exact FP32 only when QR_N1024_MIXED_FP16=0. With the default _N1024_MIXED_FP16=1, BOTH bad_count branches returned the SAME _qr_large_fp16(_LARGE_LO); the fp32 fallback was dead and the count unconsulted. Collapsed to unconditional _qr_large_fp16 (FP32-V + _patch_collinear = correct at any conditioning, so whole-batch FP16 is valid regardless of ill-cond fraction). Deleted the _N1024_MIXED_FP16 knob.
(2) [bda526b6] THE BIG ONE (-147): with the count gone, the compact_large_bad_input C++ kernel had ZERO callers -- deleted the __global__ classifier (~117 lines) + host wrapper + fwd decl + pybind entry. NOT a shared panel/conversion kernel (n=1024-B=60 classifier only). nsys-confirmed gone; the 3 n=1024-B=60 bench shapes got ~0.6% FASTER from dropping the per-call classification launch.
(3) [544821cb] the n=1024 device-filling FP16 arm (16<=B!=60 -> _qr_large_fp16(_LARGE_LO)) was unreachable on the active set (n=1024 batches are only {4,60}; the invariance batch-sweep is at n=512). Deleted it + cascade-dead _bf16_want/_BF16_LARGELO/_LARGELO_FP16_MIN_BATCH; no measured shape's routing changed (B=4 still -> exact FP32; hypothetical 16<=B!=60 now falls to exact FP32, correct at any cond).
(4) [200918e5] condensed the resulting rationale comment.

NOT TOUCHED (proven LIVE or brief-1-caution): _qr_large_fp32 + both fp32_* config sub-tables (test shapes); _qr_large_fp16 + _LARGE_LO/_HI (b60 + n2048); _qr_exact_2level (shared with n=512 _qr_small_exact, all optional cfg keys passed by some caller -- clean unified driver, nothing dead). DELIBERATELY KEPT: the set_prec(1)/set_warps(32) at the top of _qr_large_n -- they ARE overwritten by every reachable helper before any consuming kernel (technically dead, 2 lines), but it is exactly the 'looks-redundant global-state setter' brief-1 warned is load-bearing; the 2-line diff_lines gain did not justify the n=1024/2048-numeric risk.

SUGGEST next brief: large-n DISPATCH region is now clean. Adjacent SIMPLIFY targets I noticed (out of this brief): (a) _qr_large_fp16's 'if p[defer]==5' guards are always-true given the only two live regimes (both defer=5) -- could fold, but it is a value-check not a dead branch (no else), marginal; (b) the n=512 _qr_small_exact/_qr_exact_2level 'gram3' cfg key is gated on _BIGBATCH_EXACT_STRESS_GRAM3 (check its default -- if 0, the if-gram3-in-cfg branch in _qr_exact_2level is dead, but that is the n=512 region, another worker's scope); (c) the CholeskyQR path (n>=4096) intercepts _qr_large_n -- a separate brief could check the _B2_*_EXT / dense_noinfo gates there for dead arms (note: B==2 n==4096 hardwiring is in _gram_int_ozaki / _cholqr_dense_b2_path, out of large-n scope)."
2026-06-20T06:56:54.905472,4,3,N/A,N/A,N/A,brief_start,N/A,"Dead pybind-API + extern-decl audit on your branch (parent 200918e5). The PYBIND11 functions=[...] list (~6451) and the extern-C decl block (~6365-6415) bind ~50 set_*/kernel entries. Many set_* tuning setters are never called from the Python layer (the only caller) now that knobs are frozen — e.g. set_minv_2lev_nlev, set_prec_w, set_minv_blk2_max_n, set_minv_nt_sl, set_wsp_help, set_wsp_cm_coop, set_n512_rr_thr, set_n512_paf_warps and others. For EACH bound symbol: grep the Python layer for _ext.<name>( — if it's never called AND its g_* global is only read at its default, the setter + global + extern decl + pybind entry + (if a kernel) the kernel are removable. CRITICAL: only remove symbols with ZERO _ext.<name>( callers; do NOT remove set_paf_no_csh/set_paf_no_vsh (called ~8476/8479) or any actively-set knob. Avoid the n512 compaction/rankreveal kernels (other workers own those). Hold all 12 shapes, geomean within 1% of 1934us; guards pass. Measure diff_lines each iter."
2026-06-20T07:08:09.972693,4,3,0,1938.154,8211,succeeded,da384e4ac6f6c3e98f00ba20877ca427c0b4b388,"Dead pybind-API audit: removed setters set_prec_w + set_minv_2lev_nlev (ZERO _ext. callers). Both globals are written DIRECTLY in C++ by set_n512_good_flags (g_prec_w=1, g_minv_2lev_nlev=2/env, restored after) and read in live kernels (apply_block_reflector W-step at g_prec_w==1/2; build_Minv nlev at g_minv_2lev_nlev>=2) -- the pybind setters were never the path. Removed each setter def + extern decl in _CPP_SRC + functions[] entry; kept both globals (not at default). functions list 47->45. Full recompile, kernel byte-identical; 22 test + diff-correctness + invariance guards clean; 12 bench shapes pass, geomean 1938.2us (within 0.2% of 1931.4 parent). diff_lines 8215->8211 (-4)."
2026-06-20T07:10:04.794080,4,3,N/A,N/A,N/A,brief_stop,N/A,"Brief 3 (dead pybind-API + extern-decl audit) exhausted. 1 commit (da384e4a), diff_lines 8215->8211 (-4); geomean 1938.2us (within 0.2% of 1931.4 parent, inside 1% floor); all 22 test + diff-correctness + invariance guards clean; 12 bench shapes pass.

METHOD (rigorous, full audit of BOTH load_inline functions[] lists): For each of the 47 main-ext symbols I grepped the Python layer for _ext.<name>( -- and confirmed _ext is assigned exactly once and only ever used as _ext.<method> directly (no local alias, no getattr/globals/setattr dispatch), so the grep is authoritative. EXACTLY 7 main-ext symbols have ZERO Python callers: set_prec_w, set_minv_2lev_nlev, set_n512_nfac, set_n512_rankreveal, set_n512_rr_thr, set_n512_rr_detect, gather_n512_bad_input.

REMOVED (2, in-scope) [da384e4a]: set_prec_w + set_minv_2lev_nlev. Both backing globals are written DIRECTLY in C++ by set_n512_good_flags (g_prec_w=1, g_minv_2lev_nlev=2/env, restored to 0/1 after) and read in LIVE kernels (apply_block_reflector W=V^T@C path at g_prec_w==1/==2; build_Minv nlev at g_minv_2lev_nlev>=2 -- the latter is the ACTIVE rblk2 optimization from the two most-recent HEAD commits fb5f8321/8f9ae480). So the host driver owns both globals internally and the pybind setters were pure dead API surface. Removed each setter's def + extern decl in _CPP_SRC + functions[] entry (47->45); KEPT both globals (NOT at default) with a 1-line note. Full recompile, kernel codegen byte-identical.

NOT TOUCHED (5, out-of-scope per AVOID list): set_n512_nfac/rankreveal/rr_thr/rr_detect (g_n512_rankreveal/rr_detect/nfac rankreveal machinery) + gather_n512_bad_input (n512 compaction kernel) -- the brief explicitly fenced these as another worker's region. They ARE dead API surface (zero _ext. callers) so a future brief that owns the n512 rankreveal region could remove the same setter+decl+pybind triplets there (and possibly the gather_n512_bad_input wrapper+kernel if its g_* path is also dead) -- but only after confirming the globals aren't C++-managed the way g_prec_w/g_minv_2lev_nlev were.

ALL OTHER bound symbols are LIVE: the other ~40 main-ext symbols each have >=1 _ext. caller; ALL 9 LU-ext symbols (chol_*/build_H_inplace/tri_solve_right_inv/recon_lu_cpp/oz_*) are called via the 'lu = _get_lu()' local alias (lu.<name>( -- initially looked dead under a naive _lu. grep, confirmed live). No dead surface remains in scope.

SUGGEST next brief: the dead-API surface in MY scope is exhausted. Adjacent simplify candidates I noticed but did not touch (out of this brief): (a) the 5 out-of-scope dead n512-rankreveal setters above, removable by whoever owns that region; (b) the diff_correctness/invariance guards still pass with margin, so there's room for further structural simplification elsewhere -- the n512 PAF and large-n dispatch regions (my briefs 0-2) are already clean."
2026-06-20T07:11:57.907760,4,4,N/A,N/A,N/A,brief_start,N/A,"Remove the dead g_formt / form_T_from_S (larft) path on your branch (parent da384e4a). g_formt defaults 0 but BOTH dispatch sites (~2294, ~2657) only support g_formt==1 (build_Minv) and TORCH_CHECK(false) on the ==0 branch with comment 'build-light pruned the larft form_T_from_S path'. So: the g_formt==0 larft form_T_from_S code, the set_formt setter (always set to 1 in Python ~7348), the g_formt global, and any form_T_from_S-only kernels/helpers are dead. Confirm set_formt is only ever called with 1 (or never), then inline g_formt==1 as the only path, delete the dead ==0 branches + TORCH_CHECK stubs + set_formt setter/decl/pybind entry. Hold all 12 shapes numerically identical, geomean within 1% of 1934us; guards pass. Avoid n512 rankreveal/compaction (other workers). Measure diff_lines each iter."
2026-06-20T07:22:13.111305,4,4,0,1935.582,8192,succeeded,0d9ce803b6fedd70918ba2e2cdfddaa702b775f4,"Remove dead g_formt / form_T_from_S (larft) code path. g_formt defaulted to 0 but BOTH apply dispatch sites (apply_block_reflector ~2144, blocked_qr ~2507) only supported g_formt==1 (build_Minv); the ==0 branch was a TORCH_CHECK(false, 'build-light pruned the larft form_T_from_S path') stub. The Python layer's SOLE _ext.set_formt( caller pinned it to 1 (verified _ext assigned once at L6906 + used directly, no getattr/setattr/alias dispatch -> grep authoritative), so g_formt was ALWAYS 1 at runtime and the ==0 path unreachable. Inlined the g_formt==1 build_Minv branch as the sole path at both sites (dropped the if-wrapper + both TORCH_CHECK(false) else stubs), and removed: g_formt global, set_formt setter, extern decl, pybind functions[] entry (47->46), Python _ext.set_formt(1) call. NO form_T_from_S kernel existed to orphan -- build-light had already removed it; only 2 descriptive comments (build_Minv 'REPLACES form_T_from_S' L744, S[i,j] indexing L2007) reference LIVE kernels and were kept. build_V_kernel + the full build_Minv dispatch (blk2/blk4/rblk/static<64>/dyn) are shared/live, untouched. Bit-identical dead-code elim: 12 bench shapes pass (geomean 1935.6us, +0.06% of 1934.4 floor); 22 test + diff-correctness + invariance guards clean; full recompile, nsys-confirmed live kernels (PAF<64,64,8> 651 launches, build_Minv_blk4 186) unchanged. diff_lines 8211->8192 (-19)."
2026-06-20T07:27:00.066166,4,4,1,1931.114,8184,succeeded,35fd612ffd578a6b55b17cfe514ba740b368cc28,"Drop orphaned form_T (larft) header comments above build_Minv_kernel. The build-light pruning that removed the larft form_T_from_S KERNEL left 8 lines of its descriptive header comments dangling: the 'Form b x b upper-triangular compact-WY T factor' one-liner (L733) + the detailed 'Form T (B,b,b)... LAPACK larft forward recurrence... sequential over j' block (L735-739). Verified (grep) NO form_T/form_T_from_S kernel exists in the file -- the next definition after the comments is build_Minv_kernel, which has its own doc block (L741+, unchanged). So these described the deleted larft kernel = orphaned dead documentation directly tied to the g_formt path. KEPT the 2 form_T_from_S mentions inside LIVE build_Minv/mm3_sym docs (L744 'REPLACES form_T_from_S', L~1999 S[i,j] indexing rationale) -- they explain live-kernel behavior, not dead code. Pure comment removal: live codegen byte-identical (recompiled; 12 bench shapes pass, geomean 1931.1us within noise of 1934.4 floor / -0.17%; 22 test + diff-correctness + invariance guards clean). diff_lines 8192->8184 (-8)."
2026-06-20T07:29:20.770789,4,4,N/A,N/A,N/A,brief_stop,N/A,"Brief 4 (remove dead g_formt / form_T_from_S larft path) EXHAUSTED & FULLY ACHIEVED. 2 commits, diff_lines 8211->8184 (-27, -0.33%); geomean held 1931-1936us every iter (within 0.3% of 1934.4 floor, inside 1% tol); all 12 bench + 22 test + diff-correctness + invariance guards clean throughout. Final HEAD 35fd612f.

REACHABILITY PROOF (rigorous): _ext.set_formt( has EXACTLY ONE Python caller -- module-level _ext.set_formt(1) at L6921, unconditional. Verified _ext is assigned exactly once (L6906, future.result()) and only ever used as _ext.<method> directly -- NO getattr/setattr/globals/local-alias dispatch -- so the single-caller grep is authoritative. Thus g_formt==1 ALWAYS at runtime across all 12 bench + 22 test shapes; the g_formt==0 branch was unreachable. Both apply dispatch sites (apply_block_reflector ~2144, blocked_qr ~2507) had only g_formt==1 = full build_Minv path; the ==0 else was a bare TORCH_CHECK(false,'build-light pruned the larft form_T_from_S path') stub with NO other symbol references.

REMOVED:
(1) [0d9ce803, -19] Inlined g_formt==1 build_Minv as the SOLE path at both dispatch sites (dropped the if-wrapper + both TORCH_CHECK(false) else stubs); removed g_formt global, set_formt setter, its extern decl, the pybind functions[] entry (now 46 main-ext symbols), and the Python _ext.set_formt(1) call. Full recompile, nsys-confirmed live kernels unchanged (PAF<64,64,8> 651 launches, build_Minv_blk4 186).
(2) [35fd612f, -8] Dropped 8 lines of ORPHANED larft form_T header comments dangling above build_Minv_kernel (the 'Form b x b upper-tri compact-WY T factor' one-liner + the detailed 'Form T (B,b,b)... LAPACK larft forward recurrence... sequential over j' block). Verified (grep) NO form_T/form_T_from_S KERNEL exists -- build-light had already deleted it, leaving only its dead header doc. Comment-only, live codegen byte-identical.

NO ORPHANED KERNEL TO REMOVE (brief's warning moot): build-light had already removed the larft form_T_from_S kernel before this brief; only the dead g_formt==0 branches + stale comments remained. The dead ==0 branches referenced no exclusive helper/global/kernel (just TORCH_CHECK), so nothing else became orphaned.

KEPT (proven LIVE, do NOT retry): build_V_kernel (10 refs) + the FULL build_Minv dispatch family -- build_Minv_kernel<64> (9), build_Minv_dyn_kernel (6), build_Minv_blk4_kernel (8), build_Minv_rblk_gen_kernel (15) -- all shared/live across n<1024 single-level + two-level + n=512 paths, untouched. The 2 surviving 'form_T_from_S' string mentions (L744 build_Minv 'REPLACES form_T_from_S (the sequential larft j-recurrence)'; L~1999 mm3_sym 'full b x b is written, matching form_T_from_S's S[i,j] indexing') are LIVE-kernel rationale (why build_Minv exists / why S is fully-stored) -- NOT dead code, kept. No QR_FORMT/_FORMT Python knob exists (the comments' '_FORMT=1 default' referred to the set_formt(1) call, now removed).

SUGGEST next brief: the g_formt/larft region is now fully clean -- no dead surface left in it. Adjacent simplify candidates I noticed but did NOT touch (out of this brief): (a) L~1999 mm3_sym comment still names the deleted form_T_from_S as the indexing reference -- a 0-line rephrase to 'build_Minv's S[i,j] indexing' (the actual live consumer) would de-stale it without changing line count, marginal/not-dead so I left it; (b) the now-46-symbol pybind functions[] list + extern block still carry the 5 dead n512-rankreveal setters (set_n512_nfac/rankreveal/rr_thr/rr_detect + gather_n512_bad_input -- zero _ext. callers, flagged in my brief-3 stop) but those are the other worker's AVOID region. My PAF (briefs 0-1), large-n (brief 2), pybind-API (brief 3), and g_formt (brief 4) regions are all exhausted."
2026-06-20T07:31:03.059959,4,5,N/A,N/A,N/A,brief_start,N/A,"Whole-file orphan-symbol sweep on your branch (parent 35fd612f). Systematically find EVERY remaining dead symbol across submission.py that prior region-scoped briefs missed: for each __global__ kernel, each static C++ helper/global, each extern decl, each pybind functions[] entry, and each module-level Python def/constant, grep for references and flag those with zero use sites. Build the candidate list first (a grep-driven census), then delete only the ones you PROVE orphaned (definition exists, zero callers/launches/reads), rebuilding+validating after each batch. Known leads: the 5 dead n512-rankreveal setters in the pybind list (set_n512_nfac/rankreveal/rr_thr/rr_detect) MAY be removable on YOUR branch but ANOTHER worker owns n512 — SKIP those 5 to avoid collision. Also skip tiny-n, LU/oz, cholqr-Python, and bf16-panel regions (other workers active). Focus on cross-cutting orphans nobody else will catch. Hold all 12 shapes + 22 tests, geomean within 1% of 1934us; guards pass. Measure diff_lines each iter; in your stop message, LIST any orphans you skipped for collision so I can route them."
2026-06-20T07:39:36.622884,4,5,0,1930.199,8183,succeeded,ddd605ad5955af747a5f327565fe166954a5fcd0,"Whole-file orphan sweep iter 0: delete orphaned set_no_splitk Python setter. PROVEN orphan -- NOT in _CPP_SRC forward decls, NOT in functions[], zero Python callers (whole-file census: total=1, definition only). The g_no_splitk determinism flag is now entirely C++-managed: written by the RAII guard around the n512 bad-subset exact-FP32 GEMMs (5810/5812) and read in blocked_qr_2level (2630/2782) -- all kept intact. Removing the dead setter leaves codegen byte-identical. Cross-cutting orphan that region-scoped briefs missed (sits in globals block ~1318 but its only behavioral tie is the n512 writers, so each region brief assumed it load-bearing). Geomean 1930.2us (below 1934.4 floor; all 12 shapes pass incl invariance guard that g_no_splitk protects). diff_lines 8184->8183 (-1)."
2026-06-20T07:44:20.860837,4,5,N/A,N/A,N/A,brief_stop,N/A,"Brief 5 (whole-file orphan-symbol sweep) exhausted. Built a complete whole-file census across ALL six categories the brief named (every __global__ kernel, every static C++ helper/global, every extern decl, every pybind functions[] entry [both modules], every module-level Python def/constant), counting whole-word reference sites for each. Final HEAD ddd605ad. Geomean held 1930.2us (BELOW the 1934.4 floor; codegen byte-identical), all 12 bench + 22 test shapes + invariance + kernelguard clean. diff_lines 8184->8183 (-1).

DELETED (1 commit, the ONLY provably-orphaned NON-FENCED symbol found): [ddd605ad] set_no_splitk Python setter. PROVEN orphan: NOT in _CPP_SRC forward decls, NOT in functions[], zero Python callers (census total=1, definition only). It is the C++-managed-global trap done right -- g_no_splitk is alive (written by the RAII guard around the n512 bad-subset exact GEMMs at 5810/5812, read in blocked_qr_2level at 2630/2782), but the *Python setter* is dead. Kept the global + its writers/readers; removed only the orphan setter. Region-scoped briefs all missed it because it sits in the early globals block (~1318) yet its only behavioral tie is the n512 path, so each region worker assumed it load-bearing.

ORPHANS SKIPPED FOR COLLISION FENCING (route to owners -- all PROVEN zero-use on my branch):
1. copy_tau_n512_indexed_kernel (def ~2985) + n512_tail_nz_mask_kernel (def ~2927): two dead __global__ kernels, zero launches/wrappers/pybind. ALREADY DELETED on worker-5-brief-3 (a5c21181) -- n512 owner has them.
2. _TINY_WARP_WPB (Python const, L22, never read): ALREADY DELETED on worker-2-brief-3 -- tiny owner has it.
3. _RECON_CUSTOM / _RECON_CPP / _RECON_CPP2 / _RECON_IPH (Python consts ~7557-7572, ALL never read): dead recon-path-selector flags. _reconstruct_householder (7842-7843) hardwires recon_lu_cpp+build_H_inplace and reads none of them. These live in the cholqr/LU recon orchestration (fenced: 'LU/_CUDA_LU_SRC' + 'cholqr Python orchestration'); still present on worker-2's branch. Route to the LU/cholqr-recon owner -- ~4 lines + their comment blocks, a clean -10 to -15 diff_lines for that worker.
4. The 5 n512-rankreveal setters (set_n512_nfac/set_n512_rankreveal/set_n512_rr_thr/set_n512_rr_detect; all EXPORTED, zero Python callers) -- explicitly fenced to the n512 worker.

NOT ORPHANS (verified live, do not chase): all __device__/__host__ helpers have >=1 live use (decode_uptri_tile@3081, cp_async_ca_16@3160, cp_async_commit_wait@3162, cmv_update_help@4275, build_V_cvt/cmf_load_cvt overloads); all g_* globals are read >=1; the two _CUDA_SRC forward decls (blocked_qr_2level@2095, blocked_qr@2123) have definitions; no __constant__, no dangling extern, no pybind entry without a C++ def (load_inline would fail-build otherwise). The form_T_from_S/larft mentions remaining at 736-744/1998 are LIVE-CODE math rationale above build_Minv (explaining the kernel by contrast to the removed approach), not symbol orphans -- left intact (also build_Minv is actively tuned on the main/n512 line). SUGGEST next brief: the orphan-symbol space is now empty on my branch except the fenced items above; the only remaining whole-file simplify headroom is rephrasing live-code rationale comments (form_T/larft block; the 3 near-duplicate g_no_splitk determinism comment blocks at 1308-1316/2621-2630/5805-5809), which is a comment-dedup brief, not a symbol sweep."
2026-06-20T07:48:46.055412,4,6,N/A,N/A,N/A,brief_start,N/A,"On your branch (parent ddd605ad), simplify the tiny-warp-scalar CODEGEN generator _gen_tiny_warp_scalar_kernel (~6269). It takes a divfree parameter (default 1, from _TINY_DIVFREE) but only divfree=1 is ever generated (the n=32 tiny path always uses the divergence-free column-j codegen). Confirm _TINY_DIVFREE is always 1 (or the divfree=0 branch is never generated), then delete the divfree=0 code-generation branch inside the generator and hardcode divfree=1, simplifying the generator function. Verify the generated CUDA source still compiles (dump+diff the assembled _CUDA_SRC). NOTE: another worker simplified the tiny KERNEL on a different branch; you are simplifying the Python GENERATOR FUNCTION on YOUR branch — combine will reconcile. Hold shape 0 + all 12 exact, geomean within 1% of 1934us; guards pass. Measure diff_lines each iter."
2026-06-20T07:57:38.624324,4,6,0,1936.028,8146,succeeded,bb76ac98c5b06f2d388ccfcd2f7d152f07a81ca1,"Hardcode divfree=1 in _gen_tiny_warp_scalar_kernel; delete the dead divfree=0 codegen branch. CONFIRMED divfree is always 1: _TINY_DIVFREE = env QR_TINY_DIVFREE (default '1', never set by harness/reference/task), single call site passes divfree=_TINY_DIVFREE, so the divfree=0 generator arm is never emitted. Removed: the divfree param (sig -> N only), the if-divfree/else split (unindented kept divfree=1 body, deleted the divfree=0 arm), the _TINY_DIVFREE constant + its 12-line comment block, and the divfree= kwarg at the .replace() call. CRITICAL VERIFICATION: dumped the fully-assembled _CUDA_SRC (load_inline stubbed) for parent ddd605ad vs this commit -- BYTE-IDENTICAL (md5 3296084d59daaa4dbb0c520b271f99f1, len 407187), injected tiny_qr_warp_scalar_kernel<1> intact, marker replaced. So compiled CUDA is unchanged -> bit-identical numerics. Build cached 1.1s; all 22 test shapes + diff_correctness(12) + invariance + kernelguard CLEAN; geomean 1936.0us (within noise of 1934.4 floor, shape0=10.5us exact). Python-only simplify (CUDA unchanged). diff_lines 8183->8146 (-37)."
2026-06-20T07:58:20.753413,4,6,N/A,N/A,N/A,brief_stop,N/A,"Brief 6 (simplify _gen_tiny_warp_scalar_kernel generator) exhausted in 1 commit. HEAD bb76ac98, geomean 1936.0us (within noise of 1934.4 floor), diff_lines 8183->8146 (-37). CONFIRMED divfree is always 1: _TINY_DIVFREE comes only from env QR_TINY_DIVFREE (default '1'), which the harness/reference/task never set (grep clean); the sole call site passes divfree=_TINY_DIVFREE, so the divfree=0 generator arm was never emitted. DELETED: divfree param (signature -> N only), the if-divfree/else split (unindented the kept divfree=1 body, removed the dead divfree=0 arm), the _TINY_DIVFREE constant + its 12-line comment block, and the divfree= kwarg at the .replace() injection. CRITICAL VERIFY (brief-required): stubbed load_inline and dumped the fully-assembled _CUDA_SRC for parent ddd605ad vs this commit -- BYTE-IDENTICAL (md5 3296084d59daaa4dbb0c520b271f99f1, len 407187); injected tiny_qr_warp_scalar_kernel<1> intact, marker replaced. So compiled CUDA is unchanged -> bit-identical numerics: build cached 1.1s, all 22 test + diff_correctness(12) + invariance + kernelguard CLEAN, shape0=10.5us. NOT TOUCHED (deliberately, on-brief): the generator's WPB templating (template<int WPB>, blockIdx.x*WPB, WPB*32) is only ever instantiated as <1> and _TINY_WARP_WPB=1 -- de-templating it WOULD change the assembled _CUDA_SRC and is a tiny-KERNEL change owned by the other tiny worker (combine reconciles), so left it. SUGGEST for combine/next: the WPB de-templating of tiny_qr_warp_scalar_kernel (drop template/WPB, hardcode <<<B,32>>>, blockIdx.x, 32-thread launch_bounds) is a clean follow-on kernel-side simplify (~5 lines) but must be done on the tiny-kernel-owner branch to avoid this generator-vs-kernel collision; _TINY_WARP_WPB const (L22) is already deleted on worker-2's tiny branch."
2026-06-20T07:59:52.014737,4,7,N/A,N/A,N/A,brief_start,N/A,"On your branch (parent bb76ac98), condense stale sweep-history / rejected-experiment COMMENTS within the LARGE-N (n>=1024) two-level kernel bodies in _CUDA_SRC — the panel_factor_smem_{pipe,fnorm_ov,cm_coop} kernels and qr_inner_apply_wmma_full region (~3415-4768) that serve shapes 4,5,8,11. These carry per-iter regression logs / µs-delta tables / abandoned-approach narration. Remove ONLY stale-history/rejected-experiment commentary; KEEP all live-code algorithm/sync/layout/correctness rationale. This is a DIFFERENT region than the n512 comments (another worker) and the Python/dispatch comments (another worker) — stay in the n1024/2048 KERNEL bodies. Dump+diff the assembled _CUDA_SRC to confirm comment-only (byte-identical codegen on the live paths). Hold all 12 shapes, geomean within 1% of 1934us; guards pass. Measure diff_lines each iter; if the region's comments are mostly load-bearing (like W0 found for other _CUDA_SRC parts), log that and stop."
2026-06-20T08:12:43.403933,4,7,0,1929.091,8046,succeeded,ef3b816c2831bcd356ebb448cb57d22a3646d3a6,"Delete 3 orphaned kernel-doc-header comment blocks in _CUDA_SRC (large-n BF16 panel region, ~3256-4176) documenting 7 panel kernels that prior simplify briefs already DELETED (no __global__ definitions remain; dispatch arms were pruned with 'deleted with its kernel' / 'build-light pruned' notes + TORCH_CHECK guards). (1) defer==3/==4 headers fnorm_bf16/fnorm_ov_bf16/pipe_bf16/pipe_ov_bf16 -- dispatch supports only g_panel_defer==5; kept the live wsp header. (2) NORM-DOWNDATE (ndd) OV header -- no ndd kernel exists; kept the live xGEQP3-downdate cmv-panel rationale. (3) MULTI-CTA m-SPLIT cm-ov + PLAIN row-major m-split + float4 cm wsp_ov headers -- all 3 kernels deleted; kept the live cm_coop header. COMMENT-ONLY: _CUDA_SRC byte-identical after comment-strip (3727 stripped code lines unchanged, 334720->327372 chars). All 12 bench shapes pass (geomean 1929.1us, BELOW the 1934us floor); 19 test shapes + invariance + kernelguard clean. diff_lines 8146->8046 (-100)."
2026-06-20T08:28:56.252100,4,7,1,1942.227,8028,succeeded,e79d2800494c7c578c750ac6a0962a23ea0e4fe9,"Delete the orphaned 'PIVOT-COOPERATIVE warp-specialized BF16 panel' header (~3419-3434) documenting the deleted row-major coop kernel panel_factor_smem_wsp_coop_bf16_kernel (no __global__ remains; dispatch arm pruned: 'the non-column-major pivot-coop (coop) panel arm ... deleted with its kernel'). The pivot-coop algorithm is fully documented by the LIVE cm_coop header (column-major+float4 variant) that follows. Also dropped the stale 'Mirrors panel_factor_smem_fnorm_ov_bf16_kernel geometry' cross-reference line inside the live wsp_ov header (fnorm_ov_bf16 also deleted). Kept the live wsp_ov OUTER-V-FOLD doc + MINB note. COMMENT-ONLY: _CUDA_SRC byte-identical after comment-strip (3727 stripped code lines unchanged, 334720->325904 chars). All 12 bench shapes pass (geomean 1942.2us, within 0.4% of the 1934us floor; the 1929->1942 delta vs iter0 is run noise -- identical codegen); 19 test shapes + invariance + kernelguard clean. After this, every kernel-name in my region's (3256-4442) comments points to a live definition. diff_lines 8046->8028 (-18; -118 total from parent 8146)."
2026-06-20T08:29:57.416958,4,7,N/A,N/A,N/A,brief_stop,N/A,"Brief 7 (large-n n>=1024 kernel-body comment condense) exhausted. diff_lines 8146->8028 (-118, -1.45%) across 2 commits; geomean held 1929-1942us (within 0.4% of the 1934us floor) every iter; all 12 bench + 19 test shapes + invariance + kernelguard clean throughout. BOTH edits proven COMMENT-ONLY: _CUDA_SRC byte-identical after comment-strip (3727 stripped code lines unchanged, 334720->325904 chars) -- live-path codegen bit-identical. Final HEAD e79d2800.

The brief hypothesis (comments may be mostly LOAD-BEARING) was CORRECT for the kernel BODIES but there was a clean seam of STALE doc-headers. The genuinely-removable content was entirely orphaned kernel-documentation comment blocks describing panel kernels that PRIOR simplify briefs already deleted (the dispatch arms were pruned with 'deleted with its kernel'/'build-light pruned' TORCH_CHECK notes; zero __global__ definitions remain). I verified each by grep (code-occurrence count == 0) before removing.
DELETED (8 orphaned kernel-doc headers, all in the n1024/2048 region 3256-4176): (1) defer==3/==4 headers for fnorm_bf16, fnorm_ov_bf16, pipe_bf16, pipe_ov_bf16 (dispatch supports only g_panel_defer==5); (2) NORM-DOWNDATE (ndd) OV header (no ndd kernel); (3) MULTI-CTA m-SPLIT cm-ov + PLAIN row-major m-split + float4 cm wsp_ov headers (all 3 kernels deleted, dispatch pruned at the cm_coop site); (4) row-major PIVOT-COOP header for wsp_coop_bf16_kernel (deleted; the live coop is cm_coop) + the stale 'Mirrors fnorm_ov_bf16_kernel geometry' cross-ref in the live wsp_ov header. After this, EVERY kernel-name in my region's comments points to a live def.
KEPT (proven load-bearing -- do NOT retry): the live kernel headers for wsp_bf16, wsp_ov_bf16, wsp_cm_ov_bf16(+indexed), cm_coop, wmma_full are dense ALGORITHM/SYNC/LAYOUT/CORRECTNESS rationale (downdate norm-maint, float4 alignment, HELP-aware row-partition correctness, column-major coalescing, named-barrier race-freedom, MINB occupancy reasoning). Also kept as design-justification (not per-iter logs): the wsp contrast paragraph (why warp-spec beats the serial-tail fnorm/pipe approach), the 'fusing the outer tile is ~2.6x slower' note, the '~164us/24 inner launches' note, and all 'drops the standalone build_V_bf16_kernel pass' OV-fold rationale. These document HOW the live kernels are shaped and WHY -- removing them would lose the why-not-the-alternative guidance.

SUGGEST for next brief (adjacent, OUT of my n1024/2048 scope): the n512 raw-V panel family at ~3215-3254 has the SAME orphaned-header pattern -- panel_factor_smem_raw_bf16_ov_kernel (code=0) and the defer-bf16 / base-bf16 panel headers describe deleted n512 kernels; that's the n512 worker's region. And the Python knob region (~6860-6890, the dispatch worker's) still has stale 'Takes priority over NDD' (6872) and the MULTI-CTA m-SPLIT _BIGBATCH knob comment (6874-6878) referencing the same deleted msplit/ndd kernels -- a dispatch-comment brief could trim those one-liners with the same grep-code==0 proof."
2026-06-20T08:33:38.022803,4,8,N/A,N/A,N/A,brief_start,N/A,"Final small comment-cleanup on your branch (parent e79d2800): you flagged stale knob comments in the Python knob/dispatch region (~6860-6890) that still reference DELETED kernels — 'Takes priority over NDD' (~6872) and the MULTI-CTA m-SPLIT _BIGBATCH knob comment (~6874-6878) describing msplit/ndd kernels that no longer exist (grep code-occurrence==0). Trim those stale one-liners using your grep-code==0 proof method (the kernel names appear only in these comments, not in any live code). Also scan the surrounding knob-definition comments for other references to removed kernels/levers. Keep all live-knob documentation. Comment-only -> verify byte-identical codegen on live paths. Hold all 12 shapes, geomean within 1% of 1934us; guards pass. If little remains, log the clean finding and stop. Measure diff_lines each iter."
2026-06-20T08:42:46.223323,4,8,0,1944.317,8023,succeeded,f8cb19ab28d89324314ee89bdcfea22bf78cb0a9,"Trim stale NDD trailer + delete orphaned MULTI-CTA m-split knob comment block in the Python knob region (~6810-6816). NDD (norm-downdate) has 0 code occurrences (comment-only); g_msplit (the m-split block's named knob) has no C++ decl/read and no Python assignment/setter -- kernel deleted. Both are comments OUTSIDE every codegen string (line 6810+, last source string ends 6707): all four assembled CUDA/C++ strings (_CUDA_SRC post-.replace, _CPP_SRC, _CUDA_LU_SRC, _CPP_LU_SRC) are byte-identical to parent e79d2800 (same len + SHA-256). Build cached (hash match, 1.1s), validate PASS + invariance guard CLEAN, geomean 1944.317us (vs parent 1942.227 = +0.11%, noise; codegen identical). diff_lines 8028->8023 (-5)."
2026-06-20T08:44:33.756426,4,8,N/A,N/A,N/A,brief_stop,N/A,"Brief 8 (final knob-region comment cleanup) DONE in 1 clean iteration; HEAD=f8cb19ab, diff_lines 8028->8023 (-5), geomean 1944.317us (parent 1942.227, +0.11% noise -- codegen is byte-identical), validate PASS + invariance guard CLEAN. Both flagged stale items confirmed orphaned and trimmed in ONE edit: (1) the 'Takes priority over NDD.' trailer on the live _BIGBATCH_PANEL_CM doc -- NDD (norm-downdate) has 0 code occurrences fileside (comment-only); (2) the 5-line '# MULTI-CTA m-SPLIT' block -- it documented g_msplit, which has NO C++ declaration/read and NO Python assignment/setter (kernel was deleted, C++ comments at 5316 say 'deleted with its kernel'); the block sat orphaned with no knob assignment beneath it. PROOF of behavior-neutrality: both edits are pure Python comments at line 6810+, AFTER every codegen string ends (last is _CPP_LU_SRC at 6707); an AST dump shows all four assembled source strings (_CUDA_SRC post-.replace, _CPP_SRC, _CUDA_LU_SRC, _CPP_LU_SRC) have identical length AND SHA-256 vs parent e79d2800 -- the compiled kernels are bit-for-bit the same (build hit the content-hash cache in 1.1s, confirming it). Scanned the rest of the immediate _BIGBATCH knob block (6730-6930): every QR_* knob mentioned in comments has exactly 1 live assignment; no other orphaned levers. As the brief anticipated, little stale content remained -- stopped without forcing it. NOTE for a future OUT-OF-SCOPE brief (n512/panel region, NOT mine): 'panel_factor_smem_raw_bf16_ov_kernel' and 'build_V_bf16_kernel' are comment-only names (no def/launch) appearing in 5 C++ comments (3240/3420/4949/5169/5260, inside _CUDA_SRC) AND the live _BIGBATCH_OV_FOLD Python doc at 6866 -- the build_V was folded into the raw-OV write-back and the old kernel names linger; a panel-region owner could refresh that terminology, but it is load-bearing live-knob (_BIGBATCH_OV_FOLD / g_ov_fold is live) and n512-panel scope, so I left it. Combine fleet (W1/W3) is already at diff 6544 on a separate branch; this is a small standalone trim the manager can fold if useful."
2026-06-20T08:46:11.196625,4,9,N/A,N/A,N/A,brief_start,N/A,"Dead-code is fleet-wide exhausted; pursue a genuine STRUCTURAL refactor on your branch (parent f8cb19ab) — NOT deletion. The n512 panel/apply terminology you flagged is stale because build_V_bf16_kernel was FOLDED into the raw-OV panel write-back; that fold left near-duplicate code shapes. Look for a real consolidation: two host-side functions or dispatch blocks in the panel/build_Minv/apply layer that now do nearly-identical work and could be unified behind one parameterized helper (cutting net lines WITHOUT changing kernel behavior). Prove behavioral equivalence by building + running all 12 bench + 22 test shapes + guards; if the unification holds the floor AND nets fewer lines, keep it. If no clean structural unification exists (the paths differ in load-bearing ways), log that finding and stop — do NOT force a risky refactor on the live hot path. Avoid n512-bad-subset internals (another worker). Hold all 12 shapes, geomean within 1% of 1934us; guards pass. Measure diff_lines each iter."
2026-06-20T09:03:44.420754,4,9,0,1932.517,8020,succeeded,fb2db5a2476b52838127e0bb927babaa6b3f63ad,"Unify the 3 verbatim _buf_cache allocate-if-None sites behind a single _cached_empty(key, shape, dtype, device) helper. The idiom (buf=_buf_cache.get(key); if buf is None: buf=torch.empty(...); _buf_cache[key]=buf; return buf) appeared identically in _scratch_like_dtype3, _scratch_like, and inline for the R buffer in _choleskyqr_1pass. Both scratch fns become one-line delegations; the inline site collapses to one call. Pure host-side Python (CUDA src byte-identical -> build cached 1.1s, kernel codegen unchanged); caching is bit-identical at every site (verified torch.empty(a,b,c,d)==torch.empty((a,b,c,d)) and torch.Size accepted as a single shape arg). All 12 bench shapes pass (geomean 1932.5us, BELOW the 1934.4 floor, beats parent 1944.3); 22 test shapes + invariance guard CLEAN. diff_lines 8023->8020 (-3)."
2026-06-20T09:07:21.340073,4,9,N/A,N/A,N/A,brief_stop,N/A,"Brief 9 (structural refactor, NOT deletion) exhausted with ONE clean unification landed. diff_lines 8023->8020 (-3, commit fb2db5a2); geomean 1932.5us (BELOW the 1934.4 floor, beats parent 1944.3); all 12 bench + 22 test shapes + invariance guard CLEAN. Final HEAD fb2db5a2, profiled (PAF kernel<64,64,8> 651 launches == parent -> kernel codegen byte-identical).

LANDED: extracted _cached_empty(key, shape, dtype, device) -- the get-or-allocate-if-None _buf_cache idiom (buf=_buf_cache.get(key); if buf is None: buf=torch.empty(...); _buf_cache[key]=buf) appeared VERBATIM 3x: _scratch_like_dtype3, _scratch_like, and inline for the R buffer in _choleskyqr_1pass. The two scratch fns are now 1-line delegations; the inline site collapses to one call. Pure host-side Python (CUDA src byte-identical, build cached 1.1s); bit-identical caching at every site (verified torch.empty(a,b,c,d)==torch.empty((a,b,c,d)) and torch.Size accepted as a single shape arg).

BRIEF HYPOTHESIS REFUTED -- the named candidates are NOT host-side Python: the build_Minv dispatch arms (rblk_gen/blk4), the panel launch wrappers (smem-size + cudaFuncSetAttribute + launch), and the blocked_qr/blocked_qr_2level/blocked_qr_2level_bf16 scratch-tensor setup ALL live INSIDE the _CUDA_SRC C++ string (lines 66-5687). Refactoring them would change kernel codegen (forbidden by the brief) AND they are actively owned by W3 (build_Minv f32_to_bf16_packed dispatch, indexed/mixed/split-bad) and W5 (blocked_qr/blocked_qr_2level C++ scratch + apply_block_reflector) -- W5 just deleted dead split-scratch in blocked_qr_2level this run. So those are doubly off-limits for me.

PYTHON DISPATCH LAYER IS ALREADY UNIFIED (proven not-cleanly-further-unifiable, do NOT retry):
(1) _qr_exact_2level ALREADY unifies the FP32 pair _qr_large_fp32 + _qr_small_exact (the existing template: set required+optional-keyed flags -> blocked_qr_2level -> restore).
(2) _patch_bad_matrices ALREADY unifies _patch_panel_labels + _patch_collinear (both are 2-line wrappers around it).
(3) the large-regime dispatch is ALREADY a (predicate, handler) _arms table.
(4) _qr_large_fp16 vs _qr_small_bf16 (both BF16 set/call-blocked_qr_2level_bf16/restore wrappers): NOT cleanly unifiable -- different flag SETS (large_fp16 has inner_wmma/panel_apply_fused/paf_warps/minv_rblk selector + minv_nt; small_bf16 has panel_cm2 + panel_raw-derived-from-defer), different DERIVED control flow (small_bf16 has ib<=0/ib>=ob single-level coercion, cmf vs help_>1 mutual-exclusion toggling, _two_level=(ib<ob) gating), and a load-bearing ov_fold restore ASYMMETRY (large_fp16 restores ov_fold UNconditionally; small_bf16 only if _two_level and deferp==5). A unified helper would need ~30 optional-key set/restore pairs + 2 error-prone cfg builders replicating small_bf16's derivations -- net ~break-even-or-negative lines at real risk on EVERY BF16 shape (n=176/352/512/1024/2048). Exactly the live-hot-path risk the brief says not to force.
(5) info/noinfo cholesky pair (_cholesky_dispatch/_looped_cholesky vs _noinfo twins): load-bearing -- the info path (cholesky_ex) feeds a per-matrix PD fallback gate in _cholqr_path; the noinfo path (cholesky, raises) is the perf-specialized no-gate b2 path (_cholqr_dense_b2_path, the n=4096-B=2 BENCH shape). Folding noinfo into info adds an info alloc+collection to the b2 hot path -- a perf change, not a no-op. NOTE: with defaults _B2_CHOL_SOLVE_EXT=_B2_CHOL_LOWER_R_EXT=1, the _cholesky_dispatch_noinfo arm (line 7637) is statically unreached on the active set (the only dense_noinfo=True caller is b2/n4096-with-EXT-on, which returns early at the chol_b2_lower_R_solve fast path) -- but it is the env-gated fallback when those C++ EXT paths are compiled out, so it is real defensive code, NOT dead, and this brief was refactor-not-deletion anyway.
(6) _scratch_like vs _scratch_like_dtype3: distinct shape contracts ((lead,b,n,n) hardcoded 4D vs generic ref.shape) -- they now SHARE _cached_empty (the only safe overlap); merging their signatures would need runtime shape routing the callers do not have.
(7) the _label_scratch_cache get-or-alloc sites use a DIFFERENT cache dict (not _buf_cache) AND a grow-on-demand (cap<bad_count) semantic, not get-or-alloc-once; the only simple-idiom site outside W3's split-bad fence is the tiny ('count',key) alloc in _patch_bad_matrices (4 lines) -- generalizing _cached_empty to take the cache as a param would add +3 lines at the 3 existing callers for ~2 saved, net ~0.

SUGGEST for next brief: the host-side Python dispatch layer is now structurally clean (no further clean unification I can find). Any further diff_lines reduction lives in the C++ _CUDA_SRC (W3/W5 territory) or would require forcing the risky BF16-wrapper merge onto the live hot path. If you want one more low-risk host-side pass, the only untouched simple-idiom site is _patch_bad_matrices' ('count',key) _label_scratch_cache alloc, but it nets ~0 lines and abuts W3's split-bad region -- I'd advise against it."
2026-06-20T10:19:48.304338,4,10,N/A,N/A,N/A,brief_start,N/A,"Audit the LU EXTENSION's host glue on your branch (parent fb2db5a2): the _CPP_LU_SRC pybind functions=[...] list (~7322) + its extern-C forward-decl block (~7308). Another worker audited the MAIN extension's bindings; the LU/orhr extension's bindings are unaudited. For each LU-ext bound symbol (chol_L_to_R_out, chol_b2_lower_R_out, chol_b2_lower_R_solve, build_H_inplace, tri_solve_right_inv, oz_slice, oz_recombine_all[_upper], recon_lu_cpp, etc.): grep for  /  Python call sites. Remember the alias trap (the LU module is bound to a local like  — grep  not just ). Delete only symbols with ZERO Python callers AND no internal C++ caller (kernels/helpers used only by other now-dead LU host fns). Keep all live ones (chol_b2_lower_R_out is LIVE for shape 6; the oz_* Ozaki Gram is LIVE). Full recompile per change; build+validate(22 tests+guards)+bench(12). Hold geomean within 1% of 1934us. If all LU bindings are live (likely), log that clean finding and stop. Measure diff_lines each iter."
2026-06-20T10:23:21.169014,4,10,N/A,N/A,N/A,brief_stop,N/A,"Brief 10 (LU-extension host-glue binding audit) EXHAUSTED -- CLEAN 'ALL LIVE' FINDING, ZERO deletions. No commit (tree byte-identical to parent fb2db5a2; geomean 1932.5us, diff_lines 8020 unchanged). All 9 LU-ext bound symbols in _CPP_LU_SRC forward-decl block (L6698-6707) + functions=[] list (L6713-6714) are LIVE -- each has >=1 reachable Python 'lu.<name>(' caller via the 'lu=_get_lu()' local alias (verified: no direct _lu.<method> use, no getattr/setattr/hasattr alias trap; _lu accessed ONLY through _get_lu()). LIVENESS MAP across the 12 bench + 22 test shapes (only n=4096 shapes hit the cholqr paths): oz_slice@7460 (unconditional in _gram_int_ozaki, every cholqr path); oz_recombine_all_upper@7476 (_B2_GRAM_UPPER_EXT&b==2&n==4096 -> BENCH shape 6); oz_recombine_all@7478 (else -> n=4096 B!=2, the n=4096-B=1 TEST shapes); chol_b2_lower_R_solve@7629 (dense_noinfo&_B2_CHOL_SOLVE_EXT&b==2&n==4096 -> BENCH shape 6); chol_b2_lower_R_out@7632 (dense_noinfo&_B2_CHOL_LOWER_R_EXT -> shape-6 flag-selectable fallback when _B2_CHOL_SOLVE_EXT=0; BRIEF's explicit KEEP); chol_L_to_R_out@7636/7639 (elif/else general-cholqr path -> n=4096-B=1 TEST shapes); tri_solve_right_inv@7648 (unconditional) PLUS an INTERNAL C++ caller at L6108 inside chol_b2_lower_R_solve (two forward decls: internal L6040 + pybind L6702); recon_lu_cpp@7679 + build_H_inplace@7680 (unconditional in _reconstruct_householder, reached by both _cholqr_path & _cholqr_dense_b2_path for all n=4096). Dispatch chain confirmed live: custom_kernel->_custom_kernel_generic->_arms (L7898 _cholqr_dense_b2_path for B==2&n>=4096=bench shape6; L7899 _cholqr_path for general n>=4096=n4096-B1 tests). NOTHING to delete -- the LU extension is small and fully load-bearing for the n4096 FP64-Gram CholeskyQR path, exactly as the brief anticipated. Final SHA fb2db5a2476b52838127e0bb927babaa6b3f63ad. No adjacent LU-ext simplify candidates remain in this region."
2026-06-20T10:25:05.274741,4,11,N/A,N/A,N/A,brief_start,N/A,"LU is irreducible (your finding). Do a final FULL-DELIVERABLE verification + change manifest on the consolidated deliverable (parent f19ac05b, diff 6193, submitted). (1) From a clean state, build + validate (22 tests + invariance + diff-correctness + kernelguard) + benchmark all 12 shapes — confirm geomean within 1% of 1934us and every shape check:pass; this is an independent re-confirmation the submittable file is sound. (2) Produce a categorized manifest of what the simplification removed vs baseline main (6e619b05) — i.e. summarize  + group the deletions by kind (dead kernels removed, dead config knobs/globals folded, dead Python branches, repair/rankreveal scaffolding, comment condensation) with approximate line counts per category. Write this manifest to a iteration description (it's run documentation for the eventual PR). (3) While doing the census, if you happen to spot any NEW orphan introduced since the last seam audit, flag it (don't fix unless trivially proven). No speculative deletions. Log --metric linalg/qr_v2=<geomean> --metric diff_lines=6193 (unchanged — this is verification). brief_stop with the manifest + confirmation."
2026-06-20T10:34:02.014106,4,11,0,1938.173,6193,succeeded,f19ac05b6a6d80a821563e5ab969732834f94bba,"VERIFICATION + CHANGE MANIFEST of the consolidated deliverable f19ac05b (no edits; tree byte-identical to parent). (1) SOUNDNESS RE-CONFIRMED from clean state: build OK (28.6s fresh sm_100 compile); validate FULL PASS -- kernelguard clean, banned-stream scan clean, all 22 test shapes check:pass, diff_correctness_guard CLEAN (12 shapes x 8 inputs), invariance_guard CLEAN (batch{32..1280}+fraction{0..128/128}+position sweeps); benchmark all 12 shapes check:pass, geomean 1938.173us (+0.22% of 1934 floor; a 2nd run read 1954.3us=+1.05%, the spread is run-noise on bit-identical codegen -- this exact tree benched 1929-1954us across the run lineage). diff_lines 6193 unchanged (vs upstream torch.geqrf stub baseline). SUBMITTABLE FILE IS SOUND. (2) CHANGE MANIFEST -- BASELINE CORRECTION: the brief's stated baseline 6e619b05 is NOT the optimized kernel; at that commit submission.py is the 6-line torch.geqrf reference STUB (it's the harness commit adding kernelguard). So diff vs it (=6193 = the diff_lines metric) measures TOTAL deliverable kernel size (+6192/-1), not what simplification removed. The true pre-simplify optimized baseline is fb5f8321 (8695 lines, the 'optimized' log row). Manifest computed fb5f8321->f19ac05b: +613/-3111, NET -2498 lines (8695->6197), -28.7%. CATEGORIZED DELETIONS (disjoint section buckets, sum=3111): [6] COMMENT condensation ~1464 (47%: stale sweep-history/rejected-experiment narration + orphaned doc-headers for deleted kernels). [1] DEAD CUDA KERNELS ~970: build_Minv variants static<64>+dyn ~287 (kept blk4+rblk_gen); FP32 panel_factor base family raw/wsp/wsp_cm/defer/pipe/fnorm ~239; dtype-conv zoo+split_kernel+gather_split_C+mm3_sym+bf16_to_f32+f32_to_bf16_packed ~145; tiny-n variants warp_scalar/kernel/pipe+_gen_tiny codegen ~89; PAF kernel-body dead arms ~163 (kernel KEPT); copy_tau_n512_indexed ~11. [4] REPAIR/RANK-REVEAL/COLLINEAR scaffolding ~481: CUDA compact_collinear/coll_accum/coll_finalize/compact_large_bad_input/n512_tail_nz_mask ~422 + Python _patch_collinear/_patch_bad_matrices/_patch_panel_labels/_qr_bigbatch_split_bad ~59 (detector never caps). [3] DEAD PYTHON DISPATCH branches ~81: _qr_large_b60_classified collapse, statically-dead knob-gated arms in large-n/bigbatch/small-n + _arms tables. [5] LU/CHOLQR internal dead ~75: _looped_cholesky+_noinfo dup, _cholesky_dispatch[_noinfo], RECON path-selector consts, dead LU-ext else-branches. [2] DEAD CONFIG KNOBS/GLOBALS folded ~265 (CROSS-CUTTING overlay, re-tags lines already counted in sections above -- NOT additive): ~40+ env QR_* knobs inlined to literals (BIGBATCH_*/FP32_SMALL/TINY_*/B2_*_EXT/CHOLQR_MIN_N/LU_*); C++ globals+setters removed (g_formt/g_gram3/g_minv_blk2/g_bf16_blk2/g_msplit*/g_minv_blk2_max_n/g_prec_w/g_n512_rankreveal/rr_thr/nfac); 6 PAF_* compile-macros folded to taken branch (FP32A5/SPLITK_A2/A4_DUALACC/FUSE_A2A4/MERGE_MBW/NO_LSH +MINB4/LAUNCH_BOUNDS) ~41; pybind functions[] 49->26 entries (~30 lines) + matching extern decls. (3) NEW-ORPHAN SCAN: NONE. Every surviving __global__ has >=1 <<<>>> launch; every C++ g_* has >=1 behavioral read (lowest g_solveptrs_cap/g_wsp_cm_coop/g_minv_2lev_nlev each verified live-read driving control flow); all 26 pybind entries resolve to a def; custom_kernel refs=1 is the harness entry point (not dead)."
2026-06-20T10:34:23.961495,4,11,N/A,N/A,N/A,brief_stop,N/A,"Brief 11 (VERIFICATION + change manifest, NOT reduction) DONE. 1 succeeded iteration, no edits (tree byte-identical to deliverable f19ac05b), diff_lines 6193 unchanged. SHA = f19ac05b6a6d80a821563e5ab969732834f94bba.

(1) DELIVERABLE IS SOUND -- independently re-confirmed from a clean state: build OK (28.6s fresh sm_100 compile); validate FULL PASS [kernelguard clean + banned-stream scan clean + all 22 test shapes check:pass + diff_correctness_guard CLEAN (12 shapes x 8 inputs) + invariance_guard CLEAN (batch sweep B={32,96,160,640,1280}, fraction sweep bad={0,1,32,64,128}/128, position sweep)]; benchmark all 12 shapes check:pass. Geomean: run1=1954.3us (+1.05%), run2=1938.2us (+0.22%); the ~0.8% spread is pure run-noise on bit-identical codegen (this exact tree benched 1929-1954us across the whole run lineage), mean ~1946us. WITHIN 1% of the 1934us floor. The submittable file is correct and fast.

(2) CHANGE MANIFEST -- full categorized manifest in the iteration-0 description. IMPORTANT BASELINE CORRECTION the manager should know: the brief's stated baseline 6e619b05 is NOT the optimized kernel -- at that commit submission.py is the 6-line torch.geqrf reference STUB (it is the harness commit that added the kernelguard scan). So git diff vs 6e619b05 = +6192/-1 = the diff_lines=6193 metric, which measures the deliverable's TOTAL kernel SIZE, not what simplification removed. The manifest of what was REMOVED is therefore computed against the true pre-simplification optimized predecessor fb5f8321 (8695 lines, the 'optimized' log row): +613/-3111, NET -2498 lines (8695->6197, -28.7%). Categorized deletions (disjoint, sum=3111): comment condensation ~1464 (47%); dead CUDA kernels ~970 (build_Minv static<64>+dyn, FP32 panel_factor base family, dtype-conv/split/mm3_sym zoo, tiny-n variants+codegen, PAF dead-arm bodies, copy_tau_n512); repair/rank-reveal/collinear scaffolding ~481 (compact_collinear/coll_accum/coll_finalize/compact_large_bad_input CUDA + _patch_*/_qr_bigbatch_split_bad Python); dead Python dispatch ~81; LU/cholqr internal dead ~75 (_looped_cholesky dup, RECON consts); dead config knobs/globals folded ~265 cross-cutting overlay (~40 env QR_* knobs->literals, g_formt/g_gram3/g_minv_blk2/g_bf16_blk2/g_msplit/g_minv_blk2_max_n/g_prec_w/g_n512_rankreveal globals+setters, 6 PAF_* compile-macros, pybind 49->26 entries). The 6193 figure (vs upstream stub) and the 2498 figure (vs optimized predecessor) are BOTH correct -- they answer different questions (final kernel size vs simplification delta); the PR should cite the 2498/-28.7% reduction-from-optimized as the simplification headline.

(3) NEW ORPHANS: NONE found. Full HEAD-side scan: every surviving __global__ kernel has >=1 launch site; every C++ g_* global has >=1 behavioral read (the three lowest-reference ones g_solveptrs_cap/g_wsp_cm_coop/g_minv_2lev_nlev each verified to drive control flow with a genuine read); all 26 pybind functions[] entries resolve to a def; the only refs=1 symbol (custom_kernel) is the external harness entry point, not dead. The deliverable is orphan-clean -- consistent with the prior seam-audit/C++-sweep/certification briefs.

CONCLUSION: deliverable f19ac05b is verified sound and fully documented. No reduction performed (correctly -- this was a verification brief). LU/build_Minv/all regions confirmed irreducible by the fleet; the simplification run is complete and PR-ready."
2026-06-20T10:36:46.100454,4,12,N/A,N/A,N/A,brief_start,N/A,"Run is converged; the manifest is done. Final task: a NOISE-REDUCED performance certification of the deliverable (parent f19ac05b, diff 6193). Prior runs saw 1919-1954us run-to-run noise; pin down the true geomean vs the optimized floor. Run the benchmark 3-5 times (each wrapped in autocuda run exclusive), record all geomean values, and report the median + range. Cross-check: also benchmark the optimized floor fb5f8321 2-3 times on the same GPU back-to-back, so we have an apples-to-apples median-vs-median comparison proving the simplified deliverable holds (or beats) the optimized peak within noise. This confirms the perf-floor claim rigorously for the final report. No code change — log diff_lines=6193 unchanged with the measured medians in the description. If you observe the deliverable consistently slower than the floor beyond noise, that's important — flag it. Log --metric linalg/qr_v2=<median geomean> --metric diff_lines=6193. brief_stop with the median-vs-median verdict."
2026-06-20T10:53:02.784977,4,12,0,1924.983,6193,succeeded,f19ac05b6a6d80a821563e5ab969732834f94bba,"NOISE-REDUCED perf certification of the deliverable f19ac05b (no code change; tree byte-identical to parent, diff_lines 6193 unchanged). Build OK; validate FULL PASS (kernelguard + banned-stream scan + all 22 test shapes check:pass + diff_correctness_guard CLEAN + invariance_guard CLEAN: batch{32..1280}+fraction{0..128/128}+position sweeps). All benchmarks via 'autocuda run exclusive', 12-shape geomean. MEASUREMENT SET: DELIVERABLE f19ac05b x5 runs = 1919.942, 1924.983, 1920.668, 1926.566, 1931.021 us -> sorted 1919.942/1920.668/1924.983/1926.566/1931.021, MEDIAN=1924.983us, min 1919.942, max 1931.021, range 11.08us (0.58%), every run all-12-shapes check:pass. OPTIMIZED FLOOR fb5f8321 x3 runs back-to-back same GPU pool same wrapping (git-checkout overlay of fb5f8321's submission.py into worktree -> fresh 34s compile -> bench -> restored deliverable file, HEAD never left f19ac05b) = 1934.913, 1934.617, 1932.986 us -> sorted 1932.986/1934.617/1934.913, MEDIAN=1934.617us, min 1932.986, max 1934.913, range 1.93us (0.10%; matches the recorded 1934.431 optimized row). MEDIAN-VS-MEDIAN VERDICT: deliverable median 1924.983us vs floor median 1934.617us = deliverable is 9.63us FASTER (-0.50%). The deliverable's ENTIRE 5-sample range (1919.9-1931.0) lies AT/BELOW the floor median, and the deliverable's MAX (1931.0) is below the floor's MIN (1933.0) -- the two distributions are essentially non-overlapping with the deliverable on the faster side. WITHIN the ~1% project noise band => the simplified deliverable HOLDS (and slightly BEATS) the optimized peak; it is NOT slower than the floor beyond noise. PERF-FLOOR CLAIM RIGOROUSLY CONFIRMED. The brief-11 single read of 1938.173us was higher-noise; this 5-sample median 1924.983us is the more accurate true geomean for the final report. NOTE: harness 'linalg/qr_py' (a DIFFERENT 7-shape problem, geomean ~44788us) must NOT be confused with the active 'linalg/qr_v2' (12 shapes, ~1925us) -- both submission.py files exist in the tree; this certification is on qr_v2, the run's target."
2026-06-20T10:53:18.338081,4,12,N/A,N/A,N/A,brief_stop,N/A,"Brief 12 (NOISE-REDUCED perf certification, NO code change) DONE. 1 succeeded iteration, tree byte-identical to deliverable f19ac05b, diff_lines 6193 unchanged. HEAD=f19ac05b6a6d80a821563e5ab969732834f94bba; worktree clean (overlayed fb5f8321's file only in the working tree for the floor bench, then restored -- HEAD never moved).

VERDICT: PERF-FLOOR CLAIM RIGOROUSLY CONFIRMED -- the simplified deliverable HOLDS and slightly BEATS the optimized peak.

DELIVERABLE f19ac05b (5 runs, autocuda run exclusive, qr_v2 12-shape geomean): 1919.942, 1920.668, 1924.983, 1926.566, 1931.021 us -> MEDIAN 1924.983us (min 1919.942, max 1931.021, range 0.58%). Every run all-12-shapes check:pass; full validate (22 tests + diff-correctness + invariance + kernelguard) clean.
OPTIMIZED FLOOR fb5f8321 (3 runs, same GPU pool / wrapping, back-to-back): 1932.986, 1934.617, 1934.913 us -> MEDIAN 1934.617us (min 1932.986, max 1934.913, range 0.10%; matches the 1934.431 optimized log row).
MEDIAN-VS-MEDIAN: 1924.983 (deliverable) vs 1934.617 (floor) = deliverable 9.63us FASTER, -0.50%. The deliverable's ENTIRE range (1919.9-1931.0) sits at/below the floor median and its MAX (1931.0) is below the floor MIN (1933.0) -- near non-overlapping distributions, deliverable faster. Within the ~1% project noise band, so formally equivalence-or-better: the -28.7% simplification (8695->6197 lines, -2498 from the optimized predecessor) cost ZERO performance; if anything it is marginally faster (likely from the dead per-call classifier launches removed in briefs 2/2's compact_large_bad_input deletion).

The brief-11 single reads (1938.2 / 1954.3us) were higher-variance; this 5-sample median 1924.983us is the noise-reduced true geomean to cite in the final report. NOT slower beyond noise -- no flag needed.

Logged --metric linalg/qr_v2=1924.983 (noise-reduced median) --metric diff_lines=6193 (unchanged). The SIMPLIFY run is verified complete and PR-ready: sound (clean-state build+validate+all guards), minimal (-28.7%), and performance-confirmed at/above the optimized floor."
2026-06-20T10:55:59.604529,4,13,N/A,N/A,N/A,brief_start,N/A,"ZERO-GPU documentation: produce the AUTHORITATIVE final PR change-summary by reconciling manifests. You wrote one (net -2498 vs fb5f8321: comment ~1464 / kernels ~970 / scaffolding ~481 / globals ~265 / Python ~81 / LU ~75); another worker (W1) is independently computing one against the deepest b6edd6e3. Recompute 642	3219	problems/linalg/qr_v2/submission.py (the deepest is ~50 lines smaller than your f19ac05b base, mostly comments). Reconcile the per-category line counts, list the specific named kernels removed (panel variants, build_Minv variants, conversion zoo, repair/collinear, m-split, tiny variants) and config globals folded (g_gram3, g_minv_blk2, g_bf16_blk2, g_minv_blk2_max_n, g_formt, g_msplit, _BF16_*, PAF macros, ~30 env knobs), and write the final categorized summary in your iteration description — this is THE PR change-summary. NO code change, NO benchmark (GPU busy). Log diff_lines=6193 (your branch, unchanged) + linalg/qr_v2=1924.98 (the certified median). brief_stop with the authoritative manifest."
2026-06-20T10:58:43.505877,4,13,0,1924.980,6193,succeeded,f19ac05b6a6d80a821563e5ab969732834f94bba,"AUTHORITATIVE FINAL PR CHANGE-SUMMARY (ZERO-GPU documentation; NO code change, NO benchmark -- GPU busy). My branch HEAD unchanged at f19ac05b (diff_lines 6193); this row documents the DEEPEST consolidated deliverable b6edd6e321a2 (the full 6-branch fleet combine + W2 stale-comment folds), which is the file the human PR ships.

=========================================================================
BASELINE: the TRUE simplify baseline is fb5f8321 (8695 lines), the OPTIMIZED predecessor (the 'optimized' log row). NOT main/6e619b05 -- at main, submission.py is the 6-line torch.geqrf reference STUB, so git-diff vs it (=6193, the diff_lines metric) measures the deliverable's TOTAL kernel SIZE, not what simplification removed. The PR headline is the reduction-from-optimized.

HEADLINE (git diff --numstat fb5f8321 b6edd6e321a2 -- submission.py): +642 / -3219 = NET -2577 lines (8695 -> 6118, -29.6%). [My earlier brief-11 manifest was vs my f19ac05b base = +613/-3111, net -2498 (8695->6197); the deepest b6edd6e3 removes 79 MORE net lines (delta f19ac05b->b6edd6e3 = +37/-116) -- mostly comment fixes/folds + the m-split C++ scratch. Manifest below is RECONCILED to the deepest -3219 total.]

AUTHORITATIVE CENSUS (fb5f8321 -> b6edd6e3, verified by git): __global__ CUDA kernels 51 -> 36 (-15 + 1 macro-cond decl variant); pybind main-ext functions[] 49 -> 25 entries (-24); os.environ QR_* env reads 56 -> 18 (-38 knobs inlined). Confirmed FULLY GONE in deepest (0 occurrences): g_msplit, g_minv_blk2_max_n, _BF16_BIGBATCH, _BF16_LARGEHI, m-split scratch cGbar/cGpart, g_gram3, g_formt.

CATEGORIZED DELETIONS (disjoint section buckets, SUM = 3219):

[A] COMMENT condensation  ~1530 (48%): stale per-iter sweep-history / rejected-experiment / us-delta narration + orphaned doc-headers for already-deleted kernels. (Brief-11 counted ~1464 vs f19ac05b; the deepest adds ~66 more comment lines -- the big m-split BF16 5-kernel doc-header block -40, the g_panel_cm2 dead-cm2-2-reflector narration rewritten to live-cmf doc -13/+7, the g_msplit MULTI-CTA doc -4, the g_wsp_help stale-name fix -6/+8, _BF16_*/_SMALL_HI comment trims.)

[B] DEAD CUDA KERNELS removed  ~970: (named, from the comm-diff of __global__ defs)
   - build_Minv variants: build_Minv_kernel (static<64>) + build_Minv_dyn_kernel ~287 [KEPT live: build_Minv_blk4_kernel, build_Minv_rblk_gen_kernel].
   - FP32 panel_factor base family: panel_factor_smem_kernel (FP32 base) + its raw/wsp/wsp_cm/defer/pipe/fnorm FP32 siblings ~239 [KEPT: the live BF16 cm_coop / cmf / cm_ov / wsp_ov panels].
   - dtype-conversion/fill zoo: bf16_to_f32_kernel, f32_to_bf16_packed, split_kernel, gather_split_C_kernel, compact_label_eq2_32_input_kernel, mm3_sym ~145.
   - tiny-qr variants: tiny_qr_kernel, tiny_qr_pipe_kernel, tiny_qr_warp_scalar_kernel + the _gen_tiny_warp_scalar_kernel Python codegen (collapsed to divfree-only, WPB de-templated) ~89.
   - PAF megakernel dead arms (kernel qr_panel_apply_fused_kernel KEPT): 6 compile-macro-guarded experimental bodies (FP32A5/SPLITK_A2/A4_DUALACC + the FUSE_A2A4/MERGE_MBW/NO_LSH dead #else arms) + the PAF_LAUNCH_BOUNDS/PAF_MINB4 launch-bound variant + dead 4-warp/>=16-warp launch-dispatch arms ~163.
   - copy_tau_n512_indexed_kernel ~11.

[C] REPAIR / RANK-REVEAL / COLLINEAR scaffolding  ~481: CUDA compact_collinear_kernel + coll_accum_kernel + coll_finalize_kernel + compact_large_bad_input_kernel (n=1024-B=60 batch classifier) + n512_tail_nz_mask_kernel ~422; Python _patch_collinear / _patch_bad_matrices / _patch_panel_labels / _qr_bigbatch_split_bad merged-then-routed-through-geqrf, _qr_small_repair_fp32 deleted, 4 n512 rank-reveal setter wrappers (set_n512_nfac/rankreveal/rr_thr/rr_detect) + their pybind + the n512_good_rankreveal nfac trigger ~59 (the detector provably never caps a legitimate column on the active set).

[D] DEAD PYTHON DISPATCH branches  ~85: _qr_large_b60_classified collapsed to unconditional FP16; the unreachable n=1024 device-filling FP16 arm + the n=2048 _BF16_LARGEHI gate folded to literal-True; _custom_kernel_generic small-n split 64<n<=352 narrowed to 64<n<=176 (n in (176,352] already returns via the bf16 path) with the _SMALL_HI elif arm + _SMALL_HI FP32-tail keys (wsp_pad/panel_cm2/minv_blk4) removed; the _BF16_BIGBATCH==2 n512 gate folded; statically-dead knob-gated arms across large-n / bigbatch / small-n + the _arms predicate table tidy.

[E] LU / cholqr INTERNAL dead code  ~75: _looped_cholesky + its _noinfo dup + _cholesky_dispatch[_noinfo] consolidated; 4 never-read RECON path-selector consts (_RECON_CUSTOM/_RECON_CPP/_RECON_CPP2/_RECON_IPH); dead LU-ext else-branches; the duplicate collinearity-probe consolidated to one multi-CTA path. [LU-ext bindings themselves all proven LIVE -- brief 10 -- nothing removed there.]

[F] DEAD CONFIG KNOBS / GLOBALS folded  ~265 (CROSS-CUTTING overlay -- re-tags lines ALREADY counted in [A]-[E]; NOT additive to the 3219 sum): ~38 env QR_* knobs inlined to literals (56->18 os.environ reads: BIGBATCH_*/FP32_SMALL/TINY_*/B2_*_EXT/CHOLQR_MIN_N/LU_*/_BF16_BIGBATCH/_BF16_LARGEHI/_SPLIT/_NVCC_O/_PTXAS_O/_TINY_DIVFREE/_RECON_*); C++ globals+setters removed (g_formt, g_gram3, g_minv_blk2, g_bf16_blk2, g_minv_blk2_max_n, g_msplit, g_prec_w, g_minv_2lev_nlev's setter, g_n512_rankreveal/rr_thr/nfac, g_tiny_warp/g_tiny_fused, set_no_splitk); the m-split DEAD C++ SCRATCH in blocked_qr_2level_bf16_indexed (cGbar/cGpart/s3_numSM/Gbar/Gpart ~17 real C++ lines -- this is the largest single new fold vs my f19ac05b base); 6 PAF_* compile-macros folded to the taken branch (+PAF_MINB4/LAUNCH_BOUNDS); pybind main-ext functions[] 49->25 (-24 entries, ~24 lines) + matching extern-C forward decls.

RECONCILIATION vs my brief-11 manifest (net -2498 @ f19ac05b): the deepest b6edd6e3 is 79 net lines smaller. The extra deletions (delta f19ac05b->b6edd6e3, -116/+37) split: comment-fixes ~66 (m-split BF16 doc-header -40, g_panel_cm2 -13/+7, g_msplit -4, g_wsp_help -6/+8, _BF16_*/_SMALL_HI trims) -> bucket [A]; m-split C++ scratch ~17 -> [F]; g_minv_blk2_max_n global+setter+extern+pybind+Python-call+comment fold + _BF16_BIGBATCH/_BF16_LARGEHI knob folds ~18 -> [B-comment]+[F]; _SMALL_HI FP32-tail keys + _qr_large_n/_custom_kernel_generic dispatch folds ~15 -> [D]. Section sums adjusted: [A] 1464->~1530, [F] overlay 265->~283 (m-split scratch + 2 knobs), [D] 81->~85. Disjoint buckets [A]+[B]+[C]+[D]+[E] = 3219 (the [F] knobs/globals overlay is the cross-cutting re-tag, not added).

PERFORMANCE: NEUTRAL-to-slightly-FASTER -- noise-reduced certification (brief 12, 5 runs deliverable vs 3 runs floor, same GPU pool): deliverable median 1924.98us vs optimized-floor fb5f8321 median 1934.62us = -0.50% (deliverable 9.63us FASTER); the deliverable's entire 5-sample range (1919.9-1931.0us) sits at/below the floor median and its MAX is below the floor MIN (near non-overlapping, deliverable faster). -29.6% line reduction cost ZERO performance (likely marginally faster from the dead per-call classifier launches removed with compact_large_bad_input).

ORPHAN SCAN: NONE. Every surviving __global__ has >=1 launch; every C++ g_* has >=1 behavioral read; all 25 pybind entries resolve to a def; custom_kernel refs=1 = the harness entry point.

PR HEADLINE TO CITE: -2577 lines (-29.6%, 8695->6118) vs the optimized predecessor fb5f8321, ZERO performance cost (median 1924.98us, at/below the optimized floor)."
2026-06-20T10:59:07.749060,4,13,N/A,N/A,N/A,brief_stop,N/A,"Brief 13 (ZERO-GPU documentation; AUTHORITATIVE final PR change-summary) DONE. 1 succeeded row, NO code change, NO benchmark (GPU busy). My branch HEAD unchanged at f19ac05b (diff_lines 6193); the full categorized PR change-summary is in the iteration-0 description -- THAT is the human's PR summary.

AUTHORITATIVE deliverable = the DEEPEST b6edd6e321a2 (6-branch fleet combine + W2 stale-comment folds), 6118 lines. Computed git diff --numstat fb5f8321 b6edd6e321a2 = +642/-3219 = NET -2577 (8695->6118, -29.6%). True baseline is fb5f8321 (the OPTIMIZED predecessor, 8695 lines) -- NOT main/6e619b05 (the 6-line torch.geqrf stub; diff vs it = the 6193 diff_lines metric = total kernel SIZE, not simplification delta).

RECONCILED vs my brief-11 manifest (-2498 @ f19ac05b): deepest is 79 net lines smaller (delta f19ac05b->b6edd6e3 = +37/-116). Extra removals: comment-fixes ~66 (m-split BF16 5-kernel doc-header -40, g_panel_cm2 dead-cm2-narration->live-cmf -13/+7, g_msplit MULTI-CTA doc -4, g_wsp_help stale-name fix); the m-split DEAD C++ SCRATCH cGbar/cGpart/s3_numSM in blocked_qr_2level_bf16_indexed ~17 (largest new code fold); g_minv_blk2_max_n global+setter+extern+pybind+Python-call+comment fold; _BF16_BIGBATCH/_BF16_LARGEHI knob folds; _SMALL_HI FP32-tail keys + _qr_large_n/_custom_kernel_generic dispatch folds ~15.

CATEGORIZED (disjoint, sum=3219): [A] COMMENT condensation ~1530 (48%); [B] DEAD CUDA KERNELS ~970 (build_Minv static<64>+dyn; FP32 panel_factor base family raw/wsp/cm/defer/pipe/fnorm; conversion zoo bf16_to_f32/f32_to_bf16_packed/split/gather_split_C/compact_label_eq2_32/mm3_sym; tiny_qr_kernel/_pipe/_warp_scalar + _gen_tiny codegen; PAF dead-arm bodies+macros+launch-bound variant; copy_tau_n512_indexed); [C] REPAIR/RANK-REVEAL/COLLINEAR ~481 (compact_collinear/coll_accum/coll_finalize/compact_large_bad_input/n512_tail_nz_mask CUDA + _patch_*/_qr_bigbatch_split_bad/_qr_small_repair_fp32/4 n512-rr setters Python); [D] DEAD PYTHON DISPATCH ~85; [E] LU/CHOLQR internal dead ~75. [F] DEAD CONFIG KNOBS/GLOBALS folded ~265 = CROSS-CUTTING overlay (re-tags lines in [A]-[E], NOT additive): 56->18 os.environ QR_* reads (-38 knobs->literals); globals+setters g_formt/g_gram3/g_minv_blk2/g_bf16_blk2/g_minv_blk2_max_n/g_msplit/g_prec_w/g_n512_rankreveal/rr_thr/nfac removed; 6 PAF_* compile-macros; pybind main-ext 49->25 entries (-24).

VERIFIED CENSUS (git): __global__ 51->36; pybind main-ext 49->25; os.environ QR_* 56->18; g_msplit/g_minv_blk2_max_n/_BF16_BIGBATCH/_BF16_LARGEHI/cGbar/cGpart/g_gram3/g_formt all 0 occurrences in deepest. ORPHAN SCAN: NONE (every __global__ launched, every g_* read, all 25 pybind entries resolve, custom_kernel=harness entry).

PERF: -29.6% reduction at ZERO cost -- noise-reduced median 1924.98us (deliverable) vs 1934.62us (optimized floor fb5f8321) = -0.50% FASTER, near non-overlapping distributions.

PR HEADLINE: -2577 lines (-29.6%, 8695->6118) vs the optimized predecessor, performance at/below the optimized floor (median 1924.98us). The run is verified complete and PR-ready. Logged --metric diff_lines=6193 (my branch, unchanged) --metric linalg/qr_v2=1924.98 (the certified noise-reduced median)."
2026-06-20T11:01:12.920840,4,14,N/A,N/A,N/A,brief_start,N/A,"ZERO-GPU capstone: draft the PR description + squashed commit message for the simplification, using the run's verified artifacts. Write into your iteration description a complete, reviewer-ready PR write-up covering: (1) WHAT: simplify the qr_v2 optimized submission (8695 lines) to ~6114 while holding performance — net -2577 lines (-29.6%) vs the optimized predecessor fb5f8321. (2) HOW/categories: comments ~1530, dead CUDA kernels ~970 (build_Minv static64+dyn, FP32 panel base family, conversion zoo, tiny-qr trio, PAF dead arms/macros), repair/rankreveal/collinear scaffolding ~481, dead Python dispatch ~85, LU internal ~75, config knobs/globals folded ~265. Census: __global__ 51->36, pybind 49->25, QR_* env knobs 56->18. (3) CORRECTNESS: byte-identical (H,tau) to fb5f8321 on 237 adversarial cases across all regimes (cite W5's cert); 22 validation shapes + invariance + diff-correctness + kernelguard all pass. (4) PERFORMANCE: median 1924.98us vs floor 1934.62us = 0.5% FASTER (noise-reduced 5-vs-3 runs); #4 on the B200 qr_v2 leaderboard. (5) NOTE pre-existing off-bench edge cases (n4096-B2 missing-gate, n512 matrix-911 FP16) reproduce identically on the floor — not introduced. NO code change, NO benchmark. Log diff_lines=6193 + linalg/qr_v2=1924.98 unchanged. brief_stop with the PR draft."
2026-06-20T11:05:00.894918,4,14,0,1924.980,6193,succeeded,f19ac05b6a6d80a821563e5ab969732834f94bba,"ZERO-GPU CAPSTONE (brief 14): reviewer-ready PR description + squashed commit message for the qr_v2 simplification. NO code change, NO benchmark (GPU busy). My branch HEAD unchanged at f19ac05b (diff_lines=6193); this row packages the run's verified artifacts into the human-facing PR text. The deliverable the PR SHIPS is the deepest fleet combine b6edd6e3 (6118 lines, diff_lines=6114); my f19ac05b row is a worker position, not the shipped file. All figures below verified against git + the run's GPU-measured certification rows (brief-12 perf, W5 brief-9 correctness).

═══════════════════════════════════════════════════════════════════════
                         SQUASHED COMMIT MESSAGE
═══════════════════════════════════════════════════════════════════════

linalg/qr_v2: simplify optimized submission -2577 lines (-29.6%), perf-neutral

Shrink problems/linalg/qr_v2/submission.py from 8695 to 6118 lines (net
-2577, -29.6%) with zero performance cost and byte-identical numerics.
Pure dead-code/scaffolding/comment removal on the optimized kernel; no
algorithm, dispatch, or tuning value on any reachable path changes.

Removed (disjoint line buckets, sum = 3219 deletions; 642 insertions):
  - stale sweep-history / rejected-experiment / orphaned-doc comments ~1530
  - dead CUDA kernels ~970: build_Minv static<64>+dyn; FP32 panel_factor
    base family (raw/wsp/cm/defer/pipe/fnorm); dtype-conversion/fill zoo
    (bf16_to_f32, f32_to_bf16_packed, split, gather_split_C,
    compact_label_eq2_32, mm3_sym); tiny-qr trio + its Python codegen;
    panel-apply-fused dead compile-macro arms + launch-bound variants;
    copy_tau_n512_indexed
  - repair / rank-reveal / collinear scaffolding ~481 (compact_collinear,
    coll_accum, coll_finalize, compact_large_bad_input, n512_tail_nz_mask
    + the _patch_*/split-bad/small-repair Python + 4 n512 rank-reveal setters)
  - dead Python dispatch branches ~85
  - LU / cholqr internal dead code ~75
  - cross-cutting: 38 QR_* env knobs inlined to literals (56->18 reads),
    dead C++ globals+setters folded (g_gram3, g_minv_blk2, g_bf16_blk2,
    g_minv_blk2_max_n, g_formt, g_msplit, ...), PAF_* compile-macros folded

Census: __global__ kernels 51->36, pybind functions 49->25, QR_* env reads 56->18.

Correctness: (H,tau) byte-identical (SHA-1) to the optimized predecessor
fb5f8321 across ~237 adversarial cases spanning every regime; all 22
validation shapes + invariance + diff-correctness + kernelguard pass.

Performance: 12-shape geomean median 1924.98us vs optimized-floor median
1934.62us (noise-reduced 5-vs-3 runs, near non-overlapping) = 0.50% faster;
holds #4 on the B200 qr_v2 leaderboard.

═══════════════════════════════════════════════════════════════════════
                          PR DESCRIPTION
═══════════════════════════════════════════════════════════════════════

## Simplify the linalg/qr_v2 optimized submission: -2577 lines (-29.6%), perf-neutral

### What

This PR shrinks the optimized `problems/linalg/qr_v2/submission.py` from
**8695 lines to 6118 lines** — a net **-2577 lines (-29.6%)** — while
preserving performance and producing **byte-identical** factorizations.

The baseline for this reduction is the **optimized predecessor `fb5f8321`**
(8695 lines), *not* `main` (where `submission.py` is the 6-line `torch.geqrf`
reference stub). The `diff_lines` metric this run tracks (6114 for the
shipped file) is the git diff against that 6-line stub — i.e. the total size
of the optimized kernel — so the headline reviewers care about is the
**reduction-from-optimized: -2577 lines**.

Nothing here is a new optimization or a behavioral change. Every deletion is
dead code, unreachable scaffolding, frozen-knob machinery, or stale comments.
The hot path — the kernels and dispatch that actually run on the 12 benchmark
shapes — is untouched at the codegen level on every live path.

### How (categorized; disjoint line buckets, sum = 3219 deletions / 642 insertions)

**Comments ~1530 (48%).** Stale per-iteration sweep-history, rejected-experiment
narration (""tried X, REGRESSED +15%""), µs-delta tables, and orphaned
doc-headers describing kernels that were already deleted. Every comment that
explains how *live* code works (algorithm rationale, smem layout, sync
contracts, correctness invariants) was kept. Comment-only edits were verified
codegen-neutral by diffing the comment-stripped assembled `_CUDA_SRC`.

**Dead CUDA kernels ~970.** Removed `__global__` kernels with zero launch sites:
- `build_Minv_kernel` (static `<64>`) + `build_Minv_dyn_kernel` (live:
  `build_Minv_blk4_kernel`, `build_Minv_rblk_gen_kernel`).
- The FP32 `panel_factor_smem_kernel` base family — its `raw`/`wsp`/`wsp_cm`/
  `defer`/`pipe`/`fnorm` FP32 siblings (live: the BF16 `cm_coop`/`cmf`/`cm_ov`/
  `wsp_ov` panels).
- dtype-conversion / fill zoo: `bf16_to_f32_kernel`, `f32_to_bf16_packed`,
  `split_kernel`, `gather_split_C_kernel`, `compact_label_eq2_32`, `mm3_sym`.
- tiny-qr trio: `tiny_qr_kernel`, `tiny_qr_pipe_kernel`,
  `tiny_qr_warp_scalar_kernel` + the `_gen_tiny_warp_scalar_kernel` Python
  codegen (collapsed to the single divfree variant the dispatch actually fires).
- `qr_panel_apply_fused_kernel` dead arms: 6 compile-macro-guarded experimental
  bodies (FP32A5 / SPLITK_A2 / A4_DUALACC + the FUSE_A2A4 / MERGE_MBW / NO_LSH
  dead `#else` arms) + the `PAF_LAUNCH_BOUNDS`/`PAF_MINB4` launch-bound variant
  + the dead 4-warp / >=16-warp launch-dispatch arms (the kernel itself is kept).
- `copy_tau_n512_indexed_kernel`.

**Repair / rank-reveal / collinear scaffolding ~481.** Ill-conditioning
detectors and repair paths that no benchmark/test shape exercises:
`compact_collinear_kernel`, `coll_accum_kernel`, `coll_finalize_kernel`,
`compact_large_bad_input_kernel`, `n512_tail_nz_mask_kernel` (CUDA); the
`_patch_collinear` / `_patch_bad_matrices` / `_patch_panel_labels` /
`_qr_bigbatch_split_bad` / `_qr_small_repair_fp32` Python paths (merged then
routed through the existing geqrf fallback); and the 4 n512 rank-reveal
setters (`set_n512_nfac`/`rankreveal`/`rr_thr`/`rr_detect`) + bindings — the
detector provably never caps a legitimate column on the active set.

**Dead Python dispatch ~85 (8 functions).** `_qr_large_b60_classified`
collapsed to unconditional FP16; the unreachable n=1024 device-filling FP16
arm and the n=2048 `_BF16_LARGEHI` gate folded to literal-True; the
`_custom_kernel_generic` small-n split narrowed (`64<n<=352` -> `64<n<=176`,
since `n in (176,352]` already returns via the bf16 path) with the `_SMALL_HI`
elif arm + FP32-tail keys dropped; the `_BF16_BIGBATCH==2` n512 gate folded.

**LU / cholqr internal ~75.** `_looped_cholesky` + its `_noinfo` duplicate +
`_cholesky_dispatch[_noinfo]` consolidated; 4 never-read RECON path-selector
constants; dead LU-extension else-branches; duplicate collinearity-probe
consolidated to one multi-CTA path. (The LU-extension *bindings* are all live —
nothing removed there.)

**Config knobs / globals folded ~265 (cross-cutting overlay, re-tags lines
already counted above).** 38 `QR_*` env knobs inlined to literals
(`os.environ` reads 56 -> 18); C++ globals + setters removed (`g_gram3`,
`g_minv_blk2`, `g_bf16_blk2`, `g_minv_blk2_max_n`, `g_formt`, `g_msplit`,
`g_prec_w`, the `g_minv_2lev_nlev` setter, `g_n512_rankreveal`/`rr_thr`/`nfac`,
`set_no_splitk`); the `_BF16_*` knobs; the 6 `PAF_*` compile-macros folded to
the taken branch; the dead m-split C++ scratch (`cGbar`/`cGpart`/`s3_numSM`)
in `blocked_qr_2level_bf16_indexed`; pybind `functions[]` 49 -> 25 entries with
matching extern-C forward decls.

**Census (verified against git on the shipped file b6edd6e3):**
`__global__` kernels **51 -> 36**; pybind main-extension `functions[]`
**49 -> 25**; `os.environ` `QR_*` reads **56 -> 18**. `g_msplit`,
`g_minv_blk2_max_n`, `_BF16_BIGBATCH`, `_BF16_LARGEHI`, `cGbar`, `cGpart`,
`g_gram3`, `g_formt` all have **0 occurrences** in the shipped file.
Orphan scan: none — every surviving `__global__` has >=1 launch, every C++
`g_*` has >=1 behavioral read, all 25 pybind entries resolve, and
`custom_kernel` has exactly one ref (the harness entry point).

### Correctness — byte-identical to the optimized predecessor

The simplified deliverable is **numerically equivalent to `fb5f8321` on every
path**, certified by **~237 adversarial cases** (n512 90 + large-n 147). Each
case was checked by the official `reference.check_implementation` **and** by a
**SHA-1 hash of the raw (H, tau) bit pattern**; the identical probe was run on
both the deliverable and the floor `fb5f8321` and diffed line-by-line —
equivalence means an **empty diff** (identical PASS/FAIL, scaled residuals, and
(H,tau) hashes).

Coverage spans every regime:
- **n512** 90-case probe: rankdef / clustered / mixed x 5 off-bench seeds x
  batch {16,120,257,513,640,1280} — 89/90 PASS, byte-identical.
- **large-n** 147-case probe: n1024 {rankdef,clustered,nearrank,mixed,dense}
  x 3 seeds x batch {4,16,32,60,120}; n2048 {same} x 3 seeds x {2,4,8,16};
  n4096 {dense,upper} x 2 seeds x B={1,2} — 144/147 PASS, byte-identical
  (empty diff vs floor).
- Full validation hitting tiny(n32) / n176 / n352 / n512-dense, plus the
  diff-correctness guard (8 off-bench seeds: rankdef/clustered/mixed/nearrank
  n512) and the invariance guard (batch B=32..1280, bad-fraction 0..128,
  position sweeps).

All **22 validation test shapes** + invariance + diff-correctness +
**kernelguard** (banned-stream/illegal-construct scan) pass.

### Performance — perf-neutral (slightly faster)

Noise-reduced certification (12-shape geomean, all via `autocuda run
exclusive`, deliverable 5 runs vs optimized-floor `fb5f8321` 3 runs
back-to-back on the same GPU pool):

|                | median (us) | range (us)         |
|----------------|-------------|--------------------|
| Deliverable    | **1924.98** | 1919.94 - 1931.02  |
| Floor fb5f8321 | 1934.62     | 1932.99 - 1934.91  |

Median-vs-median = **-0.50% (9.63us faster)**. The deliverable's entire
5-sample range sits at/below the floor median and its max (1931.0) is below
the floor min (1933.0) — the two distributions are essentially non-overlapping
with the deliverable on the faster side. The -29.6% line reduction cost **zero
performance** (marginally faster, consistent with removing dead per-call
classifier launches). The submission **holds #4 on the B200 qr_v2 leaderboard.**

### Note — pre-existing off-bench edge cases (NOT introduced by this PR)

Two off-bench corners surface as marginal FAILs in the adversarial probes;
both reproduce **byte-identically on the optimized floor `fb5f8321`** (same
(H,tau) hashes), so they are **pre-existing**, not simplify regressions, and
hit **no ranked or tested shape**:

1. **n4096 B=2 missing fallback-gate** — `_cholqr_dense_b2_path` runs
   `_choleskyqr_1pass(dense_noinfo=True)`, which skips the info/colnorm
   geqrf-fallback gate that `_cholqr_path` uses for B=1/B>=3, so it has no
   safety net for off-bench ill-conditioned inputs (upper-tri seeds ->
   kappa(Gram)=kappa(A)^2 -> FP64 Cholesky NaN). The only n4096 B=2 *bench*
   shape is dense cond=1 (PASS); the only upper-tri *test* shape is B=1
   (gated -> PASS).
2. **n512 matrix-911 FP16 artifact** — mixed B=1280 seed=900207 matrix 911,
   scaled residual 20.2 (~1% over gate), a cond~2.3e4 full-rank FP16-precision
   gap that appears only in that one seed/large-heterogeneous-batch corner
   (matrix 911 passes at 9.41 in isolation; ref geqrf solves at 0.0146).

Fixing either is a **separate optimize change** (route B=2 through the gated
geqrf fallback; tighten the n512 FP16 bad-classifier) — both would touch the
hot path and risk the geomean, and neither fixes a defect this PR introduced.

### Verification you can reproduce

- `git diff --numstat fb5f8321 <merge> -- problems/linalg/qr_v2/submission.py`
  -> `642   3219` (net -2577).
- `grep -c __global__` on the shipped file -> 36 (was 51).
- Validate: `bash harness/validate.sh linalg/qr_v2` -> 22/22 + guards PASS.
- Equivalence: run the (H,tau)-SHA-1 adversarial probe on both `fb5f8321`
  and the merge -> empty diff."
2026-06-20T11:05:22.077431,4,14,N/A,N/A,N/A,brief_stop,N/A,"Brief 14 (ZERO-GPU capstone) DONE: 1 succeeded row, NO code change, NO benchmark. Branch HEAD unchanged at f19ac05b (diff_lines=6193); logged --metric diff_lines=6193 --metric linalg/qr_v2=1924.98 (both unchanged, as instructed). The reviewer-ready PR DESCRIPTION + SQUASHED COMMIT MESSAGE are in the brief-14 iteration-0 description -- that is the human's PR text.

The PR describes the SHIPPED deliverable = the deepest fleet combine b6edd6e3 (6118 lines), NOT my f19ac05b worker row. All figures re-verified against git + the run's GPU-measured cert rows: numstat fb5f8321->b6edd6e3 = +642/-3219 = net -2577 (-29.6%, 8695->6118); diff_lines(b6edd6e3 vs baseline stub)=6114; census __global__ 51->36, pybind 49->25, QR_* env 56->18, and g_msplit/g_minv_blk2_max_n/_BF16_BIGBATCH/_BF16_LARGEHI/cGbar/cGpart/g_gram3/g_formt all 0 occurrences in the shipped file. Correctness = W5 brief-9 cert (237 adversarial cases, (H,tau) SHA-1 byte-identical to fb5f8321; 22 tests+invariance+diff-correctness+kernelguard pass). Perf = brief-12 cert (median 1924.98us deliverable vs 1934.62us floor = -0.50% faster, near non-overlapping). The 2 pre-existing off-bench FAILs (n4096-B2 missing-gate, n512 matrix-911 FP16) reproduce byte-identically on the floor -- documented as NOT-introduced, fix = separate optimize.

The simplify run is verified complete and PR-ready. No further simplify briefs needed on this deliverable -- the dead-code/scaffolding/comment/knob surface is exhausted (every surviving __global__ launched, every g_* read, all pybind entries resolve). Recommend LOCK b6edd6e3 and open the PR with the brief-14 text."
2026-06-20T11:08:25.092111,4,15,N/A,N/A,N/A,brief_start,N/A,"ZERO-GPU final documentation reconciliation. Two independent removal manifests exist: yours (brief-13, vs b6edd6e3: +642/-3219 net -2577) and W1's (brief-9, vs e81a4e30: +623/-3160 net -2537). The 40-line gap is because they target different deliverable commits (b6edd6e3 is ~40 lines deeper than e81a4e30 via the m-split + extra comment folds). Verify this reconciles exactly: run git diff --numstat e81a4e30 b6edd6e321a2 -- problems/linalg/qr_v2/submission.py and confirm the delta accounts for the manifest difference (it should be ~ -40 net, all comment/m-split). Produce a single FINAL authoritative number for the PR: the deepest committed deliverable's exact net-line-reduction vs fb5f8321 (recompute against the CURRENT deepest commit — check the manager log / worker logs for the latest succeeded diff_lines, likely ~6108-6109). Write the reconciled final figure + the per-category breakdown in your iteration description. NO code change, NO benchmark. Log diff_lines + linalg/qr_v2 unchanged. brief_stop with the single authoritative PR number."
2026-06-20T11:10:03.537921,4,15,0,1924.980,6193,succeeded,f19ac05b6a6d80a821563e5ab969732834f94bba,"ZERO-GPU final documentation reconciliation (no code change, no benchmark; metrics carried unchanged from parent f19ac05b). AUTHORITATIVE PR FIGURE: the deepest committed deliverable is SHA 1f0beffa043eed7c05a83d6db297d7bec5d4fde6 (W0 brief-10 combine; diff_lines=6109 vs upstream 6e619b05 — the global minimum across all 6 workers; perf held at linalg/qr_v2=1924.905us, within 1% of the 1934us optimized floor). Its net line-reduction vs the OPTIMIZED deliverable fb5f83213d5d is +643/-3225 = NET -2582 LINES (submission.py, the sole editable + sole touched file). RECONCILIATION VERIFIED EXACTLY: (1) brief-13 manifest vs b6edd6e321a2 = +642/-3219 net -2577 [git-confirmed]; (2) W1 brief-9 manifest vs e81a4e30bddf = +623/-3160 net -2537 [git-confirmed]; (3) the 40-line manifest gap = git diff e81a4e30->b6edd6e3 = +19/-59 net -40, all comment/m-split (b6edd6e3 is 40 lines deeper than e81a4e30) [git-confirmed]; (4) deepest 1f0beffa adds one further comment-fold step on b6edd6e3 (b6edd6e3->1f0beffa +12/-17 net -5), so -2577 + -5 = -2582 [matches direct numstat]. diff_lines metric definition confirmed = added+deleted vs upstream 6e619b05: 1f0beffa 6108+1=6109, b6edd6e3 6113+1=6114, e81a4e30 6153+1=6154, fb5f8321(optimized) 8690+1=8691 — all four reconcile exactly with their logged rows. The brief's '~6108' is a file LINE-NUMBER (set_n512_indexed_flags), NOT a diff_lines target; no committed iteration is below 6109, so 6109 is the floor. PER-CATEGORY breakdown of the -2582: it is dominated by deletion of dead/unreachable CUDA kernel families + their pybind decls + dead getenv knob branches (build_Minv variants, ill-conditioning repair scaffolding, n512 indexed-scatter dead kernels) plus comment-fold condensation of duplicate build-light maintainer docs; +643 added are mostly consolidated single-explanation comments and merged guards. AUTHORITATIVE PR NUMBER: -2582 net lines (fb5f8321 -> 1f0beffa)."
2026-06-20T11:10:12.108791,4,15,N/A,N/A,N/A,brief_stop,N/A,"Brief-15 reconciliation complete (zero-GPU, no code/benchmark). SINGLE AUTHORITATIVE PR FIGURE: net -2582 lines, corresponding to deepest committed deliverable SHA 1f0beffa043eed7c05a83d6db297d7bec5d4fde6 (diff_lines=6109, the global minimum; perf 1924.905us held within 1% of the 1934us floor). Computed as git diff --numstat fb5f83213d5d 1f0beffa = +643/-3225 on submission.py (sole editable file). Reconciliation verified exactly: brief-13 manifest (vs b6edd6e3) -2577 and W1 brief-9 manifest (vs e81a4e30) -2537 differ by the git-confirmed -40 net delta between those two deliverables (e81a4e30->b6edd6e3 = +19/-59, all comment/m-split); 1f0beffa is one further -5 comment-fold step deeper than b6edd6e3, giving -2582. diff_lines==added+deleted vs upstream 6e619b05 reconciles for all candidates. Suggest the PR cite -2582 (vs optimized fb5f8321) at SHA 1f0beffa; nothing below 6109 is committed, so this is final unless a still-deeper combine lands."
2026-06-20T11:11:58.352801,4,16,N/A,N/A,N/A,brief_start,N/A,"FINAL-FOLD readiness check + consolidation. The canonical deepest deliverable is 1f0beffa (diff 6109). Two small disjoint removals may still be landing on parallel branches: W1's QR_PRINT_SMEM debug-probe removal and W2's final n512 deleted-arm comment condensation. Check the worker-1 and worker-2 logs for their latest succeeded commits + diff_lines. IF either produced a removal NOT yet in 1f0beffa (probe still present, or n512 comments still verbose), fold it onto 1f0beffa (cherry-pick the comment/probe hunks; comment+dead-probe only, verify codegen byte-identical), build+validate(22+guards)+one benchmark, and report the new deepest SHA + diff_lines. IF both are already in 1f0beffa or not yet committed, confirm 1f0beffa remains the canonical deepest and stop. ZERO conflict markers; hold all 12 shapes, geomean within 1% of 1934us. Log diff_lines + linalg/qr_v2. brief_stop with the final canonical SHA."
2026-06-20T11:23:09.574888,4,16,0,1920.736,6108,succeeded,93b0899d6b191cdaabeb37c8fe7b1754b842360e,"FINAL-FOLD brief-16: folded W1's QR_PRINT_SMEM debug-probe removal onto the canonical deepest 1f0beffa (diff 6109). Started branch at 1f0beffa and deleted the sole leftover getenv(QR_PRINT_SMEM)->fprintf(stderr) smem-debug probe at line 3950, inside the HOST launcher blocked_qr_2level_bf16_indexed (a std::tuple<Tensor,Tensor> C++ fn, not a __global__/__device__ kernel). Worker-added, absent from baseline, the only fprintf(stderr) in the file, zero behavioral effect. optin stays live (loop bound at for(int want=optin) L3896); smem_limit stays live (cudaFuncSetAttribute args). Host-side launcher edit -> cubin byte-identical; working tree byte-identical to W1's canonical fold 26c8262e and the final nsys (n=512) shows the SAME kernel set as parent (cutlass3x_sm100_simt_sgemm + larft_T_64 + qr_panel_apply_fused_kernel<64,64,8>). Build OK; 22 tests + diff_correctness_guard + invariance_guard (batch/fraction/position sweeps) all CLEAN; benchmark geomean 1920.736us (0.69pct under the 1934 target, all 12 shapes held; parent lineage ~1919-1922 machine noise). ZERO conflict markers. W2's brief-12 n512 deleted-arm comment condensation has NOT committed (HEAD still 79cc96bc, brief_start only) so it was NOT folded. diff_lines 6109 -> 6108. New deepest canonical SHA = 93b0899d."
2026-06-20T11:32:47.653605,4,16,1,1918.766,6087,succeeded,ee18b3406b8976e0bb3b2cd7f45ac57c5e95b304,"FINAL-FOLD brief-16 it1: folded W2's n512 deleted-arm comment condensation on top of the probe-fold (93b0899d), producing the fully-consolidated deepest canonical deliverable. W2's brief-12 (commit 499acf22, comment-only) had NOT committed at brief start but landed mid-flight; it is genuinely-new vs 1f0beffa so it is folded per the brief. Ported W2's 5 comment hunks into the 1f0beffa lineage (adapting to this lineage's phrasing where it differed): strips build-light-pruned/deleted-with-their-kernels narration from (a) the orphaned bf16-panel doc pointer ~2138, (b) the smem opt-in registration block (never-fire WSP/OV enum + coop/cmf/cm-OV pruned-instance notes), (c) the cVob outer-V doc (drops dead kernel names panel_factor_smem_raw_bf16_ov_kernel/build_V_bf16_kernel, both grep-confirmed 0 __global__ defs), (d) the run_panel raw-V + cm_ov pruned-arm narration. KEEPS all live-kernel rationale. Comment-only on top of the probe-fold: 0 non-comment/non-blank lines change AND the comment-stripped+blank-stripped _CUDA_SRC SHA256 is byte-identical to 93b0899d -> nvcc strips // -> cubin byte-identical (final nsys n=512 shows the SAME kernel set: cutlass3x_sm100_simt_sgemm nnn/tnn + larft_T_64 + qr_panel_apply_fused_kernel<64,64,8>, same instance counts/timings). ZERO conflict markers. Build OK; 22 tests + diff_correctness_guard + invariance_guard (batch/fraction/position) all CLEAN; benchmark geomean 1918.766us (0.79pct under the 1934 target, all 12 shapes held). diff_lines 6108 -> 6087. New deepest canonical SHA = ee18b340 (= 1f0beffa - dead probe - dead-arm comment narration; device kernels byte-identical to 1f0beffa)."
2026-06-20T11:33:32.534975,4,16,N/A,N/A,N/A,brief_stop,N/A,"BRIEF-16 FINAL-FOLD COMPLETE (2 iterations). FINAL CANONICAL SHA = ee18b3406b8976e0bb3b2cd7f45ac57c5e95b304, diff_lines = 6087, geomean 1918.766us. This is now the UNIQUE deepest deliverable across the whole fleet (next-best is the 6108 cluster: W1 26c8262e / W3 brief-16 folds / W0 708d1eba audit / my own 93b0899d probe-fold). BOTH disjoint removals the brief named are folded; I am the only worker who consolidated both. Branched at the canonical 1f0beffa (6109). IT0 (93b0899d, 6108): folded W1's QR_PRINT_SMEM removal -- deleted the sole getenv(QR_PRINT_SMEM)->fprintf(stderr) host-side smem-debug probe (L3950 inside blocked_qr_2level_bf16_indexed; worker-added, absent from baseline, the only fprintf(stderr) in the file, zero behavioral effect; optin/smem_limit stay live). Working tree byte-identical to W1's canonical fold 26c8262e. IT1 (ee18b340, 6087): W2's brief-12 n512 deleted-arm comment condensation had NOT committed at brief start (only brief_start logged) but landed mid-flight as 499acf22 (comment-only); since it is genuinely-new vs 1f0beffa I folded it. Ported W2's 5 comment hunks into this lineage (adapted to its phrasing where it differed): stripped build-light-pruned/deleted-with-their-kernels narration from the orphaned bf16-panel doc pointer, the smem opt-in registration block, the cVob outer-V doc (dead kernel names panel_factor_smem_raw_bf16_ov_kernel/build_V_bf16_kernel both grep-confirmed 0 __global__ defs), and the run_panel raw-V + cm_ov arms; KEPT all live-kernel rationale. CODEGEN PROOF: the comment-stripped+blank-stripped _CUDA_SRC SHA256 of ee18b340 is byte-identical to the probe-fold 93b0899d (0 non-comment code lines changed), and the device kernels are byte-identical to 1f0beffa (the ONLY code change vs 1f0beffa is the dead host fprintf probe) -- nvcc strips // so cubin is unchanged; the final n=512 nsys confirms the same kernel set (cutlass3x_sm100_simt_sgemm nnn/tnn + larft_T_64 + qr_panel_apply_fused_kernel<64,64,8>, same instance counts). ZERO conflict markers in either commit. Both commits: build OK; 22 tests + diff_correctness_guard + invariance_guard (batch/fraction/position sweeps) all CLEAN; all 12 bench shapes held; geomean 1920.736 (it0) / 1918.766 (it1), both ~0.7-0.8pct UNDER the 1934 target (machine noise; the parent 1f0beffa lineage ran ~1919-1924). The comment+dead-probe simplification surface is now exhausted -- any further diff_lines reduction must come from structural code changes, not comments/dead-diagnostics. RECOMMENDATION: ee18b340 should be adopted as the new canonical deepest deliverable, superseding 1f0beffa (6109)."
2026-06-20T12:41:51.194630,4,17,N/A,N/A,N/A,brief_start,N/A,"BOLD STRUCTURAL REFACTOR: the n512 mixed-driver bad-subset path (qr_n512_mixed_driver -> compact_n512_bad_input -> gather_n512_bad_input -> blocked_qr_2level_bf16_indexed -> scatter_exact_n512) is a sprawl of special-case compaction/gather/scatter kernels duplicating the indexed-vs-nonindexed two-level logic. Restructure: can the indexed path be expressed as the SAME two-level kernel operating on a gathered sub-batch, eliminating the separate _indexed kernel variants (fill_R_n512_ob64_ib16_indexed, the indexed panel/apply instances)? Unify indexed and non-indexed into one parameterized path. Preserve EXACT numerics on the n512 rankdef/clustered/mixed shapes (9,10,7) via adversarial probe, hold geomean within 1% of 1934us, guards pass. Measure diff_lines each iter."
2026-06-20T14:46:01.131045,4,17,0,1923.020,6076,succeeded,9c7507c73276ba662566efb23ee3442fe4cda023,"VERDICT iteration: decisive in-process A/B settled the brief. Built qr_n512_mixed_ab (returns indexed (H,tau), a 2nd indexed run, and gather->standard (H,tau) for the n512 good subset in ONE process/ONE cuBLAS handle on the SAME A + same good_idx) and qr_n512_convert_ab. Findings, good-rows-only (bad rows are unwritten in both paths -- my first run's apparent indexed nondeterminism was entirely uninit bad-row memory; with zero-init + good-row slicing the indexed path is fully DETERMINISTIC): (1) BF16 working matrix Hb is BIT-IDENTICAL between indexed and gather (both __floats2half2_rn on identical source); (2) tau is BIT-IDENTICAL (tau_neq=0 every case); (3) above-panel R differs ~1e-3 max-abs on EVERY n512 mixed/rankdef/clustered case (first diff always row=0,col=1). So gather->standard is NOT byte-identical to the indexed path. Since the indexed path is the leaderboard-accepted shapes-7/9/10 result, unifying the kernel bodies would change those outputs => NOT ALLOWED. The PAF kernel is ALREADY index-unified (single idxp param); the 3 remaining _indexed variants (f32_to_bf16_indexed convert, cm_ov panel indexed, fill_R indexed) are load-bearing and must stay. ACHIEVABLE simplification = HOST orchestration: factored the BAD-subset inline ~25-line flag block into a symmetric set_n512_bad_flags()/restore_after_n512_bad() helper pair (mirroring the existing good-subset helpers). Behavior-NEUTRAL. PROVEN: (H,tau) BYTE-FOR-BYTE identical to ee18b340 across all 594 adversarial probe cases incl the bench seeds. 22 tests + invariance guard PASS. diff_lines 6087->6076 (-11). geomean 1923.0us."
2026-06-20T14:47:15.394787,4,17,N/A,N/A,N/A,brief_stop,N/A,"BRIEF-17 VERDICT REACHED + achievable unification committed (HEAD=9c7507c7, diff_lines 6087->6076, geomean 1923.0us). The decisive in-process A/B (qr_n512_mixed_ab: indexed vs gather->standard on the n512 GOOD subset, SAME A + same good_idx + same cuBLAS handle, good rows only, zero-init buffers) settled the core question: CANNOT unify the indexed good path with gather->standard. The BF16 working matrix Hb is BIT-IDENTICAL (qr_n512_convert_ab: both __floats2half2_rn on identical source) and tau is BIT-IDENTICAL (tau_neq=0 every case), but above-panel R differs ~1e-3 max-abs on EVERY n512 mixed/rankdef/clustered case (first diff always row=0 col=1). Since the indexed path is the leaderboard-accepted shapes-7/9/10 result, gather->standard would change those R values => deleting the _indexed kernels is NOT ALLOWED. NOTE: the PAF kernel (qr_panel_apply_fused_kernel) is ALREADY index-unified -- one kernel taking idxp that scatters only its FP32-V output to out_idx rows; the math reads dense compact Hb regardless. The 3 surviving _indexed variants (f32_to_bf16_indexed_n512, panel_factor_smem_wsp_cm_ov_bf16_indexed, fill_R_n512_ob64_ib16_indexed) are load-bearing. ACHIEVED instead: HOST orchestration symmetry -- factored the BAD-subset inline ~25-line flag block in qr_n512_mixed_driver into set_n512_bad_flags()/restore_after_n512_bad(), mirroring the existing set_n512_good_flags()/restore_after_n512_good() pair. Behavior-NEUTRAL (identical global flags, identical order, same blocked_qr_2level call). PROVEN byte-identical (H,tau) to ee18b340 across all 594 adversarial probe cases incl bench seeds 770001/3/4; 22 tests + invariance guard PASS. SUGGESTION for a follow-up brief: the only remaining host duplication is the per-function cuBLAS-handle lazy-init + smem opt-in block (blocked_qr_2level @1571 vs blocked_qr_2level_bf16_indexed @3871) -- each opts in only the kernels it launches and owns a separate persistent static handle, so unifying is higher-risk (touches the hot two-level smem opt-in) and not clearly a line-win; would need careful measurement. The indexed-vs-gather R divergence root cause (Hb+tau+V identical, only upper-triangle R differs by ~1e-3 -- likely a cuBLAS heuristic/workspace difference driven by H_out being full-batch sparse vs compact) was localized but not micro-explained; not needed for the verdict."
2026-06-20T14:48:55.881698,4,18,N/A,N/A,N/A,brief_start,N/A,"BOLD STRUCTURAL REFACTOR, continue on your branch (parent 9c7507c7 — your n512 bad-flags helper + the proven verdict that _indexed kernels are load-bearing). Next n512-region targets you're positioned for: (1) the classification/compaction machinery — compact_n512_bad_input (bad-subset detection: which matrices need the exact path) and the good-path rank-reveal detection (n512_good_rankreveal / f32_to_bf16_rr) may share a column-scan/threshold-reduce structure foldable into a shared __device__ helper. (2) The cuBLAS-handle lazy-init + smem-opt-in block duplicated between blocked_qr_2level (~1571) and blocked_qr_2level_bf16_indexed (~3871) you flagged — attempt the host-side handle/opt-in dedup carefully (each opts in only kernels it launches; use your __forceinline__-helper-with-original-signature discipline; if it perturbs the hot two-level smem path, revert). Prove (H,tau) byte-identical via your 594-case adversarial probe; geomean within 1% of 1934us; guards pass. NO library substitution; do NOT delete the load-bearing _indexed kernels. Commit + log diff_lines each iter; keep iterating, then brief_stop. Avoid backticks in log text."
2026-06-20T15:35:46.063427,4,18,0,1921.677,6071,succeeded,c65d4dd32dee120ff1e8f8b65cd2400b3258c527,"Part-2 of brief-18 (cuBLAS-handle + smem-opt-in host dedup): factored the identical one-time cuBLAS-handle lazy-init + large-smem opt-in boilerplate shared by the THREE blocked-QR launchers (blocked_qr, blocked_qr_2level, blocked_qr_2level_bf16_indexed) into a single template helper init_qr_cublas_handle(handle&, smem_limit&, register_panels). Used hard-won discipline: each launcher KEEPS its OWN persistent static handle + smem_limit (passed by ref) and opts in ONLY the panels IT launches via a [](int want)->bool lambda (zero captures) that returns the gate; the helper owns create+SetMathMode(TF32)+opt-in-descend-loop+per-fail cudaGetLastError, returns true on first init so each caller runs its OWN build_Minv opt-in (rblk_gen-only for 2level; blk4+rblk_gen for blocked_qr/bf16) against the now-final smem_limit. NO unused params (blocked_qr's lambda keeps its extra in-loop cudaGetLastError to match original). HOST-ONLY refactor inside _CUDA_SRC: ALL diff hunks fall strictly inside the 3 launcher prologues + the new host helper -> ZERO __global__/__device__ kernel bytes change; _CPP_SRC/_CUDA_LU_SRC/_CPP_LU_SRC BYTE-IDENTICAL -> device cubins bit-for-bit identical. PROOF: all 12 bench shapes incl n512 leaderboard 3/7/9/10 byte-identical (H,tau) to parent 9c7507c7 (separate-process SHA probe). The off-bench adversarial-grid cases that vary cross-process are UNINIT bad-row memory in BOTH parent and candidate (parent run1 != parent run2 on exactly those, confirmed) -- a pre-existing documented property, not a regression. 22 tests + diff-correctness + invariance + kernelguard CLEAN; geomean 1921.7us (within 0.07pct of parent 1923.0, below the 1934 floor). The hot two-level smem opt-in is NOT perturbed (byte-identical device code, smem_limit computed identically). diff_lines 6076->6071 (-5)."
2026-06-20T15:47:16.185712,4,18,1,1927.983,6070,succeeded,53fa229f686bf66d1a110c99999bf17f0d993059,"Part-1 of brief-18 (classification-machinery shared scan/reduce helper): BRIEF HYPOTHESIS REFUTED after rigorous inspection -- compact_n512_bad_input_kernel and f32_to_bf16_rr_kernel do NOT share a foldable per-matrix column-scan/threshold-reduce structure. They differ fundamentally: (a) GRID -- compact is block-per-matrix/256-thread (one CTA samples one matrix), rr is a flat element-stride grid (each thread converts 4 elems of the whole batch); (b) REDUCTION -- compact does a multi-quantity ADDITIVE two-level reduce (9 vars: head/tail col+row norms, dot0/norm0/norm1, off_cnt/off_zero -> warp-shuffle += -> shared[8] -> warp-0 re-reduce -> thread-0 bad/good decision), rr does a single-variable monotonic OR-reduce (per-element |v|>thr -> per-block-col bit -> warp |= -> one atomicOr-skip-if-seen per warp); (c) QUANTITY -- compact computes sparse-sampled norm-ratios+cos+off-band-frac over columns {0,1,64,128,384,448,511}+rows {0,32,448,511}, rr does a DENSE per-element threshold over the full matrix folded into the convert pass. The only literal overlap is the trivial 1-line  warp idiom, which appears 40+ times FILE-WIDE (panel/build_Minv/mm3/cmv kernels), NOT specific to these two -- folding a generic warp_reduce helper would touch dozens of kernels incl the hot two-level path the brief fences, pure codegen risk for ~0 lines. The conceptual 'detect trailing-cols-negligible' overlap between compact's rank-reveal stage-1 (col_ratio->counts[2]) and rr's threshold-mask is REAL but the two-STAGE design (cheap sparse probe gates the precise dense detector, comment 1116-1123) is the optimization -- unifying them destroys the gating. So no clean __device__ __forceinline__ fold exists; forcing one would break the algorithm or perturb the hot path (exactly the 'do NOT force a risky refactor' case). ACHIEVED instead the one genuine in-scope cleanup found while auditing: removed the dead (void)col_ratio; cast in compact_n512_bad_input_kernel (col_ratio is now USED at the rank-reveal stage-1 atomicOr, so the unused-suppression cast is dead leftover). (void)expr; on a pure value emits no code -> cubin bit-identical: all 12 bench shapes byte-identical (H,tau) to parent incl the n512 mixed/rankdef/clustered 7/9/10 that exercise this kernel; 22 tests + diff-correctness + invariance + kernelguard CLEAN; geomean 1928.0us (within 0.26pct of parent, below floor). diff_lines 6071->6070 (-1)."
2026-06-20T15:49:48.548763,4,18,N/A,N/A,N/A,brief_stop,N/A,"BRIEF-18 (bold structural refactor, n512 region) EXHAUSTED. 2 commits on parent 9c7507c7; HEAD=53fa229f; diff_lines 6076->6070 (-6); geomean held 1922-1928us every iter (within 0.3pct of parent 1923.0, below the 1934 floor); all 12 bench shapes byte-identical (H,tau) to parent, 22 tests + diff-correctness + invariance + kernelguard CLEAN throughout. Did NOT revisit / delete the load-bearing _indexed kernels.

PART 2 -- DONE [c65d4dd3, -5]: cuBLAS-handle lazy-init + smem-opt-in HOST DEDUP. Factored the identical one-time boilerplate shared by THREE blocked-QR launchers (blocked_qr ~1408, blocked_qr_2level ~1587, blocked_qr_2level_bf16_indexed ~3879 -- there were 3, not 2; brief named the latter two) into a single template helper init_qr_cublas_handle(handle&, smem_limit&, register_panels). Used the hard-won discipline EXACTLY: each launcher KEEPS its OWN persistent static handle+smem_limit (passed by reference) and opts in ONLY the panels IT launches via a [](int want)->bool lambda (zero captures -- the panels are compile-time template symbols, only want is runtime) that returns the per-site gate; the helper owns create+SetMathMode(TF32)+optin-query+the descend-from-optin-to-48KB loop+per-fail cudaGetLastError, and returns true on first init so each caller runs its OWN build_Minv opt-in (rblk_gen-only for 2level; blk4+rblk_gen for blocked_qr/bf16) against the now-final smem_limit. NO unused params; blocked_qr's lambda keeps its extra in-loop cudaGetLastError to match the original site exactly. PROVEN host-only + behavior-neutral: every diff hunk falls strictly INSIDE a host launcher prologue or the new host helper -> ZERO __global__/__device__ kernel bytes change; _CPP_SRC/_CUDA_LU_SRC/_CPP_LU_SRC BYTE-IDENTICAL to parent (only _CUDA_SRC host text changed) -> device cubins bit-for-bit identical; final nsys (n512) confirms identical kernel set + launch counts (qr_panel_apply_fused_kernel<64,64,8> 651 launches == parent, build_Minv_blk4 186, compact_n512_bad_input present). The hot two-level smem opt-in is NOT perturbed -- it computes the same smem_limit (it is byte-identical device code; the host setup runs once). geomean 1921.7us. NOTE: net only -5 lines (helper+per-site lambdas roughly offset the removed boilerplate; trimmed the helper doc-comment to net positive) -- it is a genuine 3-copies->1 STRUCTURAL consolidation more than a big line win, exactly as the brief anticipated (not clearly a line-win). It holds the floor and is byte-identical so I KEPT it per the brief; did NOT need to revert.

PART 1 -- HYPOTHESIS REFUTED (rigorous): compact_n512_bad_input_kernel and f32_to_bf16_rr_kernel do NOT share a foldable per-matrix column-scan/threshold-reduce structure. They differ fundamentally: (a) GRID: compact is block-per-matrix/256-thread, rr is a flat element-stride convert grid; (b) REDUCTION: compact does a 9-variable ADDITIVE two-level reduce (head/tail col+row norms, dot0/norm0/norm1, off_cnt/off_zero -> warp shfl-add -> shared[8] -> warp0 re-reduce -> thread0 bad/good decision), rr does a single-variable monotonic OR-reduce (per-element threshold -> per-block-col bit -> warp OR -> one atomicOr-skip-if-seen/warp); (c) QUANTITY: compact sparse-samples norm-ratios+cos+off-band over cols {0,1,64,128,384,448,511}+rows {0,32,448,511}, rr does a DENSE per-element threshold over the whole matrix folded into the convert. The only literal overlap is the trivial 1-line shfl-down warp idiom, which appears 40+ times FILE-WIDE (panel/build_Minv/mm3/cmv) NOT specific to these two -- folding a generic warp_reduce helper would touch dozens of kernels incl the hot two-level path the brief fences, pure codegen risk for ~0 lines. The conceptual detect-trailing-cols-negligible overlap between compact rank-reveal stage-1 (col_ratio->counts[2]) and rr threshold-mask is REAL but the two-STAGE design (cheap sparse probe GATES the precise dense detector) is the optimization -- unifying them destroys the gating. So no clean __device__ __forceinline__ fold exists; forcing one breaks the algorithm or perturbs the hot path. ACHIEVED [53fa229f, -1]: the one genuine in-scope cleanup found -- removed the dead (void)col_ratio; cast in compact_n512_bad_input_kernel (col_ratio is USED at the rank-reveal stage-1 atomicOr now, so the unused-suppression cast is dead leftover; void-of-a-pure-value emits no code -> cubin bit-identical, the n512 mixed/rankdef/clustered bench shapes 7/9/10 that exercise this kernel stayed byte-identical).

PROBE METHODOLOGY NOTE for future briefs: my separate-process (H,tau)-SHA adversarial grid (rankdef/clustered/mixed/nearrank/nearcollinear/band x conds x B{1..1280}) is NONDETERMINISTIC run-to-run on OFF-BENCH cases -- parent run1 != parent run2 on exactly the cases that route the n512 mixed path with bad rows, because those output bytes are UNINIT bad-row memory whose contents depend on per-process heap state (confirmed: in-process re-run = 0 diff; the kernel is fully deterministic within a process). Only the 12 benchmark shapes have cross-process-stable DEFINED output. So byte-identity proof for n512-mixed must be on DEFINED output only (the 12 bench shapes, incl the 4 n512 leaderboard shapes 3/7/9/10) -- which I confirmed identical -- plus codegen-byte-identity for device changes. A true in-process candidate-vs-parent A/B via two renamed coexisting extensions FAILED (the two extensions co-executing corrupt each other's global/device state -- even proven-identical bench shapes diverged massively), so that approach is unreliable here; the separate-process bench-shape SHA + codegen-diff is the dependable proof. This is the same uninit-bad-row property documented in brief-17 and the PR notes (NOT a regression).

SUGGEST next brief: the two brief-named n512 regions are now exhausted. The cuBLAS host dedup is the available structural consolidation (kept). The classification kernels are structurally incompatible (no shared helper). Remaining headroom in the n512 region is minimal: the bad-subset gather/scatter/compact helpers are all lean and load-bearing; the _indexed kernels are proven load-bearing (brief-17). Any further diff_lines reduction likely lives outside the n512 region or requires forcing risk onto the hot path."
2026-06-20T15:51:34.354358,4,19,N/A,N/A,N/A,brief_start,N/A,"BOLD STRUCTURAL REFACTOR, continue on your branch (parent 53fa229f — your init_qr_cublas_handle 3-launcher dedup, diff 6070). Next n512-region target: the above-panel R-fill + tail/scatter utility kernels — fill_R_n512_ob64_ib16_kernel (+ its _indexed variant), fill_above_panel_R_tiled_kernel, n512_zero_tail_kernel, scatter_exact_n512_kernel. The fill_R indexed/non-indexed PAIR differs only by the index map (you proved the indexed compute path is load-bearing, but the R-FILL pair likely shares its tiled-copy body); fold the shared tiled R-copy body into a __device__ __forceinline__ helper both call (original signatures, no unused params). Also check fill_above_panel_R vs fill_R for shared upper-triangular-copy structure. Prove (H,tau) byte-identical on the 12 DEFINED bench shapes (your established proof: bench-shape SHA + codegen-byte-diff, since off-bench n512-mixed output has uninit-memory nondeterminism) incl shapes 3/7/9/10; geomean within 1% of 1934us; guards clean. NO library substitution; do NOT delete load-bearing _indexed compute kernels. FENCE: panel-factor kernel bodies are W0's. COMMIT each iter before next. Log diff_lines each iter; keep iterating, then brief_stop. Avoid backticks in log text."
2026-06-20T16:01:24.952429,4,19,0,1921.616,6067,succeeded,810b555bea592971ed6c3779540120de56fb612c,"Fold the shared 8-block uptri tile-decode in BOTH fill_R_n512 kernels into the existing decode_uptri_tile __device__ __forceinline__ helper. The non-indexed fill_R_n512_ob64_ib16_kernel (2056) and its _indexed variant (2100) each inlined the SAME 8-block upper-tri decode (t=blockIdx.x; br=0; rowlen=8; while(t>=rowlen){t-=rowlen;++br;--rowlen;} bc=br+t); this is mathematically identical to decode_uptri_tile(t, nbc=8, br, bc) which fill_above_panel_R_tiled_kernel already calls. Replaced both inlined decodes with the helper call. Their tiled-COPY bodies are NOT shared (non-indexed uses cp.async smem staging + half2 write for off-diag and a 3-strip pp scalar diag; indexed uses plain direct BF16-to-FP32 copy + idx-map + tau-copy), so ONLY the decode is foldable -- the brief hypothesis that the copy bodies are identical is REFUTED, but the decode IS a clean shared body. __forceinline__ -> identical inlined SASS. PROVEN byte-identical: (H,tau) SHA-1 matched parent 53fa229f on ALL 12 DEFINED bench shapes incl n512 leaderboard 3 (non-indexed) and 7/9/10 (indexed bad-subset). _CPP_SRC/_CUDA_LU_SRC/_CPP_LU_SRC byte-identical (only _CUDA_SRC shrank). 22 tests + diff-correctness + invariance + kernelguard CLEAN; geomean 1921.6us (below 1934 floor). diff_lines 6070->6067 (-3)."
2026-06-20T16:27:17.012569,4,19,1,1927.836,6061,succeeded,f7b9085f3b9d33c235d56a8d8e499674ebc58398,"Fold the indexed fill_R_n512_ob64_ib16_indexed_kernel off-diag/diag copy branches into ONE masked loop. The two branches were near-identical (both: for idx in [0,64*64) stride 256, decode rr=idx>>6 cc=idx&63, copy Ao=__half2float(Ab) at (r0+rr,c0+cc)); off-diag (br<bc) copied the whole 64x64, diag (br==bc) copied only strict-upper rr<cc. Collapsed to one loop with predicate (offdiag || rr<cc) -- behavior-identical (same elements, same values; the strict-upper rr<cc diag mask preserved EXACTLY). PROVEN byte-identical: full per-shape (H,tau) SHA-1 diff vs golden parent 810b555b = EMPTY on ALL 12 DEFINED bench shapes incl the n512 indexed-path leaderboard shapes 7/9/10 (and non-indexed 3). 22 tests + diff-correctness + invariance + kernelguard CLEAN; geomean 1927.8us (within noise of parent 1928.0, below 1934 floor; shapes 3/7/9/10 all noise-level vs parent: 3646/5514/3305/3033 vs 3636/5493/3297/3021). NOTE: the indexed kernel's diag uses a strict-upper rr<cc tile mask (NOT the ki_c block-tri mask the non-indexed/generic fill use) -- that is by design and is the leaderboard-accepted output; this fold preserves it untouched. ALSO TESTED+REVERTED this iter (not committed): (a) tau-copy __device__ helper shared by scatter_exact_n512 + fill_R_indexed -- byte-identical but net +6 lines (helper boilerplate > 8-line idiom saved), not a simplify win; (b) routing the NON-indexed n512 fill through the generic fill_above_panel_R_tiled_kernel (would delete fill_R_n512 ~40 lines) -- byte-identical output (BF16->FP32 lossless) and geomean held 1927us, BUT shape 3 (the dominant n512 leaderboard shape) regressed +40-63us/+1.1-1.7% (3636 parent -> 3676/3699) from dropping the cp.async smem staging, so REVERTED to protect the hot path. diff_lines 6067->6061 (-6)."
2026-06-20T16:41:35.659473,4,19,N/A,N/A,N/A,brief_stop,N/A,"BRIEF-19 (bold structural refactor, n512 utility-kernel region: fill_R / fill_above_panel / zero_tail / scatter) EXHAUSTED. 2 commits on parent 53fa229f; HEAD=f7b9085f; diff_lines 6070->6061 (-9); geomean held 1921-1928us every iter (within noise of parent 1928.0, below the 1934 floor); ALL 12 DEFINED bench shapes byte-for-byte identical (H,tau) to parent (full per-shape SHA-1 diff vs golden = EMPTY, incl n512 leaderboard 3/7/9/10); 22 tests + diff-correctness + invariance + kernelguard CLEAN throughout. Did NOT delete the load-bearing _indexed compute kernel. Final iter profiled (shape 3): kernel set IDENTICAL to parent -- PAF<64,64,8> 651 launches, build_Minv_blk4 186, fill_R_n512_ob64_ib16_kernel 31 launches @ 92350ns (parent 92257ns, noise), still cp.async.

LANDED (both proven byte-identical via the 12-bench-shape SHA probe + codegen confirm that _CPP_SRC/_CUDA_LU_SRC/_CPP_LU_SRC stay byte-identical):
(1) [810b555b, -3] Folded the shared 8-block uptri TILE-DECODE in BOTH fill_R_n512 kernels (non-indexed @2056 + _indexed @2098) into the existing __device__ __forceinline__ decode_uptri_tile(t, nbc, br, bc) helper that fill_above_panel_R_tiled_kernel already calls. Each kernel had inlined t=blockIdx.x; br=0; rowlen=8; while(t>=rowlen){t-=rowlen;++br;--rowlen;} bc=br+t -- mathematically IDENTICAL to decode_uptri_tile(blockIdx.x, 8, br, bc). __forceinline__ -> identical inlined SASS.
(2) [f7b9085f, -6] Folded the _indexed kernel's OWN two near-identical copy branches into one masked loop: off-diag (br<bc) copied the whole 64x64, diag (br==bc) copied only strict-upper rr<cc; both shared the same idx-loop/decode/copy. Collapsed to one loop with predicate (offdiag || rr<cc), preserving the exact strict-upper diag mask. (Note: the _indexed kernel's diag uses a strict-upper rr<cc TILE mask, NOT the ki_c block-tri mask the non-indexed/generic fills use -- that asymmetry is BY DESIGN and is the leaderboard-accepted shapes-7/9/10 output; left untouched.)

BRIEF HYPOTHESIS PARTIALLY REFUTED: the fill_R non-indexed/_indexed pair does NOT share its tiled-COPY body -- they use fundamentally different copy STRATEGIES: the non-indexed kernel stages off-diag tiles through __shared__ bf16 tile[64*64] via Hopper cp.async (LDGSTS) then half2-writes, and copies the diag via a pp=1..3 16-col-strip scalar loop; the _indexed kernel does a plain DIRECT scalar BF16->FP32 copy (no smem, no cp.async) for both off-diag and diag, plus an index-map (mat=out_idx[src]) and a 512-float tau copy. Only the DECODE is genuinely shared (folded). fill_above_panel_R_tiled_kernel (generic n) shares the SAME 3-part algorithm (decode + off-diag-full + diag-masked) and now shares the decode helper, but its copy is half2-vectorized-direct (no cp.async) and its diag mask is the ki_c column-parallel form -- different from both n512 kernels; it serves the n!=512 shapes (1/2/4/5/8/11).

TESTED + REVERTED (logged in iter-1 desc, not committed):
(a) A shared __device__ __forceinline__ copy_tau512_indexed helper for the 512-float index-mapped tau copy duplicated in scatter_exact_n512_kernel + fill_R_indexed: byte-identical + validated, but NET +6 lines (helper signature+body+doc > the 8-line idiom it replaced; the call sites only save ~2 each). Not a simplify win -- a 4-line idiom is below the break-even for a helper. ABANDONED.
(b) Deleting fill_R_n512_ob64_ib16_kernel (the ~40-line cp.async non-indexed kernel) by routing the non-indexed n512 path through the generic fill_above_panel_R_tiled_kernel: OUTPUT byte-identical on all 12 shapes (BF16->FP32 is lossless widening, so cp.async-vs-direct gives identical bytes) AND geomean held 1927us, BUT shape 3 (the DOMINANT n512-dense leaderboard shape) REGRESSED +40-63us / +1.1-1.7% (parent 3636us -> 3676/3699us, measured back-to-back on the same GPU pool) from dropping the cp.async smem staging. The profile confirms fill_R_n512 is 0.5% of GPU time but its cp.async is a real perf optimization on the hot path. REVERTED to protect the hot path (per the brief's do-not-force-risk-on-hot-path discipline). This is the brief's fill_above_panel-vs-fill_R unification question answered: they CANNOT merge without either losing cp.async (shape-3 regression) or adding cp.async to the generic kernel (complexity + risk on n1024/2048).

n512_zero_tail_kernel vs scatter_exact_n512_kernel: NO shared foldable body. zero_tail does a warp-per-row float4-zero of the [ncap,n) tail + a block-0 tau-tail-zero (make_float4(0,...), unique in the file); scatter_exact does a tile-strided full-512x512 FP32->FP32 copy + a block-0 index-mapped tau copy. Different operation (zero vs copy), different grid (flat warp-per-row vs dim3(256,B) tiled), and the tau handling differs (zero vs idx-copy). gather_n512_bad_input (flat 1D grid gather) vs scatter_exact (2D tiled scatter) are conceptually inverse but use different grid layouts -- folding needs grid unification (higher risk, abuts the classification machinery brief-18 found incompatible); left.

PROBE METHODOLOGY (as the brief prescribed): proved byte-identity ONLY on the 12 DEFINED bench shapes (per-shape (H,tau) SHA-1 vs a golden parent reference saved to /tmp/golden_w4b19.txt) -- off-bench n512-mixed output is nondeterministic run-to-run (uninit bad-row memory, documented since brief-17). For device-code changes I also confirmed _CPP_SRC/_CUDA_LU_SRC/_CPP_LU_SRC stay byte-identical (only _CUDA_SRC text changed) so non-_CUDA_SRC codegen is provably untouched; the __forceinline__ folds rely on the runtime 12-shape SHA (identical inlined SASS).

SUGGEST next brief: the brief-19 n512 utility-kernel region is now exhausted for clean line-negative folds. The remaining structure is load-bearing: fill_R_n512's cp.async (hot-path perf on shape 3), the distinct grid layouts of gather/scatter/zero_tail, and the by-design strict-upper-vs-ki_c mask asymmetry between the indexed and non-indexed fills. Any further diff_lines reduction in this region would require either a perf regression (delete cp.async kernel) or a net-positive helper (tau-copy). Adjacent untouched headroom I noticed: the non-indexed fill_R_n512 diagonal pp=1..3 strip loop (~12 lines) could in principle be rewritten to the cleaner ki_c column-parallel form the generic kernel uses (~6 lines, -6), but it is a hot-path REWRITE not a fold (the pp-strip layout is more coalesced) -- would need careful shape-3 measurement and is a perf risk, so I did not force it. Avoid backticks honored."
2026-06-20T16:55:30.530202,4,19,2,1924.824,6060,succeeded,6b68ae25f63bbc3e3e34f09c3195f4195231da62,"Drop 2 no-op set_bf16_nt(_BF16_NT) calls in _qr_small_bf16 (the n=352 bf16 single-level small-n host glue). g_bf16_nt defaults to 256 (== _BF16_NT, both the C++ static init g_bf16_nt=256 and the module-level set_bf16_nt). The ONLY caller that ever sets it non-256 is _qr_large_fp16 (512/576), which ALWAYS restores it to _BF16_NT before returning. So when _qr_small_bf16 runs, g_bf16_nt is ALWAYS 256 on entry; both its pre-call set_bf16_nt(_BF16_NT) and post-call restore set_bf16_nt(_BF16_NT) were no-ops (256->256). Removed both, added 1 concise inline note. PROVEN byte-identical: per-shape (H,tau) SHA-1 == golden parent f7b9085f on ALL 12 DEFINED bench shapes incl shape 1 (n=176) + shape 2 (n=352, the sole caller). Python-only (build cached, kernel byte-identical). 22 tests + diff-correctness + invariance + kernelguard CLEAN; geomean 1924.8us (below the 1934 floor). diff_lines 6061->6060 (-1)."
2026-06-20T17:02:34.230581,4,19,3,1919.455,6027,succeeded,cd2211bcd2c588b84013eafad4e1a897f866426f,"BOLD STRUCTURAL: collapse _qr_small_bf16 to its SOLE live config (n=352 straight-line). The function has EXACTLY ONE caller (the 176<n<=352 gate, always n=352) and reads module-const _SMALL_HI internally, so every config-driven branch was dead. Collapsed the parametric unpack + branching to straight-line: DEAD-BRANCH removed (the ib<=0/>=ob else two-level cmf=0 arm; the help_>1 cmf=0 arm; the cmf/elif-help dispatch -> just set_panel_cm2(1); the _two_level set_ov_fold(1)/restore arms since _two_level=ib<ob=64<64=False; set_panel_raw(1 if deferp==0 else 0) -> 0 since deferp=5). NO-OP set/restore dropped: set_panel_raw(0) (g_panel_raw global-default 0, every other driver restores it), set_wsp_pad(2)/restore (g_wsp_pad default 2, all writers restore to 2). Kept set_panel_cm2(1) (live cmf panel selector) + FP32-V/blk4/warps flags + restores; still reads _SMALL_HI literals (dict deletion next iter). PROVEN byte-identical: per-shape (H,tau) SHA-1 == golden parent f7b9085f on ALL 12 DEFINED bench shapes incl shape 1 (n=176) + shape 2 (n=352 sole caller). 22 tests + diff-correctness + invariance + kernelguard CLEAN; geomean 1919.5us (below 1934 floor). diff_lines 6060->6027 (-33)."
2026-06-20T17:08:04.868458,4,19,4,1919.505,6014,succeeded,c4fbe4f74fe27995f2f9bcbd87716d1982154298,"Inline _qr_small_bf16 literals + DELETE the _SMALL_HI dict. After last commit collapsed _qr_small_bf16 to its sole live config, _SMALL_HI was read ONLY there (4 keys: bf16_ob=64/bf16_warps=32/bf16_defer=5/bf16_minv_blk4=3 -> inline literals 64/32/5/3; bf16_ib/wsp_pad/wf16/cmf/help already folded out). Inlined the 4 literals into the straight-line body and deleted the whole _SMALL_HI dict (def + 3-line comment) + merged the now-_SMALL_LO-only header comment. _SMALL_LO (n=176 band, read by the _custom_kernel_generic n=176 inline path) UNTOUCHED; _FP32_SMALL_HI is a different symbol (kept). PROVEN byte-identical: per-shape (H,tau) SHA-1 == golden parent f7b9085f on ALL 12 DEFINED bench shapes incl shape 1 (n=176) + shape 2 (n=352 sole caller). 22 tests + diff-correctness + invariance + kernelguard CLEAN; geomean 1919.5us (below 1934 floor). diff_lines 6027->6014 (-13)."
2026-06-20T17:19:20.731089,4,19,5,1920.116,5992,succeeded,7f1889b97499b99b329a1501536e338c86ec1fcc,"BOLD STRUCTURAL: restructure + collapse the small-n tail of _custom_kernel_generic to n=176. Over the active set (distinct n {32,176,352,512,1024,2048,4096}), the ONLY n that fell through to blocked_qr was n=176 (n<=32->tiny; n>=1024->large/cholqr; n=352->bf16; n=512->exact/mixed, all early-return). (1) MOVED the n=512 dispatch ABOVE the small-n flag setup -- PROVEN safe: both n=512 sub-paths set ALL panel flags internally before launch (set_n512_good_flags sets g_warps/g_panel_defer/g_panel_cm/...; _qr_small_exact via _qr_exact_2level sets warps/defer/prec/raw), so the tail's pre-set set_warps(8)/set_panel_defer(1) were DEAD for n=512 (overwritten). (2) COLLAPSED the remaining n=176-only tail to straight-line literals: block=60, warps=32, defer=5, panel_cm=1, panel_cm2=1, minv_blk4=2, prec=_FP32_SMALL_LO. Dropped _small_defer/_small_wsp_pad/_small_panel_cm2/_small_minv_blk4 locals + all 64<n<=176/n>=64-else branches (dead) + set_wsp_pad(2)/restore no-ops (g_wsp_pad always default 2 on entry). PROVEN byte-identical: per-shape (H,tau) SHA-1 == golden parent f7b9085f on ALL 12 DEFINED bench shapes incl shape 1 (n=176) + DOMINANT n=512 shapes 3/7/9/10. 22 tests + diff-correctness + invariance (n=512 batch sweep B in 32/96/160/640/1280 + fraction/position all OK, exercises BOTH the exact B<120 path moved + the mixed driver) + kernelguard CLEAN; geomean 1920.1us (below 1934 floor). _small_panel_params now unused (deleted next iter). diff_lines 6014->5992 (-22)."
2026-06-20T17:25:33.373495,4,19,6,1921.784,5980,succeeded,67acd7899fbfa5b28e7b5da78c72c7aa384231ab,"Delete the now-dead _small_panel_params helper. After the prev commit collapsed the n=176 tail to literal (block=60, warps=32), _small_panel_params had ZERO callers (n=176 was its sole consumer; n=352->_qr_small_bf16, n=512->mixed/exact drivers, none call it). Deleted the 11-line function. _WARPS (its only external dep, at the n<=64 arm) still used at module init (set_warps(_WARPS)), kept. PROVEN byte-identical: per-shape (H,tau) SHA-1 == golden parent f7b9085f on ALL 12 DEFINED bench shapes. Python-only (build cached). 22 tests + diff-correctness + invariance + kernelguard CLEAN; geomean 1921.8us (below 1934 floor). diff_lines 5992->5980 (-12)."
2026-06-20T17:36:24.586049,4,19,7,1921.606,5975,succeeded,bbb8f7787519758bead23a60618e41971204f17a,"Trim stale small-n dispatch comments in _custom_kernel_generic. After collapsing the tail to straight-line per-shape blocks, two comment blocks were stale: (1) the 9-line Small-n precision paragraph described the OLD inline prec dispatch (prec=1 well-cond vs prec=0 stress, n>=64-else) that now lives in the n=512 drivers + the n=176 straight-line block -- condensed to a 5-line shape->path map; (2) the _arms-table header called the tail mutable-local control flow, now just straight-line. Comment-only. PROVEN byte-identical: per-shape (H,tau) SHA-1 == golden parent f7b9085f on ALL 12 DEFINED bench shapes. 22 tests + diff-correctness + invariance + kernelguard CLEAN; geomean 1921.6us (below 1934 floor). diff_lines 5980->5975 (-5)."
2026-06-20T17:46:09.867636,4,19,8,1921.953,5969,succeeded,f8594294edd3c1e4ed9ef43540ce7dc7493d7641,"Consolidate the _qr_small_bf16 doc block (15 lines -> 9). After collapsing to straight-line, it carried two overlapping doc blocks (original algorithm rationale + collapsed-config note), both restating OB==IB single-level / defer=5 / the cmf panel. Merged into ONE tighter block preserving the load-bearing rationale (the FP32-V + BF16-trailing lever, why OB==IB is single-level-degenerate, the cmf cm2 panel dispatch, the g_panel_raw/g_bf16_nt/g_wsp_pad no-set/restore note). Comment-only. PROVEN byte-identical: per-shape (H,tau) SHA-1 == golden parent f7b9085f on ALL 12 DEFINED bench shapes. 22 tests + diff-correctness + invariance + kernelguard CLEAN; geomean 1922.0us (below 1934 floor). diff_lines 5975->5969 (-6)."
2026-06-20T17:49:54.414924,4,19,9,1921.058,5964,succeeded,c86c70fa54148d2c2b20dbb55680b240993d9c2e,"Delete the now-dead _SMALL_LO dict. Inlining the n=176 tail to literals (block=60, minv_blk4=2, panel_cm2=1) stopped reading _SMALL_LO[wsp_pad]/[panel_cm2]/[minv_blk4] -- it was the dict's sole consumer. With those inline, _SMALL_LO had ZERO code readers (def + a comment mention only). Deleted the dict + trimmed the header comment to note both small-n configs (n=352 + n=176) are now inline at their dispatch sites. _FP32_SMALL_LO is a DIFFERENT symbol (kept). PROVEN byte-identical: per-shape (H,tau) SHA-1 == golden parent f7b9085f on ALL 12 DEFINED bench shapes. 22 tests + diff-correctness + invariance + kernelguard CLEAN; geomean 1921.1us (below 1934 floor). diff_lines 5969->5964 (-5)."
2026-06-20T17:52:58.296248,4,19,N/A,N/A,N/A,brief_stop,N/A,"BRIEF-20 (bold structural refactor, small-n n=176/n=352 HOST dispatch + scratch glue) EXHAUSTED. 8 commits on parent f7b9085f; HEAD=c86c70fa; diff_lines 6061->5964 (-97, -1.6%); geomean held 1919-1925us EVERY iter (below the 1934 floor); ALL 12 DEFINED bench shapes byte-for-byte identical (H,tau) to golden parent f7b9085f (full per-shape SHA-1 diff = EMPTY, incl shape 1 n=176, shape 2 n=352, and the DOMINANT n=512 shapes 3/7/9/10); 22 tests + diff-correctness + invariance (incl the n=512 batch-sweep B in 32/96/160/640/1280 + fraction/position) + kernelguard CLEAN throughout.

TARGET #2 (small-n apply orchestration vs the two-level driver -- shared host structure) FULLY DELIVERED via collapse, not fold (the fold is genuinely blocked, see below):
(1) [6b68ae25, -1] dropped 2 no-op set_bf16_nt(_BF16_NT) in _qr_small_bf16 (g_bf16_nt always 256 on entry; only _qr_large_fp16 perturbs it + restores).
(2) [cd2211bc, -33] BOLD: collapsed _qr_small_bf16 to its SOLE live config (n=352 straight-line). It has EXACTLY ONE caller and reads module-const _SMALL_HI internally, so every config-driven branch was dead: the ib<=0/>=ob else two-level arm, the help_>1 arm, the cmf/elif-help dispatch (-> just set_panel_cm2(1)), the _two_level=ib<ob=False ov_fold arms, set_panel_raw(deferp==0?1:0)->0. Also dropped the set_panel_raw(0) + set_wsp_pad(2)/restore global-default no-ops.
(3) [c4fbe4f7, -13] inlined the 4 _SMALL_HI literals (64/32/5/3) + DELETED the _SMALL_HI dict (sole consumer was _qr_small_bf16).
(4) [7f1889b9, -22] BOLD: restructured + collapsed the n=176 tail of _custom_kernel_generic. Over the active set (distinct n {32,176,352,512,1024,2048,4096}) the ONLY n reaching blocked_qr was n=176. MOVED the n=512 dispatch ABOVE the small-n flag setup -- PROVEN safe because both n=512 sub-paths set ALL their panel flags internally before launch (set_n512_good_flags sets g_warps/g_panel_defer/g_panel_cm/...; _qr_small_exact via _qr_exact_2level sets warps/defer/prec/raw), so the tail's pre-set set_warps(8)/set_panel_defer(1) were DEAD for n=512. Then collapsed the n=176-only remainder to straight-line literals (block=60, warps=32, defer=5, panel_cm=1, panel_cm2=1, minv_blk4=2, prec=_FP32_SMALL_LO), dropping the _small_defer/_small_wsp_pad/_small_panel_cm2/_small_minv_blk4 locals + the 64<n<=176 / n>=64-else branches + set_wsp_pad no-ops.
(5) [67acd789, -12] deleted the now-dead _small_panel_params helper (n=176 was its sole consumer; now inline).
(6) [bbb8f778, -5] trimmed the stale Small-n precision comment paragraph (described the moved inline prec dispatch) + the stale mutable-local-control-flow header line.
(7) [f8594294, -6] consolidated the _qr_small_bf16 two overlapping doc blocks (15->9 lines).
(8) [c86c70fa, -5] deleted the now-dead _SMALL_LO dict (n=176 inlining removed its sole reader).

TARGET #1 (scratch + cuBLAS-handle/flag setup duplication) -- MEASURED & PROVEN GENUINELY DISTINCT, no clean fold (per the brief's do-not-force discipline): (a) init_qr_cublas_handle (the cuBLAS handle + smem-opt-in boilerplate, the post-combine shared helper the brief named) is ALREADY routed through by ALL THREE launchers (blocked_qr @1422, blocked_qr_2level @1593, blocked_qr_2level_bf16 @3879) -- that dedup was landed in a prior brief, nothing left. (b) There are NO qr_alloc_* helpers (the brief hypothesis); the scratch allocs are static-tensor-reuse blocks that are genuinely distinct per launcher: blocked_qr = 5 FP32 tensors (cV/cT/cS/cW/cY), key (B,n,block); blocked_qr_2level = 6 FP32 (adds cVo2 ov-fold), key (B,n,OB,ov_fold); blocked_qr_2level_bf16 = 9 MIXED-dtype tensors (cHb/cVb/cYb/cVob/cWb/cMb bf16 + cS3/cT3/cW3 FP32 + the bf16 H buffer + FP16 W/M intermediates), key (B,n,OB,ov_fold). They differ in tensor COUNT, DTYPE-mix, and reuse-KEY fields -- a shared qr_alloc helper would need a variadic/templated interface that ADDS lines, not removes them (the brief-19 tau-helper lesson: a <=4-line idiom is below the helper break-even). The only shared idiom (the 3-line s_*-key guard) is too small to factor.

BRIEF HYPOTHESIS (fold _qr_small_bf16 into the two-level apply driver) PARTIALLY REFUTED: _qr_small_bf16 cannot route through _qr_large_fp16 byte-identically. Both call blocked_qr_2level_bf16, but the n=352 bf16 path uses the cmf cm2 PANEL (set_panel_cm2(1)) which _qr_large_fp16 NEVER drives (it uses inner_wmma/panel_apply_fused for n=1024/LO, or the cm-coop pivot panel for n=2048/HI). Folding would require ADDING panel_cm2 support to _qr_large_fp16 (a large-n driver, abutting W3's run_two_level_loop fence) AND making n=352 newly call no-op inner_wmma/paf setters. Net maybe -10 lines but with large-n byte-identity risk + a fence concern; the COLLAPSE approach I took (specialize to the single live config) banked MORE (-46 on _qr_small_bf16 alone) with ZERO fence risk and zero large-n exposure. So the answer to the brief's fold question: the small-n bf16 orchestration is structurally distinct from the two-level driver at the PANEL-selector level (cmf-cm2 vs inner-wmma), so the right simplification was specialize-to-live-config, not unify.

FENCE HONORED: did NOT touch panel-factor/apply KERNEL BODIES (W0), the GEMM cuBLAS wrappers / run_two_level_loop (W3), or n4096/LU (W5). The n=512 dispatch was REORDERED (host-glue, mine) but its drivers (qr_n512_mixed_driver / _qr_small_exact) were untouched and proven byte-identical. NOTED out-of-scope: the geqrf-fallback arm (n>4096 and B<128, _arms index 3) is DEAD -- the n>=4096 arm (index 2) catches all n>=4096 regardless of B before it -- but that is the n4096/LU region (W5's), left for W5.

PROBE METHODOLOGY (brief-prescribed): proved byte-identity on the 12 DEFINED bench shapes via per-shape (H,tau) SHA-1 vs golden /tmp/golden_w4b19.txt (off-bench n512-mixed is nondeterministic, documented since brief-17). Final iter profiled (shape 3 isolation): kernel set IDENTICAL to parent -- PAF<64,64,8> 630 launches, build_Minv_blk4 180, fill_R_n512 30.

SUGGEST next brief: my small-n HOST-glue region is now exhausted for clean byte-identical line-negative changes. The n=176 + n=352 dispatch is collapsed to straight-line literals; _SMALL_HI/_SMALL_LO/_small_panel_params deleted; comments deduped. Adjacent untouched targets I noticed: (a) the _qr_large_fp16 / _qr_exact_2level / the new n=176 inline block ALL share the set-flags->kernel->restore-flags shape but call DIFFERENT kernel entries (blocked_qr_2level_bf16 vs blocked_qr_2level vs blocked_qr) -- a unifying driver is possible but would need a kernel-entry parameter + per-driver optional-key handling, net uncertain and touches large-n (W3-adjacent); (b) the C++ scratch-alloc reuse-key guard idiom (the static s_* int block) repeats across launchers but is too small to factor without a net-positive helper; (c) the dead geqrf-fallback arm in _arms (W5's n4096 region). Avoid-backticks honored throughout."
2026-06-20T18:01:36.338289,4,21,N/A,N/A,N/A,brief_start,N/A,"4th-GEN COMBINE. BASE (1st parent) = 97567782 (diff 5520, deepest canonical-lineage). Fold these 5 DISJOINT regional deltas, region-by-region, re-verifying byte-identity after EACH fold, skipping+noting any conflicting hunk: (1) W4 small-n c86c70fa (5964, -97 biggest) — _qr_small_bf16/_custom_kernel_generic small-n straight-line collapse + dead _SMALL_HI/_SMALL_LO/_small_panel_params; (2) W3 GEMM 11cc29d7 (5621) — mmb_S/mmb_Y folded into mmb + mm_tf32_strided extract; (3) W2 dead-branch b171f1ac (5962) — g_inner_wmma==1 dead mode + g_wsp_help flag elimination; (4) W0 device-idiom newest tip 17a1fdf4 (5779) — col_sumsq_warp + hh_reflector reuse + col0_reflector_finalize leaf (only parts NOT already in base warp_reduce folds); (5) W5 LU 0450e26c (5874) — _CUDA_LU_SRC stale-narration + dead gather_diag nblk param (verify still applicable). Regions are file-disjoint (small-n host / GEMM marshalers / dispatch flags / panel kernel bodies / LU ext) so deltas should be additive. METHOD: cherry-pick or apply each region delta; resolve seams union-of-deletions; ZERO conflict markers final. GATES: (H,tau) byte-identical to ee18b340 on ALL 12 shapes after full combine; B=1280 invariance + 22 tests + diff-correctness + kernelguard CLEAN; geomean within 1% of 1934us. NO library substitution. COMMIT after EACH region folds. Log --metric linalg/qr_v2 + diff_lines after each fold; brief_stop when all foldable regions in. Avoid backticks in log text."
2026-06-20T18:31:45.265098,4,21,0,1931.732,5445,succeeded,136c20cf98835bceb8ef81cffe2e134c12b512bf,"COMBINE brief-21 REGION 1/5 (W4 small-n c86c70fa). Folded W4 brief-20 small-n collapse onto base 97567782, re-expressed in the base _run_blocked idiom (base diverged from W4 brief-20 start -- base _qr_small_bf16 was 106-line parametric W1-folded form, NOT cherry-pickable). (1) _qr_small_bf16 collapsed to sole live config n=352 (_SMALL_HI: ob=64,ib=0->single,defer=5,warps=32,wf16=1,minv_blk4=3,cmf=1); dropped no-op set_bf16_nt + set_wsp_pad set/restore pairs. (2) _custom_kernel_generic tail: moved n=512 dispatch ABOVE small-n preamble (both n512 sub-paths set all flags internally -> preamble dead for n512), collapsed n=176 remainder to literals (block=60,warps=32,defer=5,wsp_pad=2,panel_cm/cm2=1,minv_blk4=2,prec=1). (3) Deleted dead _SMALL_HI/_SMALL_LO dicts + _small_panel_params helper. PROVEN byte-identical: (H,tau) SHA-256 == golden ee18b340 on ALL 12 bench shapes (incl n=176 shape1, n=352 shape2, dominant n=512 shapes 3/7/9/10). FULL validate PASS: 22 tests + diff_correctness + invariance (n512 batch sweep B=32..1280 + fraction + position) + kernelguard all CLEAN. geomean 1931.7us (within 1pct of 1934 floor, below it). Python-only. diff_lines 5520->5445 (-75)."
2026-06-20T18:36:51.189524,4,21,1,1929.862,5431,succeeded,027266a9d91f59b95e518cc29bd91592f20dc158,"COMBINE brief-21 REGION 2/5 (W3 GEMM 11cc29d7). Cherry-picked the 3 W3 mm-family commits onto region-1 HEAD -- CLEAN, ZERO conflicts (base mm-family untouched since fork 041d4dee): (1) 500a85ba merge mm1g into mm3g (byte-identical FP32 strided-GEMM marshaler -- the single-GEMM call site now uses mm3g); (2) 3185b47a fold mmb_S + mmb_Y into the shared mmb GemmEx marshaler; (3) 11cc29d7 extract mm_tf32_strided (shared TF32-bracket for mm_S_tf32 + mm1_tf32_inplace). mm-family collapsed to 2 cuBLAS entry points (mm3g FP32-strided + mmb bf16) + the TF32 bracket helper. PROVEN byte-identical: (H,tau) SHA-256 == golden ee18b340 on ALL 12 bench shapes. FULL validate PASS: 22 tests + diff_correctness + invariance + kernelguard CLEAN. C++ recompile 28s. geomean 1929.9us (below 1934 floor). diff_lines 5445->5431 (-14). Folded as 3 cherry-pick commits (a534c41e/aefe9b75/027266a9)."
2026-06-20T18:46:26.831122,4,21,2,1927.957,5421,succeeded,12412802e6227df9cf6aae359bf4ee79a451d838,"COMBINE brief-21 REGION 3/5 (W2 dead-branch b171f1ac). Hand-applied W2 brief-16 dead-branch removals to region-2 HEAD (base diverged: standalone apply_block_reflector_bf16_wf16 was UNIFIED into templated apply_block_reflector_t STORE=__half arm, so applied same logic to unified fn). (1) [4254c240] inner_wmma: g_inner_wmma trace-proven {0,2}, fused_ok implies ==2 -> S-skip guard !(fused_ok && g_inner_wmma==2)-> !fused_ok, removed inner if(==2) wrapper + dead else TORCH_CHECK(mode-1). (2) [b171f1ac] eliminated dead g_wsp_help (redundant w/ g_wsp_cm_coop -- lockstep on n2048 _LARGE_HI, kernel hardcodes MHELP=2): dropped g_wsp_help>1 from C++ gate, removed static decl + setter + extern decl + functions[] entry + folded 2 _qr_large_fp16 set/restore tuples to single cm_coop check. _qr_small_bf16 tuples already gone (region-1). PROVEN byte-identical: (H,tau) SHA-256 == golden ee18b340 on ALL 12 bench shapes. FULL validate PASS: 22 tests + diff_correctness + invariance + kernelguard CLEAN. C++ recompile. geomean 1928.0us (below floor). diff_lines 5431->5421 (-10; nets less than standalone -81 because base pre-unified the fn + region-1 pre-dropped tuples + explanatory comments offset)."
2026-06-20T18:52:12.708773,4,21,3,1931.336,5377,succeeded,1d046de8793fc8999ae7be5d079ca5f77d038573,"COMBINE brief-21 REGION 4/5 (W0 device-idiom newest tip 17a1fdf4). Cherry-picked the 5 genuinely-new W0 device-idiom commits (29693f83..17a1fdf4) onto region-3 HEAD -- CLEAN, ZERO conflicts. The base already has warp_reduce_sum/bcast (18/14 refs) + hh_reflector (14) + trailing_col_rm_fp32 (3) helpers via the 3rd-gen canonical W0 fold (29693f83), so I started the range AFTER 29693f83. Genuinely-new vs base (verified col_sumsq_warp + col0_reflector_finalize were 0-occurrence in base): (1) 41942091 reuse trailing_col_rm_fp32 for the wsp_rm_factor bulk + NWARPS==1 trailing loops; (2) 3ed3def8 reuse hh_reflector in panel_factor_smem_raw_kernel reflector + merge deferred-raw store; (3) affef516 factor warp-strided col squared-sum into col_sumsq_warp leaf; (4) 279b22b9 trim col_sumsq_warp comment; (5) 17a1fdf4 factor col-0 reflector-finalize tail into col0_reflector_finalize leaf. PROVEN byte-identical: (H,tau) SHA-256 == golden ee18b340 on ALL 12 bench shapes (device-idiom leaf refactors compile to identical SASS). FULL validate PASS: 22 tests + diff_correctness + invariance + kernelguard CLEAN. C++ recompile 30s. geomean 1931.3us (below floor). diff_lines 5421->5377 (-44). Folded as 5 cherry-pick commits (cc6e814b/fcb92e98/d45fb30b/cd60c6b2/1d046de8). NOTE: folded all 5 incl the non-brief-named 41942091 trailing_col_rm reuse (file-disjoint device-idiom, byte-identical)."
2026-06-20T19:05:05.881990,4,21,4,1935.877,5316,succeeded,4afa26194860bd47feba7b9bbea48f3d32e613b2,"COMBINE brief-21 REGION 5/5 (W5 LU 0450e26c). Hand-applied only genuinely-applicable W5 LU comment work (cherry-pick infeasible -- W5 tip diverged hard: its Python region is BEHIND base on load_inline/env-knobs/_SMALL dicts, and W5 REVERTED 2 helper folds base keeps). APPLIED: (1) _CUDA_LU_SRC stale-narration condensation (8 kernel doc-headers, comment-only codegen-neutral: diag_lu_static_fused/build_H_inplace/gather_diag_and_eye/MAIN-SOLVE-tri_solve_right_inv/recon_lu_cpp+single-level-LU/INTEGER-OZAKI-Gram/oz_recombine_all). (2) Python cholqr-recon comment dedup [0450e26c + ad88216e]: _choleskyqr_1pass TRSM rationale -> one-line pointer; dense_noinfo-arm + _reconstruct_householder orhr_col/Q-donate/ob=64 condensed. SKIPPED+NOTED: (a) W5 27ad5a4f drop-nblk-from-gather_diag -- base kernel already has NO nblk param (already done), nothing to drop; (b) W5 tf32_split_store + oz_recombine_elem INLININGS (3ab8a537 reverted the tf32 fold; W5 lacks W0's oz leaf) -- base HAS both as __forceinline__ leaves, applying W5 tip would UN-fold (+lines) -- kept base helpers; (c) W5 Python Ozaki/recon header commits f7e0a0d5 etc. target the env-knob form base already simplified differently -- not applicable. PROVEN byte-identical: (H,tau) SHA-256 == golden ee18b340 on ALL 12 bench shapes. FULL validate PASS: 22 tests + diff_correctness + invariance + kernelguard CLEAN. geomean 1935.9us (within 1pct of floor). diff_lines 5377->5316 (-61)."
2026-06-20T19:11:53.220944,4,21,N/A,N/A,N/A,brief_stop,N/A,"BRIEF-21 4th-GEN COMBINE COMPLETE. All 5 disjoint regional deltas folded onto base 97567782 region-by-region, byte-identity re-verified after EACH fold. Final HEAD=4afa2619, 11 commits, ZERO conflict markers, diff_lines 5520->5316 (-204). (H,tau) SHA-256 == golden ee18b340 on ALL 12 bench shapes after every fold; 22 tests + diff_correctness + invariance(B=32..1280 batch/fraction/position) + kernelguard CLEAN; geomean median 1933.8us (3 runs 1929.7/1933.8/1936.2 + region5 1935.9 = at/on the 1934 floor, within 1pct). NO library substitution.

REGIONS (diff_lines after each):
1 [136c20cf, -75 ->5445] W4 small-n c86c70fa: cherry-pick INFEASIBLE (base diverged -- base _qr_small_bf16 was 106-line W1-folded _run_blocked-driver form vs W4 brief-20's 30-line straight-line start). HAND-RE-EXPRESSED the brief-20 collapse in the base idiom: collapsed _qr_small_bf16 to sole live config n=352 + moved n=512 dispatch above the small-n preamble (preamble dead for n512 -- both sub-paths set all flags internally) + collapsed n=176 tail to literals + deleted dead _SMALL_HI/_SMALL_LO/_small_panel_params.
2 [a534c41e/aefe9b75/027266a9, -14 ->5431] W3 GEMM 11cc29d7: cherry-picked the 3 mm-family commits CLEAN, ZERO conflicts (base mm region untouched since fork). merge mm1g->mm3g, fold mmb_S/mmb_Y into mmb, extract mm_tf32_strided.
3 [12412802, -10 ->5421] W2 dead-branch b171f1ac: HAND-applied (base UNIFIED apply_block_reflector_bf16_wf16 into templated apply_block_reflector_t). g_inner_wmma==1 dead-mode removal + g_wsp_help elimination (gate/decl/setter/pybind/functions[]/2 _qr_large_fp16 tuples; _qr_small_bf16 tuples already gone via region-1). Nets less than standalone -81 (base pre-unified fn + region-1 pre-dropped tuples).
4 [cc6e814b..1d046de8, -44 ->5377] W0 device-idiom 17a1fdf4: cherry-picked the 5 genuinely-new commits AFTER 29693f83 (base already has warp_reduce/hh_reflector/trailing_col_rm helpers) CLEAN, ZERO conflicts. trailing_col_rm reuse + hh_reflector reuse in panel_factor_smem_raw + col_sumsq_warp leaf + col0_reflector_finalize leaf. Device-idiom refactors -> identical SASS.
5 [4afa2619, -61 ->5316] W5 LU 0450e26c: cherry-pick INFEASIBLE (W5 tip diverged hard -- Python region BEHIND base on load_inline/env-knobs/_SMALL dicts; W5 REVERTED 2 helper folds base keeps). HAND-applied only applicable: _CUDA_LU_SRC stale-narration condensation (8 kernel doc-headers, codegen-neutral) + cholqr-recon Python comment dedup (_choleskyqr_1pass TRSM + dense_noinfo + _reconstruct_householder).

SKIPPED+NOTED hunks (per brief): (5a) W5 27ad5a4f drop-nblk-from-gather_diag_and_eye -- base kernel signature already has NO nblk param (already done another lineage). (5b) W5 tf32_split_store + oz_recombine_elem INLININGS (W5 commit 3ab8a537 reverted the tf32 fold; W5 lacks W0's oz leaf) -- base HAS both as __forceinline__ leaves; applying W5 tip would UN-fold them (+lines, anti-simplify) -- kept base helpers. (5c) W5 Python Ozaki/recon header commits f7e0a0d5 etc. -- target the env-knob/verbose form base already simplified differently, not cleanly applicable.

The -204 (vs naive sum-of-deltas -97-14-81-45-117=-354) confirms the combine<sum model: regions 3+5 overlapped the base's already-applied folds heavily (base unified apply_block_reflector + W5 reverted helpers the base kept), exactly the disjoint-but-base-shares-scaffold case. The deliverable is sound, minimal, and at the optimized floor. All foldable regions are in -- brief exhausted."
2026-06-20T19:14:35.936722,4,22,N/A,N/A,N/A,brief_start,N/A,"BOLD STRUCTURAL REFACTOR off the NEW canonical 4afa2619 (diff 5316 — your own 4th-gen combine, the deepest; work here deepens the canonical directly). Back in YOUR n512 region. Targets you have not yet folded: (1) the fill_R_n512_ob64_ib16_kernel and its _indexed twin (L2042/L2084) differ only by the index map on the OUTPUT scatter — the tiled R-copy BODY is shared; fold the shared body into a __device__ __forceinline__ leaf both call (original signatures, no unused params; you proved the _indexed COMPUTE path is load-bearing, but the R-FILL body is a pure copy). (2) set_n512_good_flags / set_n512_bad_flags (L3866/L3890) are a symmetric flag-set pair — if they set the same knobs to different values, a single table-driven setter(regime) collapses both. (3) scatter_exact_n512 / n512_zero_tail host wrappers — shared launch-config boilerplate. CODE folds favoring whole-line deletions (operator monitors code-vs-comment ratio). GATES: (H,tau) byte-identical on the 12 DEFINED bench shapes (your SHA+codegen-byte method, since off-bench n512-mixed has uninit nondeterminism) incl shapes 3/7/9/10; B=1280 invariance + 22 tests + diff-correctness + kernelguard; geomean within 1% of 1934us. NO library substitution; do NOT delete the load-bearing _indexed COMPUTE kernels. FENCE: panel kernel bodies (W0), LU (W5), GEMM/scratch (W3), Python _run_blocked (W2), C++ drivers/template (W1). COMMIT each validated iter. Log --metric linalg/qr_v2 + diff_lines each iter, then brief_stop. Avoid backticks in log text."
2026-06-20T19:56:17.830187,4,22,0,1928.029,5310,succeeded,ecd3b2b94cdee91b28253be666587692abef8b74,"Fold fill_R_n512_indexed off-diag/diag copy branches into one masked loop (offdiag || rr<cc). Re-applies the brief-19 f7b9085f3 fold that the canonical 4afa2619 combine did not carry. PROVEN (H,tau) byte-identical to parent 4afa2619 on ALL 12 defined bench shapes (per-shape SHA-1 of H and tau, shapes 0-11 incl n512 indexed-path 3/7/9/10 + n1024 nearrank 11). 22 tests + diff-correctness + B=1280 invariance + kernelguard CLEAN; geomean 1928.0us (below 1934 floor). diff_lines 5316->5310."
2026-06-20T20:09:48.887919,4,22,N/A,N/A,N/A,brief_stop,N/A,"BRIEF-22 (bold structural refactor, n512 region) EXHAUSTED. 1 validated commit ecd3b2b9: re-applied brief-19 f7b9085f3 fold (collapse fill_R_n512_indexed off-diag/diag into one masked loop) that the 4afa2619 combine had not carried; diff_lines 5316->5310 (-6), (H,tau) byte-identical to parent on ALL 12 defined shapes (per-shape SHA-1 incl 3/7/9/10/11), 22 tests + diff-correctness + B=1280 invariance + kernelguard CLEAN, geomean 1928.0us (below 1934 floor). FINDINGS on the 3 named targets vs the ACTUAL canonical code: (1) fill_R plain vs indexed do NOT share a foldable body -- plain uses cp.async vectorized float2 staging + a staircase diagonal that writes a SUBSET of the strict-upper, indexed uses scalar copy + full strict-upper rr<cc; different memory paths AND different diagonal element sets, so a shared-leaf fold is NOT value-safe. Only the indexed kernel internal 2-branch collapse was safe (done). (2) set/restore_n512_good/bad are value-specific not symmetric: restore != defaults and != inverse-of-set (restore_good leaves g_prec=1, sets g_minv_nt=512 not the 256 default), so a table-driven setter(regime) must emit the full union per regime = LONGER. Removing the provable no-op restore assigns (g_paf_warps/g_panel_raw/g_wsp_pad in good; g_panel_raw/g_minv_nt in bad, all unchanged since set since the factor is read-only on config) is byte-safe but nets POSITIVE diff_lines after the justifying comments -> anti-simplify, reverted. (3) scatter_exact_n512 / n512_zero_tail are NOT a foldable pair: n512_zero_tail is launched inline (no host wrapper), scatter_exact is a wrapper, different launch configs/bodies. Remaining device dup = the 512-elem remapped tau-row copy shared by scatter_exact_n512_kernel + fill_R_n512_indexed_kernel; a forceinline leaf nets ~0 lines (pointer arithmetic + differing tid/stride params), not worth byte-identity risk. The n512 region's safe diff_lines folds are genuinely exhausted; fill_R kernels are <0.5% of GPU time (profile worker-4-brief-22-iteration-0-ecd3b2b9) so any further change there is diff-only, not perf. SUGGEST next briefs target a DIFFERENT region (the LU/GEMM/panel fences block the high-line-count areas; the small-n and large-n host dispatch were already collapsed in briefs 19-20)."
