timestamp,agent_id,brief_id,parent_commits,brief_kind,description
2026-06-20T04:53:46.935704,0,0,fb5f83213d5dbc7a4a0fe4e2b876bef744414979,simplify,"SIMPLIFY the Python dispatch's ~40 os.environ.get knobs (submission.py lines ~8-90, 7340-7600, 8016-8090). Each QR_* knob has a production default; the non-default branch is dead config surface. Inline every knob to its literal default and delete the now-unreachable branches and the dead _ext.set_* calls they feed (e.g. _SMALL_BF16=0/_SMALL1_BF16=0 disables _qr_small_bf16 entirely; _FP32_SMALL_HI=0; _FALLBACK; alternate _BF16_* values). Keep all 12 benchmark shapes numerically identical and geomean within 1% of 1934us; revert any knob whose removal moves a shape. Measure diff_lines each iteration."
2026-06-20T04:54:10.855829,1,0,fb5f83213d5dbc7a4a0fe4e2b876bef744414979,simplify,"SIMPLIFY _CUDA_SRC panel-factor kernel family (submission.py ~84-660): panel_factor_smem_kernel + _raw_ + _pipe_ + _fnorm_ov_ variants plus their cudaFuncSetAttribute registrations (~2431-2461) and the run_panel g_panel_defer/g_panel_raw/g_panel_cm/g_panel_cm2 dispatch (~2560+). Instrument or trace which (defer,raw,cm,cm2,warps) combinations the 12 benchmark shapes actually launch, then delete the panel template instantiations and dispatch arms that NEVER fire. Hold all 12 shapes numerically identical, geomean within 1% of 1934us. Measure diff_lines each iteration."
2026-06-20T04:54:10.889994,2,0,fb5f83213d5dbc7a4a0fe4e2b876bef744414979,simplify,"SIMPLIFY the build_Minv kernel family (submission.py ~678-1010): build_Minv_kernel<BMAX>, build_Minv_dyn_kernel, build_Minv_blk4_kernel, build_Minv_rblk_gen_kernel and their host wrappers/set_minv_* knobs. The profile shows only build_Minv_blk4_kernel firing on the hot n=512 path. Trace which build_Minv variant each of the 12 shapes selects (via _MINV_NT/_BF16_NT/minv_blk4/minv_nt/nlev setters), then delete the unreachable variants and the dead nt/nlev getenv branches inside them. Hold all 12 shapes numerically identical, geomean within 1% of 1934us. Measure diff_lines each iteration."
2026-06-20T04:54:26.079973,3,0,fb5f83213d5dbc7a4a0fe4e2b876bef744414979,simplify,"SIMPLIFY the second CUDA extension _CUDA_LU_SRC + _CPP_LU_SRC (submission.py ~6463-7316, ~850 lines) and its _compile_lu/_get_lu machinery. It is reached ONLY by the n>=4096 CholeskyQR path (shape 6, B=2, n=4096) via _cholqr_dense_b2_path/_choleskyqr_1pass. Investigate whether shape 6 holds the perf floor with a simpler implementation: stock torch.linalg.cholesky/cuSOLVER potrf+trsm instead of the hand-written looped-cholesky/TRSM LU kernels, which would let the entire second extension be deleted. If torch holds shape 6 within 1% geomean, remove _CUDA_LU_SRC wholesale. Hold all 12 shapes; measure diff_lines each iteration."
2026-06-20T04:55:11.342927,4,0,fb5f83213d5dbc7a4a0fe4e2b876bef744414979,simplify,"SIMPLIFY the n=512 PAF megakernel sub-mode scaffolding (submission.py ~4768-end of _CUDA_SRC + setters set_paf_warps/set_paf_no_csh/set_paf_no_vsh/set_panel_apply_fused and _BIGBATCH_PAF_* knobs ~7540-7560). Recent commits (8212e962, ada7ce6b) mark the PAF block-config / MINB4 levers DEAD with machinery left inert. Fix the kept-ON values as literals (paf_warps=8, no_csh=1, no_vsh=1, fused=1) and delete the dead 4-warp/PAF_MINB4/block-config branches, their #ifdef PAF_LAUNCH_BOUNDS variants, and the now-constant setters. Hold all 12 shapes numerically identical, geomean within 1% of 1934us. Measure diff_lines each iteration."
2026-06-20T04:55:11.377618,5,0,fb5f83213d5dbc7a4a0fe4e2b876bef744414979,simplify,"SIMPLIFY the ill-conditioning detection + repair scaffolding (submission.py: compact_collinear_kernel, coll_accum_kernel, coll_finalize_kernel ~1431-1650, compact_n512_bad_input/gather_n512_bad_input/compact_large_bad_input ~1652-1900, and Python _patch_collinear/_patch_panel_labels/_patch_bad_matrices/_qr_bigbatch_split_bad ~7615-7790). Trace which detectors/patch paths actually fire on the 12 benchmark shapes (esp. n=512 rankdef/clustered shapes 9,10 and mixed shapes 7,8). Consolidate duplicate compaction kernels and delete any repair path no benchmark shape exercises. Hold all 12 shapes numerically identical incl. the stress shapes, geomean within 1% of 1934us. Measure diff_lines each iteration."
2026-06-20T05:31:09.709012,4,1,e873f06e5daacceb8028ef23c0b43f704cb82a76,simplify,"Continue PAF cleanup on your own branch (parent e873f06e). The PAF megakernel has a family of compile-time macros all pinned to one value (~4775-4853): PAF_FP32A5=0, PAF_SPLITK_A2=0, PAF_A4_DUALACC=0, PAF_FUSE_A2A4=1, PAF_MERGE_MBW=1, PAF_NO_LSH=1. Each guards #if/#else/#ifndef dead branches in qr_panel_apply_fused_kernel (the =0 experimental variants A2-splitK/A4-dualacc/FP32-A5 are pure dead code; the =1 ones have dead #else arms). Delete the macros, inline the taken branch of each, and remove the unreachable arms. Also clean the stale g_paf_strip comments and any indexed-path defensive-restore boilerplate you flagged. Hold all 12 shapes numerically identical, geomean within 1% of 1934us; validation guards must pass. Measure diff_lines each iteration."
2026-06-20T06:00:37.760359,2,1,dfde99482667ebca7cba32594e2fb0207cbc074b,simplify,"Apply your proven MINV_TRACE-style reachability method to the bf16 APPLY dispatch (parent dfde9948, your own branch). There are two non-fused bf16 apply paths: apply_block_reflector_bf16 (~5424) and apply_block_reflector_bf16_wf16 (~5507), selected by g_bf16_wf16. Your brief-0 trace suggested g_bf16_wf16 is always-on for every bf16-driver shape, making the NON-wf16 apply_block_reflector_bf16 (and any helpers only it calls) dead. Instrument the apply dispatch sites (which apply variant + which g_* flags fire) across all 12 bench + 22 test shapes, prove which non-fused bf16 apply path(s) never execute, then delete the dead variant + its exclusive helper kernels. Hold all 12 shapes numerically identical, geomean within 1% of 1934us; guards must pass. Measure diff_lines each iteration."
2026-06-20T06:04:03.067565,3,1,823e99d65810706183574beae1ab656886a10560,simplify,"LU region exhausted (your finding) — pivot to the dtype-conversion + R-fill utility kernel zoo in _CUDA_SRC (parent 823e99d6, your branch). Candidates: 4 f32_to_bf16 variants (f32_to_bf16_kernel ~3017, _rr_ ~3037, _indexed_n512_ ~3075, _packed ~3218), bf16_to_f32_kernel, split_kernel ~1281, gather_split_C_kernel ~1261, fill_above_panel_R_tiled ~3250, fill_R_n512_ob64_ib16 ~3318, and its _indexed variant ~3362. Apply your proven trace-over-all-12-bench-AND-22-test-shapes method to prove which conversion/fill variants never launch, then delete the dead ones + exclusive helpers. CRITICAL (your own lesson): the 22 TEST shapes — incl B=1 n=4096 — also constrain reachability, so trace tests too before deleting. AVOID the n512 bad-input COMPACTION kernels (compact_*/gather_n512_bad) — another worker owns those. Hold all 12 shapes, geomean within 1% of 1934us; guards pass. Measure diff_lines each iter."
2026-06-20T06:11:51.421317,4,2,352cdc808826470db96fb587e278697712ee391e,simplify,"PAF region exhausted — pivot to the large-n (n>=1024) two-level path (parent 352cdc80, your branch). Python: _qr_large_n ~8370, _qr_large_fp16 ~7787, _qr_large_fp32 ~7884, _qr_exact_2level ~7836, and the _LARGE_LO/_LARGE_HI config tables ~7747-7780. With _BF16_LARGELO=1 and _BF16_LARGEHI=1 (defaults) plus the MIN_BATCH gates (n=1024 B=60>=16 and n=2048 B=8>=4 both take the FP16 branch), the _qr_large_fp32 branch and its exact-2level FP32 config may be DEAD for every benchmark shape. Apply your reachability method (trace dispatch over all 12 bench + 22 TEST shapes — test shapes constrain reachability too, per W3's lesson) to prove which large-n sub-paths and which _LARGE_* config-table entries never execute, then delete the dead branches + any large-n-only kernel templates they alone instantiate. Hold all 12 shapes numerically identical, geomean within 1% of 1934us; guards pass. Measure diff_lines each iter."
2026-06-20T06:18:06.263698,1,1,beeb1da44a5d5cf0c7e01a075e3bd9de45e6c067,simplify,"Apply your proven panel-trace method to the BF16 panel-factor family (parent beeb1da4, your branch) — the FP32 mirror you just pruned almost certainly repeats here. Targets: panel_factor_smem_wsp_bf16 / wsp_ov / wsp_cm_coop / wsp_cm_ov kernels and the cmf_tmpl_kernel<NW,MROWS,__half> instantiations + their cudaFuncSetAttribute probe block (~5447-5530, 5681-5684) and launch arms (~5830-5834). Multiple <32,11>/<16,6>/<16,11>/__half instances are registered; trace which actually launch across all 12 bench + 22 TEST shapes and delete dead instantiations + dead dispatch arms + their smem registrations (prove smem_limit unchanged like you did before). Secondary: the _small_panel_params n<=64 dead branch and the QR_DEFER_SMALL=1 path that no longer reaches blocked_qr (your flagged items). This is the bf16 PANEL family — distinct from the bf16 APPLY dispatch another worker owns. Hold all 12 shapes, geomean within 1% of 1934us; guards pass. Measure diff_lines each iter."
2026-06-20T06:19:32.361155,2,2,aad2d19d903e978fb93e2d9a51eef10998cc1a08,simplify,"Apply your proven trace method to the isolated TINY-n path (parent aad2d19d, your branch) — it serves ONLY shape 0 (n=32, B=20) so reachability is clean. Targets: blocked_qr_tiny (~2370), the tiny kernel zoo (tiny_qr_kernel, tiny_qr_pipe_kernel, tiny_qr_warp_scalar_kernel, the __TINY_WARP_SCALAR_INJECT__ codegen via _gen_tiny_warp_scalar_kernel ~6269), and _TINY_* knobs (_TINY_N, _WARPS_TINY, _TINY_DIVFREE, _TINY_WARP_WPB). Multiple tiny kernels exist but blocked_qr_tiny launches only one — trace which (and which divfree/wpb codegen variant) fires for shape 0 + any n<=32 test shape, then delete the unreached tiny kernels + the dead codegen branches + dead _TINY_ knobs. Hold all 12 shapes numerically identical (esp shape 0), geomean within 1% of 1934us; guards pass. This tiny path is distinct from every other in-flight region. Measure diff_lines each iter."
2026-06-20T06:34:43.186181,5,1,8c12779f1fb78eb9546f4e00b02f78b7476ed9d8,simplify,"New region on your deep branch (parent 8c12779f): the n512 RANK-REVEAL machinery — g_n512_rankreveal (default 1, ~6127), g_n512_nfac (~1400), g_n512_rr_detect (~1406), the in-convert rr detection kernel + rr_mask + ncap tail handling (~3095, 5775-5905, 6031-6125), and set_n512_rr_thr/rr_detect/rankreveal/nfac. Using your adversarial-probe method: does the rank-reveal column-cap actually ENGAGE (cap columns) on the benchmark rankdef shape 9 + clustered shape 10 + the test shapes, or does it detect-but-never-cap (inert like the collinear repair you removed)? If it never caps on any reachable input, remove the whole rr detection+cap+tail path; if it caps only via one trigger (rr_detect vs nfac), delete the unused trigger. MUST hold rankdef/clustered shapes exactly. NOTE: set_paf_no_csh/set_paf_no_vsh ARE called from Python (lines ~8476/8479) — do NOT remove them (your earlier flag was wrong on those two). Hold all 12 shapes, geomean within 1% of 1934us; guards pass. Measure diff_lines each iter."
2026-06-20T06:56:04.507166,4,3,200918e5f237f9d8fe4c0349e7e1f178f5718c15,simplify,"Dead pybind-API + extern-decl audit on your branch (parent 200918e5). The PYBIND11 functions=[...] list (~6451) and the extern-C decl block (~6365-6415) bind ~50 set_*/kernel entries. Many set_* tuning setters are never called from the Python layer (the only caller) now that knobs are frozen — e.g. set_minv_2lev_nlev, set_prec_w, set_minv_blk2_max_n, set_minv_nt_sl, set_wsp_help, set_wsp_cm_coop, set_n512_rr_thr, set_n512_paf_warps and others. For EACH bound symbol: grep the Python layer for _ext.<name>( — if it's never called AND its g_* global is only read at its default, the setter + global + extern decl + pybind entry + (if a kernel) the kernel are removable. CRITICAL: only remove symbols with ZERO _ext.<name>( callers; do NOT remove set_paf_no_csh/set_paf_no_vsh (called ~8476/8479) or any actively-set knob. Avoid the n512 compaction/rankreveal kernels (other workers own those). Hold all 12 shapes, geomean within 1% of 1934us; guards pass. Measure diff_lines each iter."
2026-06-20T07:09:49.774218,3,2,4584c6da56319656435de1c9919c7a92d4f6224d;da384e4ac6f6c3e98f00ba20877ca427c0b4b388;ea216b673501f4b025aa4c9d46b53c5a4fc21ebb;f0dc6fcdbf97e8cb3f1f38b4341563a3495f8f45;2b8f2a29a4d9f8d845afa8933ccbead1b134795f;8e3c068bd4bd759cfaabadf3acb1ec4bf9c861c8,combine,"COMBINE all 6 region simplification branches into ONE minimal branch. Merge base = W5 (4584c6da, repair+rankreveal removal, deepest at diff~7914). Integrate the other 5 region tips: W4 da384e4a (large-n/PAF/pybind), W1 ea216b67 (FP32+bf16 panel kernels), W2 f0dc6fcd (bf16-apply+tiny-n), W3 2b8f2a29 (LU+conversion zoo), W0 8e3c068b (env knobs). These branches DELETE overlapping code (e.g. apply_block_reflector_bf16 removed by both W2 and W3; compact_large_bad_input by both W4 and W5) — so a plain merge conflicts; you must integrate by taking the UNION of all deletions and reconciling each conflict so no symbol is half-removed (no dangling refs, no orphaned pybind/extern entries, no double-deleted hunks left broken). Build + validate (all guards) + benchmark all 12 shapes after integrating; the combined diff_lines should be far below any single branch while geomean holds within 1% of 1934us. Fix any merge-induced breakage as iterations. Log diff_lines each iter."
2026-06-20T07:11:03.343291,4,4,da384e4ac6f6c3e98f00ba20877ca427c0b4b388,simplify,"Remove the dead g_formt / form_T_from_S (larft) path on your branch (parent da384e4a). g_formt defaults 0 but BOTH dispatch sites (~2294, ~2657) only support g_formt==1 (build_Minv) and TORCH_CHECK(false) on the ==0 branch with comment 'build-light pruned the larft form_T_from_S path'. So: the g_formt==0 larft form_T_from_S code, the set_formt setter (always set to 1 in Python ~7348), the g_formt global, and any form_T_from_S-only kernels/helpers are dead. Confirm set_formt is only ever called with 1 (or never), then inline g_formt==1 as the only path, delete the dead ==0 branches + TORCH_CHECK stubs + set_formt setter/decl/pybind entry. Hold all 12 shapes numerically identical, geomean within 1% of 1934us; guards pass. Avoid n512 rankreveal/compaction (other workers). Measure diff_lines each iter."
2026-06-20T07:11:03.378003,5,2,25091be670f7dca87565c12ad462cbc168ac2b68,simplify,"Finish your n512-rankreveal region cleanup (parent 25091be, your latest). W4's pybind audit found 5 zero-Python-caller symbols it fenced as YOURS: set_n512_nfac, set_n512_rankreveal, set_n512_rr_thr, set_n512_rr_detect, gather_n512_bad_input. You already folded g_n512_rankreveal/rr_thr/nfac to constants in brief-1, so their setters are now pure dead API. For each: confirm zero _ext.<name>( callers AND that its global is not C++-managed (the trap W4 hit with g_prec_w — globals written inside C++ helpers like set_n512_good_flags must stay), then delete the setter def + extern decl + pybind functions[] entry. For gather_n512_bad_input, confirm zero callers (you may have already orphaned it) and remove the kernel+wrapper+decl+pybind entry too. Hold all 12 shapes (esp rankdef/clustered) with your adversarial probe, geomean within 1% of 1934us; guards pass. Measure diff_lines each iter."
2026-06-20T07:15:44.319562,0,1,e96b3d51b2f396f094e7d7f670a86f9fcb16d1b7,simplify,"Condense the stale sweep-history / rejected-experiment comment blocks inside _CUDA_SRC (the ~6182-line CUDA string, ~1927 comment lines, 31%). Many document long-abandoned experiments ('tried X, REGRESSED +15%', sweep tables, prior-best history, NO-GO notes) that add no value to a reviewer and bloat the diff vs the 6-line baseline. Condense/remove ONLY stale-history and rejected-experiment commentary; KEEP every comment that explains how LIVE code works (algorithm rationale, smem layout, sync contracts, correctness invariants). Since these are inside a CUDA string compiled by load_inline, after each batch rebuild and confirm the generated source still compiles + validates (you verified byte-identical-codegen technique works). Do NOT touch tiny-n, LU, n512-rankreveal, or panel-kernel CODE regions (other workers own those) — comments only, and only stale-history ones. Hold all 12 shapes, geomean within 1% of 1934us; guards pass. Measure diff_lines each iter."
2026-06-20T07:22:03.908655,2,3,8665d2e0fcbacb2a9fd6b07946eea97b39786c7d,simplify,"Simplify the n>=4096 CholeskyQR Python orchestration (parent 8665d2e0, your branch). There are near-duplicate function pairs: _looped_cholesky vs _looped_cholesky_noinfo (~8212/8232) and _cholesky_dispatch vs _cholesky_dispatch_noinfo (~8240/8248). Trace which the benchmark shape 6 (n=4096,B=2, via _cholqr_dense_b2_path/dense_noinfo=True) AND the B=1 n=4096 TEST shapes (via _cholqr_path/dense_noinfo=False) actually call. If one variant of a pair is never reached, delete it; if both are reached but differ only in info-tracking, consider unifying them behind a flag (a real refactor that cuts lines). CRITICAL: B=1 n=4096 test shapes route through the info-tracking path (W3's lesson) — confirm before deleting any info path. AVOID the LU C++ kernels and oz_* Ozaki Gram (live; another worker's region). Hold all 12 shapes + 22 tests, geomean within 1% of 1934us; guards pass. Measure diff_lines each iter."
2026-06-20T07:22:50.247678,5,3,25091be670f7dca87565c12ad462cbc168ac2b68,simplify,"New region on your branch (parent 25091be): the n512 INDEXED-SCATTER path (the bad-subset gather/scatter plumbing of qr_n512_mixed_driver). You flagged copy_tau_n512_indexed_kernel (~3160) as DEAD (zero launch sites) — verify and delete it (kernel + decl + pybind entry). Also: set_n512_indexed_flags (~6108) redundantly re-sets g_panel_apply_fused/g_paf_no_csh/g_paf_no_vsh to the same values set_n512_good_flags just assigned (3 dead-store lines) — remove the redundant re-sets. Then trace the rest of the indexed-scatter kernels (n512_tail_nz_mask, n512_zero_tail, scatter_exact_n512) across all 12 bench + 22 test shapes to prove which fire on the mixed/rankdef/clustered n512 shapes; delete any with zero launch sites. KEEP everything the mixed driver's bad-subset path actually uses (gather_n512_bad_input is LIVE — you confirmed). Hold all 12 shapes exact (esp shapes 7,9,10), geomean within 1% of 1934us; guards pass. Measure diff_lines each iter."
2026-06-20T07:30:08.555353,4,5,35fd612ffd578a6b55b17cfe514ba740b368cc28,simplify,"Whole-file orphan-symbol sweep on your branch (parent 35fd612f). Systematically find EVERY remaining dead symbol across submission.py that prior region-scoped briefs missed: for each __global__ kernel, each static C++ helper/global, each extern decl, each pybind functions[] entry, and each module-level Python def/constant, grep for references and flag those with zero use sites. Build the candidate list first (a grep-driven census), then delete only the ones you PROVE orphaned (definition exists, zero callers/launches/reads), rebuilding+validating after each batch. Known leads: the 5 dead n512-rankreveal setters in the pybind list (set_n512_nfac/rankreveal/rr_thr/rr_detect) MAY be removable on YOUR branch but ANOTHER worker owns n512 — SKIP those 5 to avoid collision. Also skip tiny-n, LU/oz, cholqr-Python, and bf16-panel regions (other workers active). Focus on cross-cutting orphans nobody else will catch. Hold all 12 shapes + 22 tests, geomean within 1% of 1934us; guards pass. Measure diff_lines each iter; in your stop message, LIST any orphans you skipped for collision so I can route them."
2026-06-20T07:36:46.101763,5,4,a5c211812448028421211432f3a5726cce861f20,simplify,"Your n512 code regions (repair/rankreveal/scatter) are CODE-clean. Now condense the stale sweep-history / rejected-experiment COMMENTS within ONLY those n512 regions you own and know well (parent a5c2118): the n512 mixed-driver, rank-reveal, split-bad, and indexed-scatter comment blocks carry verbose agent scratch-notes (regression logs like 'iter6 FAILED', RANK-REVEAL iterN history, prior-best µs tables) that bloat the diff. Remove ONLY stale-history/rejected-experiment commentary in those n512 regions; KEEP comments explaining how the LIVE rank-reveal cap, bad-subset split, and scatter-back work (correctness/sync/layout contracts). Another worker is condensing comments elsewhere in _CUDA_SRC — stay in YOUR n512 regions to avoid collision. Rebuild+validate after each batch (comments are in the CUDA string). Hold all 12 shapes exact, geomean within 1% of 1934us; guards pass. Measure diff_lines each iter."
2026-06-20T07:37:29.505894,1,2,550c4e8cc5a0d83e3a56afd7b53fa235c9b022cb,simplify,"Continue your panel cleanup (parent 550c4e8c) on the FP32 single-level cmf path — the n=176 mirror of the bf16 family you just pruned. panel_factor_smem_wsp_cmf_tmpl_kernel<NW,MROWS,float> registers <32,6>/<32,11>/<16,6>/<16,11> (~2467-2470) but n=176 (its only caller, ~2578) uses warps=32, so the <16,6>/<16,11> FP32 arms are likely dead. Use your runtime launch-counter method over all 12 bench + 22 test shapes to prove which FP32 cmf instances fire, delete dead instantiations + dispatch arms + smem registrations (re-verify smem_limit unchanged with your QR_PRINT_SMEM probe). Secondary: _SMALL_LO's bf16_* config keys are dead (n=176 bf16 off, _SMALL1_BF16=0) while its FP32 keys are live — prune the dead keys; and the stale g_wsp_help doc (~1188). Stay OUT of the bf16 apply/PAF path (other worker). Hold all 12 shapes, geomean within 1% of 1934us; guards pass (watch the kernelguard banned-substring trap). Measure diff_lines each iter."
2026-06-20T07:47:02.347748,2,4,f4688cae229ed2dfde35db04658ec18d8a0562ac,simplify,"Remove the 4 dead recon-path-selector constants in your cholqr/recon territory (parent f4688cae): _RECON_CUSTOM (~8050), _RECON_CPP (~8055), _RECON_CPP2 (~8062), _RECON_IPH (~8065). W4's whole-file census found all 4 are NEVER READ — _reconstruct_householder hardwires the recon_lu_cpp+build_H_inplace path. Confirm zero read sites for each (grep), then delete the dead constants + any now-dead comment. Also re-examine _reconstruct_householder for any branch gated on these constants that is now statically dead. CONFIRM FIRST that _B2_CHOL_LOWER_R_EXT is LIVE (it gates shape 6's b==2 n==4096 chol_b2_lower_R_out call at ~8288) — do NOT remove it. Hold all 12 shapes + 22 tests, geomean within 1% of 1934us; guards pass. Measure diff_lines each iter."
2026-06-20T07:47:23.941161,0,2,7770a5b0b5cf14337b2bfcec16a5c04676d3b24d,simplify,"Continue Python-side comment condensation in the dispatch/helper region you own (parent 7770a5b0), EXCLUDING the CUDA string (done) and the n512 regions (another worker). Target the verbose per-shape rationale + sweep-history in _custom_kernel_generic, _qr_large_n, _qr_large_fp16/fp32, _small_panel_params, and the module-level config-table comments (_LARGE_LO/_HI, _SMALL_LO/_HI). Remove stale sweep-history/rejected-experiment narration and redundant restated rationale; KEEP one concise explanation of each live dispatch decision (which shape -> which path and why) and all correctness/precision-gate reasoning. These are Python comments (outside _CUDA_SRC) so builds are cache-reused. Hold all 12 shapes, geomean within 1% of 1934us; guards pass. Measure diff_lines each iter."
2026-06-20T07:47:23.976031,4,6,ddd605ad5955af747a5f327565fe166954a5fcd0,simplify,"On your branch (parent ddd605ad), simplify the tiny-warp-scalar CODEGEN generator _gen_tiny_warp_scalar_kernel (~6269). It takes a divfree parameter (default 1, from _TINY_DIVFREE) but only divfree=1 is ever generated (the n=32 tiny path always uses the divergence-free column-j codegen). Confirm _TINY_DIVFREE is always 1 (or the divfree=0 branch is never generated), then delete the divfree=0 code-generation branch inside the generator and hardcode divfree=1, simplifying the generator function. Verify the generated CUDA source still compiles (dump+diff the assembled _CUDA_SRC). NOTE: another worker simplified the tiny KERNEL on a different branch; you are simplifying the Python GENERATOR FUNCTION on YOUR branch — combine will reconcile. Hold shape 0 + all 12 exact, geomean within 1% of 1934us; guards pass. Measure diff_lines each iter."
2026-06-20T07:52:32.241898,1,3,9b823772ec43c12b73636a52ae305ca5edac8b6b;ddd605ad5955af747a5f327565fe166954a5fcd0;54c44d384ea2c42ceb0dc3b96ac8bfe0351e678d;f4688cae229ed2dfde35db04658ec18d8a0562ac;2b8f2a29a4d9f8d845afa8933ccbead1b134795f;7770a5b0b5cf14337b2bfcec16a5c04676d3b24d,combine,"COMBINE the 6 LATEST region tips into one minimal branch (independent 2nd-combine attempt; a parallel combine on another worker used older tips). Base = W5 9b823772 (deepest, diff 7870: n512 repair+rankreveal+scatter+comments). Integrate: W4 ddd605ad (large-n+PAF+pybind+formt+orphan-sweep, 8183), W1 54c44d38 (FP32+bf16 panels, 8250), W2 f4688cae (bf16-apply+tiny+cholqr, 8392), W3 2b8f2a29 (LU+conversion zoo, 8347), W0 7770a5b0 (env-knobs+comments, 8371). These DELETE overlapping code (apply_block_reflector_bf16 by W2+W3; compact_large_bad_input + _qr_large_b60_classified by W4+W5; tiny/_TINY by W2; comment edits by W0+W5) — integrate by UNION of deletions, reconciling every conflict so each symbol is removed exactly once with no dangling refs / orphaned pybind+extern entries / half-applied hunks. Merge one branch at a time, building+validating after each so breakage localizes. After full integration: build, validate ALL 22 tests + guards, benchmark all 12 shapes. Combined diff_lines should be FAR below any single branch; geomean within 1% of 1934us. Log diff_lines each iter; log build-fix iterations too."
2026-06-20T07:53:35.149624,5,5,9b823772ec43c12b73636a52ae305ca5edac8b6b,simplify,"Your n512 regions are exhausted — pivot to the main-extension HOST dispatcher bodies (parent 9b823772): blocked_qr, blocked_qr_2level, blocked_qr_2level_bf16 (NOT the pybind list — another worker did that; NOT the kernel bodies — others own those). Look for: (a) intermediate scratch tensors (torch::empty/at::empty) allocated but never consumed on the live path, (b) host-side function PARAMETERS that are always passed the same constant or never read, (c) dead local branches in these dispatchers gated on globals that are now always one value (e.g. g_minv_blk2/g_minv_blk4 defaults). Trace with your build+run discipline; confirm each removal is codegen/behavior-neutral. CRITICAL: do NOT delete build_Minv_kernel/build_Minv_dyn_kernel (another worker already removed those on its branch; the combine will handle it — you'd just conflict). Stay in the host-glue/scratch-allocation layer. Hold all 12 shapes + 22 tests, geomean within 1% of 1934us; guards pass. Measure diff_lines each iter."
2026-06-20T07:55:34.334238,2,5,9af4dfdb4f4e23181661dcfbaaccf797d69ae7ff,simplify,"Structural refactor on your branch (parent 9af4dfdb) — NOT dead-code deletion (that's exhausted and being combined). Two real refactors you flagged: (1) the surviving wf16 apply's 'if(!m_fused) f32_to_bf16_packed' convert else-arm — trace whether m_fused is always true on every reachable wf16 apply (every reachable w even -> blk4/blk2 -> m_fused), and if so remove the dead !m_fused else-arm + the now-unused f32_to_bf16_packed if it has no other caller. (2) inline the single-caller _looped_cholesky into _choleskyqr_1pass's else-branch ONLY if it reduces net lines (you noted it may bloat the caller — measure, keep only if it's a net reduction). Prove reachability with your trace method over 12 bench + 22 test shapes. AVOID build_Minv kernels, pybind list, n512, LU C++, panel kernels (others/combine). Hold all 12 shapes + 22 tests, geomean within 1% of 1934us; guards pass. Measure diff_lines each iter; if neither refactor is a net win, log that finding and stop."
2026-06-20T07:59:15.161548,4,7,bb76ac98c5b06f2d388ccfcd2f7d152f07a81ca1,simplify,"On your branch (parent bb76ac98), condense stale sweep-history / rejected-experiment COMMENTS within the LARGE-N (n>=1024) two-level kernel bodies in _CUDA_SRC — the panel_factor_smem_{pipe,fnorm_ov,cm_coop} kernels and qr_inner_apply_wmma_full region (~3415-4768) that serve shapes 4,5,8,11. These carry per-iter regression logs / µs-delta tables / abandoned-approach narration. Remove ONLY stale-history/rejected-experiment commentary; KEEP all live-code algorithm/sync/layout/correctness rationale. This is a DIFFERENT region than the n512 comments (another worker) and the Python/dispatch comments (another worker) — stay in the n1024/2048 KERNEL bodies. Dump+diff the assembled _CUDA_SRC to confirm comment-only (byte-identical codegen on the live paths). Hold all 12 shapes, geomean within 1% of 1934us; guards pass. Measure diff_lines each iter; if the region's comments are mostly load-bearing (like W0 found for other _CUDA_SRC parts), log that and stop."
2026-06-20T08:05:45.768200,3,3,2a1e186c50325e68f60a2c4ddbe7a7a9008b33ae,simplify,"Final polish on the COMBINE branch (parent 2a1e186c, diff_lines 6609 — excellent work). You flagged ~5 _BIGBATCH_* module constants now defined-but-unused after the combine deleted their sole consumer _qr_bigbatch_two_level: _BIGBATCH_WF16, _BIGBATCH_INNER_WMMA, _BIGBATCH_OV_FOLD, _BIGBATCH_PANEL_CM, _BIGBATCH_WSP_PAD (and check siblings _BIGBATCH_OB/_IB/_WARPS/_MINV_NT/_PANEL_APPLY_FUSED/_PAF_* for the same). For EACH: grep the whole combined file for read sites — if zero (only the def line), delete the constant + its comment. Then do a final whole-file orphan re-scan on the combined result (any symbol newly-dead from the union merge that no single branch caught). Hold all 12 shapes + 22 tests, geomean within 1% of 1934us; guards pass. This branch is the run's deliverable candidate — keep it pristine. Measure diff_lines each iter."
2026-06-20T08:22:18.596057,2,6,166063b546e6951429f32b0fdfe591f7a9962b5b,simplify,"Region work is exhausted fleet-wide and the first combine landed (diff 6565, holds floor). Your task: a careful CORRECTNESS-MARGIN + reachability re-audit on your own branch (parent 166063b5) to surface any LAST genuinely-dead symbol the region briefs missed at the SEAMS between regions — e.g. a helper used only by two now-deleted callers, a scratch buffer threaded through multiple functions, a g_* global whose every reader was removed across different briefs. Build the cross-region census (every symbol's full reference set) and delete only proven-zero-reference orphans. If you find NONE (likely — the fleet has been thorough), that is a valid clean finding: log it and stop. Do NOT re-touch any region another worker owns; focus on cross-region seam orphans only. Hold all 12 shapes + 22 tests, geomean within 1% of 1934us; guards pass. Measure diff_lines each iter."
2026-06-20T08:29:13.879586,0,3,0a38b5068b792d55288f8fb49b322665b780556a,simplify,"Audit + simplify the PYTHON DISPATCH on the leading COMBINE branch (parent 0a38b5068b, diff 6557 — the run deliverable). The union merge of 6 region branches may have left the Python layer (_custom_kernel_generic, _qr_large_n, the _arms dispatch table, small-n tail) with: (a) dispatch arms now unreachable because their handler was deleted, (b) _ext.set_* calls to setters that the combine removed (would be AttributeError — verify each _ext.set_X has a matching pybind entry on THIS branch), (c) module constants no longer read after the merge, (d) redundant guard/restore pairs. Your dispatch expertise is ideal here. Build+validate first to confirm the branch is sound, then remove proven-dead Python surface. CRITICAL: this is the deliverable branch — every edit must keep all 22 tests + 12 shapes + guards passing; do not destabilize it. Hold geomean within 1% of 1934us. Measure diff_lines each iter."
2026-06-20T08:32:06.090790,4,8,e79d2800494c7c578c750ac6a0962a23ea0e4fe9,simplify,"Final small comment-cleanup on your branch (parent e79d2800): you flagged stale knob comments in the Python knob/dispatch region (~6860-6890) that still reference DELETED kernels — 'Takes priority over NDD' (~6872) and the MULTI-CTA m-SPLIT _BIGBATCH knob comment (~6874-6878) describing msplit/ndd kernels that no longer exist (grep code-occurrence==0). Trim those stale one-liners using your grep-code==0 proof method (the kernel names appear only in these comments, not in any live code). Also scan the surrounding knob-definition comments for other references to removed kernels/levers. Keep all live-knob documentation. Comment-only -> verify byte-identical codegen on live paths. Hold all 12 shapes, geomean within 1% of 1934us; guards pass. If little remains, log the clean finding and stop. Measure diff_lines each iter."
2026-06-20T08:32:34.311935,1,4,0a38b5068b792d55288f8fb49b322665b780556a;e79d2800494c7c578c750ac6a0962a23ea0e4fe9;ee45f6c32d84fe30ded04482d24b8c06cbb30b62;166063b546e6951429f32b0fdfe591f7a9962b5b;78958c5e6a1b57ffccdbe5510712e6538a592fe0,combine,"FINAL 2nd-gen COMBINE — the run deliverable. BASE = 0a38b5068b (worker-3's combined+polished branch, diff 6557: all 6 regions' earlier tips merged + dead _BIGBATCH_* pruned; validated, holds floor). Fold in the POST-first-combine incremental refactors: W4 e79d2800 (tiny-codegen divfree drop + large-n orphaned-doc condense), W5 ee45f6c3 (host-dispatcher dead scratch removal + n512 comment condense), W2 166063b5 (dead wf16 convert arm + f32_to_bf16_packed kernel removal + _looped_cholesky inline + RECON consts), W0 78958c5e (Python dispatch comment condense). Most of each branch's content is ALREADY in BASE — only the NEW post-combine hunks differ, so merge deltas should be small + region-localized. Resolve every conflict as union-of-deletions (BASE has the bulk; apply the additional removal). Merge ONE branch at a time, BUILD after each to localize breakage, then validate. CRITICAL: end with ZERO conflict markers, ZERO dangling refs/orphaned pybind+extern entries; every _ext.set_X call must have a matching pybind entry. Final: build + validate ALL 22 tests + invariance + diff-correctness + kernelguard + benchmark all 12 shapes. Target diff_lines well below 6557; geomean within 1% of 1934us. Log diff_lines each iter (failures too); brief_stop with final diff_lines + commit SHA."
2026-06-20T08:41:04.007328,3,4,d95bd2414b7a9907165f265c5a7a4834d055baa0,simplify,"Your combine branch (parent d95bd241, diff 6544) is orphan-clean. One macro/structural lever you flagged remains: the defensive fallback f32_to_bf16_packed site B under the build_Minv dispatch is statically unreachable IF the even-width invariant holds (every reachable reflector width w is even -> blk4/blk2 -> m_fused path, never the !m_fused convert). PROVE the even-width invariant rigorously: instrument the build_Minv dispatch to log w parity (and m_fused) across ALL 12 bench + 22 test shapes + the invariance guard's batch/fraction/position sweeps. If w is provably always even on every reachable path, remove the dead !m_fused f32_to_bf16_packed site + any now-orphaned convert scaffolding. If ANY reachable path has odd w, KEEP it (it's a real correctness fallback) and log that finding. Hold all 12 shapes + 22 tests exact, geomean within 1% of 1934us; guards pass. This is the deliverable branch — keep it pristine. Measure diff_lines each iter."
2026-06-20T08:45:29.898091,4,9,f8cb19ab28d89324314ee89bdcfea22bf78cb0a9,simplify,"Dead-code is fleet-wide exhausted; pursue a genuine STRUCTURAL refactor on your branch (parent f8cb19ab) — NOT deletion. The n512 panel/apply terminology you flagged is stale because build_V_bf16_kernel was FOLDED into the raw-OV panel write-back; that fold left near-duplicate code shapes. Look for a real consolidation: two host-side functions or dispatch blocks in the panel/build_Minv/apply layer that now do nearly-identical work and could be unified behind one parameterized helper (cutting net lines WITHOUT changing kernel behavior). Prove behavioral equivalence by building + running all 12 bench + 22 test shapes + guards; if the unification holds the floor AND nets fewer lines, keep it. If no clean structural unification exists (the paths differ in load-bearing ways), log that finding and stop — do NOT force a risky refactor on the live hot path. Avoid n512-bad-subset internals (another worker). Hold all 12 shapes, geomean within 1% of 1934us; guards pass. Measure diff_lines each iter."
2026-06-20T08:55:19.741254,0,4,96084eba8b2573593d1c22ed72ec84c37460a93f,simplify,"C++-scoped dead-KERNEL sweep on the latest combine branch (parent 96084eba, the final 2nd-gen combine at diff 6411). The union merge may have orphaned C++ __global__ kernels or static host helpers that are reachable ONLY from branches/dispatch-arms deleted across different region briefs — a single-branch sweep can't see these, but the combined result can. Build a whole-file C++ census on THIS combined branch: every __global__ kernel def -> its launch sites; every static host helper -> its callers; every extern decl -> its def + pybind entry. Delete any with zero live references (kernel + decl + pybind entry together). This needs a FULL recompile per change (kernel set changes) — build+validate (22 tests + guards) + benchmark after each. CRITICAL: this is the deliverable lineage — verify each removed kernel truly never launches (grep <<< launch sites == 0) before deleting; keep the executed kernel set intact (profile-confirm). Hold all 12 shapes, geomean within 1% of 1934us. Measure diff_lines each iter; if none are dead (the fleet was thorough), log that clean finding and stop."
2026-06-20T09:01:07.483237,3,5,3196ef2692336277ec03d9b4a1839167e9d46424,simplify,"On your branch (parent 3196ef26, diff 6531): collapse the proven-unreachable TORCH_CHECK(false,...) guard-stubs you flagged. Across the fleet's pruning, many dispatch arms were replaced by 'TORCH_CHECK(false, ...pruned...)' stubs (the dead else-branch of an if whose taken-branch is the only reachable path). Where an if/else has the else as a pure TORCH_CHECK(false) AND you can prove (or it's already proven by prior briefs) the if-condition is always true on every reachable path, collapse 'if(cond){body} else {TORCH_CHECK(false)}' to just 'body' (drop the if-wrapper + dead else). Be conservative: KEEP any TORCH_CHECK that guards a genuine invariant a future config change could violate (like the odd-w check you just kept) — only collapse ones whose condition is structurally always-true (e.g. g_formt==1 with g_formt removed, g_minv even-width). Build+validate (22 tests+guards) after each. Hold all 12 shapes, geomean within 1% of 1934us. This is deliverable-lineage — keep pristine. Measure diff_lines each iter; if collapsing risks correctness, KEEP and log."
2026-06-20T09:08:38.958179,4,10,fb2db5a2476b52838127e0bb927babaa6b3f63ad,simplify,"Audit the LU EXTENSION's host glue on your branch (parent fb2db5a2): the _CPP_LU_SRC pybind functions=[...] list (~7322) + its extern-C forward-decl block (~7308). Another worker audited the MAIN extension's bindings; the LU/orhr extension's bindings are unaudited. For each LU-ext bound symbol (chol_L_to_R_out, chol_b2_lower_R_out, chol_b2_lower_R_solve, build_H_inplace, tri_solve_right_inv, oz_slice, oz_recombine_all[_upper], recon_lu_cpp, etc.): grep for  /  Python call sites. Remember the alias trap (the LU module is bound to a local like  — grep  not just ). Delete only symbols with ZERO Python callers AND no internal C++ caller (kernels/helpers used only by other now-dead LU host fns). Keep all live ones (chol_b2_lower_R_out is LIVE for shape 6; the oz_* Ozaki Gram is LIVE). Full recompile per change; build+validate(22 tests+guards)+bench(12). Hold geomean within 1% of 1934us. If all LU bindings are live (likely), log that clean finding and stop. Measure diff_lines each iter."
2026-06-20T09:10:02.233485,5,6,3706bfad282f2683a87764fcbc51541879711b00,simplify,"On your branch (parent 3706bfad): your brief-5 removed the only code branch that READ g_gram3, leaving g_gram3 + set_gram3 + the pybind 'set_gram3' entry + any _ext.set_gram3(...) Python calls as a fully-orphaned write-only side-channel. Confirm: (a) no remaining C++ read of g_gram3 (only the global def + set_gram3 writer remain), (b) the Python layer's _ext.set_gram3(1)/(0) guard/restore pair is now pure no-op. Remove the global + setter + extern decl + pybind functions[] entry + the dead _ext.set_gram3 Python calls + their _gram3_on gate logic. Also check g_minv_blk2 which you flagged as set-once-to-1-at-import-never-toggled (like g_formt was) — if its non-1 branches are unreachable, collapse them too. Full recompile (pybind change); build+validate(22 tests+guards)+bench(12). Hold all 12 shapes, geomean within 1% of 1934us. Measure diff_lines each iter."
2026-06-20T09:17:26.826647,0,5,bb767b1d13ee7e3665931f2636785564448a7a6b,simplify,"On the C++-swept combine branch (parent bb767b1d, diff 6399 — the deliverable lineage you just certified clean): investigate the g_minv_blk2 always-default lever. Determine whether the Python layer ever calls _ext.set_minv_blk2 with a non-default value, or whether g_minv_blk2 is fixed at its compiled-in default on every reachable path (like g_formt was). If fixed: collapse the dead non-default branches in the build_Minv dispatch that test g_minv_blk2, and remove the now-dead set_minv_blk2 setter + extern + pybind entry if the Python layer never calls it. If it IS toggled per-shape, leave it and log that. CAREFUL: build_Minv dispatch is delicate — prove the branch is dead by instrumentation/trace across 12 bench + 22 test shapes before collapsing; full recompile + validate(22+guards)+bench(12) each step. NOTE another worker is cleaning g_gram3 on a different branch — focus on g_minv_blk2 only here. Hold all 12 shapes, geomean within 1% of 1934us. Measure diff_lines each iter; if not safely collapsible, log and stop."
2026-06-20T09:23:33.459819,2,7,1e8481c5b0f741bf4a9e0eb77f6fbcff4f7dd661,simplify,"Run your proven cross-region SEAM census on the LATEST COMBINE branch (parent 1e8481c5, the deliverable at diff 6319) — not your own branch this time. The union-merge of 6+ branches can create orphans that even the per-branch seam audits + the C++ kernel sweep missed: a helper whose callers were deleted by DIFFERENT branches now merged together, a Python def superseded by a C++ kernel from another branch, a cascading def->helper->const chain dead only post-merge, a pybind entry whose function another branch removed. Build the whole-file cross-reference census on THIS combined file (every C++ def/global/extern/pybind + every Python def/const -> full reference set), flag zero-reference orphans, delete proven-dead ones (full recompile + validate 22 tests+guards + bench 12 after each). This hardens the deliverable. If the combine is already orphan-clean (W0's C++ sweep + the polish briefs were thorough), log that clean finding and stop. Hold all 12 shapes, geomean within 1% of 1934us. Measure diff_lines each iter; brief_stop with final diff + SHA."
2026-06-20T09:30:49.168259,3,6,b93b33185abe59f3b613a3c94b7f8ce6b878af8f,simplify,"On the deepest COMBINE branch (parent b93b33185abe, diff 6235 — the deliverable): apply the always-1 fold to g_bf16_blk2 (the same pattern you used for g_formt and W5 used for g_minv_blk2). Verify g_bf16_blk2 is set-once-at-import to 1 and never toggled, and is NOT C++-managed (the g_prec_w trap). If always-1: fold the always-true 'g_bf16_blk2 &&' terms in the bf16 apply helpers, drop the now-constant g_minv_blk2_b parameter from both bf16 apply helpers + their 2 call sites, and remove the orphaned set_bf16_blk2 setter + extern + pybind entry + the import-time _ext.set_bf16_blk2 call. BUT keep the off-path if it's reachable for odd widths (like g_minv_blk2's odd-width fallback was kept) — prove the parity/reachability first. Full recompile + validate(22 tests+guards) + bench(12) after each. Hold all 12 shapes, geomean within 1% of 1934us. This is the deliverable lineage — pristine. Measure diff_lines each iter; if g_bf16_blk2 is actually toggled, log and stop."
2026-06-20T09:31:44.277992,5,7,b93b33185abe59f3b613a3c94b7f8ce6b878af8f,simplify,"Final CORRECTNESS CERTIFICATION of the deliverable combine branch (parent b93b33185abe, diff 6235). The combine merged ~2400 lines of deletions across 6+ branches; before we lock it, rigorously certify it holds correctness on the n512 stress paths you know best. Run: (1) full validate (22 tests + all guards) and full benchmark (12 shapes) — confirm geomean within 1% of 1934us. (2) Your adversarial rankdef/clustered/mixed n512 probe across off-benchmark seeds × batch sizes {16,120,257,513,640,1280} — confirm the rank-reveal cap + bad-subset split + scatter-back still produce correct factorizations (residuals within the checker tolerance) on the COMBINED branch, since those paths' surrounding code was heavily edited by the merge. (3) If the certification PASSES with no diff_lines change, that's the goal — log a succeeded iteration with diff_lines=6235 and the certification result, then stop. (4) If you find ANY correctness issue introduced by the merge, that's critical — diagnose and fix it (the fix is the valuable output). Do NOT make speculative deletions; this is verification, not reduction. Log --metric linalg/qr_v2=<geomean> --metric diff_lines=<count> each iteration."
2026-06-20T09:36:17.718604,1,5,b93b33185abe59f3b613a3c94b7f8ce6b878af8f,simplify,"g_gram3 full-removal audit on YOUR deliverable (parent b93b33185abe, diff 6235) — the seam-crossing removal you flagged. Current wiring: g_gram3 global (~941) + set_gram3 setter + pybind entry + extern; set to 1 at ~4472 (if(1) g_gram3=1) and reset ~4491 inside a C++ flags helper; Python _gram3_on gate (~6224, =1 only if prec==_FP32_SMALL_HI) + set/restore (~6226/6229) + the cfg gram3 set/restore (~5737/5740). The question: is g_gram3 ever actually READ to change behavior anymore? Trace every C++ read of g_gram3 — if its only reads are in branches already deleted (so the value never affects a kernel/dispatch), then ALL the g_gram3 machinery (global, setter, pybind, extern, the if(1) g_gram3=1 line, the 2 Python gate pairs, the cfg gram3 key) is a dead no-op side-channel and removable. ALSO check: is prec==_FP32_SMALL_HI reachable on any of the 12 bench/22 test shapes? (if never, _gram3_on is always 0 -> those Python calls dead regardless). Remove ONLY if you prove zero behavioral reads. Full recompile + validate(22+guards) + bench(12). Hold all 12 shapes, geomean within 1% of 1934us; pristine deliverable. If g_gram3 still has a live read, KEEP and log. Measure diff_lines each iter."
2026-06-20T09:39:38.216135,2,8,0c0669459ba6158412774e4b675dc433de66616b,simplify,"The combine deliverable is orphan-clean (you certified it). Now do a FINAL seam re-census on the DEEPEST deliverable b93b33185abe (diff 6235, deeper than your 0c066945) — init off it. The deeper combine folded more refactors (g_formt collapse, host-scratch, etc.) which may have created NEW post-merge orphans your earlier census (on the shallower 1e8481c5) couldn't see. Run your whole-file cross-reference census on b93b33185abe: every C++ def/global/extern/pybind + Python def/const -> reference set; flag + remove proven-zero-ref orphans; re-verify binding safety (all _ext./lu. calls have matching pybind entries). Full recompile + validate(22+guards) + bench(12). If already orphan-clean, log that clean finding and stop. Hold all 12 shapes, geomean within 1% of 1934us. Measure diff_lines each iter; brief_stop with verdict + SHA."
2026-06-20T09:39:38.251951,0,6,2166497c1a7d661bc2d8f7bd1a61cc1fbb052550,simplify,"You proved g_minv_blk2 was always-1-removable. Do a SYSTEMATIC always-default-global sweep on your branch (parent 2166497c, diff 6394): enumerate EVERY remaining g_* C++ global + module-level Python knob, and for each determine via instrumentation/trace whether it is FIXED at one value on all 12 bench + 22 test shapes (set-once-at-import, never toggled per-shape, not C++-managed). For each provably-fixed one whose non-default branch is dead, collapse it (like g_formt/g_minv_blk2). Candidates beyond what's done: check g_wsp_help, g_wsp_cm_coop, g_panel_cm2, g_ov_fold, g_inner_wmma, g_paf_warps, g_minv_nt_sl, etc. — but SKIP g_gram3 and g_bf16_blk2 (other workers own those right now). For each: prove fixed (TORCH_CHECK-assert + full run), then collapse the dead branch + remove uncalled setter/pybind. Keep any genuinely per-shape-toggled global. Full recompile + validate(22+guards) + bench(12) each. Hold all 12 shapes, geomean within 1% of 1934us. Measure diff_lines each iter."
2026-06-20T09:40:37.479992,3,7,9835ac062963d433364205a311548f469e1390df,simplify,"Your dispatch-region config folds are exhausted. Attempt a genuine STRUCTURAL consolidation on your branch (parent 9835ac06, the deepest deliverable at 6231): the build_Minv dispatch now has the surviving variants build_Minv_rblk_gen_kernel (recursive, takes nlev) and build_Minv_blk4_kernel. Investigate whether blk4 is just rblk_gen with nlev=2 (the comments suggest blk4 = depth-b/4 = the nlev=2 recursive case) — if build_Minv_blk4_kernel is functionally equivalent to build_Minv_rblk_gen_kernel<nlev=2>, the blk4 kernel + its dispatch arm could be replaced by an rblk_gen call, removing a whole kernel. PROVE equivalence rigorously (same outputs bit-wise on the shapes that use blk4) before merging; if they differ in a load-bearing way (smem, perf on the hot n512 path), KEEP both and log. This touches the hot path — validate + benchmark all 12 carefully; if it regresses the n512 shapes or changes numerics, revert. SKIP g_fp16_pure and other globals (another worker sweeps those). Hold all 12 shapes, geomean within 1% of 1934us. Measure diff_lines each iter; if no safe equivalence, log and stop."
2026-06-20T09:52:15.769245,1,6,60484ea825cd18141baf0eefd87e9d5e6ec68632;9835ac062963d433364205a311548f469e1390df;2166497c1a7d661bc2d8f7bd1a61cc1fbb052550,combine,"Small config-lever CONSOLIDATION. BASE = your g_gram3-removal branch 60484ea8 (diff 6202, deepest). Fold in two sibling always-1 global removals done on parallel branches: W3 9835ac06 (removed g_bf16_blk2 + its g_minv_blk2_b param + setter/pybind), W0 2166497c (removed g_minv_blk2 global+setter+pybind, collapsed its dead branches). Each removed a DIFFERENT always-1 global, so the deltas are small and disjoint — apply each removal's intent onto BASE (cherry-pick or merge the specific commit; W0's is off an older combine base so apply its g_minv_blk2 deletion intent directly). Resolve any pybind functions[] overlap as union-of-deletions. Result should be ~6190ish. Build+validate(22+guards)+bench(12); ZERO conflict markers, ZERO dangling refs, every _ext.set_X has a pybind entry. Hold all 12 shapes, geomean within 1% of 1934us. This is the deliverable — pristine. Log diff_lines each iter; brief_stop with final SHA."
2026-06-20T09:56:54.833408,5,8,fbdefa5d3057f44be7796006920a034870f6245c,simplify,"Complementary CORRECTNESS CERTIFICATION of the deliverable on the LARGE-N paths (parent fbdefa5d, the certified combine). You certified n512; now certify the n1024 (shapes 4,8,11) and n2048 (shape 5) two-level paths + the n4096 CholeskyQR path (shape 6), which the combine also heavily edited (large-n dispatch collapse, g_formt removal, LU internal cleanup). Build an adversarial probe for n=1024/2048 (rankdef/clustered/nearrank/mixed at off-bench seeds, batch sizes around the bench values 60/8 and a few larger/smaller) and n=4096 B=1/B=2, and confirm the combined branch produces factorizations within the checker tolerance AND byte-identical to the optimized floor fb5f8321 (run the same probe on both). If PASS with no code change, log a succeeded iteration with diff_lines unchanged + the verdict, then stop. If you find a merge-introduced regression on large-n, diagnose+fix it. No speculative deletions. Log --metric linalg/qr_v2=<geomean> --metric diff_lines=<count>."
2026-06-20T09:57:36.715161,2,9,f1ef7cfde937de88fa68a4f671cbcf0a5fa3dff8,simplify,"Symbol dead-code is exhausted (you certified all 7 classes). Final cleanup on your branch (parent f1ef7cfd): the 2 stale g_msplit comments you flagged (lines ~1179, ~4171) reference a variable that does not exist (the multi-CTA m-split kernel was deleted) — remove/correct them. Then do a focused stale-comment pass for any OTHER comment referencing a now-deleted symbol/kernel/global across the file (grep candidate dead names: g_msplit, ndd, the removed panel variants raw_bf16/pipe_bf16/fnorm, mm3_sym, split_kernel, f32_to_bf16_packed, copy_tau, set_gram3, etc. — comments mentioning symbols that no longer have a definition). Remove only stale-reference comments; KEEP comments documenting live code. AVOID the n512 region comments (W5) and Python-dispatch comments (W0) — focus on C++ kernel-body + cross-region comments referencing deleted symbols. Verify byte-identical codegen (dump+diff _CUDA_SRC). Hold all 12 shapes, geomean within 1% of 1934us; guards pass. Measure diff_lines each iter."
2026-06-20T09:59:35.660362,3,8,60484ea825cd18141baf0eefd87e9d5e6ec68632,simplify,"build_Minv is irreducible (your finding). Investigate the config-table overlap you flagged on the deepest deliverable (parent 60484ea8, diff 6202): the _SMALL_LO/_SMALL_HI dicts (n=176/352 small-n params) and _LARGE_LO/_LARGE_HI dicts (n=1024/2048 large-n params). Check whether they share enough key structure that a small helper or a single keyed table reduces net lines WITHOUT changing any value any shape reads. ONLY if it's a clean net reduction that preserves every per-shape value exactly (these feed the hot-path dispatch — a wrong value regresses a shape). Verify by building + running all 12 shapes: the dispatch must select byte-identical params. If the dicts are too divergent (different keys/values per band) to unify without obfuscation or risk, that's a valid finding — KEEP them and log. Do NOT touch the dict VALUES, only structural duplication. Hold all 12 shapes, geomean within 1% of 1934us; guards pass. Measure diff_lines each iter."
2026-06-20T10:08:18.337788,1,7,f19ac05b6a6d80a821563e5ab969732834f94bba,simplify,"Survey for any REMAINING g_formt-style always-1/constant lever on the consolidated deliverable (parent f19ac05b, diff 6193) that the per-global sweeps haven't hit yet — EXCLUDING g_gram3/g_minv_blk2/g_bf16_blk2 (done) and EXCLUDING the broad-sweep candidates another worker is checking (g_wsp_help/g_wsp_cm_coop/g_panel_cm2/g_ov_fold/g_inner_wmma/g_paf_warps/g_minv_nt_sl/g_panel_raw/g_fp16_pure). Find any setter whose ONLY writer is a single import-time _ext.set_X(1)/(const) call with no per-shape toggle, that the other worker's list misses (e.g. set_tiny_warp, set_wsp_pad, set_panel_defer if import-fixed, set_minv_nt, set_minv_blk4_minw, set_paf_no_csh/no_vsh, set_n512_* survivors). For each: assert-instrument the suspected constant value + full run; if never tripped and the off-branch is dead, collapse + remove setter/pybind. KEEP per-shape-toggled ones. Coordinate: skip anything you see another worker actively editing. Full recompile + validate(22+guards) + bench(12) each. Hold all 12 shapes, geomean within 1% of 1934us; deliverable stays pristine. Measure diff_lines each iter; if all remaining globals are per-shape-live, log that and stop."
2026-06-20T10:17:21.851070,3,9,f19ac05b6a6d80a821563e5ab969732834f94bba;83f22f16b55f20788d958ff5243442bc4f985225;c430e0df266b0e46f418b10751aecd2a17815546;92aaad0f1242f0a2d7707c027b2ff46a9f18a9ed,combine,"Fold three small parallel removals onto the consolidated deliverable. BASE = f19ac05b (diff 6193, submitted, certified). Integrate: W0 83f22f16 (removed g_minv_blk2_max_n global+setter+pybind collapsing its read sites to n<=400; removed _BF16_BIGBATCH and _BF16_LARGEHI Python knobs + their gate branches), W2 c430e0df (fixed/removed stale g_msplit comments), W3 92aaad0f (removed _SMALL_HI's dead FP32-tail keys wsp_pad/panel_cm2/minv_blk4 + the dead else/elif consumer branches — proven dead because n=352 returns via _qr_small_bf16 before the FP32 tail). Each touches a different spot; apply each removal's intent onto BASE (port by hand if cherry-pick fails — they're off slightly different bases). Resolve pybind functions[] overlap as union-of-deletions. Build+validate(22+guards)+bench(12) after each. ZERO conflict markers/dangling refs; every _ext.set_X has a pybind entry. Expected ~6172. Hold all 12 shapes, geomean within 1% of 1934us. Log diff_lines each iter; brief_stop with final SHA."
2026-06-20T10:17:37.238822,0,7,f19ac05b6a6d80a821563e5ab969732834f94bba,simplify,"Remove the proven-DEAD multi-CTA m-split scratch in blocked_qr_2level_bf16_indexed (parent f19ac05b, the deliverable, ~lines 4032-4053). W2's audit found: cGbar/cGpart static tensors (4032), s3_numSM device-query (4033-4034), g_cap (4046), the cGbar/cGpart allocations (4047/4049), and local pointers Gbar/Gpart (4052-4053) are all DEAD — Gbar/Gpart are passed to NO kernel (their consumer, the multi-CTA m-split kernel, was deleted with g_msplit). Verify rigorously: grep that Gbar/Gpart/cGbar/cGpart are never passed to any <<<kernel>>> launch or used in any computation after their definition; confirm s3_numSM is used ONLY for g_cap which is used ONLY for the dead allocations. If fully dead, remove all of it (saves diff_lines AND a per-realloc cudaMalloc + zeroing on the n512 indexed path). This is the hot n512 path — build+validate(22 tests+guards)+benchmark all 12, confirm shapes 3/7/9/10 hold (removing a dead alloc should be neutral-or-faster). If ANY use remains, KEEP and log. Hold geomean within 1% of 1934us; deliverable pristine. Measure diff_lines each iter."
2026-06-20T10:19:58.239357,2,10,c430e0df266b0e46f418b10751aecd2a17815546,simplify,"Fix the 2 'presents-as-live' stale comments YOU flagged (parent c430e0df, ~lines 963-969 and 1001-1009). These describe deleted kernels as if they're the live dispatch target: ~963-969 names panel_factor_smem_wsp_coop_bf16_kernel (deleted; live coop path is the cm_coop kernel), ~1001-1009 names panel_factor_smem_wsp_cm2_kernel (deleted; g_panel_cm2 now routes to wsp_cmf_tmpl_kernel). Confirm each named kernel has zero __global__ definition (grep code-occurrence==0), then rewrite the comment to describe the LIVE dispatch target (or remove the stale-target sentence) WITHOUT deleting the live-knob rationale for g_wsp_cm_coop / g_panel_cm2 (those setters ARE live). Also condense the orphaned bf16-panel doc-block at ~2166-2205 if it documents deleted panels. Comment-only — verify byte-identical codegen (dump+diff _CUDA_SRC). The n512-region owner is currently on a different (large-n) brief so this region is free; stay within these specific comment fixes. Hold all 12 shapes, geomean within 1% of 1934us; guards pass. Measure diff_lines each iter."
2026-06-20T10:24:09.835625,4,11,f19ac05b6a6d80a821563e5ab969732834f94bba,simplify,"LU is irreducible (your finding). Do a final FULL-DELIVERABLE verification + change manifest on the consolidated deliverable (parent f19ac05b, diff 6193, submitted). (1) From a clean state, build + validate (22 tests + invariance + diff-correctness + kernelguard) + benchmark all 12 shapes — confirm geomean within 1% of 1934us and every shape check:pass; this is an independent re-confirmation the submittable file is sound. (2) Produce a categorized manifest of what the simplification removed vs baseline main (6e619b05) — i.e. summarize  + group the deletions by kind (dead kernels removed, dead config knobs/globals folded, dead Python branches, repair/rankreveal scaffolding, comment condensation) with approximate line counts per category. Write this manifest to a iteration description (it's run documentation for the eventual PR). (3) While doing the census, if you happen to spot any NEW orphan introduced since the last seam audit, flag it (don't fix unless trivially proven). No speculative deletions. Log --metric linalg/qr_v2=<geomean> --metric diff_lines=6193 (unchanged — this is verification). brief_stop with the manifest + confirmation."
2026-06-20T10:31:50.666906,0,8,96828e48b1bcce918de75c60bc9f7ca9b32bdbb3,simplify,"Finish the g_msplit stale-comment cleanup on YOUR m-split branch (parent 96828e48, diff 6176). You flagged that g_msplit now survives ONLY in 2 stale comment locations with no code behind it: the heading at ~line 1169 and the note at ~4154-4155. Confirm g_msplit has zero code occurrences (only these comments), then remove/correct these stale comment references (the multi-CTA m-split kernel + its scratch are both gone now — you just removed the scratch). These are DISTINCT from the panel_factor_smem_wsp_coop/cm2 comments at ~965/1007 that another worker is fixing — stay on the g_msplit ones (1169, 4154-4155). Comment-only: verify byte-identical codegen (dump+diff _CUDA_SRC). Then a quick scan for any OTHER comment naming a now-deleted symbol near your m-split edits. Hold all 12 shapes, geomean within 1% of 1934us; guards pass. Measure diff_lines each iter; brief_stop when done."
2026-06-20T10:32:54.884462,3,10,6a4b3fdb5101d31fc13843e16fc03f848bc30e33;96828e48b1bcce918de75c60bc9f7ca9b32bdbb3,combine,"Small disjoint fold. BASE = your fold 6a4b3fdb (diff 6171: globals + comments + _SMALL_HI keys). Fold in W0's m-split dead-scratch removal 96828e48 (removed cGbar/cGpart static tensors + s3_numSM device-query + g_cap + the allocations + Gbar/Gpart pointers in blocked_qr_2level_bf16_indexed — all proven dead, consumer kernel gone). BASE still has that scratch (cGbar appears 5x), so this fold is purely additive — apply W0's deletion (the lines ~4032-4053 region) onto BASE. Should reach ~6154. The two changes are in different file regions (BASE's were globals/comments/config-dicts; this is the indexed-driver scratch), so minimal conflict. Build+validate(22+guards)+benchmark all 12; confirm n512 shapes 3/7/9/10 hold (W0 measured neutral, drops a hot-path cudaMalloc). ZERO conflict markers/dangling refs. Hold geomean within 1% of 1934us; deliverable pristine. Log diff_lines each iter; brief_stop with final SHA."
2026-06-20T10:34:44.232772,2,11,ae32d3803b3f76533731263c6a44b02563f6189a,simplify,"Continue zero-risk comment condensation on your branch (parent ae32d380, diff 6190). You flagged more deleted-arm 'build-light prune' narration at ~lines 4165, 4177, 1512, 1519 — verbose comments describing panel variants that were deleted (the dispatch arm is gone, only a TORCH_CHECK or single live path remains). For each: confirm the named variant has zero __global__ def (grep), then condense the narration to a concise note about the live path (or remove if purely historical). Keep live-code rationale. Comment-only: verify byte-identical codegen (comment-stripped _CUDA_SRC SHA matches parent). Also scan for any remaining 'tried/REGRESSED/iterN/swept' sweep-history in the panel/apply C++ comment regions you own. AVOID n512 CODE and the Python dispatch comments (other workers). Hold all 12 shapes, geomean within 1% of 1934us; guards pass. Measure diff_lines each iter; if little remains, log and stop."
2026-06-20T10:34:44.268871,1,8,ec78b3a8d5688eae857f3aaaadee4de2eab439f4,simplify,"Dead-lever surface is exhausted (your finding). On your branch (parent ec78b3a8, diff 6176): (1) fix the 2 stale doc comments you flagged — g_prec_w (~line 915) and g_minv_2lev_nlev (~line 1214) claim 'set by set_n512_good_flags' but are actually set by the bad-path repair (~4443/4452); correct the attribution (these document live globals, so fix not delete). (2) Then survey the remaining module-level Python comment blocks (the per-shape dispatch rationale in _custom_kernel_generic and the n512/large-n routing comments) for any sweep-history/rejected-experiment narration the earlier passes missed, condensing only stale-history while keeping live-dispatch rationale. AVOID the CUDA-string comments (other workers) and n512 region. Comment + doc fixes only — verify byte-identical codegen. Hold all 12 shapes, geomean within 1% of 1934us; guards pass. Measure diff_lines each iter; if exhausted, log and stop."
2026-06-20T10:36:07.706083,4,12,f19ac05b6a6d80a821563e5ab969732834f94bba,simplify,"Run is converged; the manifest is done. Final task: a NOISE-REDUCED performance certification of the deliverable (parent f19ac05b, diff 6193). Prior runs saw 1919-1954us run-to-run noise; pin down the true geomean vs the optimized floor. Run the benchmark 3-5 times (each wrapped in autocuda run exclusive), record all geomean values, and report the median + range. Cross-check: also benchmark the optimized floor fb5f8321 2-3 times on the same GPU back-to-back, so we have an apples-to-apples median-vs-median comparison proving the simplified deliverable holds (or beats) the optimized peak within noise. This confirms the perf-floor claim rigorously for the final report. No code change — log diff_lines=6193 unchanged with the measured medians in the description. If you observe the deliverable consistently slower than the floor beyond noise, that's important — flag it. Log --metric linalg/qr_v2=<median geomean> --metric diff_lines=6193. brief_stop with the median-vs-median verdict."
2026-06-20T10:41:31.091387,3,11,e81a4e30bddfc1a36d4a8ff2f134c1773bc2b43f;ae32d3803b3f76533731263c6a44b02563f6189a,combine,"Fold W2's comment fixes onto the deepest deliverable. BASE = e81a4e30 (diff 6154: your latest fold incl m-split). Fold in W2's ae32d380 comment work: it rewrote the stale 'presents-as-live' comments naming DELETED kernels (panel_factor_smem_wsp_coop_bf16_kernel ~963, panel_factor_smem_wsp_cm2_kernel ~1003) to name the LIVE dispatch targets, and condensed the orphaned 40-line bf16-panel doc block (~2166). BASE still has these stale comments (wsp_coop_bf16 appears 1x). These are COMMENT-only changes in the _CUDA_SRC string. Cherry-pick ae32d380 if it applies; else port the comment edits by hand. IMPORTANT: W2's branch is off an older base, so some of its content may already be in BASE — apply only the NEW comment hunks (the wsp_coop/cm2 rewrites + bf16 doc-block condense), resolve any overlap by keeping BASE's already-correct version. Expected ~6114. Verify byte-identical codegen (comment-stripped _CUDA_SRC SHA unchanged from BASE). Build+validate(22+guards)+bench(12). ZERO conflict markers. Hold geomean within 1% of 1934us; deliverable pristine. Log diff_lines each iter; brief_stop with final SHA."
2026-06-20T10:42:52.361086,0,9,d3560b0f3c7eaf3d118fdfc8fddf97cfad6eff1d,simplify,"CONSERVATIVE comment condensation on your branch (parent d3560b0f, diff 6172). The file has many 'build-light:' comment blocks (lines ~53,189,1420,1499,1506,1599,1618,1688,1700,1713,1716,3962) explaining why only certain kernel variants compile. IMPORTANT: these are LEGITIMATE maintainer docs (they justify the live TORCH_CHECK guards) — do NOT strip them wholesale. ONLY condense where the SAME pruning rationale is repeated verbatim across multiple blocks (keep ONE clear explanation, trim duplicate restatements), or where a block lists many specific deleted variant names that add no value beyond 'non-live variants were pruned'. Keep every comment that explains a LIVE guard's purpose. Be conservative — when unsure, KEEP. This is mostly comment edits (build cache-reused, GPU is busy with other workers so minimize benchmark runs — one validate + one benchmark at the end suffices). Verify byte-identical codegen. AVOID the wsp_coop/cm2 comments (~965/1007, another worker) and the Python dispatch comments. Hold all 12 shapes, geomean within 1% of 1934us. Measure diff_lines each iter; if the blocks are mostly load-bearing (likely), condense only the clear duplicates and stop."
2026-06-20T10:46:04.702562,5,9,071ad07013d2a2b5bb6be6d0087f8222b3ac6a5f,simplify,"Both your correctness certifications (n512 brief-7, large-n brief-8) PASSED byte-identical to the optimized floor. Final task (zero-GPU, documentation): write ONE consolidated correctness-certification record as an iteration description — the complete evidence that the simplified deliverable is numerically equivalent to the optimized peak fb5f8321 across ALL paths. Summarize: total adversarial cases run (n512 ~90 + large-n 147 = ~237), the byte-identical-(H,tau)-hash methodology, the per-regime coverage (tiny/n176/n352/n512-dense/n512-rankdef/clustered/mixed/n1024/n2048/n4096), and the 3-4 pre-existing off-bench FAILs that reproduce identically on the floor (n4096-B2 missing-gate, n512-matrix-911 FP16 artifact) — explicitly noting these are NOT simplify regressions and hit no ranked/tested shape. This is the run's correctness sign-off for the PR. No code change; log diff_lines unchanged (whatever your parent's is) with the record in the description. brief_stop when written."
2026-06-20T10:46:27.597691,1,9,06ac844a4c1f288a2b615d2bdf53b8a6485cfde8,simplify,"Your dead-lever + Python-comment surface is exhausted (your finding). Final ZERO-GPU analysis task: independently produce + verify the run's removal manifest against the DEEPEST deliverable (compute it for commit e81a4e30, diff 6154, the current consolidated tip — NOT your own 6176 branch). Run 623	3160	problems/linalg/qr_v2/submission.py (the optimized predecessor, the TRUE simplify baseline — main/6e619b05 is just the 6-line stub) and categorize the deletions by reading the diff: dead CUDA kernels removed (which ones), repair/rankreveal/collinear scaffolding, dead config knobs/globals folded (list them: g_gram3/g_minv_blk2/g_bf16_blk2/g_minv_blk2_max_n/g_formt/_BF16_*/PAF macros/env knobs), dead Python dispatch, LU internal, comment condensation — with line counts per category that SUM to the total deletions. Cross-check against W4's manifest (net -2498). This is the PR's change-summary; write it in your iteration description. NO code change (it's a CPU/git analysis — do not benchmark, GPU is busy). Log diff_lines=6154 (the deliverable's, for reference) with the manifest. brief_stop with the verified manifest."
2026-06-20T10:53:18.553787,5,10,4ec3661fd9004981570f64015e57878f25060199,simplify,"NETWORK-ONLY (no GPU — fleet benchmark-saturated): submit the deepest deliverable + check standings. (1) git worktree add --detach /tmp/qr_submit_b6e b6edd6e321a2 (the deepest deliverable, diff 6114). (2) cd /tmp/qr_submit_b6e && bash harness/submit.sh linalg/qr_v2 (build is cached; retry once if it times out ~540s). (3) python /home/shadeform/gpumode/.claude/skills/leaderboard-rankings/scripts/rankings.py --problem qr_v2 --gpu B200 --user badelsteinlelbach --top 6. (4) git worktree remove /tmp/qr_submit_b6e --force. Report submission result + our rank + gap-to-#1. NO code change to your branch; log diff_lines=6235 + linalg/qr_v2=1926 (unchanged, no re-bench). brief_stop with rank+verdict."
2026-06-20T10:53:37.652908,0,10,b6edd6e321a28665c5938b26530d9d9a0e9b4edb;52d30d2a10babd38ee954b61cdfc4ced53c4522a,combine,"Final comment-fold. BASE = b6edd6e321a2 (the deepest deliverable, diff 6114: combine + all folds + W2 comment fixes). Fold in YOUR build-light comment condensation 52d30d2a (you condensed 3 duplicate build-light blocks: the FP32 cmf enumeration ~1499, the raw/pipe defensive-width boilerplate ~1687/1699, the BF16 setAttr re-enumeration ~3956 — all comment-only, byte-identical codegen). BASE may already have some via the comment-fix fold; apply only the NEW condensations not in BASE. These are comment-only in _CUDA_SRC — cherry-pick if clean, else port the hunks. CRITICAL: comment-stripped _CUDA_SRC SHA must stay identical to BASE (pure comments). Build+validate(22+guards); ONE benchmark at the end (GPU is busy — minimize). Expected ~6109. ZERO conflict markers. Hold all 12 shapes, geomean within 1% of 1934us. Log diff_lines each iter; brief_stop with final SHA. If your condensations are already all in BASE, log that (diff stays 6114) and stop."
2026-06-20T10:55:12.607236,3,12,b6edd6e321a28665c5938b26530d9d9a0e9b4edb,simplify,"Final CLEAN-ROOM validation of the deepest deliverable (parent b6edd6e3, diff 6114 — the PR candidate). The fleet has heavily edited this; do one authoritative from-scratch confirmation: in a FRESH state (clean worktree at this commit), run build + validate (22 tests + invariance + diff-correctness + kernelguard) + benchmark all 12 shapes, all wrapped in autocuda run. Confirm: build OK, validation PASS with every guard clean, all 12 shapes check:pass, geomean within 1% of 1934us. This is the final pre-PR soundness gate on the canonical deliverable. NO code change — log diff_lines=6114 unchanged + linalg/qr_v2=<measured geomean>. If anything fails, that's critical — diagnose. GPU is contended; if benchmark queues, that's fine, just let it complete. brief_stop with the soundness verdict + measured geomean."
2026-06-20T10:55:12.647795,4,13,f19ac05b6a6d80a821563e5ab969732834f94bba,simplify,"ZERO-GPU documentation: produce the AUTHORITATIVE final PR change-summary by reconciling manifests. You wrote one (net -2498 vs fb5f8321: comment ~1464 / kernels ~970 / scaffolding ~481 / globals ~265 / Python ~81 / LU ~75); another worker (W1) is independently computing one against the deepest b6edd6e3. Recompute 642	3219	problems/linalg/qr_v2/submission.py (the deepest is ~50 lines smaller than your f19ac05b base, mostly comments). Reconcile the per-category line counts, list the specific named kernels removed (panel variants, build_Minv variants, conversion zoo, repair/collinear, m-split, tiny variants) and config globals folded (g_gram3, g_minv_blk2, g_bf16_blk2, g_minv_blk2_max_n, g_formt, g_msplit, _BF16_*, PAF macros, ~30 env knobs), and write the final categorized summary in your iteration description — this is THE PR change-summary. NO code change, NO benchmark (GPU busy). Log diff_lines=6193 (your branch, unchanged) + linalg/qr_v2=1924.98 (the certified median). brief_stop with the authoritative manifest."
2026-06-20T10:58:28.806732,1,10,3f7ca27355bf2e36d23f796afa489cf0e7dee09f,simplify,"ZERO-GPU PR-hygiene scan of the deepest deliverable b6edd6e321a2 (diff 6114). Scan submission.py at that commit for anything that should NOT ship in a clean PR but isn't dead-code per se: leftover debug scaffolding (printf/fprintf(stderr)/std::cerr in CUDA, print()/logging in Python, commented-out code blocks, TODO/FIXME/XXX/HACK markers, temporary env-var probes like QR_*_TRACE / QR_LOG_* / QR_PRINT_* that workers may have left, abort()/assert debug aids). For each finding: confirm via grep it's genuinely a debug/temp artifact (not a live diagnostic the kernel needs), and if safe, remove it; if it's load-bearing (e.g. a real TORCH_CHECK guard, a documented env override that's part of the design), KEEP it. This is final PR polish. Build+validate(22+guards) after any change; if you find NOTHING removable (the fleet was clean), log that verdict and stop. GPU is busy — minimize benchmark runs (one at end if you changed anything). Hold all 12 shapes, geomean within 1% of 1934us. Log diff_lines each iter; brief_stop with the hygiene verdict + SHA."
2026-06-20T11:00:23.546060,4,14,f19ac05b6a6d80a821563e5ab969732834f94bba,simplify,"ZERO-GPU capstone: draft the PR description + squashed commit message for the simplification, using the run's verified artifacts. Write into your iteration description a complete, reviewer-ready PR write-up covering: (1) WHAT: simplify the qr_v2 optimized submission (8695 lines) to ~6114 while holding performance — net -2577 lines (-29.6%) vs the optimized predecessor fb5f8321. (2) HOW/categories: comments ~1530, dead CUDA kernels ~970 (build_Minv static64+dyn, FP32 panel base family, conversion zoo, tiny-qr trio, PAF dead arms/macros), repair/rankreveal/collinear scaffolding ~481, dead Python dispatch ~85, LU internal ~75, config knobs/globals folded ~265. Census: __global__ 51->36, pybind 49->25, QR_* env knobs 56->18. (3) CORRECTNESS: byte-identical (H,tau) to fb5f8321 on 237 adversarial cases across all regimes (cite W5's cert); 22 validation shapes + invariance + diff-correctness + kernelguard all pass. (4) PERFORMANCE: median 1924.98us vs floor 1934.62us = 0.5% FASTER (noise-reduced 5-vs-3 runs); #4 on the B200 qr_v2 leaderboard. (5) NOTE pre-existing off-bench edge cases (n4096-B2 missing-gate, n512 matrix-911 FP16) reproduce identically on the floor — not introduced. NO code change, NO benchmark. Log diff_lines=6193 + linalg/qr_v2=1924.98 unchanged. brief_stop with the PR draft."
2026-06-20T11:01:44.878455,3,13,b6edd6e321a28665c5938b26530d9d9a0e9b4edb;79cc96bcf0c88439bfc842de7c3bb9118c8a5914,combine,"Final comment consolidation. BASE = b6edd6e3 (the validated PR-ready canonical deliverable, diff 6114). Fold in W2's build-light comment condensations from 79cc96bc (W2 condensed duplicate build-light prune blocks: FP32 cmf enumeration, raw/pipe defensive-width boilerplate, BF16 setAttr re-enumeration, etc. — comment-only, byte-identical codegen). W2's branch is off an OLDER base so much of its content may already be in BASE — apply ONLY the genuinely-new comment condensations not already in BASE; where BASE already has the condensed form, keep BASE. Cherry-pick if clean, else port the specific comment hunks. CRITICAL: comment-only — comment-stripped _CUDA_SRC SHA must stay IDENTICAL to BASE. Build + validate (22+guards) + ONE benchmark at end (GPU busy). ZERO conflict markers. If all of W2's condensations are already in BASE, log that BASE is final at 6114 and stop. Hold all 12 shapes, geomean within 1% of 1934us; this is THE final deliverable. Log diff_lines each iter; brief_stop with final SHA — this should be the canonical PR commit."
2026-06-20T11:03:12.232509,2,12,79cc96bcf0c88439bfc842de7c3bb9118c8a5914,simplify,"The LAST remaining verbose deleted-arm comment narration you flagged: the n512-driven blocked_qr_2level_bf16_indexed panel-registration comments (~lines 3900-3960 and 4075-4107, ~6 blocks) and the orphaned bf16-panel doc-region (~2134-2206), on your branch (parent 79cc96bc). All named kernels there are 0-def confirmed dead. The n512 region's CODE owner is currently on a network-submit brief (not editing n512 code), so this comment region is free. Condense ONLY the deleted-kernel narration (grep-confirm each named kernel has 0 __global__ defs first); KEEP every comment explaining a LIVE n512 kernel/dispatch/guard. Comment-only: verify all four source-string comment-stripped SHAs stay byte-identical to parent. Build+validate(22+guards)+ONE benchmark at end (GPU busy). Hold all 12 shapes (esp n512 shapes 3/7/9/10), geomean within 1% of 1934us. Expected ~20-30 fewer lines. Measure diff_lines each iter; brief_stop with final SHA. This is the last comment region — after this the comment surface is fully exhausted."
2026-06-20T11:04:27.359915,5,11,4ec3661fd9004981570f64015e57878f25060199,simplify,"ZERO-GPU monitoring task. The deepest deliverable b6edd6e3 (6114) is leaderboard-ACCEPTED at rank #4 (submission 821997, 1920.38us). Competitors submit frequently. Re-read the live standings: python /home/shadeform/gpumode/.claude/skills/leaderboard-rankings/scripts/rankings.py --problem qr_v2 --gpu B200 --user badelsteinlelbach --top 8. Report: our current rank + µs, whether it changed since the last check (was #4/1920.38), the current #1-#3 holders + µs, and our gap-to-#1. Also confirm via popcorn-cli submissions list that submission 821997 (our deepest deliverable) is still 'done'/accepted and is our best accepted score. If our rank dropped because a competitor improved, note it (informational — a rank drop from competitors is NOT something a simplify run acts on; it'd be an optimize concern). NO code change, NO benchmark. Log diff_lines + linalg/qr_v2 unchanged from your parent. brief_stop with the current standings snapshot."
2026-06-20T11:05:55.334868,1,11,1f0beffa043eed7c05a83d6db297d7bec5d4fde6;1d0e7bfb1d3702dc65c9545e0db78898957b4b5c,combine,"Fold your debug-probe removal onto the deepest deliverable. BASE = 1f0beffa (diff 6109, the canonical deliverable). Fold in your 1d0e7bfb: it removed the leftover QR_PRINT_SMEM fprintf(stderr) smem-debug probe (a worker-added line, absent from baseline, zero behavioral effect, the only fprintf(stderr) in the file). BASE still has it (QR_PRINT_SMEM appears 1x). This is a tiny disjoint code fix. Cherry-pick 1d0e7bfb if clean; else just delete that one probe line. Build+validate(22+guards)+ONE benchmark. ZERO conflict markers; confirm optin stays live (used in the loop bound). Expected ~6108. Hold all 12 shapes, geomean within 1% of 1934us. This is the canonical deliverable lineage. Log diff_lines each iter; brief_stop with final SHA. Avoid backticks in your description text (they corrupt the log field)."
2026-06-20T11:07:11.299989,3,14,1f0beffa043eed7c05a83d6db297d7bec5d4fde6,simplify,"Independent clean-room validation of the NEW deepest deliverable 1f0beffa (diff 6109, after W0 folded the build-light comment condensations onto b6edd6e3). Confirm from a fresh checkout: build OK, validate PASS (22 tests + invariance + diff-correctness + kernelguard all clean), benchmark all 12 shapes check:pass with geomean within 1% of 1934us. This re-certifies the latest comment-folded deliverable is still sound (the prior clean-room gate was on b6edd6e3; this confirms the 6109 comment-fold didn't break anything). NO code change. If sound, log succeeded with diff_lines=6109 + measured geomean + verdict PR-ready, then stop. If anything fails, diagnose. GPU contended — let benchmark queue if needed. Log --metric linalg/qr_v2=<geomean> --metric diff_lines=6109. brief_stop with the soundness verdict."
2026-06-20T11:07:11.336403,0,11,1f0beffa043eed7c05a83d6db297d7bec5d4fde6,simplify,"ZERO-GPU PR-reviewability check of the deepest deliverable (parent 1f0beffa, diff 6109). The PR will be submission.py diffed against main (the 6-line stub) — a +6109/-1 diff that a human reviews. Verify the diff is coherent and reviewable: (1) git show 1f0beffa:problems/linalg/qr_v2/submission.py | head and tail to confirm the file is well-formed (valid Python, custom_kernel present, no truncation/corruption). (2) Confirm the top-of-file structure is clean (imports, the two load_inline extension builds, the dispatch). (3) Spot-check that no merge artifact (stray duplicate function, doubled import, orphaned half-edit) slipped through the many folds — grep for duplicate 'def custom_kernel', duplicate 'def _custom_kernel_generic', repeated load_inline blocks. (4) Confirm there are no leftover conflict markers anywhere. Report findings. NO code change unless you find a genuine corruption artifact (then fix + validate). Log diff_lines=6109 + linalg/qr_v2 unchanged. brief_stop with the reviewability verdict."
2026-06-20T11:07:57.174760,4,15,f19ac05b6a6d80a821563e5ab969732834f94bba,simplify,"ZERO-GPU final documentation reconciliation. Two independent removal manifests exist: yours (brief-13, vs b6edd6e3: +642/-3219 net -2577) and W1's (brief-9, vs e81a4e30: +623/-3160 net -2537). The 40-line gap is because they target different deliverable commits (b6edd6e3 is ~40 lines deeper than e81a4e30 via the m-split + extra comment folds). Verify this reconciles exactly: run git diff --numstat e81a4e30 b6edd6e321a2 -- problems/linalg/qr_v2/submission.py and confirm the delta accounts for the manifest difference (it should be ~ -40 net, all comment/m-split). Produce a single FINAL authoritative number for the PR: the deepest committed deliverable's exact net-line-reduction vs fb5f8321 (recompute against the CURRENT deepest commit — check the manager log / worker logs for the latest succeeded diff_lines, likely ~6108-6109). Write the reconciled final figure + the per-category breakdown in your iteration description. NO code change, NO benchmark. Log diff_lines + linalg/qr_v2 unchanged. brief_stop with the single authoritative PR number."
2026-06-20T11:07:57.208396,5,12,4ec3661fd9004981570f64015e57878f25060199,simplify,"ZERO-GPU submission-evidence consolidation. Write the complete leaderboard-submission record for this simplify run as your iteration description — the mandatory evidence trail. List every leaderboard submission made during the run with its commit + what it represented + outcome: the baseline (main 6e619b05, torch.geqrf stub), the optimized reference (fb5f8321, the peak being simplified), and the simplified candidates (8dc55033, 25091be, a5c2118, the 6193 combine, and the FINAL deepest deliverable b6edd6e3 = submission 821997, accepted, 22/22 tests, rank #4 @ 1920.38us). Confirm via popcorn-cli submissions list --leaderboard qr_v2 that 821997 is the latest accepted and represents the deepest simplified deliverable. State the final verdict: the minimal diff (-29.6% vs optimized peak) is leaderboard-validated to hold the peak's exact rank/score. NO code change, NO benchmark. Log diff_lines + linalg/qr_v2 unchanged. brief_stop with the submission-evidence record."
2026-06-20T11:10:15.597714,0,12,1f0beffa043eed7c05a83d6db297d7bec5d4fde6,simplify,"ZERO-GPU final cross-check (no benchmark): the run is complete and PR-ready. Do a last independent consistency audit tying the evidence together. (1) Confirm the deepest committed deliverable across all worker branches (scan the worker logs / git branches for the smallest succeeded diff_lines that is build+validate-confirmed) and report its SHA + exact diff_lines. (2) Cross-verify that SHA's submission.py: AST-parses, has the two load_inline builds, custom_kernel present, zero conflict markers (re-confirm on the genuinely-deepest commit if it advanced past 1f0beffa via the in-flight probe-fold/n512-comment folds). (3) Confirm the leaderboard-accepted submission (821997, b6edd6e3) corresponds to a commit in this deepest lineage. (4) State whether the deepest committed branch is leaderboard-validated AS-IS, or whether the few extra comment/probe lines folded after b6edd6e3 are codegen-identical to b6edd6e3 (so the accepted submission's binary == the deepest deliverable's binary). This closes the evidence loop. NO code change. Log diff_lines + linalg/qr_v2 unchanged. brief_stop with the consistency verdict + deepest SHA."
2026-06-20T11:11:31.138500,4,16,f19ac05b6a6d80a821563e5ab969732834f94bba,simplify,"FINAL-FOLD readiness check + consolidation. The canonical deepest deliverable is 1f0beffa (diff 6109). Two small disjoint removals may still be landing on parallel branches: W1's QR_PRINT_SMEM debug-probe removal and W2's final n512 deleted-arm comment condensation. Check the worker-1 and worker-2 logs for their latest succeeded commits + diff_lines. IF either produced a removal NOT yet in 1f0beffa (probe still present, or n512 comments still verbose), fold it onto 1f0beffa (cherry-pick the comment/probe hunks; comment+dead-probe only, verify codegen byte-identical), build+validate(22+guards)+one benchmark, and report the new deepest SHA + diff_lines. IF both are already in 1f0beffa or not yet committed, confirm 1f0beffa remains the canonical deepest and stop. ZERO conflict markers; hold all 12 shapes, geomean within 1% of 1934us. Log diff_lines + linalg/qr_v2. brief_stop with the final canonical SHA."
2026-06-20T11:11:31.174208,5,13,4ec3661fd9004981570f64015e57878f25060199,simplify,"ZERO-GPU standings watch (network-only). The run is complete; the deepest deliverable is leaderboard-accepted at #4. Re-read the live qr_v2/B200 standings (rankings.py --problem qr_v2 --gpu B200 --user badelsteinlelbach --top 8) and confirm our rank + gap-to-#1. Compare to the last snapshot (#4 @ 1920.38us, gap 16.5%). Report whether any competitor displaced us or whether #1's score moved. If our accepted submission 821997 is no longer top-of-list (someone re-submitted for us, or it aged out), note it. This is informational evidence-keeping — a competitor rank change is an OPTIMIZE concern, NOT a simplify action (do not attempt speed work). NO code change, NO benchmark. Log diff_lines + linalg/qr_v2 unchanged. brief_stop with the current standings snapshot + any delta from #4/1920.38."
2026-06-20T11:13:42.817646,3,15,1f0beffa043eed7c05a83d6db297d7bec5d4fde6,simplify,"RE-SUBMISSION guardian (network-only, no GPU). Last leaderboard submission was b6edd6e3 (submission 821997, accepted #4). Since then the deliverable folded to 1f0beffa (6109) via comment-only + dead-probe removals (W3 brief-12 confirmed those folds are codegen-identical to b6edd6e3, so the BINARY is unchanged — no functional re-submit needed). Verify: confirm whether the current deepest committed deliverable (check worker logs for smallest validated diff_lines; likely 1f0beffa or a slightly-deeper W4 final-fold) is codegen-identical to the already-accepted b6edd6e3 (comment-stripped _CUDA_SRC + dead-getenv-only changes). IF codegen-identical: NO new submit needed — log that 821997 already validates the deepest deliverable's binary, and stop. IF a deeper deliverable has a genuine CODE change not in 821997 (unlikely — only comments/probe remain): submit it via a /tmp worktree + harness/submit.sh, retry once on timeout, then remove the worktree. NO code change to your branch. Log diff_lines + linalg/qr_v2 unchanged. brief_stop with the re-submission verdict (needed or not + why)."
2026-06-20T11:13:42.854418,5,14,4ec3661fd9004981570f64015e57878f25060199,simplify,"ZERO-GPU standings watch (continuation, network-only). Re-read qr_v2/B200 standings (rankings.py --problem qr_v2 --gpu B200 --user badelsteinlelbach --top 8). Report our rank+µs, top-3, gap-to-#1, and any change since the last snapshot (#4 @ 1920.38us, gap 16.5%; #1 10billiontokens 1648us). Note if a competitor displaced us or #1 improved (informational — a competitor move is an OPTIMIZE concern, not a simplify action; take no code action). Confirm submission 821997 is still our best accepted. This is steady-state evidence-keeping. NO code change, NO benchmark. Log diff_lines + linalg/qr_v2 unchanged. brief_stop with the snapshot + any delta."
2026-06-20T11:14:25.225192,1,12,26c8262ef19271994b415a93410f4d5f9b06e3a6,simplify,"Final consolidation watch. The canonical deliverable is 26c8262e (diff 6108). One fold may still be pending: W2's final n512 deleted-arm comment condensation (check the worker-2 log for its latest brief-12 succeeded commit + diff_lines). IF W2 committed a comment removal NOT in 26c8262e (grep the n512 panel-registration comments ~3900-3960 / bf16 doc-region ~2134-2206 for the deleted-kernel names W2 targeted): fold it onto 26c8262e (cherry-pick the comment hunks; comment-only, verify codegen byte-identical via comment-stripped _CUDA_SRC SHA), build+validate(22+guards)+one benchmark, report the new deepest SHA. IF W2 hasn't committed yet or its work is already in 26c8262e: confirm 26c8262e remains canonical and stop. ZERO conflict markers; hold all 12 shapes, geomean within 1% of 1934us. Log diff_lines + linalg/qr_v2. brief_stop with the final canonical SHA."
2026-06-20T11:15:08.678742,3,16,26c8262ef19271994b415a93410f4d5f9b06e3a6,simplify,"Final re-validation guardian of the canonical deliverable 26c8262e (diff 6108, = the validated 1f0beffa minus the dead QR_PRINT_SMEM probe; cubin byte-identical to the leaderboard-accepted b6edd6e3). Do ONE authoritative end-to-end confirmation on 26c8262e from a clean checkout: build OK, validate PASS (22 tests + invariance + diff-correctness + kernelguard all clean), benchmark all 12 shapes check:pass + geomean within 1% of 1934us. This certifies the probe-removal fold (the last code change) is sound. If sound: log succeeded diff_lines=6108 + measured geomean + verdict 'canonical deliverable PR-ready', stop. If any fail: diagnose (critical). NO further simplification — verification only. GPU contended; let benchmark queue. Log --metric linalg/qr_v2=<geomean> --metric diff_lines=6108. brief_stop with verdict."
2026-06-20T11:15:08.714655,5,15,4ec3661fd9004981570f64015e57878f25060199,simplify,"ZERO-GPU standings watch (continuation). Re-read qr_v2/B200 standings + confirm our accepted submission. Report rank+µs, top-3, gap-to-#1, and delta vs the last snapshot (#4 @ 1920.38us, gap 16.5%, no change). Note any competitor displacement or #1 movement (informational — optimize concern, no simplify action). Confirm submission 821997 still our best accepted. NO code change, NO benchmark, no GPU lock. Log diff_lines + linalg/qr_v2 unchanged. brief_stop with the snapshot."
2026-06-20T12:39:13.184637,0,13,ee18b3406b8976e0bb3b2cd7f45ac57c5e95b304,simplify,"BOLD STRUCTURAL REFACTOR (not dead-code): the live panel-factor kernels (panel_factor_smem_wsp_cmf_tmpl_kernel FP32+bf16, _raw_, _pipe_, _fnorm_ov_, _wsp_cm_ov_bf16_, _wsp_cm_coop_bf16_) are near-duplicate bodies differing only by defer-mode / column-major / outer-V-fold / coop behavior. Unify them into ONE templated panel kernel parameterized by those axes (template params or constexpr branches), collapsing the duplicated householder-panel bodies into a single source. This is the single biggest structural simplify lever (~hundreds of duplicated lines). Preserve EXACT codegen/numerics on every live launch (compare comment-stripped + per-shape (H,tau) hashes), hold geomean within 1% of 1934us on all 12 shapes, guards pass. Profile to confirm the unified kernel's PTX is equivalent on the live instances. Measure diff_lines each iter."
2026-06-20T12:39:13.261930,2,13,ee18b3406b8976e0bb3b2cd7f45ac57c5e95b304,simplify,"BOLD STRUCTURAL REFACTOR: the Python dispatch (_custom_kernel_generic, _qr_large_n, _qr_bigbatch_two_level, _qr_large_fp16, _qr_large_fp32, _qr_exact_2level, the small-n tail) repeats the same set_X(...) -> _ext.blocked_*(...) -> restore set_X(0) boilerplate per shape, with per-shape config scattered as inline literals. Restructure into ONE config-table-driven driver: a dict mapping each shape-class to its (prec,warps,defer,minv,ob,ib,panel-flags) config, applied by a single parameterized helper that sets/calls/restores generically. Collapse the N near-identical _qr_* wrappers. Byte-identical dispatch trace per shape (golden-trace before/after), hold geomean within 1% of 1934us, all 22 tests + guards pass. Measure diff_lines each iter."
2026-06-20T12:39:43.700303,3,17,ee18b3406b8976e0bb3b2cd7f45ac57c5e95b304,simplify,"BOLD STRUCTURAL REFACTOR: the two-level blocked-QR outer loop is reimplemented separately across _qr_bigbatch_two_level (n512), _qr_exact_2level (n1024/2048 FP32), and the bf16 large-n path — each repeats the OB-outer / IB-inner panel+apply+merge loop with per-regime tweaks. Extract ONE shared two-level loop (host C++ or Python orchestrator) parameterized by (OB,IB,prec,panel-variant,apply-variant), and route all three regimes through it. This collapses the triplicated blocked-QR control flow into a single structure. Preserve EXACT per-shape numerics ((H,tau) hashes) on n512/n1024/n2048, hold geomean within 1% of 1934us, guards pass. Profile the merge matmuls unchanged. Measure diff_lines each iter."
2026-06-20T12:39:43.736118,4,17,ee18b3406b8976e0bb3b2cd7f45ac57c5e95b304,simplify,"BOLD STRUCTURAL REFACTOR: the n512 mixed-driver bad-subset path (qr_n512_mixed_driver -> compact_n512_bad_input -> gather_n512_bad_input -> blocked_qr_2level_bf16_indexed -> scatter_exact_n512) is a sprawl of special-case compaction/gather/scatter kernels duplicating the indexed-vs-nonindexed two-level logic. Restructure: can the indexed path be expressed as the SAME two-level kernel operating on a gathered sub-batch, eliminating the separate _indexed kernel variants (fill_R_n512_ob64_ib16_indexed, the indexed panel/apply instances)? Unify indexed and non-indexed into one parameterized path. Preserve EXACT numerics on the n512 rankdef/clustered/mixed shapes (9,10,7) via adversarial probe, hold geomean within 1% of 1934us, guards pass. Measure diff_lines each iter."
2026-06-20T12:39:43.771724,5,16,ee18b3406b8976e0bb3b2cd7f45ac57c5e95b304,simplify,"BOLD STRUCTURAL REFACTOR of the n4096 CholeskyQR path (_choleskyqr_1pass + _gram_int_ozaki + the oz_* int8 Ozaki Gram kernels + _reconstruct_householder + the LU/orhr extension). The Ozaki int8-decomposition Gram is an elaborate hand-rolled FP64-emulation; restructure the Gram + cholesky + reconstruct sequence into a simpler equivalent that holds shape-6 accuracy WITHOUT the multi-slice oz_recombine machinery (e.g. a tighter int8-slice count, or folding the recombine into fewer kernels, or a simpler high-precision-Gram formulation). NOT a library swap (operator says those won't work) — a structural simplification of the hand-written path. Preserve shape-6 (n4096,B2) + the B=1 n4096 test correctness, hold geomean within 1% of 1934us, guards pass. Measure diff_lines each iter."
2026-06-20T13:39:24.511914,3,18,34f5c081186f88449b1f5ebaef0003a5342a2022,simplify,"BOLD STRUCTURAL REFACTOR, continue on your branch (parent 34f5c081 — your run_two_level_loop<T> unification). Next target: the single-level blocked_qr loop (the n=176 path) is a SECOND distinct outer-loop structure. Investigate whether single-level QR can be expressed as a DEGENERATE case of your run_two_level_loop<T> (one outer block OB=n, or IB=block with a single outer iteration) — collapsing the two remaining QR loop structures into ONE. If the single-level panel/apply differ enough that forcing them through the two-level loop adds complexity rather than removing it, instead unify what IS shared (the scratch setup, the cuBLAS-handle/stream boilerplate, the H/tau output formatting that blocked_qr and blocked_qr_2level both replicate). Prove (H,tau) byte-identical on shape 1 (n=176) + all 12 vs your parent; geomean within 1% of 1934us; guards pass. NO library substitution. Commit + log diff_lines each iter; keep iterating until this region is maximally consolidated, then brief_stop."
2026-06-20T13:48:36.436721,2,14,b9e04832e7ebd36a68b9484ec68af7bc76af84c2,simplify,"BOLD STRUCTURAL REFACTOR, continue on your branch (parent b9e04832 — your _run_blocked config-table driver). Two structural levers in the Python config layer: (1) The ~20 surviving os.environ.get(QR_*) tuning knobs are dead indirection — the env vars are never set in the eval harness, so each '_X = int(os.environ.get(QR_X, default))' is just a constant with extra ceremony. Collapse each to its literal default (keep a brief inline comment of the value's meaning). (2) The scattered regime config (_SMALL_LO/_HI, _LARGE_LO/_HI, _N512_EXACT + the loose module constants your driver consumes) can unify into ONE config structure keyed by shape-class. Do (1) first (mechanical, high line-count), then (2) if it nets fewer lines. Prove byte-identical dispatch trace + all 4 source SHAs unchanged (your proven method) on all 34 shapes; geomean within 1% of 1934us; guards pass. Commit + log diff_lines each iter; keep iterating until the Python config surface is maximally consolidated, then brief_stop. NO library substitution. Avoid backticks in log text."
2026-06-20T14:01:47.199217,0,14,035dd5a80a3c1ab4fc5adc2cbb478ec3b4c04f27,simplify,"BOLD STRUCTURAL REFACTOR, continue on your branch (parent 035dd5a8 — your panel-family helper unification, −257). Apply the SAME proven technique (factor shared bodies into __device__ __forceinline__ helpers, keep each __global__ wrapper's ORIGINAL signature — never add an unused param, it perturbs register layout/perf) to the next duplicated-device-idiom regions: (1) the build_Minv kernel family — build_Minv_blk4_kernel and build_Minv_rblk_gen_kernel share the diagonal-block forward-substitution / L-inverse structure; extract the shared forward-sub into a __forceinline__ helper. (2) Repeated smem-staging / column-load / WMMA-tile idioms duplicated across the apply and panel kernels. (3) Any other multi-copy device-code leaf (like your hh_reflector find — grep for repeated 4+ line device snippets). Prove (H,tau) byte-identical on all 12 shapes vs parent (your SASS + bytecheck method); 8/12 byte-identical SASS or better, benign reorders OK if numerically identical; geomean within 1% of 1934us; guards pass. NO library substitution; NO unused-param kernel merges. Commit + log diff_lines each iter; keep iterating until device-idiom dedup is exhausted, then brief_stop. Avoid backticks in log text."
2026-06-20T14:21:08.060888,5,17,3368943504ad6d99e11dd66110117fc92aa523ca,simplify,"BOLD STRUCTURAL REFACTOR, continue on your branch (parent 33689435 — your Ozaki-recombine fold + recon_lu 1-level collapse, −70). Next targets in the n4096 CholeskyQR machinery you now know deeply: (1) the remaining oz_* slice kernels (oz_colmax, oz_peel, oz_slice) — do they share staging/reduction structure that folds into fewer kernels or shared __forceinline__ device helpers (like you did for recombine)? (2) the Python orchestration: _choleskyqr_1pass, _reconstruct_householder, _cholqr_path vs _cholqr_dense_b2_path — these two cholqr entry paths likely duplicate the Gram->chol->recon sequence with only the info-gate differing; unify their shared structure into one parameterized helper (the b2 path = the general path with the fallback-gate disabled). Prove (H,tau) byte-identical on shape-6 (n4096 B2) + the B=1 n4096 TEST shapes via your adversarial probe; geomean within 1% of 1934us; all guards clean. NO library substitution; keep NS=4/8-pairs (you proved minimal). Commit + log diff_lines each iter; keep iterating, then brief_stop. Avoid backticks in log text."
2026-06-20T14:22:21.586263,3,19,521f8ab44e14d14b9a66d32ba9501d7c224f0181,simplify,"BOLD STRUCTURAL REFACTOR, continue on your branch (parent 521f8ab4 — all 3 QR loops now flow through run_two_level_loop). Two cross-cutting targets: (1) SCRATCH UNIFICATION: each QR path still allocates its own V/S/W/Y/M-inverse/build_Minv scratch with near-identical torch::empty/_scratch_like patterns + cuBLAS handle/stream setup; now that the loop is unified, extract a shared scratch-allocation + handle-setup helper the run_two_level_loop callers share. (2) EXTENSION MERGE investigation: the file builds TWO separate load_inline extensions (_compile_ext main + _compile_lu for the n4096 LU/orhr). Investigate whether they can merge into ONE load_inline (one _CUDA_SRC + one _CPP_SRC + one pybind) — eliminating the duplicated build scaffolding, the second _CPP_SRC/_CUDA_LU_SRC harness, and the _get_lu indirection. If the LU ext must stay separate (compile-time or include reasons), unify the duplicated build/compile boilerplate instead. Prove (H,tau) byte-identical all 12 shapes vs parent; geomean within 1% of 1934us; guards pass. NO library substitution. Commit + log diff_lines each iter; keep iterating, then brief_stop. Avoid backticks in log text."
2026-06-20T14:47:56.393282,4,18,9c7507c73276ba662566efb23ee3442fe4cda023,simplify,"BOLD STRUCTURAL REFACTOR, continue on your branch (parent 9c7507c7 — your n512 bad-flags helper + the proven verdict that _indexed kernels are load-bearing). Next n512-region targets you're positioned for: (1) the classification/compaction machinery — compact_n512_bad_input (bad-subset detection: which matrices need the exact path) and the good-path rank-reveal detection (n512_good_rankreveal / f32_to_bf16_rr) may share a column-scan/threshold-reduce structure foldable into a shared __device__ helper. (2) The cuBLAS-handle lazy-init + smem-opt-in block duplicated between blocked_qr_2level (~1571) and blocked_qr_2level_bf16_indexed (~3871) you flagged — attempt the host-side handle/opt-in dedup carefully (each opts in only kernels it launches; use your __forceinline__-helper-with-original-signature discipline; if it perturbs the hot two-level smem path, revert). Prove (H,tau) byte-identical via your 594-case adversarial probe; geomean within 1% of 1934us; guards pass. NO library substitution; do NOT delete the load-bearing _indexed kernels. Commit + log diff_lines each iter; keep iterating, then brief_stop. Avoid backticks in log text."
2026-06-20T15:06:29.731923,0,15,67b102e0c788b8b00dd6a050bbc144e91accefa9,simplify,"BOLD STRUCTURAL REFACTOR, continue on your branch (parent 67b102e0 — your panel+build_Minv+device-idiom helper unification, diff 5827; your prior instance ran out mid-iteration, worktree cleaned). Panel/build_Minv dedup is now well-mined; next targets for your __forceinline__-helper technique (original signatures, no unused params): (1) the dtype-conversion + fill/scatter utility kernels — f32_to_bf16_kernel / _rr_ / _indexed_n512_ / _packed, bf16_to_f32, fill_R_n512_ob64_ib16 (+ _indexed), scatter_exact_n512, n512_zero_tail — these share grid-stride load/convert/store idioms foldable into shared device helpers (the indexed vs non-indexed pairs differ only in the index map). (2) Any remaining repeated 4+ line device-code leaf file-wide (grep for duplicated smem-load, warp-reduce, or convert snippets). Prove (H,tau) byte-identical all 12 shapes vs parent (SASS + bytecheck); 8/12+ byte-identical SASS, benign reorders OK if numerically identical; geomean within 1% of 1934us; guards pass. NO library substitution; NO unused-param merges; do NOT delete load-bearing indexed kernels. Commit + log diff_lines each iter; keep iterating, then brief_stop. Avoid backticks in log text."
2026-06-20T15:37:35.233714,3,20,9f37407b54ae2ff3b3d7e9ffacaffac302c539a0,simplify,"BOLD STRUCTURAL REFACTOR, continue on your branch (parent 9f37407b — loops unified into run_two_level_loop + shared handle/scratch helpers). Next target: the trailing-update / merge GEMM-wrapper family the loop calls — mm3g, mm3, mmb, mm_S_tf32, mmb_S, mmb_Y, mm1g and the strided-batched cuBLAS GEMM call sites scattered through the loop body. Many wrap cublasGemmStridedBatchedEx/Sgemm with near-identical arg setup differing only in dtype/transpose/alpha-beta. Fold the shared cuBLAS-call boilerplate into a smaller set of typed helpers (the irreducible boundary W1 found is the Sgemm-vs-GemmEx API split — respect that, but the arg-marshaling around each call is duplicable). Also: now that run_two_level_loop is shared, are the 3 driver functions thin enough to share their pre/post-loop structure (H/tau output formatting, the above-panel R fill)? Prove (H,tau) byte-identical all 12 shapes vs parent; geomean within 1% of 1934us; guards pass. NO library substitution. Coordinate: do not touch _CUDA_LU_SRC kernel bodies (W5). COMMIT each iter before next. Log diff_lines each iter; keep iterating, then brief_stop. Avoid backticks in log text."
2026-06-20T15:38:23.225578,1,13,a7eec1591b8e9d4c31d0776dba7bdf338a9c3170;36ea72860245c2e715d09b26deb41eb23193b4c0;15feee14613497d8a3cca85846e1a086790d7dca;4b6b8c1f5a6e44e57b5cafe5ed7c918e403dd5c8;c65d4dd32dee120ff1e8f8b65cd2400b3258c527;f5d2e744112249ca7390f65fb72090053741364f,combine,"2ND-GEN COMBINE — fold each region's DEEPER structural work onto the 1st-gen combine. BASE = a7eec159 (5670, the 6-region 1st-gen combine: it already has each worker's FIRST structural commit). Since then each worker went deeper; fold their INCREMENTAL deltas: W0 36ea7286 (added build_Minv forward-sub helper + float4/half2 convert helpers + device idioms BEYOND the panel commit in BASE), W5 15feee14 (oz_* slice dedup + cholqr-recon unification BEYOND the n4096 commit), W3 4b6b8c1f (scratch/handle helpers qr_make_tf32_handle/qr_probe_smem_optin/qr_alloc_vtswy + _compile_qr BEYOND the loop commit), W4 c65d4dd3 (n512 classification + handle dedup BEYOND the n512-helper commit), W2 f5d2e744 (env-knobs->literals + import os drop BEYOND the dispatch commit). For each, the region's FIRST-round change is already in BASE — apply only the genuinely-new hunks (use git merge / cherry-pick; conflicts in a region = take the deeper version since it supersedes BASE's first-round for that region). Build after each integration. Prove (H,tau) byte-identical to ee18b340 on all 12 shapes (your golden oracle); 22 tests + all guards clean; geomean within 1% of 1934us; ZERO conflict markers/dangling refs. Target well below 5670. Log diff_lines each iter (failures too); brief_stop with combined SHA. NO library substitution. Avoid backticks in log text."
2026-06-20T15:41:59.268233,5,18,a96f3f234c22e7c63c1ecc17fc61916a3fb9d6ad,simplify,"BOLD STRUCTURAL REFACTOR, continue on your branch (parent a96f3f23 — your cholqr-path unification + chol_tri_to_R fold, diff 5990). Next targets in the LU/orhr extension you know deeply: (1) the remaining LU-ext kernels — diag_lu_static_fused, build_H_inplace, gather_diag_and_eye, split_flat_kernel, scatter_split_panel — examine for shared staging/scatter idioms foldable into __device__ __forceinline__ helpers (your chol_tri_to_R fold pattern). (2) The orhr_col reconstruction (_reconstruct_householder + recon_lu_cpp + build_H_inplace): is there duplicated H-formation / triangular-solve structure across the recon path and the main-ext reconstruction? (3) Stale-narration / dead leftover in _CUDA_LU_SRC now that you collapsed the 2-level LU to 1-level and unified the cholqr paths. Prove (H,tau) byte-identical on shape-6 + B=1 n4096 tests via your adversarial probe; geomean within 1% of 1934us; guards clean. NO library substitution; do not re-attempt the documented un-foldables (oz_colmax/oz_peel producer-consumer dep, the two _choleskyqr_1pass algorithm arms). COMMIT each iter before next. Log diff_lines each iter; keep iterating, then brief_stop. Avoid backticks in log text."
2026-06-20T15:43:21.722410,0,16,36ea72860245c2e715d09b26deb41eb23193b4c0,simplify,"BOLD STRUCTURAL REFACTOR, continue on your branch (parent 36ea7286, diff 5824 — your panel+build_Minv+convert helper unification; your prior instance died on an API error but committed cleanly through it1, nothing lost). Next: the low-level device-idiom LEAF snippets repeated across the panel-factor kernels you own — coalesced smem column-load loops, warp-shuffle reductions (the householder norm / dot-product reductions), float4/half2 vectorized load-store patterns, and the bank-conflict-pad index math. These recur 3+ times across the panel kernels (and where a panel and the standalone apply share an identical leaf, fold there too). Extract each into a __device__ __forceinline__ leaf helper, keeping every __global__ wrapper's ORIGINAL signature (your proven no-unused-param rule). FENCE: do NOT touch the n512 bad-subset/_indexed kernels (W4), the LU/_CUDA_LU_SRC kernels (W5), or the GEMM cuBLAS wrappers (W3) — stay in panel-factor + small-n kernel bodies. Prove (H,tau) byte-identical all 12 shapes vs parent (SASS + bytecheck); benign reg reorders OK if numerically identical; geomean within 1% of 1934us; guards clean. NO library substitution. COMMIT each iter before next. Log diff_lines each iter; keep iterating, then brief_stop. Avoid backticks in log text."
2026-06-20T15:50:43.188049,4,19,53fa229f686bf66d1a110c99999bf17f0d993059,simplify,"BOLD STRUCTURAL REFACTOR, continue on your branch (parent 53fa229f — your init_qr_cublas_handle 3-launcher dedup, diff 6070). Next n512-region target: the above-panel R-fill + tail/scatter utility kernels — fill_R_n512_ob64_ib16_kernel (+ its _indexed variant), fill_above_panel_R_tiled_kernel, n512_zero_tail_kernel, scatter_exact_n512_kernel. The fill_R indexed/non-indexed PAIR differs only by the index map (you proved the indexed compute path is load-bearing, but the R-FILL pair likely shares its tiled-copy body); fold the shared tiled R-copy body into a __device__ __forceinline__ helper both call (original signatures, no unused params). Also check fill_above_panel_R vs fill_R for shared upper-triangular-copy structure. Prove (H,tau) byte-identical on the 12 DEFINED bench shapes (your established proof: bench-shape SHA + codegen-byte-diff, since off-bench n512-mixed output has uninit-memory nondeterminism) incl shapes 3/7/9/10; geomean within 1% of 1934us; guards clean. NO library substitution; do NOT delete load-bearing _indexed compute kernels. FENCE: panel-factor kernel bodies are W0's. COMMIT each iter before next. Log diff_lines each iter; keep iterating, then brief_stop. Avoid backticks in log text."
2026-06-20T16:18:02.606569,3,21,041d4dee717b63d721bbd5343384d25b597ebe9d,simplify,"BOLD STRUCTURAL REFACTOR off the NEW canonical combine (parent 041d4dee, diff 5635 — the merged deepest of all 6 regions). Your prior brief-20 agent never started; work on the combine directly so your refactor deepens the canonical. Target the GEMM-wrapper family the unified run_two_level_loop calls: mm3g/mm3/mmb/mm_S_tf32/mmb_S/mmb_Y/mm1g and the cublasSgemmStridedBatched / cublasGemmStridedBatchedEx call sites — fold the shared arg-marshaling (transpose/alpha-beta/stride/dtype setup) around each cuBLAS call into a smaller set of typed helpers. RESPECT the irreducible Sgemm-vs-GemmEx API split (W1 proved that boundary). Prove (H,tau) byte-identical all 12 shapes vs the combine 041d4dee (bytecheck oracle); geomean within 1% of 1934us; 22 tests + guards clean. NO library substitution. FENCE: do NOT touch _CUDA_LU_SRC kernels (W5) or n512 _indexed kernels (W4). COMMIT each iter before next. Log diff_lines each iter; keep iterating, then brief_stop. Avoid backticks in log text."
2026-06-20T16:21:54.547534,1,14,041d4dee717b63d721bbd5343384d25b597ebe9d;29693f835c1ad0750efad4b1ef208cf4ef9e76d6;9796575a6f829697d64cc5ad8566b6076d7276d5;810b555bea592971ed6c3779540120de56fb612c;da2fd6db412237b02fdd96e2971c6f8ac429ef31,combine,"3RD-GEN COMBINE — fold each region's NEWEST delta onto the canonical 041d4dee (diff 5635, byte-identical to ee18b340). Since 041d4dee, workers deepened further; fold the incremental NEW hunks: W0 29693f83 (device-idiom LEAF helpers — smem-load/warp-reduce/float4 — BEYOND the panel commit in 041d4dee), W5 9796575a (LU-ext kernel folds + orhr/recon BEYOND the cholqr-unify already in 041d4dee), W4 810b555b (R-fill tiled-copy helper + init_qr_cublas_handle BEYOND the n512 commit), W2 da2fd6db (FP16_MIN_BATCH + n512-exact const folds + comment dedup BEYOND the env-knob commit). Each region's PRIOR round is already in 041d4dee — apply only genuinely-new hunks; on conflict take the DEEPER version. Merge one at a time, BUILD after each. Prove (H,tau) byte-identical to ee18b340 all 12 shapes (golden oracle); 22 tests + all guards clean; geomean within 1% of 1934us; ZERO conflict markers/dangling refs. Target well below 5635. Log diff_lines each iter (failures too); brief_stop with combined SHA. NO library substitution. Avoid backticks in log text."
2026-06-20T16:22:12.722512,2,15,da2fd6db412237b02fdd96e2971c6f8ac429ef31,simplify,"BOLD STRUCTURAL/DEAD-KERNEL sweep on your branch (parent da2fd6db, diff 5996 — config layer done). Pivot to _CUDA_SRC (95% of the file): after the fleet's structural unification (loops merged, apply templated, dispatch table-driven, panels helper-ized), some __global__ kernels or static device/host helpers may now be reachable ONLY from code paths that were deleted/rerouted. Use a trace-driven reachability method (instrument every __global__ launch site with a once-per-key host-side counter, build a diagnostic binary, run over ALL 12 bench + 22 test shapes), prove which kernels NEVER launch, then delete the proven-dead ones + their exclusive helpers + extern decls + pybind entries. CRITICAL: the 22 test shapes constrain reachability too (esp B=1 n4096), and off-bench n512-mixed has uninit-memory nondeterminism — trace launches, do not compare output bytes for n512-mixed. FENCE: do not delete the n512 _indexed compute kernels (W4 proved load-bearing) or actively-launched LU kernels (W5). Prove (H,tau) byte-identical on the 12 defined bench shapes; geomean within 1% of 1934us; guards clean. NO library substitution. COMMIT each iter before next. Log diff_lines each iter; keep iterating, then brief_stop. Avoid backticks in log text."
2026-06-20T16:42:32.336632,4,20,f7b9085f3b9d33c235d56a8d8e499674ebc58398,simplify,"BOLD STRUCTURAL REFACTOR, new region (parent f7b9085f, diff 6061 — your n512 utility region is exhausted/load-bearing, well done). Pivot to the small-n (n=176/352) HOST dispatch + scratch path: _qr_small_bf16 and the small-n branch of _custom_kernel_generic that sets up the cmf single-level panel + apply. Look for: (1) scratch-allocation + handle/flag setup that duplicates the two-level drivers' setup (can it route through the shared init_qr_cublas_handle / qr_alloc helpers that exist now post-combine?); (2) the small-n apply orchestration vs the two-level apply — shared structure foldable. FENCE: panel-factor + apply KERNEL BODIES are W0's; the GEMM wrappers + run_two_level_loop are W3's; n4096/LU is W5's. You own the small-n HOST-side dispatch/scratch glue. Prove (H,tau) byte-identical on shapes 1 (n176) + 2 (n352) + all 12 via your SHA probe; geomean within 1% of 1934us; guards clean. NO library substitution. If the small-n setup is genuinely distinct (no clean fold), prove it with measurement and pick the next adjacent host-glue target. COMMIT each iter before next. Log diff_lines each iter; keep iterating, then brief_stop. Avoid backticks in log text."
2026-06-20T16:52:20.363272,1,15,b92190787e9634144fa5548cab2791302a5b3d9d,simplify,"BOLD STRUCTURAL REFACTOR off the NEW canonical (parent b9219078, diff 5534 — your 3rd-gen combine, the deepest). You authored the apply_block_reflector_t<STORE> unification; now attack the apply path's PERIPHERAL structure that's still duplicated: (1) the above-panel R-fill — the FP32 (R-written-during-panel) vs bf16 (post-loop fill_above_panel_R) paths emit R differently; check if the H/tau OUTPUT formatting + above-panel zero/copy that follows each apply shares structure foldable into a helper. (2) the build_V / V-pack passes that feed the templated apply — are the FP32 and bf16 V-staging calls foldable now that apply is one template? (3) the M-inverse (build_Minv) launch wrappers around the apply — launch_build_Minv exists; are there remaining per-call-site duplications. Prove (H,tau) byte-identical all 12 shapes vs b9219078 (your bytecheck oracle); geomean within 1% of 1934us; guards clean. NO library substitution. FENCE: do NOT touch n512 _indexed (W4), LU (W5), GEMM wrappers (W3 mid-brief), or the panel kernel bodies' leaf idioms (W0). COMMIT each iter before next. Log diff_lines each iter; keep iterating, then brief_stop. Avoid backticks in log text."
2026-06-20T17:01:24.692545,2,16,05af62ffd44883b2c8c74e44bb6c983ad6ab08c3,simplify,"BOLD STRUCTURAL/DEAD-BRANCH sweep, continue on your branch (parent 05af62ff, diff 5976 — whole-kernel surface exhausted, but you found launch-SITE-level dead arms). Extend your trace method to dead CONDITIONAL BRANCHES inside LIVE kernels and host dispatch: instrument the runtime g_* flag values + per-branch hit counts (g_prec, g_panel_defer, g_minv_blk4, g_panel_cm, g_inner_wmma, g_paf_*, etc.) at their read sites across all 12 bench + 22 test shapes; find if/else arms or switch cases that NEVER execute on any shape (a flag pinned to one value across all reachable paths). Collapse the dead arms (TORCH_CHECK-guard pattern like you just used). ALSO: the cudaFuncSetAttribute registration loops + kernel-launch arg-setup boilerplate repeated across the launch wrappers may be foldable. CAREFUL: g_prec_w/g_minv_2lev_nlev are W4-managed (n512 good-subset) — fence those. Prove (H,tau) byte-identical 12 shapes vs parent; geomean within 1% of 1934us; guards clean. NO library substitution; fence n512 _indexed (W4), LU (W5). COMMIT each iter before next. Log diff_lines each iter; keep iterating, then brief_stop. Avoid backticks in log text."
2026-06-20T17:07:36.838641,3,22,b92190787e9634144fa5548cab2791302a5b3d9d,simplify,"BOLD STRUCTURAL REFACTOR off the canonical b9219078 (diff 5534 — the deepest 3rd-gen combine; work here deepens the canonical directly). You exhausted the GEMM-wrapper family (collapsed to the 2 irreducible cuBLAS entry points — excellent; that GEMM dedup will be folded into the canonical separately). New target you flagged: the per-driver SCRATCH-CACHE + no-splitk-workspace setup boilerplate. init_qr_cublas_handle exists, but the surrounding setup still duplicates across the 3 run_two_level_loop drivers + blocked_qr: the static buffer-cache keyed by (B,n,...) torch::empty patterns, the g_no_splitk workspace alloc/restore, the stream setup. Extract the shared scratch-cache + workspace setup into a helper (keep per-site allocation that genuinely differs; no unused params). Prove (H,tau) byte-identical all 12 shapes vs b9219078 (bytecheck oracle); use BOTH the 12-shape check AND the full invariance guard (B=1280) as gates (host-side scratch is lower-risk than kernel SASS, but verify). geomean within 1% of 1934us. NO library substitution. FENCE: _CUDA_LU_SRC (W5), n512 _indexed kernels (W4), conversion-kernel + panel leaf idioms (W0). COMMIT each iter before next. Log diff_lines each iter; keep iterating, then brief_stop. Avoid backticks in log text."
2026-06-20T17:20:31.158294,5,19,0450e26c064f08e098ac4653d2e308be1b9f3a36,simplify,"BOLD STRUCTURAL REFACTOR off your own tip 0450e26c (diff 5874, brief-18 done -116). Stay in the _CUDA_LU_SRC / orhr-recon / choleskyqr region (your fence; W0/W1/W2/W3/W4 own the rest). brief-18 exhausted stale-narration + dead-param folds. New STRUCTURAL targets: (1) the two _choleskyqr_1pass arms you flagged as un-merged (different cusolver API + transpose) — re-examine whether the shared pre/post (Gram form, scaling, copy-back) can hoist into one wrapper with only the cusolver call differing, WITHOUT an unused param; (2) oz_colmax/oz_peel producer-consumer — can the Ozaki int8 Gram setup share a single scratch-prep helper across its call sites; (3) any remaining duplicated H-formation / triangular-solve brackets across the orhr vs big-batch-bf16 recon paths that are TRUE structural twins (not the genuinely-different algorithm cores). KEY LEARNING you logged: only whole-line DELETIONS reduce diff_lines vs baseline; helper-extraction that adds a def is diff-neutral/negative unless it deletes >= the def size across >=3 sites — so prioritize folds with enough call sites to net-delete. GATES: (H,tau) byte-identical via probe_adversarial.py SHA on all n4096 + B=1 shapes each iter; 22 tests + invariance(B=1280) + diff-correctness. geomean within 1% of 1924us. NO library substitution. COMMIT each validated iter. Log --metric linalg/qr_v2 + diff_lines each iter, then brief_stop. Avoid backticks in log text."
2026-06-20T17:47:07.753035,1,16,97567782,simplify,"BOLD STRUCTURAL REFACTOR off your own tip 97567782 (diff 5520 — deepest canonical-lineage; work here deepens the canonical directly). You authored apply_block_reflector_t<STORE>. Now collapse the LAST remaining apply duplication you flagged: the single-level FP32 apply lambda (in the blocked_qr single-level path) that re-implements apply_block_reflector_t<float> by hand. Your blocker is CLEARED: your own iter-1 centralized the build_Minv smem opt-in into init_qr_cublas_handle, and W3 has finished the mm-wrapper region (collapsed to 2 cuBLAS entry points, now on scratch-cache). So route the single-level FP32 apply through the SAME apply_block_reflector_t<float> template the two-level path uses, deleting the hand-rolled lambda. This is a CODE fold (favor whole-line deletions; the user is watching code-vs-comment ratio — this must be code structure, not comments). STRETCH if it lands clean: W2 found blocked_qr now serves ONLY n=176 at a single fixed b=60 config — the for-loop generality / bfit cap / smem_path test could specialize to n=176 constants, but ONLY if byte-identity holds (codegen WILL shift — prove it). GATES: (H,tau) byte-identical all 12 shapes vs 97567782 (your bytecheck_golden_w1.txt oracle); the FULL invariance guard B=1280 (the FP-reproducibility tripwire a 12-shape check misses) before each commit; 22 tests + diff-correctness + kernelguard. geomean within 1% of 1934us. NO library substitution. FENCE: W3 scratch-cache/no-splitk + the 2 cuBLAS mm marshalers; W4 fill_R/fill_above_panel/n512 _indexed; W5 _CUDA_LU_SRC; W0 panel kernel bodies + device-idiom leaves. COMMIT each validated iter before next. Log --metric linalg/qr_v2 + diff_lines each iter, then brief_stop. Avoid backticks in log text."
2026-06-20T17:59:53.650808,2,17,b171f1acf9a7e23f5662a1dedfaee2635c176e40,simplify,"BOLD STRUCTURAL REFACTOR off your own tip b171f1ac (diff 5962). Your dead-branch surface is EXHAUSTED (you proved every dispatch arm fires). New target in YOUR host-dispatch domain: deepen the _run_blocked config-table driver you authored. It has 9 call sites, each still assembling its own (sets, entry, args, restores) tuple inline with repeated set_/restore patterns. Consolidate further: (1) lift the per-regime (sets/restores) lists into ONE module-level config TABLE keyed by regime so each call site becomes a single table lookup + _run_blocked call (collapsing the repeated inline set-tuple construction); (2) if the restores are mechanically derivable from the sets (restore = set previous value), have _run_blocked snapshot+restore internally so call sites stop passing explicit restore lists. This is a CODE fold favoring whole-line deletions (operator is watching code-vs-comment ratio — deliver code structure). Treat each regime entry (n512/cholqr) as an OPAQUE fenced call: same _ext calls, same order => byte-identity is trivial. GATES: (H,tau) byte-identical all 12 shapes vs b171f1ac (swap-build SHA, your method); B=1280 invariance + 22 tests + diff-correctness + kernelguard each iter. geomean within 1% of 1934us. NO library substitution. FENCE: g_prec_w/g_minv_2lev_nlev + n512 mixed-driver/_indexed/set_n512_* (W4), g_no_splitk (W3 + B=1280 determinism), LU (W5), single-level n=176 specialization (W1 stretch), panel/device-idiom (W0). COMMIT each validated iter. Log --metric linalg/qr_v2 + diff_lines each iter, then brief_stop. Avoid backticks in log text."
2026-06-20T18:00:22.068521,4,21,97567782cbfeeaf7463f2f3b7a442278ea124814;c86c70fa54148d2c2b20dbb55680b240993d9c2e;11cc29d7c97a2817e74d43b32f36f673f0728ef8;b171f1acf9a7e23f5662a1dedfaee2635c176e40;17a1fdf4494cf7d03dbb18000000000000000000;0450e26c064f08e098ac4653d2e308be1b9f3a36,combine,"4th-GEN COMBINE. BASE (1st parent) = 97567782 (diff 5520, deepest canonical-lineage). Fold these 5 DISJOINT regional deltas, region-by-region, re-verifying byte-identity after EACH fold, skipping+noting any conflicting hunk: (1) W4 small-n c86c70fa (5964, -97 biggest) — _qr_small_bf16/_custom_kernel_generic small-n straight-line collapse + dead _SMALL_HI/_SMALL_LO/_small_panel_params; (2) W3 GEMM 11cc29d7 (5621) — mmb_S/mmb_Y folded into mmb + mm_tf32_strided extract; (3) W2 dead-branch b171f1ac (5962) — g_inner_wmma==1 dead mode + g_wsp_help flag elimination; (4) W0 device-idiom newest tip 17a1fdf4 (5779) — col_sumsq_warp + hh_reflector reuse + col0_reflector_finalize leaf (only parts NOT already in base warp_reduce folds); (5) W5 LU 0450e26c (5874) — _CUDA_LU_SRC stale-narration + dead gather_diag nblk param (verify still applicable). Regions are file-disjoint (small-n host / GEMM marshalers / dispatch flags / panel kernel bodies / LU ext) so deltas should be additive. METHOD: cherry-pick or apply each region delta; resolve seams union-of-deletions; ZERO conflict markers final. GATES: (H,tau) byte-identical to ee18b340 on ALL 12 shapes after full combine; B=1280 invariance + 22 tests + diff-correctness + kernelguard CLEAN; geomean within 1% of 1934us. NO library substitution. COMMIT after EACH region folds. Log --metric linalg/qr_v2 + diff_lines after each fold; brief_stop when all foldable regions in. Avoid backticks in log text."
2026-06-20T18:30:29.991555,1,17,b94c8839f33dd6b60849bf00e2fb02b516ad6dff,simplify,"BOLD STRUCTURAL REFACTOR off your own tip b94c8839 (diff 5493 — the deepest tip; your apply-template unification done, all 3 sites route through apply_block_reflector_t). Your apply region is exhausted; pivot to the blocked_qr n=176 SPECIALIZATION you started in brief-16 iter1. W2's trace PROVED blocked_qr now serves ONLY n=176 at a single fixed config (b=60); you already collapsed the panel selector. FINISH it: in the C++ blocked_qr function BODY, drop the remaining generality that is dead for the sole n=176 caller — the for-loop over outer blocks if it only ever runs one trip, the bfit cap, the smem_path test, any remaining always-true guards — replacing with the straight-line n=176 launch sequence. This is a CODE fold deleting dead generality (operator watches code-vs-comment ratio — deliver code, not comments). The brief-16 iter1 method PROVED this is byte-safe: removing always-true runtime conditions does NOT shift codegen (verified by oracle). Re-prove each iter. FENCE: this is the C++ blocked_qr kernel-launch BODY only; do NOT touch the Python _run_blocked driver/config-table (W2 brief-17 owns that layer), n512 _indexed (W4), LU (W5), GEMM marshalers (W3), panel kernel bodies (W0). GATES: (H,tau) byte-identical all 12 shapes vs b94c8839 via bytecheck_qr_w1.py/bytecheck_golden_w1.txt; B=1280 invariance + 22 tests + diff-correctness + kernelguard each iter; geomean within 1% of 1934us. NO library substitution. COMMIT each validated iter. Log --metric linalg/qr_v2 + diff_lines each iter, then brief_stop. Avoid backticks in log text."
2026-06-20T18:30:30.028176,3,23,ec0583835f8451cdab171e2901c4ac1536e74ed9,simplify,"BOLD STRUCTURAL REFACTOR off your own tip ec058383 (diff 5514). You authored alloc_vtswy_fp32 (the FP32 V/T/S/W/Y band-scratch quintet shared by blocked_qr + blocked_qr_2level). EXTEND that consolidation: the other drivers allocate parallel scratch with the SAME torch::empty band-shape pattern (the bf16 driver allocates cHb/cVb/cYb/cS3/cT3/cW3/cWb/cMb etc; the FP32 two-level allocates an ov-fold buffer). Where two+ drivers allocate a byte-for-byte identical scratch quintet/sextet, hoist into a shared helper or a templated alloc_vtswy<T> (FP32 + bf16 differ only in dtype/band-width — a template parameter, NOT an unused param). Only fold where it NET-DELETES lines across >=2 call sites (your learning: a helper must delete >= its own def). This is a CODE fold favoring whole-line deletions. GATES: (H,tau) byte-identical all 12 shapes vs ec058383 (your 12-shape bytecheck + 224/224 B=1280 invariance probe — and your /tmp/cmp_gate.sh sole-b1280 5x recheck for the cuBLAS split-K transient you documented); validate.sh PASS; geomean within 1% of 1928us. NO library substitution. FENCE: the n512 _indexed COMPUTE path/kernels (W4 — incl blocked_qr_2level_bf16_indexed compute body; you may share host scratch-alloc ONLY if byte-identical and it does not touch _indexed compute), LU _CUDA_LU_SRC (W5), panel/device-idiom leaves (W0), the C++ blocked_qr n=176 body (W1 brief-17). COMMIT each validated iter. Log --metric linalg/qr_v2 + diff_lines each iter, then brief_stop. Avoid backticks in log text."
2026-06-20T18:33:04.195935,5,20,e4a7bdd66426f5a4f7b92ee85d1fb77ce931bf37,simplify,"BOLD STRUCTURAL REFACTOR off your own tip e4a7bdd6 (diff 5850). You PROVED the _CUDA_LU_SRC kernel/orhr/cholqr-core region is at its byte-identity floor (cholesky arms differ 5e-10, un-mergeable) — do NOT re-sweep it for comments (operator is watching code-vs-comment ratio; that region would only yield comments now). NEW TARGET, still in your n4096/large-n expertise: the HOST-side orchestration ABOVE the un-mergeable cores — the Python/C++ control flow that dispatches the large-n regimes. Look for repeated host structure: the regime selection (Ozaki-int8-Gram vs direct cholqr vs geqrf-fallback), the B-size branches (B=1 / B=2 / larger), and repeated setup/teardown (handle init, scratch alloc, scaling, copy-back, info-check) duplicated across these arms. Consolidate the repeated host control-flow/setup into shared helpers or a small dispatch, treating each cholesky/recon CORE as an OPAQUE fenced call (same calls, same order => byte-identity trivial). This must be a CODE fold favoring whole-line deletions. ADAPTIVE: if the n4096 host dispatch is ALSO thin (you have worked this hard), fall back to the recon_lu_cpp/orhr_col host wrappers repeated setup; if THAT is exhausted too, report region-exhausted in your brief_stop and I will move you onto the post-combine canonical. GATES: (H,tau) byte-identical via probe_adversarial.py SHA on all n4096 + B=1 shapes each iter (+ your sole-b1280 5x recheck); 22 tests + invariance(B=1280) + diff-correctness PASS; geomean within 1% of 1924us. NO library substitution. FENCE: _CUDA_SRC main kernels (W0-W4), the cholesky/recon CORES (proven irreducible — orchestrate around them, do not touch their bits). COMMIT each validated iter. Log --metric linalg/qr_v2 + diff_lines each iter, then brief_stop. Avoid backticks in log text."
2026-06-20T18:55:50.946429,2,18,15e7b81f465d06eb25ecf85f141b6603b4a10846,simplify,"STRUCTURAL REFACTOR off your own tip 15e7b81f (diff 5951), in YOUR Python host-dispatch domain (zero collision — only you touch it). You deferred this in brief-17: the fp16/bf16 sets-builders carry branches DEAD for their sole callers (wf16 always 1; _SMALL_HI only ever single-level). A fresh brief now AUTHORIZES collapsing them: remove the always-false arms and the if that guards them, inlining the always-true arm — this DELETES code (good for the code-vs-comment ratio the operator monitors). THEN escalate structurally: after the collapse, if two regime entries in the _run_blocked config table (or two sets-builders) became byte-identical, MERGE them into one shared config/builder. Prove each always-true/false claim with your launch-trace method before deleting (do not guess reachability). NOTE: the big 3-site driver-prologue consolidation (handle-init + smem opt-in + workspace, ~150 lines across blocked_qr/blocked_qr_2level/_indexed) is RESERVED for the post-combine serialized pass — do NOT attempt it now, it spans W1/W3/W4 fences and would collide. GATES: 12-shape (H,tau) SHA byte-identical vs 15e7b81f (swap-build, your method); 22 tests + invariance(B=1280) + diff-correctness + kernelguard CLEAN; geomean within 1% of 1934us. NO library substitution. FENCE: C++ drivers (W1 single-level/W3 scratch+GEMM/W4 _indexed+n512/W5 LU), init_qr_cublas_handle (W1/W3 hot). COMMIT each validated iter. Log --metric linalg/qr_v2 + diff_lines each iter, then brief_stop. If your domain is truly exhausted after this, say so in brief_stop and I will move you onto the post-combine canonical. Avoid backticks in log text."
2026-06-20T18:56:13.168615,1,18,3bc9a7d9747d9cf7290a8ab49df43830fd1ae456,simplify,"STRUCTURAL REFACTOR off your own tip 3bc9a7d9 (diff 5484, the deepest tip). You just removed blocked_qr (the degenerate OB=n case) as a run_two_level_loop caller. NOW: with fewer callers, is run_two_level_loop OVER-GENERAL? Audit its remaining callers (the FP32 two-level + bf16 two-level paths) and find template params / lambda hooks / branches that are now dead or constant across ALL surviving callers — e.g. a fold_ov/try_fuse/indexed hook that every remaining caller passes the same way, an OB!=n generality knob, a degenerate-case guard no longer reachable. Collapse the template to what its live callers actually need (delete dead hooks, constant-fold params that are now uniform). This DELETES code (good for the code-vs-comment ratio operator monitors). Your brief-17 method PROVED removing always-uniform conditions does not shift codegen — re-prove per iter. FENCE: the apply_block_reflector_t template body itself is shared+done (do not touch its numerics); n512 _indexed (W4), LU (W5), GEMM marshalers + scratch-alloc (W3), panel kernel bodies + device-idiom (W0), Python _run_blocked (W2). GATES: (H,tau) byte-identical all 12 shapes vs 3bc9a7d9 via bytecheck_qr_w1.py/bytecheck_golden_w1.txt; B=1280 invariance + 22 tests + diff-correctness + kernelguard each iter; geomean within 1% of 1934us. NO library substitution. COMMIT each validated iter. Log --metric linalg/qr_v2 + diff_lines each iter, then brief_stop. Avoid backticks in log text."
2026-06-20T18:58:09.023341,3,24,d5d7daf2f8826f1893530669e65dc2d1f55e7ae7,simplify,"BOLD STRUCTURAL REFACTOR off your own tip d5d7daf2 (diff 5513). Your GEMM + scratch-alloc lanes are exhausted — escalate to the per-driver SMEM OPT-IN boilerplate, a direct extension of your brief-22 init_qr_cublas_handle work. There are duplicated cudaFuncSetAttribute opt-in loops (the 'for (int want = optin; want>=49152; want-=1024)' blocks that opt panel/build_Minv kernels into large dynamic smem) repeated across blocked_qr (~L1397) and blocked_qr_2level (~L1553). Where two sites opt-in the SAME kernel set with the SAME loop, extract into a shared helper (or fold into init_qr_cublas_handle like you did build_Minv) — first-call-only, sets only a launch smem cap, never kernel selection/numerics (your proven byte-safe class). This DELETES duplicated host code (good for the code-vs-comment ratio operator monitors). FENCE: leave the _indexed driver's opt-in site (~L3846) ALONE (W4 n512 fence) — fold only the 2 non-indexed sites; if their kernel sets differ, fold the common prefix or pass the kernel set as a param (NO unused params). GATES: (H,tau) byte-identical all 12 shapes vs d5d7daf2 (12/12 sha oracle + 224/224 B=1280 invariance probe + your /tmp/cmp_gate.sh sole-b1280 5x recheck); validate.sh PASS; geomean within 1% of 1928us. NO library substitution. Other fences: LU (W5), panel/device-idiom bodies (W0), Python _run_blocked (W2), run_two_level_loop template (W1). COMMIT each validated iter. Log --metric linalg/qr_v2 + diff_lines each iter, then brief_stop. If this is thin, also consider the dead n512 m-split scratch you flagged (cGbar/cGpart) ONLY if you prove 0-consumer AND it is outside the _indexed compute path. Avoid backticks in log text."
2026-06-20T19:02:08.757027,5,21,97bcaba01e01b5426b2e30da54b3319e65aeed31,simplify,"RESUME after API death (your prior instance died on an API Internal server error but committed cleanly through iter2; nothing lost). CONTINUE brief-20's work off your last good tip 97bcaba0 (diff 5840). You were productively collapsing the n4096/large-n HOST orchestration: you collapsed the _qr_large_n band/batch branch into a regime+threshold lookup, deleted an unreachable geqrf dispatch arm, dropped a dead-store. KEEP GOING in that region: more repeated host control-flow across the cholqr / geqrf-fallback / Ozaki-Gram arms — regime selection, setup/teardown (handle init, scratch alloc, scaling, copy-back, info-check, bad-row fallback) — consolidate into shared helpers, treating each cholesky/recon CORE as an OPAQUE fenced call. CODE folds favoring whole-line deletions (operator monitors code-vs-comment ratio). The cholesky/recon cores are at their byte-identity floor (you proved 5e-10) — orchestrate AROUND them, never touch their bits. GATES: (H,tau) byte-identical via probe_adversarial.py SHA on all n4096 + B=1 shapes each iter (+ sole-b1280 5x recheck); 22 tests + invariance(B=1280) + diff-correctness PASS; geomean within 1% of 1924us. NO library substitution. FENCE: _CUDA_SRC main kernels (W0-W4), cholesky/recon cores. COMMIT each validated iter. Log --metric linalg/qr_v2 + diff_lines each iter, then brief_stop. If the n4096 host region exhausts, report it and I will move you to the post-combine canonical. Avoid backticks in log text."
2026-06-20T19:13:35.716174,4,22,4afa26194860bd47feba7b9bbea48f3d32e613b2,simplify,"BOLD STRUCTURAL REFACTOR off the NEW canonical 4afa2619 (diff 5316 — your own 4th-gen combine, the deepest; work here deepens the canonical directly). Back in YOUR n512 region. Targets you have not yet folded: (1) the fill_R_n512_ob64_ib16_kernel and its _indexed twin (L2042/L2084) differ only by the index map on the OUTPUT scatter — the tiled R-copy BODY is shared; fold the shared body into a __device__ __forceinline__ leaf both call (original signatures, no unused params; you proved the _indexed COMPUTE path is load-bearing, but the R-FILL body is a pure copy). (2) set_n512_good_flags / set_n512_bad_flags (L3866/L3890) are a symmetric flag-set pair — if they set the same knobs to different values, a single table-driven setter(regime) collapses both. (3) scatter_exact_n512 / n512_zero_tail host wrappers — shared launch-config boilerplate. CODE folds favoring whole-line deletions (operator monitors code-vs-comment ratio). GATES: (H,tau) byte-identical on the 12 DEFINED bench shapes (your SHA+codegen-byte method, since off-bench n512-mixed has uninit nondeterminism) incl shapes 3/7/9/10; B=1280 invariance + 22 tests + diff-correctness + kernelguard; geomean within 1% of 1934us. NO library substitution; do NOT delete the load-bearing _indexed COMPUTE kernels. FENCE: panel kernel bodies (W0), LU (W5), GEMM/scratch (W3), Python _run_blocked (W2), C++ drivers/template (W1). COMMIT each validated iter. Log --metric linalg/qr_v2 + diff_lines each iter, then brief_stop. Avoid backticks in log text."
2026-06-20T19:25:25.039990,2,19,4afa26194860bd47feba7b9bbea48f3d32e613b2;28220603;480b2ac6;a2e05c10;97bcaba0;d5d7daf2,combine,"5th-GEN COMBINE. BASE (1st parent) = 4afa2619 (diff 5316, the deepest canonical = your team's 4th-gen combine). It ALREADY contains: W4 small-n, W3 GEMM 11cc29d7, W2 dead-branch b171f1ac, W0 device-idiom 17a1fdf4, W5 LU 0450e26c. Fold the POST-4th-gen per-region work, region-by-region, re-verifying byte-identity to ee18b340 after EACH fold, skipping+noting any conflicting hunk: (1) W1 C++ driver/apply 97567782..28220603 — apply_block_reflector_t 3-site unify (b94c8839), blocked_qr OB=n degenerate-fold out of run_two_level_loop (3bc9a7d9), ov_panel param drop (28220603); (2) W2 Python host-dispatch b171f1ac..480b2ac6 — YOUR OWN restore-table _RDEF (15e7b81f) + bf16 sets-builder dead-arm collapse + _SMALL_HI inline (480b2ac6); you know this best; (3) W0 panel kernels 17a1fdf4..a2e05c10 — col0_factor_warp0 + next_reflector_finalize leaf helpers; (4) W5 LU/n4096 host 0450e26c..97bcaba0 — _scratch_like consolidations + n4096 host-orchestration regime-lookup collapse + dead-arm deletes. (5) W3 SCRATCH d5d7daf2 — alloc_vtswy_fp32 + alloc_vtswy<T> templatization (FP32+bf16 share). CRITICAL re-expression note (W4 hit this in the 4th-gen): W3 and W1 BOTH did a build_Minv-smem-opt-in->init_qr_cublas_handle fold, and the BASE ALREADY HAS IT (via 97567782) — do NOT double-apply; extract only W3's NEW alloc_vtswy work. W3+W1 worked the canonical lineage so their deltas may not cherry-pick cleanly — hand-re-express the genuine simplification in the base idiom if a patch conflicts, and SKIP anti-simplifications (helper inlinings the base already keeps). Regions are disjoint (C++ driver / Python dispatch / panel kernels / LU+n4096 host / scratch-alloc) so additive minus base-overlap. METHOD: cherry-pick or re-express each region; resolve seams union-of-deletions; ZERO conflict markers final; COMMIT after EACH region. GATES: (H,tau) byte-identical to ee18b340 on ALL 12 shapes after full combine; B=1280 invariance + 22 tests + diff-correctness + kernelguard CLEAN; geomean within 1% of 1934us. NO library substitution. Log --metric linalg/qr_v2 + diff_lines after each fold; target well below 5316. brief_stop when all foldable regions in. Avoid backticks in log text."
2026-06-20T20:08:43.711990,1,19,4afa26194860bd47feba7b9bbea48f3d32e613b2,simplify,"DIAGNOSTIC + INTEGRITY brief off the deepest canonical 4afa2619 (diff 5316). W5 reported the B=1280 invariance guard intermittently FAILs (~2/10) on the n512 mixed-driver path (orth residuals near tolerance edge) — caused by documented cublasLt split-K reduction-order nondeterminism (submission.py ~L921, mitigated by g_no_splitk on the bad-subset exact GEMMs). YOUR TASK: (1) Run invariance_guard.sh on the canonical 4afa2619 N>=10 times (via autocuda run exclusive); record the B=1280 FAIL rate + which sub-case. (2) Check out fb5f8321 (the OPTIMIZED PEAK) in your worktree, build, run the SAME guard N>=10 times; record its FAIL rate. (3) VERDICT: if the peak ALSO flakes at a similar rate, the flake is PRE-EXISTING (the canonical is byte-identical to the peak on n512 — confirm via your bytecheck on a couple n512 shapes), NOT a simplify regression — document this conclusively. If the canonical flakes MORE than the peak, that IS a regression — bisect which commit introduced it. (4) Recommend a GATE-ROBUSTNESS rule for all future worker briefs (e.g. run the B=1280 guard 3x and require ALL pass, OR run with g_no_splitk forced on, so the flaky gate cannot pass a marginal change by luck). This is NOT a code-edit brief — make NO submission.py changes (n512 is W4 fence); produce a written VERDICT + recommendation in your brief_stop, plus handoff notes for W4 if you spot a structural simplification in the n512 path. geomean NA (diagnostic). Log diff_lines unchanged each check. brief_stop with the verdict. Avoid backticks in log text."
2026-06-20T20:08:43.748018,5,22,a243a4717fdd7ef8add29bb8c47d651a436f8a8e,simplify,"BOLD STRUCTURAL REFACTOR off your own tip a243a471 (diff 5836). Your n4096/LU/Ozaki region is at its byte-identity floor (you proved it) — take a FRESH region: the FP32->BF16 CONVERT + RANK-REVEAL detection path (f32_to_bf16_kernel, f32_to_bf16_rr_kernel that folds rank-reveal tail detection into the convert, the cvt4_f32_to_bf16 leaf, the bad/good/rank-reveal count-slot host logic). This is currently UNOWNED (W0 moved to panel write-back kernels; W4 owns only the _indexed_n512 convert variants). Look for: the rr (rank-reveal) convert vs plain convert sharing the cvt4 leaf but duplicating the loop/host-setup; the count-slot clear+readback host boilerplate; any rank-reveal detection arm dead for the live shapes (trace it). Consolidate byte-identically. CODE folds favoring whole-line deletions (operator monitors code-vs-comment ratio). ADAPTIVE: if this region is thin/already-deduped (W0 may have done cvt4 already), report it in brief_stop and I will move you onto the post-combine canonical (the 5th-gen combine W2 is producing). GATES: (H,tau) byte-identical via your probe + bytecheck on the bf16 shapes (1,2 n=176/352 + n4096) each iter; 22 tests + invariance(B=1280, run 3x require all-pass given the known flake) + diff-correctness; geomean within 1% of 1924us. NO library substitution. FENCE: panel kernel bodies (W0), _indexed_n512 convert (W4), C++ drivers/template (W1), GEMM/scratch (W3), Python _run_blocked (W2). COMMIT each validated iter. Log --metric linalg/qr_v2 + diff_lines each iter, then brief_stop. Avoid backticks in log text."
