timestamp,agent_id,brief_id,iteration,linalg/eigh_py,status,commit,description
2026-06-26T23:01:30.187556,4,,N/A,255036.825,baseline,424ba1894086c62cf94a0a6f2dd28dcb2c758ace,baseline
2026-06-26T23:26:43.594618,4,0,N/A,N/A,brief_start,N/A,"Make the classic two-stage solve genuinely batched and tensor-core-heavy. Block-Householder tridiagonalization with WY block reflectors applied as batched GEMMs (recast the baseline's bandwidth-bound symv/gemv panel updates into BLAS-3), batched Cuppen divide-and-conquer on the tridiagonals, and the eigenvector back-transform (the largest flop bucket) as a large BF16x9-emulated / FP16 tensor-core GEMM; one matrix per threadblock with active panels staged in shared memory. Emit L,Q in FP32, ascending."
2026-06-27T00:04:29.615044,4,0,N/A,N/A,brief_stop,N/A,"Brief retired by manager at iteration 0. Built a correct, genuinely-batched custom CUDA two-stage solver (one-matrix-per-block Householder tridiagonalization + in-block tql2 + Q=Q_house@S back-transform as a BF16/TF32 batched GEMM on tensor cores, FP32 Newton-Schulz reorth + Rayleigh-quotient L). Correctness verified on small n (eig_ratio ~6e-4, orth needed the FP32 NS pass to meet the 100*n*eps gate). No committed iteration; full validate/benchmark were not completed before retirement. Note for any revival: the SIMT per-block tridiagonalization trailing-update is O(n^3) SIMT and likely the bottleneck at large n; would need tensor-core block updates to be competitive."
2026-06-27T00:05:45.127939,4,1,N/A,N/A,brief_start,N/A,"Extend the global-best batched-cuSOLVER path (fork 13a3c5f) and specialize the geomean-dominant n=512 b=640 shape, where it reaches only 3.3x vs 5.7x at n=1024. Profile that shape to locate the bottleneck (D&C eigenvector back-transform, output layout, or batch under-utilization of the 148 SMs), then attack it with cuSOLVER batched-eigensolver algorithm/mode selection (Xsyevbatched ALG_0 vs ALG_1 via cusolverDnSetAdvOptions; syevjBatched-style tolerance loosening where applicable), single-GPU multi-stream batch-chunk concurrency to raise SM occupancy, and removal of any residual eigenvector transpose/.contiguous copy overhead. Keep Q,L FP32 ascending."
2026-06-27T00:30:54.124127,4,1,0,1316263.626,succeeded,f62ded521315b6d30e0268114c12059739f17519,"syevjBatched (batched Jacobi) tol=1e-6 sweeps=12, ascending. Validates all 39 test shapes. REGRESSION: geomean 1316264us vs parent 53268us (~25x). Jacobi eigen-residual converges ~linearly in sweeps (~8+ needed at n=512); O(sweeps*n^3) SIMT rotations cost ~6-7e6us per n=512 b640 shape, far above cuSOLVER D&C ~171000us. Batched Jacobi disproven as n>=512 win at required accuracy. Pivoting to Xsyevbatched ALG selection."
2026-06-27T01:04:10.374113,4,1,1,53312.238,succeeded,4ea6241cb9ebe012858c924bc67b248a744e7d53,"Xsyevbatched dtype-capable op, FP32 (dtype_code=0). Reproduces parent: geomean 53312us (parent 53268, within noise). Validates all 39 shapes. Probed brief's cuSOLVER levers: ALG selection via cusolverDnSetAdvOptions(CUSOLVERDN_SYEVBATCHED, ALG_0/1/2) -> error 3 (unsupported); FP16/BF16 dataTypeA -> error 3 (Xsyevbatched is FP32/FP64 only); multi-stream concurrency is banned by the leaderboard 'stream' scan; transpose/clone already minimal. All cuSOLVER-internal n=512 levers exhausted/disproven."
2026-06-27T01:05:19.989042,4,1,N/A,N/A,brief_stop,N/A,"Brief exhausted: every cuSOLVER-internal lever for the n=512 b=640 specialization is disproven by measurement, so the best result on this branch is the parent's 53,268us reproduced (53,312us, iter 2). Findings: (1) cusolverDnSsyevjBatched (batched Jacobi) is a 25x regression (geomean 1,316,264us) -- the eigen-residual gate converges only ~linearly in sweeps (~8+ needed at n=512), and the O(sweeps*n^3) SIMT rotations cost ~6-7e6 us per n=512 b640 shape vs cuSOLVER D&C ~171,000us. (2) cusolverDnSetAdvOptions(CUSOLVERDN_SYEVBATCHED, ALG_0/1/2) returns error 3 -- cuSOLVER exposes NO algorithm choice for batched SYEV in CUDA 13. (3) FP16/BF16 dataTypeA into Xsyevbatched returns error 3 -- batched SYEV is FP32/FP64 only. (4) multi-stream batch-chunk concurrency is impossible: the leaderboard bans any 'stream' substring in submission.py. (5) the transpose-view output + mandatory input clone are already minimal (no removable copy). Root cause (profile-confirmed on iter 2): Xsyevbatched degenerates to the SAME serial per-matrix path as the baseline at n=512 (sytrd4_cta 22%, gemvx 782 inst 17%, cuds_symv 256 inst 17%, laed3/laed4 D&C 12%+), and cuSOLVER offers no knob to batch it. SUGGESTION for next brief: beating n=512 requires a genuinely-different algorithm, not a cuSOLVER knob -- a tensor-core path (Polar-Express/Newton-Schulz spectral D&C, or block-Jacobi with GEMM rotations) specialized to n=512, or routing only the n=512 group to such a custom kernel while keeping Xsyevbatched for n>=1024 (where it already gets 5.7x). I had a correct, genuinely-batched custom CUDA two-stage solver scaffold from brief 0 (one-matrix-per-block Householder tridiag + in-block tql2 + Q=Q_house@S back-transform as a BF16/TF32 batched GEMM) that could be revived and pushed onto tensor cores for n=512."
2026-06-27T01:07:27.104959,4,2,N/A,N/A,brief_start,N/A,"Revive your correct, genuinely-batched custom-CUDA two-stage scaffold from brief 0 (one-matrix-per-block Householder tridiagonalization + in-block tql2 + Q=Q_house@S back-transform) and push the O(n^3) work onto Blackwell TENSOR CORES — the only lever with real headroom now that every cuSOLVER knob is disproven and W1 proved a tensor-core spectral solver validates but is throughput-bound on the FP32 CUDA-core path. Target the dominant n=512 b=640 shape: cast the back-transform GEMM (Q_house@S, the largest flop bucket) and the trailing tridiag updates onto WMMA/mma.sync in BF16/TF32 with FP32 accumulate (TORCH_CUDA_ARCH_LIST=10.0a, sm_100a); finish with FP32 Newton-Schulz reorthonormalization to clear the 100*n*eps orthogonality gate and Rayleigh-quotient L. Land a working+committed iteration first (even slow), then optimize. Emit FP32 Q ascending. A per-shape router keeping Xsyevbatched for n>=1024 (already 5.7x) is fine."
2026-06-27T01:44:09.493963,4,2,0,257156.417,succeeded,f33b667a205258f50e729a0044fe8e396b51b5e8,"Working baseline: revived custom two-stage CUDA solver (one-block-per-matrix Householder tridiag + in-block tql2 + Q=Q_house@S FP32 bmm back-transform + FP32 NS reorth + Rayleigh L). Router: n==512 -> custom kernel, else Xsyevbatched (own cusolver handle, -lcusolver). Per-batch residual>130 gate falls back to cuSOLVER for ill-conditioned cases. VALIDATES all 39 shapes. Geomean 257156us (regression vs parent 53268; committed datapoint per land-working-first plan). Custom kernel ~17x slower than cuSOLVER at n=512 (SIMT O(n^3)); ill-conditioned n=512 cases run slow kernel THEN fall back (~15e6us). Next: WMMA tensor cores for back-transform + trailing updates; skip custom kernel on fallback-bound cases."
2026-06-27T02:07:22.146188,4,2,1,N/A,validation_error,776cebf47f6e458dbd45d30d9addd9ab2a5a3acb,"Blocked-GEMM Householder tridiagonalization (latrd) in batched PyTorch + custom tql2 + larfb BF16 back-transform. INCORRECT: Q orthonormal (orth ~1e-6) but does not diagonalize A (eig_ratio ~1.2-1.46, scaled eigen-residual ~2e4 >> 200 gate) at n=64/128/512. Fixed sub-diagonal reflector convention + V storage; still buggy in the panel correction recurrence / WY-T back-transform. Even if correct, ~2560 small bmm launches/call would be launch-overhead-bound without CUDA graphs. Resetting branch to working SIMT iteration f33b667a."
2026-06-27T02:08:02.797749,4,2,N/A,N/A,brief_stop,N/A,"Brief 2 (tensor-core two-stage revival) explored; branch tip is the working committed SIMT solver f33b667a (geomean 257156us, validates all 39 shapes). Landed a working+committed iteration first as instructed. KEY PROFILING FINDING that reshapes the brief: the back-transform Q_house@S is NOT the bottleneck -- it is 0.5% of runtime. The custom one-block-per-matrix SIMT stage-1 kernel (Householder tridiag + Q_house accumulation + tql2) is 99.2% (2.91ms on the n=512 b640 profiled shape), and is ~17x slower than cuSOLVER's 171000us because ALL the O(n^3) work runs as SIMT inside one block per matrix (no tensor cores), plus the tql2 scalar QL recurrence is single-threaded (thread 0). So merely WMMA-ing the back-transform buys nothing; the win requires moving the O(n^3) tridiagonalization+back-transform off the per-block-SIMT design onto batched cuBLAS GEMM across all 640 matrices. ATTEMPTED that (iteration 1, validation_error 776cebf4): a blocked Householder (LAPACK latrd) in batched PyTorch with BF16-GEMM trailing updates + custom tql2 + larfb BF16 back-transform. It is buggy -- Q comes out orthonormal (orth ~1e-6) but does not diagonalize A (eig_ratio ~1.2-1.46) -- the panel correction recurrence and/or WY-T back-transform sign need more debugging than this budget allowed; AND even when correct it issues ~2560 small bmm launches per call (nb=64, 8 panels x ~64 cols x ~5 bmm each) and would be launch-overhead-bound without CUDA-graph capture (which I cannot borrow from outside this tag). RECOMMENDATIONS: (1) The tensor-core two-stage path needs a dedicated multi-iteration effort: a CUSTOM fused panel CUDA kernel (one kernel does all nb within-panel symv+Householder steps with the trailing block staged in SMEM/L2) to collapse the per-column launches, then batched cuBLAS GEMM for the trailing update + larfb back-transform, and a graph-captured pipeline. (2) Given the manager noted W1's matrix-sign spectral solver ALREADY validates and is only throughput-bound, the fastest route to closing the ~46% gap to #1 may be optimizing W1's GEMM throughput (BF16/larger tiles) rather than my two-stage path. (3) My working SIMT solver (f33b667a) is a correct, committed datapoint and a clean base for the fused-panel-kernel rewrite, but as-is it regresses the geomean (257156us vs cuSOLVER 53268us) so it should not be the final candidate."
2026-06-27T02:12:16.018036,4,3,N/A,N/A,brief_start,N/A,"Own the distinct, numerically-robust GEMM-heavy spectral mechanism no worker has: QDWH-eig (Nakatsukasa-Higham). Compute the symmetric matrix's polar/sign factor via QR-based Dynamically Weighted Halley — backward-stable in ~6 iterations regardless of conditioning, the stability hedge for the matrix-sign fragility W5 is patching. KEY speed lever: run the first 1-2 iterations in the QR form then SWITCH to the inverse-free CHOLESKY route (W_k=chol(I+c_k X^T X); X<-(b/c)X+(a-b/c)(X W^-1)W^-T), which is GEMM-DOMINATED — avoids the repeated batched QR that W3 measured at 7x eigh. Form projector (I+sign)/2, split spectrum, recurse; finish with the fleet's FP32 Newton-Schulz orthonormalization + Rayleigh-quotient L. Apply set_float32_matmul_precision('high') so every bmm/GEMM runs on TF32 tensor cores. Pure batched torch ops (no fused custom kernel needed). Emit FP32 Q ascending; benchmark clean idle min-of-3."
2026-06-27T02:39:39.633977,4,3,0,N/A,validation_error,fef250831ad03b8602dd159a6e827e86a2e1b5cf,"QDWH-eig spectral D&C. QDWH-sign VALIDATED correct (||U-sign||~1.5e-4 n=512). Recursion FAILS eigen gate (scaled ~1200-10500 vs 200): needs EXACT per-matrix invariant subspaces (rank(projector)=k exactly), but sign error + eigenvalues near the shift make rank!=k, so V1/V2 only approx invariant; coupling ||V2^T A V1|| makes lifted Ritz vectors inexact, compounding over log(n) levels (orth regresses to ~1.3 at n=512). Tried median/complete-QR/bisection/sketch bases + niter to 18; all hit the barrier. Also per-node bisection (~24 QDWH/node) too slow to benchmark at B=640 (17s n=512 B=8). Needs exact-rank (non-batchable) or batched-Jacobi polish. Branch reset to baseline."
2026-06-27T02:40:26.336734,4,3,N/A,N/A,brief_stop,N/A,"Brief 3 (QDWH-eig) explored thoroughly; no working+committed iteration achieved -- the batched QDWH-eig recursion hits a fundamental barrier. Branch reset to baseline (validation_error attempt preserved in history at fef25083). FINDINGS: (1) QDWH-SIGN ITSELF WORKS and is the distinct GEMM-heavy mechanism the brief wanted: QR form for iter 0 then inverse-free Cholesky form (W=chol(I+c X^T X); X<-(b/c)X+(a-b/c)(X W^-1)W^-T), validated ||U-sign(A)||~1.5e-4 at n=512 (niter=10), all batched bmm/cholesky/trsm on TF32. (2) The SPECTRAL-D&C RECURSION FAILS THE EIGEN GATE (scaled eigen-residual ~1200-10500 vs 200, even at depth-1/n=64) because it needs EXACT per-matrix invariant subspaces V1^T A V2 = 0, i.e. the projector (I+sign(A-sigma I))/2 must have rank EXACTLY k=ceil(m/2). Sign-function error and eigenvalues clustered near the shift sigma make the actual rank != k, so V1/V2 are only approximately invariant; the residual coupling ||V2^T A V1|| makes the lifted Ritz vectors inexact and the error compounds over log(n) recursion levels (orthogonality also regresses to ~1.3 at n=512 when ranks mismatch). I tried five split constructions -- median-diagonal shift, complete-QR slice, balanced-shift bisection (24 steps to hit trace(sign)=2k-m), projected-random-sketch range bases, and sign niter up to 18 -- and ALL hit the same exact-rank barrier. (3) SPEED: making the split exact via per-node shift-bisection costs ~24 QDWH-sign evals per recursion node x log(n) levels = far too slow to benchmark at B=640 (measured 17s for n=512 at B=8 alone -> would time out the 300s budget). So even a correctness fix would be too slow in this form. ROOT CAUSE: batched spectral divide-and-conquer is a research-grade problem -- the per-matrix rank split is variable and breaks uniform batching; resolving it needs either exact per-matrix rank handling (non-batchable shapes) or a cheap batched-Jacobi polish of the near-diagonal M=Q^T A Q (a separate co-design, overlapping W2/W3's Jacobi territory). RECOMMENDATION: QDWH-eig is not a near-term win in pure batched torch ops. The QDWH-sign building block is sound and could be a numerically-robust polar/orthonormalization primitive for ANOTHER worker's pipeline, but as a standalone eigensolver it's blocked. Suggest pointing me at either (a) the batched-Jacobi polish that would unblock both this and the sign-D&C lineage, or (b) a different mechanism. No working candidate from this brief."
2026-06-27T02:45:53.100247,4,4,N/A,N/A,brief_start,N/A,"Push QDWH past the deflation barrier — your QDWH-sign primitive already works (||U-sign(A)||~1.5e-4); the open problem is research, not a wall. Drop the EXACT per-matrix rank requirement: you don't need rank==k, you need CONTAINMENT. Build a fixed-size OVERSAMPLED invariant-subspace basis from the spectral projector P=(I+sign(A-sigma I))/2 (take k+p columns via a few GEMM-only subspace/power iterations of P, no QR — orthonormalize with GEMM-only Newton-Schulz), then do Rayleigh-Ritz on the small dense M=V^T A V (this recovers EXACT eigenpairs whatever the true rank, and a fixed oversample keeps every batch element the SAME shape, so it stays uniformly batchable). For the near-σ eigenvalues that pollute the split, polish M with a few batched Jacobi sweeps (your own proposed unblock) rather than chasing an exact bisection. Keep it shallow (1-2 splits) + a batched leaf. All TF32 via set_float32_matmul_precision('high'); finish with the FP32 Newton-Schulz + Rayleigh L tail. Emit FP32 Q ascending; benchmark clean idle min-of-3."
2026-06-27T03:30:22.209019,4,4,0,418118.844,succeeded,937f0287078a5594aba24a80330b99eda3a3129f,"QDWH-eig OVERSAMPLED-CONTAINMENT: first CORRECT QDWH eigensolver. From projector P=(I+sign(A-sigma I))/2 (QDWH sign, QR iter0 + inverse-free Cholesky, TF32), build fixed-size oversampled basis V (k+over cols) containing range(P) via GEMM-only subspace iteration of full-rank filter F=I+8P + Newton-Schulz orthonormalize (no QR); Rayleigh-Ritz on small M=V^T A V gives exact eigenpairs regardless of rank, uniform batch shape. Select branch1>sigma/branch2<=sigma -> orthonormal Q. Key fixes: NS needs full-rank input (filter F not rank-deficient P), NS pre-scale by sigma_max upper bound (not Frobenius), strong filter (strength=8 power=6) for tight containment ~2.5e-4. Per-matrix robustness gate falls structured/degenerate cases to eigh. VALIDATES all 39 test + 13 benchmark shapes. Geomean 418119us (regression vs cuSOLVER 53268; structured shapes fall back to baseline) but a correct committed QDWH solver is the milestone; speed next."
2026-06-27T03:44:01.864191,4,4,1,168857.150,succeeded,65159c012e02395b4a61846eeed3436ceaf9ae02,"QDWH-eig: dropped the QR-form sign iteration (num_qr=0, pure inverse-free Cholesky form for all iterations). Profiling showed torch.linalg.qr was 64% of n=512 runtime. Geomean 418119 -> 168857us (2.5x). Validates all 39 test + 13 benchmark shapes. Still regression vs cuSOLVER 53268; n=512/1024 shapes slow (fall back to eigh or depth-1 not yet faster). Next: reduce fallbacks + sign-iter cost + BF16 GEMMs."
2026-06-27T03:57:02.051424,4,4,2,148872.583,succeeded,46cfb8608545d060a7c325c2e4f413818cf5cbfa,"QDWH-eig: sign_iter 10->6, subspace power 6->4 (scaled eigen-residual ~0.1 vs gate 200 leaves huge margin). Validates all 39 test + 13 benchmark. Geomean 168857 -> 148873us. Trajectory: 418k(QR)->169k(pure Chol)->149k."
2026-06-27T04:10:49.041590,4,4,3,145777.725,succeeded,a07420078fe32ba28e0926a12436b55c918be75f,QDWH-eig: oversample over 16->8 (depth=1; depth=2 was worse at 177852us). Validates all shapes. Geomean 148873 -> 145778us. Best trajectory: 418k(QR)->169k(pure Chol)->149k(iters)->146k(over). NOTE: QDWH path is structurally ~3x slower than cuSOLVER at n=512 -- it does 2 leaf-eighs-on-272 + sign overhead vs cuSOLVER's 1 eigh-on-512; the cuSOLVER leaf (~38% of n=512) is the ceiling. Breaking it needs a GEMM-heavy batched-Jacobi leaf (n<=32) avoiding cuSOLVER.
2026-06-27T04:30:41.664673,4,4,N/A,N/A,brief_stop,N/A,"Brief 4 (QDWH oversampled-containment) exhausted. DELIVERED THE MILESTONE: the first correct, validated QDWH eigensolver in the run (validates all 39 test + 13 benchmark shapes), then optimized it 2.9x. Best committed: iteration 3 (a07420078), geomean 145,778us = 1.75x over baseline 255,037us. Trajectory: 418k (initial, QR-form sign) -> 169k (drop QR, pure inverse-free Cholesky -- QR was 64% of n=512) -> 149k (sign_iter 10->6, subspace power 6->4) -> 146k (oversample over 16->8). The unlock was your CONTAINMENT insight + my three correctness fixes (full-rank filter F=I+8P for the NS-orthonormalization input, NS pre-scale by a sigma_max upper bound not Frobenius, strong filter for tight containment ~2.5e-4). Per-matrix robustness gate (scaled eigen-residual>8, orth>2e-3, NaN, zero-norm) falls structured/degenerate cases (rankdef/clustered/spectrum/psd/zero/lapack) to torch.linalg.eigh. STRUCTURAL CEILING (profile-confirmed): the QDWH path is ~2.7x slower than cuSOLVER (53,268us) and cannot beat it in this form. At n=512 the cuSOLVER Rayleigh-Ritz LEAF (torch.linalg.eigh on the ~264-dim projected blocks M=V^T A V) is ~38% of the time -- and n~264 is in cuSOLVER's degenerate per-matrix regime (sytrd/symv/gemv/laed). I tried four ways to break it, all measured WORSE: (a) depth=2 (smaller 144-leaf but extra 272-block sign+subspace) -> 177,852us; (b) BF16 A@V GEMM -> 148,243us (cast overhead > TF32 savings); (c) cuSOLVER Xsyevbatched leaf instead of torch.linalg.eigh -> 153,626us (Xsyevbatched ALSO degenerates at n=264, plus clone/transpose/handle overhead). The QDWH-sign (6 iters of cholesky+trsm on 512x512, FP32, not tensor-core) is the other ~22%. ROOT CAUSE: QDWH-eig with ANY cuSOLVER leaf does ~1.5x more eigh work (2 leaf-eighs-on-264 + sign overhead) than cuSOLVER's single eigh-on-512. PATH TO BREAK THE CEILING: a GEMM-heavy batched-JACOBI leaf solver at n<=32 (avoiding cuSOLVER's degenerate regime entirely), reached via deeper recursion -- but that needs the per-node sign cost driven down (cheaper sign on the smaller blocks) AND a fast n<=32 Jacobi, a substantial separate effort that overlaps W2/W3's Jacobi territory. RECOMMENDATION: the QDWH-sign primitive and the oversampled-containment Rayleigh-Ritz are sound, reusable building blocks (e.g. a robust polar/orthonormalization or a stability hedge for the sign-D&C lineage), but as a standalone eigensolver QDWH-eig is a correctness milestone bounded above by cuSOLVER. The fleet's speed frontier remains worker 0's Xsyevbatched (53,268us)."
2026-06-27T05:00:03.192721,4,6,N/A,N/A,brief_start,N/A,"Target only the n=32 shape, which eval.py replicates to ~1000 tiny 32x32 matrices per timed call — a 4KB-per-matrix, massively-batched, fixed-overhead-bound regime distinct from the m>=48 SMEM-Jacobi that was just measured occupancy-starved. cuSOLVER routes n<=32 to its internal batch_parallel_jacobi; test whether a single fused kernel doing all ~1000 matrices with many blocks/SM (tiny matrices = high occupancy, the opposite of the medium-block starvation) beats it — e.g. a warp-per-matrix or few-matrices-per-block fused Jacobi/QL entirely in registers/SMEM, one launch. Route by shape; if it doesn't beat cuSOLVER's batched-Jacobi here, that confirms small-n is floored."
2026-06-27T05:04:58.693537,4,6,0,N/A,build_error,8f7fdc01f79bb5c11f2362dff5af3da5a00390a8,"Fused warp-per-matrix two-sided cyclic Jacobi for n=32 (one launch over all 20 matrices, A+V in SMEM, eigenvalues=diag, in-warp ascending sort). BUILD_ERROR: WARPS_PER_BLOCK=8 needs 64KB static SMEM > 48KB default cap (ptxas: uses too much shared data 0x10000 > 0xc000). Fix: drop to 4 warps/block (32KB) or opt-in dynamic SMEM."
2026-06-27T05:12:35.238443,4,6,1,N/A,validation_error,375f8250370cf79815b8c36adba7e5dd1b33a118,"Fused warp-Jacobi builds OK (WPB=4, removed duplicate PYBIND11_MODULE). VALIDATION_ERROR: leaderboard banned-construct scan rejects 'stream' substring (at::cuda::getCurrentCUDAStream). Fix: launch on default stream with no stream arg (<<<grid,block>>>)."
2026-06-27T05:32:29.641839,4,6,2,68232.590,succeeded,099d54ffef097fda8190e794b61b6a78788ca8bb,"WORKING fused n=32 warp-per-matrix two-sided CYCLIC Jacobi (10 sweeps, A+V in SMEM, in-warp ascending sort, one launch over all 20 matrices). Validates all 39 test shapes; n>=176 keeps torch.linalg.eigh. geomean=68232us. CRITICAL MEASUREMENT FINDING: the logged baseline 255037us and env.md per-shape table are STALE/contended -- a FRESH torch.linalg.eigh baseline measured now on the parent commit gives geomean 54167us and n=32 shape0=139.98us (NOT 4586us). So cuSOLVER's batch_parallel_jacobi at n=32 is GPU-bound at ~140us/call, NOT overhead-bound; the brief's 'eliminate launch overhead' premise does not hold under clean measurement. My cyclic kernel runs shape0 at 2824us = ~20x SLOWER than real cuSOLVER (profile: eigh32_jacobi_kernel<10> is 100% of GPU, 2822us/call for 20 matrices). The geomean 'improvement' vs 255037 is an artifact of stale large-shape baselines, not my change. Next: parallel-ordering Jacobi (16 rotations/round, 31 rounds/sweep) + register columns to cut the 4960 serial rotations ~16x and try to actually reach 140us."
2026-06-27T05:56:09.259919,4,6,3,60098.705,succeeded,9ddfe1cdcff7678c8459242a5acd436aca199a6d,"Fused n=32 PARALLEL-ordering (round-robin tournament) warp-Jacobi: 31 rounds/sweep x 16 disjoint rotations, columns in per-lane local arrays, Pass A row-update (16 pairs via SMEM-published c,s) + Pass B column-update (full-column exchange via 64 warp shuffles/round). KEY BUGFIX vs first cut: left+right pair members must apply the IDENTICAL published rotation rc[p]/rs[p] in Pass B (computing c,s independently diverges under asymmetry roundoff -> non-orthogonal -> blew up to scaled-resid 9e4). 6 sweeps validates all 39 shapes (n=32 scaled_eigen_resid=2.73, ~73x margin); 4 and 5 sweeps FAIL the validation case (seed 53124 has a borderline matrix; quadratic Jacobi tail means the last sweep drops residual orders of magnitude). shape0(n=32)=552us vs my cyclic 2824us (5.1x) but still ~4x SLOWER than the REAL cuSOLVER 140us. geomean=60099us. ROOT CAUSE of the gap: at benchmark batch=20 only 20 warps launch -> ~3 SMs of 148 busy -> latency-bound with no occupancy to hide the ~12000 shuffles+local-mem ops/matrix. Next: SMEM-resident columns to drop the 64 shuffles/round (partner column read directly from SMEM)."
2026-06-27T06:02:23.549907,4,6,4,59335.304,succeeded,52b9013eb112f2354cb19e3bce644347650b48d0,"SMEM-resident warp-Jacobi (WPB=4): same parallel-ordering algorithm but A,V live in SMEM (As[w][r][c]) so Pass B reads the partner's column DIRECTLY from SMEM (snapshot->syncwarp->write) instead of 64 warp shuffles/round, and Apq/diag come from SMEM not shuffles. shape0(n=32)=458us (vs 552us shuffle version, 1.2x) , geomean=59335us. Validates all 39 shapes (resid 2.73 identical). Still ~3.3x slower than real cuSOLVER 140us: at batch=20 only 20 warps launch (~5 blocks of 4), GPU ~96% idle, latency-bound. Bank conflicts checked clean (column-per-lane => distinct banks). Next: cut sweeps cost / reduce Pass-A+B SMEM round-trips / try processing 2 matrices to raise warp count won't help (batch fixed). Investigate whether the 6-sweep floor (5 fails on validation seed) can be lowered with a better initial rotation or threshold skipping."
2026-06-27T06:14:48.924827,4,6,5,60219.094,succeeded,6ebbadb57662dd98b62013730d7de050d663048e,"Threshold rotation-skipping: skip Pass A/B SMEM writes (and Pass B snapshot) for pairs whose |Apq| < 1e-7*sqrt(|App*Aqq|), with a uniform syncwarp so no divergent barrier. Validates all 39 (resid 2.73, identical). REGRESSION: shape0(n=32)=559us vs 458us no-skip (commit 52b9013), geomean 60219us vs 59335us. Cause: at batch=20 the kernel is latency/occupancy-bound (only 20 warps), so the extra per-pair branch + the divergent skip add more cost than the saved writes recover; AND for the well-conditioned cond=1 benchmark case off-diagonals stay above 1e-7 through most of the 6 sweeps so few rotations actually skip. Conclusion: skipping does not help this latency-bound tiny-batch regime. Reverting to the no-skip SMEM kernel (52b9013, 458us) as the best base."
2026-06-27T06:20:02.104825,4,6,6,59140.380,succeeded,945cf7ab4c5fbbe24f3214227f73a6c424c89872,"Dynamic-SMEM opt-in (cudaFuncSetAttribute MaxDynamicSharedMemorySize) so WARPS_PER_BLOCK=8 fits (64KB As+Vs). shape0(n=32)=440us (vs 458us at WPB=4, 1.04x), geomean=59140us. Validates all 39 (resid 2.73). More warps/SM (8 vs 4) gives modest latency hiding in the batch=20 latency-bound regime, but the gain is small -> latency hiding is not the dominant lever. Still ~3.1x slower than real cuSOLVER 140us. Best base so far. Next: WPB=16 sweep; reconsider reducing per-round syncwarps/SMEM round-trips."
2026-06-27T06:27:52.833576,4,6,7,59124.907,succeeded,41f88e6a996be6057a0183a2b031a6e1e48a0783,"Micro-opt: cudaFuncSetAttribute opt-in called once (static guard) not per custom_kernel call. Perf-neutral (shape0=440us, geomean=59125us) -- the attr call was already cheap. Also completed the WPB knob sweep: WPB=16 (128KB SMEM, 16 warps/SM) measured WORSE at 589us (SMEM-bandwidth contention on one SM outweighs latency hiding); WPB=8 (440us) is the optimum; WPB=4 was 458us. So WPB=8 confirmed best. This is my best committed kernel. SUMMARY of the fused-Jacobi line: cyclic SMEM 2824us -> parallel-ordering shuffle 552us -> SMEM direct-read 458us -> +WPB8 dyn-SMEM 440us. Floored ~3.1x above real cuSOLVER batch_parallel_jacobi (140us) at n=32 batch=20."
2026-06-27T06:33:30.271770,4,6,8,58824.421,succeeded,38efdf8c3ceab8bfe9449f48987efa7cb8e73e1d,"Pass B register-pressure split: do A's column update (snapshot 32 floats -> syncwarp -> write), then V's, instead of holding both 32-float snapshots (64 regs) at once. Despite +2 syncwarps/round, lower register pressure wins: shape0(n=32)=416us (vs 440us, 1.06x), geomean=58824us. Validates all 39 (resid 2.73). New best. Fused-Jacobi trajectory: cyclic 2824 -> parallel-shuffle 552 -> SMEM 458 -> WPB8 440 -> regsplit 416us. Still ~3x above cuSOLVER batch_parallel_jacobi (140us); register pressure was a real secondary bottleneck."
2026-06-27T06:34:57.746031,4,6,N/A,N/A,brief_stop,N/A,"Brief 6 (fused n=32 kernel vs cuSOLVER batch_parallel_jacobi) explored exhaustively. VERDICT: the brief's hypothesis is DISPROVEN by built+measured evidence -- a fused warp-per-matrix kernel does NOT beat cuSOLVER at n=32; small-n is FLOORED by cuSOLVER (the brief's own stated fallback). (1) CRITICAL: the logged baseline 255037us and env.md per-shape table (n=32=4586us) are STALE/contended. A FRESH torch.linalg.eigh baseline measured now on the parent commit gives geomean 54167us and n=32 shape0=139.98us. So cuSOLVER at n=32 is GPU-bound (~105us batch_parallel_jacobi kernel + ~35us = ~140us/20-matrix call), NOT overhead-bound -- the brief's premise that >97% is launch/dispatch overhead held only under the stale 4586us number. (2) Built a CORRECT, validated fused two-sided Jacobi (warp-per-matrix, round-robin parallel ordering, 16 disjoint rotations/round x 31 rounds x 6 sweeps, one launch over all 20 matrices, in-warp ascending sort). Key bugfix: left+right pair members MUST apply the identical published rotation (rc[p]/rs[p]) in the column pass; computing c,s independently diverges under asymmetry roundoff. Validates all 39 test shapes (n=32 scaled_eigen_resid 2.73, 73x margin); 4 and 5 sweeps fail the validation seed (quadratic Jacobi tail). (3) Optimized through 5 structural variants: cyclic-SMEM 2824us -> parallel-ordering+shuffles 552us -> SMEM direct partner-column read (no shuffles) 458us -> dynamic-SMEM WPB=8 (more warps/SM) 440us -> Pass-B register-pressure split (32-float snapshot not 64) 416us. WPB=16 was WORSE (589us, SMEM-bandwidth contention); threshold rotation-skipping was WORSE (559us, branch overhead). BEST committed = 38efdf8c, n=32 shape0=416us, geomean 58824us. (4) ROOT CAUSE of the ~3x floor (profile-confirmed: kernel is 100% of GPU at 412us/call): at benchmark batch=20 only 20 matrices=20 warps launch -> ~3 blocks on 148 SMs -> ~2% GPU utilization -> latency-bound with almost no occupancy to hide SMEM/syncwarp latency. cuSOLVER's batch_parallel_jacobi<float,32,32,16> does the SAME algorithm ~4x faster per-warp (better inner loop / fewer sweeps via convergence detection). This is inherent to batch=20 -- no fused-kernel structure can use the GPU when there are only 20 warps of work. (5) IMPORTANT for parent selection: this branch REGRESSES the geomean (58824 > 54167 fresh baseline) because routing n=32 to my kernel takes it 140->416us; it is a faithful negative datapoint, NOT a performance candidate. RECOMMENDATION: stop pursuing custom n=32 kernels -- cuSOLVER's batched Jacobi is the floor there. The fleet's real frontier is the larger-n shapes (n=512/1024 dominate the geomean); and note the stale-baseline finding means prior 'X over 255037us' speedups across the run are inflated -- the true baseline is ~54167us."
2026-06-27T06:57:14.515144,4,7,N/A,N/A,brief_start,N/A,"Try the one NVIDIA-native fused small-matrix eigensolver the fleet has not tried: cuSOLVERDx (MathDx, CUDA 13) device-side heev — a batched in-kernel symmetric eigensolve (QR algorithm, job::overwrite_vectors, Precision<float>, SM<1000>) that runs entirely in one kernel with ZERO per-call host-sync/launch overhead, exactly the cost that dominates the small shapes. Wrap it via load_inline (header-only C++17 + LTO-link libcusolverdx.a) and route the small/medium shapes (n=32/176/352) where it fits in SMEM through it, keeping cuSOLVER XsyevBatched for n>=512. This is distinct from the host-side cuSOLVER and the hand-rolled Jacobi already measured — it is NVIDIA's own fused-kernel implementation, which may beat the host-blocked path on the dispatch-bound small shapes."
2026-06-27T07:26:52.388293,4,7,0,52799.548,succeeded,1cde588e0619a64c4c6e82ed4393baa888617991,"cuSOLVERDx 0.4.0 device-side HEEV for n=32,176 (NVIDIA's fused in-kernel batched symmetric eigensolver, QR algo, Precision<float>, SM<1000>, job=overwrite_vectors, SMEM API). BUILT via libmathdx host C API (nvidia-libmathdx-cu13 0.3.2 ships cuSOLVERDx 0.4.0 device lib; the C++ heev headers are NOT on PyPI -- nvidia-mathdx 25.6.0 is only 0.2.0 w/o heev): finalize HEEV->LTOIR+universal-fatbin, NVRTC-compile a plain-CUDA wrapper calling the extern-C heev symbol, nvJitLink (CUDA 13.3 nvJitLink, the 13.0 one is too old for the LTOIR)->cubin->cuModuleLoad, launch on default queue (zero 'stream' tokens). Routed n<=224 (F32 SMEM cap ~206KB on sm_100); n=352,n>=512 keep torch.linalg.eigh. VALIDATES all 39 test shapes (n=32 scaled_eigen_resid 0.709, n=176 0.629). Profile: single fused 'heev_wrap' kernel = 100% GPU on n=176. geomean 52800us. CLEAN A/B vs fresh same-session cuSOLVER baseline (54178us): n=32 122us vs 140us (1.15x), n=176 4811us vs 5761us (1.20x) -- BOTH genuinely faster than cuSOLVER, the first positive small-n result in the run. Overall ~1.026x (small shapes are 2/13 of geomean; n>=512 dominate and are unchanged)."
2026-06-27T07:30:03.799469,4,7,N/A,N/A,brief_stop,N/A,"Brief 7 (cuSOLVERDx device-side HEEV) ACCOMPLISHED -- built, validated, and measured NVIDIA's own fused in-kernel batched symmetric eigensolver, the first POSITIVE small-n result in the run. Best committed: iteration 0 (1cde588e), geomean 52800us, validates all 39 test shapes.

AVAILABILITY (the brief's open question, resolved by building not guessing): cuSOLVERDx HEEV is NOT trivially installed here, but IS buildable. The PyPI 'nvidia-mathdx' wheel (latest 25.6.0) ships cuSOLVERDx 0.2.0 whose function enum has NO heev (only potrf/getrf/geqrf/gels/trsm) -- HEEV needs >=0.3.0. The unlock: a SEPARATE pip package 'nvidia-libmathdx-cu13' (0.3.2.6) ships the cuSOLVERDx 0.4.0 *device library* (libmathdx.so.0, 17MB) + a host C API (libcusolverdx.h exposing CUSOLVERDX_FUNCTION_HEEV=19). The C++ device headers (cusolverdx.hpp w/ heev) are NOT on PyPI, so I used the host-API NVRTC-LTO path instead of the brief's assumed load_inline-of-C++-header path.

PIPELINE (all at submission import, cached): libmathdx host API finalizes HEEV (REAL, Precision F32, SM=1000, job=overwrite_vectors, SMEM API, lower-fill, col-major, 1 batch/block) -> LTOIR + universal fatbin (the device code: hetrd warp_driver etc.); NVRTC compiles a thin plain-CUDA wrapper that loads A row-major->col-major SMEM, calls the extern-C heev symbol, writes V+lambda back; nvJitLink [fatbin + heev LTOIR + wrapper LTOIR] -> cubin -> cuModuleLoad; launch on default queue via cuLaunchKernel (zero 'stream' tokens; kernelguard CLEAN). TWO build gotchas solved: (1) must use CUDA 13.3 nvJitLink (system 13.0's is too old to parse libmathdx's LTOIR -> 'may need newer nvJitLink'); (2) the descriptor LTOIR alone is unresolved (hetrd warp_driver) -- need cusolverdxGetUniversalFATBIN for the device code.

ROUTING: HEEV SMEM/F32 finalizes only for n<=224 on sm_100 (n=224 -> 206KB SMEM, just under the 228KB opt-in cap; n>=256 fails FinalizeCode=COMPILATION_ERROR). So I route n=32 and n=176 through HEEV; n=352 (too big for SMEM) and n>=512 keep torch.linalg.eigh. The brief's n=352 target is NOT SMEM-feasible.

MEASURED WINS (clean same-session A/B vs FRESH torch.linalg.eigh baseline 54178us; note the logged parent 255037us is stale/contended per W6): n=32 122us vs 140us = 1.15x; n=176 4811us vs 5761us = 1.20x. BOTH genuinely beat cuSOLVER -- the fused single-kernel HEEV wins exactly the dispatch/overhead-bound regime, where W6's hand-rolled Jacobi (416us) LOST to cuSOLVER. Profile: one fused 'heev_wrap' kernel = 100% GPU on n=176. Stable across 2 runs (52800/52849us). Overall geomean ~1.026x over the fresh baseline -- small only because the two routed shapes are 2/13 of the equal-weighted geomean and the n>=512 group (which dominates) is unchanged.

LEVERS EXPLORED: batches-per-block sweep for n=32 (bpb 1..32 all keep bdim=(32,1,1) -> serial-per-warp; explicit BLOCK_DIM=bpb*32 packs bpb matrices on bpb warps/block but total warps=batch=20 is unchanged, so it cannot lift W6's batch=20 latency-bound ceiling) -- not pursued further (knob-tuning, n=32 already wins + 1/13 weight). n=176 has zero bpb headroom (bpb=2 needs 263KB > cap).

LIMITATION for the manager: this submission depends on 'nvidia-libmathdx-cu13' + CUDA 13.3 nvJitLink installed on the BUILD host (I pip-installed libmathdx into the venv; it persists, so local re-runs reproduce). A LEADERBOARD submit would almost certainly FAIL the remote build (the GPU MODE harness won't have libmathdx/13.3-nvJitLink, and a 17MB .so can't be bundled in single-file submission.py) -- I did NOT submit. If leaderboard portability matters, this kernel is local-evidence-only; the geomean delta (2.6%) is too small to justify the portability risk regardless.

RECOMMENDATION: cuSOLVERDx HEEV is a CORRECT, FASTER fused eigensolver for the small/medium SMEM-resident shapes and closes the small-n question positively (NVIDIA's own kernel beats both cuSOLVER and every hand-rolled attempt at n<=176). But it cannot touch the n>=512/1024 shapes that dominate the geomean (they overflow SMEM), so it is not a path to the run's frontier (W0's Xsyevbatched ~53268us). The frontier remains the large-n shapes; this brief's value is the validated small-n win and the proven, reusable libmathdx-HEEV build recipe."
2026-06-27T07:32:56.201187,4,8,N/A,N/A,brief_start,N/A,"Your cuSOLVERDx HEEV op (1cde588e) is the first thing in the run to beat cuSOLVER (n=32 1.15x, n=176 1.20x, geomean 52800) but it depends on a locally-installed nvidia-libmathdx-cu13 that the remote leaderboard runner won't have, so it can't be submitted. Make it remotely self-contained: have submission.py attempt to pip-install nvidia-libmathdx-cu13 (and any needed nvJitLink) at import into a local dir, locate it the same way, and fall back cleanly to torch.linalg.eigh on the routed shapes if the install or finalize fails — so the submission builds and validates on a bare runner whether or not the dep lands. The goal is a version that survives the remote KernelBot build and keeps the small-n win where the dep is available. Keep zero 'stream' tokens."
2026-06-27T07:42:44.627597,4,8,0,52841.804,succeeded,cdee220f987d29f7438834169b2731ce29a3d117,"Self-contained refactor of the cuSOLVERDx HEEV submission: at import locate libmathdx + nvJitLink>=13.3 + NVRTC in importable pip pkgs or a local install dir, pip-install (pip then uv) into a local --target dir if missing, resolve from whichever tree wins (prefer pip nvJitLink>=13.3, system CUDA 13.3 fallback). Every step guarded -> any install/resolve/build/finalize failure falls back to torch.linalg.eigh on the routed shapes. Locally resolves libmathdx(pip)+nvJitLink/NVRTC(system 13.3) as before. Validates all 39 test shapes; geomean 52842us (== parent 52800 within noise; n=32 122us, n=176 4802us). Zero 'stream' tokens."
2026-06-27T08:00:06.312664,4,8,1,52887.211,succeeded,686af14443d7e87212f4110053d07ebd38b006ed,"Torch-first dep resolution; dropped the system-CUDA-13.3 dependency. KEY finding (built both ways): the host ext must compile against the SAME nvJitLink the process loads, because nvJitLink.h maps the API to versioned symbols (_13_3 in a 13.3 header) and the torch-loaded redistributable exports only _13_0 -> a 13.3-header build imports with 'undefined symbol ..._13_3'. torch's own nvidia-nvjitlink (13.0.x, new enough to parse libmathdx LTOIR) is loaded on any torch+CUDA runner, so resolve nvJitLink/NVRTC from /proc/self/maps (torch's loaded libs) -> _13_0 refs every 13.x lib has. cuda.h from torch CUDA_HOME / triton; libcuda from the driver (-l:libcuda.so.1 fallback). On a bare runner only libmathdx must pip-install. Rebuilt clean: needs _13_0, RUNPATH=torch site-packages only. Validates all 39; geomean 52887us (== parent within noise; n=32 125us, n=176 4809us). Zero stream tokens."
2026-06-27T08:06:27.956113,4,8,2,52797.330,succeeded,ac42fee9229e17c50ce68687e25dc8aaa56c55a8,"Install libmathdx with --no-deps so the pip target stays minimal (stops a redundant 13.3 NVRTC from libmathdx's declared cuda-toolkit[nvrtc] dep landing in the target where the resolver could pick it over torch's). nvJitLink/NVRTC always linked from torch's loaded libs. Real-flow E2E verified: _prepare_components pip-installs libmathdx(--no-deps) into a fresh target (no nvrtc/nvjitlink land there), builds HEEV from torch deps, correct (n=32 4.9e-5, n=176 1.95e-4). Local rebuild clean, validates all 39; geomean 52797us (== parent 52800); heev_wrap 100% GPU on n=176 (profiled). Zero stream tokens."
2026-06-27T08:10:38.064202,4,8,3,52843.933,succeeded,30b535d03ad5fc38bebbc439a60e429f1ee38835,"Install-path hardening (local resolve never installs, so local behavior unchanged): (1) uv pip rejects pip-only flags (--no-input/--disable-pip-version-check) -> the uv-binary fallthrough was failing with 'unexpected argument'; split args into a pip/uv-common core (install --target <dir> [--no-deps] pkgs) + pip-only flags appended only to pip invocations; verified _pip_install now succeeds via the uv binary on this host (venv has no pip module). (2) Bound no-network hangs: 240s per-attempt timeout, fall through to the next installer only when the current is absent ('No module named'/not on PATH), stop once an installer actually attempts+fails. Validates all 39; geomean 52844us (== parent within noise; n=32 125us, n=176 4816us). Zero stream tokens."
2026-06-27T08:12:55.234795,4,8,4,52807.936,succeeded,90d0c3100218a702bba8280bfa06c7249da9418f,"Final self-contained version (header/docstring cleanup folded onto iter 3's install-path hardening; comment-only delta over iter 3, kernel/logic identical). Submission is remotely self-contained: at import it pip-installs ONLY libmathdx (--no-deps) into a local target if not importable, links nvJitLink+NVRTC from torch's own loaded libs (the 13.0.x redistributable, which exports the _13_0 symbols a 13.0 header references and is new enough to parse libmathdx LTOIR), cuda.h from torch CUDA_HOME/triton, libcuda from the driver; every step guarded -> clean torch.linalg.eigh fallback on any failure. No system-CUDA-13.3 dependency. Validates all 39; geomean 52808us (== parent 52800; n=32 122us, n=176 4792us). Zero stream tokens. Verified: (a) local win preserved, (b) bare-runner E2E builds HEEV from torch deps after installing only libmathdx, (c) offline/no-libmathdx import survives with torch fallback."
2026-06-27T08:14:42.241887,4,8,N/A,N/A,brief_stop,N/A,"Brief 8 (make cuSOLVERDx HEEV remotely self-contained) ACCOMPLISHED. Final committed: iteration 4 (90d0c3100), geomean 52808us, validates all 39 test shapes, zero 'stream' tokens, kernelguard CLEAN. The submission is now a single self-contained file ready for the remote KernelBot build; the small-n win is preserved where libmathdx is available (n=32 122us, n=176 4792us, == parent 52800 within noise).

KEY DISCOVERY (built both ways, not guessed): the host extension MUST be compiled against the SAME nvJitLink the process loads. nvJitLink.h maps the public API to VERSIONED symbols -- a 13.3 header pins __nvJitLink*_13_3, but the nvJitLink torch loads (its bundled nvidia-nvjitlink 13.0.x redistributable) exports only the _13_0 symbols, so a 13.3-header build LINKS fine yet fails import with 'undefined symbol ..._13_3'. The committed parent (1cde588e) only worked because its include order happened to pick the 13.0 header from the libmathdx site-packages tree (giving _13_0 refs) while RUNPATH resolved nvJitLink to the torch-loaded 13.0.88 lib -- it never actually used the system CUDA 13.3 it linked against. And brief 7's '13.0 too old' was about the *system toolkit* linker, NOT the pip redistributable (which is internally new enough to parse libmathdx's LTOIR -- verified: it builds+runs a correct HEEV).

DESIGN: resolve nvJitLink + NVRTC from whatever torch already loaded (via /proc/self/maps) -> _13_0 symbol refs every 13.x lib exports, and NO extra install (torch's deps are present on any torch+CUDA runner). cuda.h from torch's CUDA_HOME or triton's bundled headers (triton is a hard torch dep). libcuda links against the always-present driver (-l:libcuda.so.1 fallback). The ONLY pip-installed dep is libmathdx, installed --no-deps into a local/temp target (pip then uv; bounded 240s timeout; fall through installers only when absent). This DROPPED the system-CUDA-13.3 dependency entirely -- the previous blocker to remote portability.

GUARDING (the brief's clean-fallback requirement): every step -- install, resolve, load_inline, per-size finalize (dx_build), per-call dx_run -- is wrapped; any failure leaves _DX_OK/_DX_DEAD unset and custom_kernel uses torch.linalg.eigh on the routed shapes. eval.py calls custom_kernel in an UNTIMED correctness check before the timed loop, so a per-size finalize failure on the remote runner is absorbed (size marked dead, timing measures the torch fallback) -- the submission builds+validates whether or not libmathdx lands.

VERIFIED with the real code: (a) LOCAL deps-available -> HEEV win preserved (resolves libmathdx+nvJitLink+nvrtc from torch's tree, cuda.h from CUDA_HOME), validates+benchmarks at 52808us; (b) BARE-RUNNER E2E -> _prepare_components pip-installs ONLY libmathdx(--no-deps) into a fresh target (confirmed no nvrtc/nvjitlink land there), builds HEEV from torch's nvJitLink/nvrtc + triton cuda.h, CORRECT results (n=32 4.9e-5, n=176 1.95e-4); (c) OFFLINE/no-libmathdx + install blocked -> import survives with _DX_OK=False, clean torch fallback (err 0.0).

RECOMMENDATION for the manager: ready to submit 90d0c3100 to leaderboard 'eigh' on B200. Expected remote outcomes: if the runner has network + a writable temp dir, libmathdx installs and the small-n HEEV win lands; if not, it falls back to torch.linalg.eigh and still passes the build+all shapes (just no win). Either way the build survives -- this is the first cuSOLVERDx path that CAN be submitted. The ~1.5% geomean win (2 of 13 shapes routed; n>=512 dominate and are unchanged) is modest, so the real value of the submit is proving cuSOLVERDx is a VIABLE leaderboard mechanism (self-installing native dep + torch-symbol-versioned JIT link survives KernelBot) for future small/medium-n work, not this delta itself. If the remote verdict is REJECTED on the dep, the fallback still yields a clean baseline-equal submission."
2026-06-27T08:18:04.272831,4,9,N/A,N/A,brief_start,N/A,"The 34k leaderboard leaders beat cuSOLVER 1.46x on the current benchmark; 9/13 shapes are STRUCTURED (rankdef rank 3n/4, clustered/repeated spectra, nearrank, mixed, lapack_dense planted spectra) and the spec invites approximate residual-gated solutions. Build a STRUCTURE-EXPLOITING fast path that does asymptotically LESS work than a full dense eigh on these — NOT detect-then-call-cuSOLVER (proven neutral), but an actual reduced solve: for rankdef/nearrank, a randomized-range / subspace-iteration solve of the ~3n/4 significant subspace + free orthonormal null-space completion (the loose orth gate accepts it); for clustered/repeated, exploit the low number of DISTINCT eigenvalues (clustered n=512 has ~2 distinct values per reference.py) to solve a tiny effective problem. Route each n=512/n=1024 structured shape to its reduced path, dense fallback otherwise. The committed geomean is the verdict."
2026-06-27T08:43:35.452273,4,9,0,55121.440,succeeded,d79af8ef4f7695809ebb171bf6b384b3a881b28c,"Structure-exploiting reduced solve for rankdef/clustered/nearrank routed by a 64-dim Ritz-sketch detector, with per-matrix eigen+orth residual fallback to cuSOLVER guaranteeing correctness. Validates all 39 test shapes. REGRESSION: geomean 55121us vs baseline 54057us (~2% worse). The reduced GEMM-only paths FAIL the orth/eigen gate (coupling/rank-deficiency barrier) so every routed element falls back to cuSOLVER, paying BOTH the reduced-solve GEMM cost AND the full eigh -- profile-confirmed (clustered shape still 23% sytrd4_cta + 35% gemvx/symv + 15% laed D&C, i.e. full cuSOLVER, plus stray cutlass simt sgemm overhead). Shapes: rankdef 167666(vs166523), clustered 160088(vs138189, +16%), nearrank 104969(vs104246)."
2026-06-27T08:57:43.856422,4,9,1,56229.826,succeeded,71a8b06ef0e224afd49a59d2d2156a5d60b20503,"CORRECT clustered reduced solve (2-distinct-eigenvalue structure exploited, NO fallback for most matrices): 2-cluster moment-fit detector (||A^2-sA+pI||/||A^2|| = 6.5e-6 for clustered vs 0.26-0.95 otherwise, clean 5-order separation), FP32 spectral-projector subspace-iteration basis of the smaller cluster (eigh-Gram orthonormalization, rank-revealing, 2 passes), larger cluster as orthogonal complement (eigh-Gram + 2x Cholesky-QR Gram-Schmidt for orth-gate safety), Rayleigh-quotient L. Validates all 39 test + 13 benchmark shapes (clustered gates: eig 0.13, orth 0.68, recon 0.05 at B=640, huge margins). KEY FIX: FP32 GEMMs (TF32 corrupts the 100*n*eps orth gate to ~1e4) + FP64 _bad_mask (FP32 ||Q^TQ-I||_1 over 512x512 reads ~100 even when true residual ~0.7). REGRESSION: geomean 56230us vs baseline 54057us; clustered shape 193462us vs 138189us (40% SLOWER). VERDICT: structure exploitation is numerically SOUND but LOSES on speed -- the FP32 orthonormalization of the 170/342-dim cluster subspaces (multiple eigh-Gram on 170/342 dims, each ~34/145us/mat, + GS) costs ~800us/mat vs cuSOLVER's 138us/mat structured eigh. cuSOLVER's D&C already converges fast on clustered spectra, leaving no headroom."
2026-06-27T08:58:23.841557,4,9,N/A,N/A,brief_stop,N/A,"Brief 9 (structure-exploiting reduced solve) explored EXHAUSTIVELY across clustered/rankdef/nearrank with ~10 built+measured variants. VERDICT: the reduced-solve direction is NUMERICALLY SOUND but DOES NOT BEAT cuSOLVER on these shapes -- it REGRESSES the geomean. Best committed: iteration 1 (71a8b06e), geomean 56230us vs baseline 54057us (4% regression). Two committed datapoints: iter0 (d79af8ef, 55121us, multi-case router that falls back) and iter1 (71a8b06e, 56230us, correct clustered solve that genuinely runs).

WHAT WORKED (the clustered solve is CORRECT): for clustered (n=512, exactly 2 distinct eigenvalues: 170 near -1, 342 near +1), I built a reduced solve that VALIDATES all 39 test + 13 benchmark shapes with huge gate margins (eig 0.13, orth 0.68, recon 0.05 at B=640). Pipeline: (1) 2-cluster moment-fit DETECTOR -- ||A^2-sA+pI||_F/||A^2||_F = 6.5e-6 for clustered vs 0.26-0.95 for dense/rankdef/mixed/lapack (clean 5-order separation, reuses the A^2 the solve needs); (2) spectral projector P=(c2 I - A)/(c2-c1) onto the SMALLER cluster; (3) FP32 eigh-Gram orthonormalization of its range (rank-revealing, 2 passes); (4) larger cluster = orthogonal complement via eigh-Gram + 2x Cholesky-QR Gram-Schmidt; (5) Rayleigh-quotient L.

THREE CRITICAL CORRECTNESS FIXES (the 'naive rank-r path failed validation' barrier, now solved): (a) FP32 GEMMs are MANDATORY for orthonormality -- TF32's ~10-bit mantissa drives ||Q^TQ-I||_1 to ~1e4 (gate is 100); (b) Cholesky-QR/Newton-Schulz FAIL on rank-deficient projected sketches (projecting exactly rank random vectors onto a rank-dim space hits the Marchenko-Pastur edge -> singular Gram), so orthonormalization MUST be eigh-Gram with rank-revealing top-k truncation, NOT Cholesky-QR or Newton-Schulz; (c) cross-cluster coupling needs iterated classical Gram-Schmidt (re-project complement off the first block + re-orthonormalize) or orth fails at ~1e4 while recon passes.

WHY IT LOSES ON SPEED (the decisive economic finding, profile + timing confirmed): cuSOLVER is ALREADY FAST on these structured spectra -- its divide-and-conquer (laed3/laed4) converges quickly on clustered/low-rank eigenvalue distributions. Measured at B=640: clustered 138us/mat, rankdef 166us/mat (vs random-dense 171us/mat -- cuSOLVER exploits the structure INTERNALLY). My reduced solve costs ~800us/mat because the FP32 orthonormalization of the 170/342-dim cluster subspaces requires MULTIPLE eigh-Gram calls (eigh(170)~34us/mat synthetic, eigh(342)~145us/mat, called 2-3x) -- and crucially: ANY torch.linalg.eigh on a generic sub-block >=256 costs AS MUCH as the full structured eigh (eigh(256)=74us/mat, eigh(384)=150us/mat at B=640 on RANDOM matrices, because cuSOLVER is slow per-matrix on generic blocks but FAST on the structured full matrix). torch.linalg.qr is 3-16x slower than eigh (qr(512x128)=515us/mat) so it is never usable.

GENERALIZES to rankdef/nearrank: same barrier. rankdef rank-384 Ritz block needs eigh(384)=150us/mat ~ the full 166us/mat baseline; nearrank rank-768 needs eigh(768)=2959us/mat synthetic >> the 1737us/mat structured baseline. The 'free null space' completion is genuinely free, but the significant-subspace eigh is not cheaper than the structured full eigh.

RECOMMENDATION: structure-exploiting REDUCED solves are a DEAD END for this benchmark because cuSOLVER already exploits the same structure faster than any GEMM+small-eigh reconstruction can. The reduced solve only beats cuSOLVER if the effective problem reduces to eigh of dim <=128 (eigh(128)=6.6us/mat, where cuSOLVER batches) -- but every structured benchmark shape has effective rank >=170. The clustered moment-fit detector and the FP32-eigh-Gram-orthonormalization recipe are SOUND, REUSABLE building blocks (e.g. for a robust orthonormalizer in another worker's pipeline). The fleet's real frontier remains a UNIFORMLY-fast batched tensor-core algorithm (W0 Xsyevbatched 53268us, or a matrix-sign/QDWH path), NOT per-shape structure exploitation. The leaders' 1.46x advantage, if real, almost certainly comes from such a uniform algorithm or from REMOTE-leaderboard replication differences (the remote 'leaderboard' mode uses different repeat counts than local 'benchmark'), not from the structure exploitation this brief targeted."
2026-06-27T09:01:39.140855,4,10,N/A,N/A,brief_start,N/A,"The fleet's binding crux: a fast batched orthonormalization that holds the 0.0122 orth gate without serial QR is what pins every approximate solver at PARITY with cuSOLVER (GEMM bases are already faster). W0 attacks it via Cholesky-QR2 (which fails on singular/rank-deficient Grams). Build the DISJOINT-failure-mode method: a fused custom-CUDA batched JACOBI/Givens-rotation orthonormalizer — one threadblock per matrix, SMEM-resident, sweep Givens rotations to orthogonalize the columns of the approximate basis directly (no Gram matrix, no inversion, so it degrades GRACEFULLY on the rank-deficient rankdef/nearrank cases where Cholesky-QR dies). It is naturally batched and plays to your fused-SMEM-kernel strength. The deliverable is an orthonormalizer that turns a fast GEMM-only approximate basis into a gate-passing Q faster than cuSOLVER's whole solve, composable via combine. Keep numerics distinct from W0's Cholesky path (no diagonal-loaded Gram)."
2026-06-27T09:28:27.227679,4,10,0,N/A,validation_error,dc859d001e1772fe5a8fa2f70e111d4e8733aaf7,"Fused one-sided Jacobi eig kernel (n=512), warp-per-pair chess-tournament rotations. Orthonormalizer works (orth ~3.8e-4 << gate), but one-sided Jacobi diagonalizes A^2 so it cannot separate +-lambda eigenvectors of indefinite A (eig residual stalls ~2.5 >> gate). Fixed Qout batch-offset bug. Pivoting to two-sided Jacobi which diagonalizes A directly."
2026-06-27T09:47:27.684162,4,10,1,335001.646,succeeded,0ef45e58f21b96f9fb0fc4f6b2b7e4ae2dba5f30,"Fused two-sided Jacobi eig (n=512): diagonalizes A directly, passes ALL gates incl rankdef/nearrank/clustered (graceful degradation, the disjoint-from-Cholesky-QR property). orth ~3e-4 trivially under gate. But ~1000x too slow on n=512 b640 (8 warps/block, global-memory-bound, 10 O(n^3) sweeps): geomean 335002us vs baseline 254990us. Correct foundation; needs tensor-core/throughput optimization."
2026-06-27T10:06:48.917297,4,10,2,286755.712,succeeded,166cb2a414edcba67f16292f9d464cd187313eba,"Column-major two-sided Jacobi at 9 sweeps (min passing validation). geomean 286756us vs baseline 254990us (1.12x slower; improved from iter1 335002). Coalesced column passes + 16 warps. Still O(n^3) scalar-rotation bound on n=512 (49.5k us/matrix at B=64, ~21x cuSOLVER). orth gate trivially met (~3e-4, 20x margin); passes rankdef/nearrank/clustered. Next: fused block two-sided Jacobi with TF32 WMMA block updates (GEMM floor ~2ms for the whole n=512 group)."
2026-06-27T10:13:40.500739,4,10,N/A,N/A,brief_stop,N/A,"Built the DISJOINT-failure-mode orthonormalizer as a fused custom-CUDA TWO-SIDED Jacobi batched eig kernel (n=512, one block/matrix, chess-tournament parallel rotations, race-free column-pass/row-pass). It WORKS and is genuinely disjoint from W0's Cholesky-QR: validation PASSES all n=512 cases incl rankdef/nearrank/clustered/lapack -- it degrades GRACEFULLY (no Gram, no inversion) exactly where Cholesky-QR dies. The orth gate is satisfied for free (||Q^TQ-I|| ~3e-4, 20x under the 6.1e-3 gate) because Q is a product of orthogonal rotations. Best committed: iter2 (166cb2a4) geomean 286756us (1.12x SLOWER than baseline 254990). DECISIVE NEGATIVE FINDING (built+measured, not reasoned): the scalar-rotation Jacobi orthonormalizer is fundamentally O(n^3) MEMORY-BOUND -- ONE sweep alone costs ~5000us/matrix vs cuSOLVER's WHOLE solve at 267-500us/matrix, so it is ~10-19x too slow even at the 1 sweep that already passes the orth gate. nsys confirms 100pct in the monolithic kernel (12.7s/call at b640). So a Givens/Jacobi orthonormalizer is ROBUST but NOT faster than cuSOLVER unless the rotations are batched into TENSOR-CORE GEMMs (block-Jacobi); the GEMM flop floor for the whole n=512 group is ~2ms (vs cuSOLVER ~171ms) -> a real ~28x ceiling, but it is a large WMMA build with convergence/TF32-accuracy risk I could not land in this brief. SECOND finding: orthonormalizing a fast approximate basis ALONE does NOT pass the EIG gate -- you also need Rayleigh-Ritz (diagonalize Q0^T A Q0), i.e. two O(n^3) ops, so 'just orthonormalize the fast basis' is insufficient; the composable piece must be orthonormalize+RR. RECOMMENDATIONS: (1) the high-ceiling follow-up is a fused tensor-core BLOCK two-sided Jacobi (WMMA TF32 block updates + small SMEM inner-diag) -- forks off iter2 (166cb2a4) which has the validated scalar reference + saved nsys profile; (2) my scalar two-sided Jacobi is the only run artifact that passes rankdef/nearrank cases, so it is a correctness oracle / robustness hedge even though it loses on speed; W0's Cholesky-QR cannot reach those cases. Not a parent for the leaderboard (regression), but the findings retire the 'fast Givens orthonormalizer beats cuSOLVER' hypothesis in its scalar form and point precisely at the tensor-core block reformulation."
2026-06-27T10:15:08.252785,4,11,N/A,N/A,brief_start,N/A,"Every reduction-side attack failed and BF16-reduction is perf-neutral. Investigate the one unexplored seam: the TRIDIAGONAL-EIGENSOLVER stage. cuSOLVER's n=512 profile spends ~20-25% in laed* (its tridiagonal divide-and-conquer), and W2's custom tri_eig is 12-37x faster than cuSOLVER ON TRIDIAGONALS. The dense two-stage failed because the REDUCTION is the wall — so DON'T replace the reduction. Instead: can you get cuSOLVER's fast sytrd tridiagonal + Householder reflectors out (cusolverDnXsytrd / the sytrd path), then solve that tridiagonal with W2's fast tri_eig and back-transform — keeping cuSOLVER's optimal reduction but replacing its slower laed D&C? Profile where cuSOLVER's time actually goes per shape, and if the tridiagonal-solve is a real fraction, this hybrid (cuSOLVER reduce + custom tri_eig solve) is the untried combination. If cusolver won't expose the tridiagonal, document that wall. Target the dense n=512/1024 shapes."
2026-06-27T11:50:49.401526,4,11,0,587807.906,succeeded,d55ee76cf6996648dd9a84f33e0c8dfb9a21009f,"HYBRID cuSOLVER-sytrd + W2-cluster-fixed-tri_eig + cuSOLVER-ormtr: built, VALIDATES all 39 shapes, but DECISIVE NEGATIVE -- geomean 587808us (~2.3x regression). PROFILE-CONFIRMED WALL: the public cusolverDnSsytrd does NOT give cuSOLVER's fast reduction. It dispatches to sytrd4_gpu (a 12-panel blocked path, 79.5% of GPU = 2.44s for the n=512 b640 shape) instead of the fused syevd driver's sytrd4_cta (the baseline's 23% = 0.119s). Isolated timing: standalone Ssytrd reduction ALONE = 2,711,948us = 15.8x the WHOLE baseline eigh (171,288us) at n=512; 5.2x at n=1024. The brief's tri_eig premise HOLDS (tri_eig solves the tridiagonal in 31,856us = 18.6% of baseline, fast as predicted, replacing the ~25% laed) -- but extracting the FAST reduction is impossible: cuSOLVER exposes NO Xsytrd, NO algorithm selector (cusolverDnSetAdvOptions supports only GETRF/POTRF/SYEVBATCHED, not sytrd), so sytrd4_cta is locked inside syevd. Even ormtr standalone (144,413us) ~= the whole baseline eigh. NS-prescale fix (scale Q by 1/sigma_ub before Newton-Schulz) orthonormalizes the back-transformed Q on large-cluster rankdef/nearrank without cuSOLVER fallback."
2026-06-27T11:52:01.558957,4,11,N/A,N/A,brief_stop,N/A,"Brief 11 (cuSOLVER-reduce + custom tri_eig + cuSOLVER-ormtr hybrid) EXHAUSTED. Built the EXACT untried combination, validated it (all 39 shapes), benchmarked, profiled, and isolated-timed every stage. DECISIVE NEGATIVE, fully quantified: the hybrid is a 2.3x REGRESSION (geomean 587808us) and is ARCHITECTURALLY IMPOSSIBLE to make competitive. Committed datapoint: d55ee76 (validated hybrid, profile saved).

THE WALL (the brief asked me to document it if it existed -- it does): the public cusolverDnSsytrd does NOT give cuSOLVER's fast reduction. Profile (n=512 b640): standalone Ssytrd dispatches to sytrd4_gpu (a 12-panels-per-matrix blocked path) = 79.5% of GPU = 2.44s, whereas the FUSED syevd driver the baseline uses runs sytrd4_cta (a single CTA-resident fused kernel) = the baseline's 23% = 0.119s. ISOLATED TIMING nails it: standalone Ssytrd reduction ALONE = 2,711,948us = 15.8x the WHOLE baseline eigh (171,288us) at n=512 (5.2x at n=1024). Even cusolverDnSormtr standalone (144,413us) ~= the entire baseline eigh. So BOTH standalone cuSOLVER building blocks (sytrd, ormtr) are ~15x/1x slower than their fused-driver counterparts. The fast sytrd4_cta is locked inside syevd: cuSOLVER exposes NO Xsytrd (only legacy Ssytrd), NO sytrd algorithm selector (cusolverDnSetAdvOptions supports only GETRF/POTRF/SYEVBATCHED), and Xsyevdx hides the tridiagonal (returns eigenvalues only, no (d,e)/reflectors out). There is NO cuSOLVER entry point that does a fast reduction AND exposes the intermediate tridiagonal.

THE BRIEF'S tri_eig PREMISE HOLDS (this is the salvageable insight): W2's cluster-fixed tri_eig solves the tridiagonal in 31,856us = 18.6% of baseline at n=512 (67% at n=1024) -- genuinely fast, exactly as predicted, and it correctly replaces cuSOLVER's ~25% laed D&C. The tridiagonal SOLVE was never the bottleneck; extracting the fast REDUCTION is the unbreakable wall. So a hybrid 'cuSOLVER-reduce + custom-tri_eig + cuSOLVER-ormtr' can only ever win if a FAST tridiagonal+reflectors are obtained some OTHER way than cuSOLVER's public API -- which puts it right back into the custom-reduction problem the whole fleet has proven is THE wall (W5/W3's custom sytrd two-stages all lose; the brief itself said don't replace the reduction).

REUSABLE ARTIFACTS from this brief: (1) the column-major round-trip recipe (row-major symmetric A fed to Ssytrd LOWER tridiagonalizes correctly; pass S^T to ormtr so its col-major columns are eigenvectors; transpose the ormtr output back) -- a clean, validated bridge if anyone ever gets a fast standalone reduction. (2) An NS-PRESCALE orthonormalization fix that matters fleet-wide: the back-transformed Q of large-cluster cases (rankdef/nearrank) has sigma(Q) up to ~10, so plain Newton-Schulz DIVERGES (>sqrt(3)); pre-scaling Q by 1/sqrt(||Q||_1*||Q||_inf) (a cheap per-matrix spectral-norm upper bound) makes every singular value <=1 so NS converges and orthonormalizes WITHOUT any cuSOLVER fallback -- this passed all the large-cluster shapes that previously NaN'd. Any worker whose approximate basis needs robust GEMM-only orthonormalization should use this prescale.

RECOMMENDATION: this retires the 'cuSOLVER-reduce + custom-tri_eig hybrid' direction definitively -- the seam the brief identified (replace laed) is real and tri_eig wins on it, but cuSOLVER's public API gives no path to the fast reduction, and the standalone reduction is 15.8x slower than the entire fused eigh. The fleet's frontier remains a uniformly-fast batched algorithm (W0's Xsyevbatched ~53k) or a custom BF16 tensor-core full-n reduction (W5's BF16-eigenvectors-pass-the-gate finding) -- NOT a cuSOLVER-component hybrid. The one realizable few-percent win the run has surfaced is routing only the poorly-deflated well-separated-spectrum shapes (lapack_dense_even) to a custom two-stage (W5 brief 10 / W2 brief 7), where cuSOLVER's D&C deflates badly."
2026-06-27T11:59:39.002497,4,12,N/A,N/A,brief_start,N/A,"Own the indefinite-spectrum CORRECTNESS layer for the mission's one-sided block-Jacobi solver — the thing most likely to make W3's first end-to-end run FAIL, since most benchmark matrices have SIGNED spectra (signed_logspace, lapack signed, random-symmetric, clustered with negative centers). One-sided Jacobi diagonalizes AᵀA so it gives |eigenvalues| and singular vectors — you must (a) shift A->A+cI to positive-definite before forming the Gram, with c computed PER-BATCH-ELEMENT (Gershgorin or a cheap lambda_min estimate — critical for the heterogeneous 'mixed' 640x512 batch where each matrix has a different conditioning profile), (b) recover SIGNED eigenvalues via Rayleigh quotient L=diag(Q^T A Q) on the ORIGINAL A (un-shifted), (c) the hard-gated ascending sort + matching Q-column permutation. Build this as a clean reusable module (Q_from_jacobi, A_original -> signed-sorted L, permuted Q) that drops into W3's Jacobi solver via combine. Also port your NS-prescale orthonormalization fix (pre-scale Q by 1/sqrt(||Q||_1·||Q||_inf) so sigma(Q)<=1, makes Newton-Schulz converge on rankdef/nearrank) — this is the cluster-robustness the whole cleanup needs. Test against indefinite + mixed + clustered inputs. Keep it portable, zero 'stream' tokens."
2026-06-27T12:15:25.214064,4,12,0,65068.940,succeeded,9d3bee7a98db8328c637e073a9e79fe3fdb9af65,"Indefinite-spectrum correctness layer (pd_shift/ns_orthonormalize/osj_finalize) for the OSJ solver. Validates all 39 test shapes incl every indefinite/mixed/clustered/rankdef/nearrank/lapack-signed/extreme-magnitude case (orth resid 0.07-0.46 vs gate 1.0, eigen 0.1-0.3). geomean 65069us (regression vs cuSOLVER ~54k: the live OSJ stand-in is bmm(Gram)+eigh(Gram) ~2x eigh work, profile-confirmed sytrd4_cta 17% + cutlass simt sgemm ~30% Gram bmm). The shift+finalize wrapper is the deliverable; W3 combine swaps the Gram-eigh line for its FP8 block-Jacobi. Findings: +-lambda FALSE DEGENERACY of the Gram makes raw OSJ fail indefinite (eig_resid ~1e4), gershgorin-PD shift removes it (~2e-5); pow2 prescale REQUIRED before Gram or extreme-magnitude overflows; Gram-based NS prescale (||G||_1||G||_inf)^.25 fixes the brief-11 bound that over-shrinks orthonormal X."
2026-06-27T12:21:14.842446,4,12,1,66697.176,succeeded,d7d493bfdf71358627938da4cac7be38f88348b3,"Added per-matrix safety-net fallback to osj_finalize (default on): two-stage detector (cheap FP32 orth+eigen screen with generous thresholds -> FP64 confirm of only flagged candidates) re-solves truly-bad elements with torch.linalg.eigh, guaranteeing no failing element is emitted. Makes W3's combine bulletproof against under-converged OSJ on hard clustered/indefinite matrices (validated in a partial-OSJ FP16 sim: 3 sweeps fails the eigen gate, 6 borderline, 10 clean; +-lambda near-degeneracy slows OSJ convergence so clustered/indefinite need ~1e-6 offdiag/diag to pass). Validates all 39 shapes. geomean 66697us (vs 65069 no-fallback iter0; +2.5% is the FP32 screen A@Q bmm at n=512 b640; live well-converged path re-solves ZERO elements). Two-stage recovered 1400us vs single FP64 detector (68069us)."
2026-06-27T12:25:38.311857,4,12,2,60872.752,succeeded,a248800deb2ed62524e3c9a143a6ce549b90120d,"Leaned the live path: osj_finalize(ns_iters=3, fallback=False) since the Gram-eigh OSJ stand-in returns EXACT eigenvectors of A+cI (orthonormal V, fallback re-solves zero, ns_iters=1 already passes). DECISIVE CORRECTNESS PROOF: with fallback OFF every benchmark shape passes on its OWN -- rankdef/nearrank/clustered/mixed pass WITHOUT cuSOLVER re-solve (brief requirement met), max orth ~1e-6 max eigen-resid ~1e-5, so the PD-shift+NS layer does the real work not the fallback. W3's combine keeps the default fallback=True+ns_iters=6 for its non-exact FP8 OSJ V. Validates all 39 shapes. geomean 60873us (vs 66697 iter1, 65069 iter0); ~13% regression vs cuSOLVER ~54k is the stand-in's bmm(Gram)+eigh(Gram) ~2x eigh work, inherent to the stand-in not the layer."
2026-06-27T12:29:57.350069,4,12,3,95442.723,succeeded,b338e2b44ead7176d1b72a993a5bacb50fb16c67,"Added Rayleigh-Ritz refinement option to osj_finalize and measured the full combine config (rayleigh_ritz=True+fallback=True) on the live benchmark. RR diagonalizes the small near-diagonal M=Q^T A Q and rotates Q<-Q@U, recovering EXACT Ritz pairs in span(Q) regardless of how diagonal M is. KEY ROBUSTNESS RESULT (tested): V from only 2-4 OSJ sweeps that plain finalize FAILS ALL PASS with RR -> lets W3 run its FP8 OSJ at a much lower sweep count and have this layer fix the residual; Ritz values come out signed+ascending automatically. Validates all 39 shapes. geomean 95442us -- regression vs iter2 60873us because on this EXACT-V stand-in RR's eigh(M) is pure overhead (M already diagonal but still pays cuSOLVER per-matrix dispatch ~2nd full eigh; shape11 235k->452k). RR's value only shows on a genuinely under-converged OSJ V. iter4 restores the lean live config."
2026-06-27T12:34:38.422852,4,12,4,60895.695,succeeded,4f928caffe36435e042768742901bd179e58ed98,"Restored lean live config: osj_finalize(ns_iters=3, rayleigh_ritz=False, fallback=False) -- best standalone number since on the exact Gram-eigh stand-in both RR and fallback are pure overhead. Both stay AVAILABLE via parameters for W3's combine. Validates all 39 shapes. geomean 60896us (==iter2 60873 within noise; vs 95442 iter3). Branch tip carries BOTH the best standalone result AND the complete reusable indefinite-spectrum correctness module. Final profile (n=512 dense) confirms the stand-in's inner eigh(Gram) dominates (sytrd4_cta 18.8% + gemvx/symv 28.8% + laed 7.4% + cutlass simt sgemm Gram-form ~20%); my correctness-layer ops (NS bmms, Rayleigh, sort) are negligible -- so W3's fast FP8 OSJ replacing bmm(Gram)+eigh(Gram) is where the speed comes from while this thin layer adds ~nothing."
2026-06-27T12:35:56.650671,4,12,N/A,N/A,brief_stop,N/A,"Brief 12 (indefinite-spectrum correctness layer for the OSJ solver) DELIVERED and exhaustively explored across 5 committed iterations. Branch tip 4f928caff: a clean, reusable, validated module (pd_shift / ns_orthonormalize / osj_finalize) that turns one-sided-Jacobi singular vectors of a SHIFTED matrix into a gate-passing SIGNED symmetric eigendecomposition of the original A. Validates all 39 test + 13 benchmark shapes. Best standalone geomean 60873/60896us (iter2/iter4; regression vs cuSOLVER ~54k -- see below, it is INHERENT to the stand-in, not the layer).

THE ROOT-CAUSE FINDING (built+measured, the crux the brief targeted): one-sided Jacobi diagonalizes the GRAM W^T W, so for indefinite A it hits a +-lambda FALSE DEGENERACY -- A^2 has a double eigenvalue lambda^2 for every (+lambda,-lambda) pair, so OSJ returns an arbitrary basis of that 2-D space that MIXES the +- eigenvectors and is NOT an eigenvector of A. Raw OSJ on indefinite/mixed/clustered/signed-lapack therefore FAILS the eigen gate hard (scaled_eigen_residual ~1e4, measured on dense/spectrum/clustered/rankdef/lapack). THE FIX: a per-batch-element PD shift A->A+cI via the Gershgorin lower bound on lambda_min (guaranteed to make A+cI strictly PD on every input incl the heterogeneous mixed batch; c is loose ~5-18x|lmin| but over-shift is SAFE) removes the false degeneracy -> eigen residual drops to ~2e-5. DECISIVE: with the fallback OFF, EVERY benchmark shape passes the gate ON ITS OWN -- rankdef/nearrank/clustered/mixed pass WITHOUT any cuSOLVER re-solve (max orth ~1e-6, max eigen-resid ~1e-5), so the PD-shift+NS layer does the real work, NOT a fallback (no reward-hacking).

ALL BRIEF DELIVERABLES MET: (a) per-element Gershgorin PD shift; (b) signed L via Rayleigh quotient diag(Q^T A Q) on the ORIGINAL un-shifted A; (c) hard-gated ascending sort + Q-column permutation; (d) the NS-prescale orthonormalization -- IMPROVED over my brief-11 version: that bound sqrt(||X||_1*||X||_inf) over-estimates sigma_max ~sqrt(n) for an already-orthonormal X and BREAKS it (orth blows to 0.69); a GRAM-based bound sig_ub=(||G||_1*||G||_inf)^.25 with G=X^T X reads ~1.0 for orthonormal X (no-op) yet still normalizes a genuinely ill-scaled rankdef X (sigma up to 10). Plus a REQUIRED pow2 prescale of A before forming the Gram (the extreme high/low-magnitude LAPACK cases overflow W^T W -> eigh fails to converge without it).

TWO ROBUSTNESS KNOBS FOR THE COMBINE (both off on the exact stand-in, both proven by test): (1) fallback=True -- a two-stage detector (FP32 screen -> FP64 confirm of only flagged -> cuSOLVER on the truly-bad few) guarantees no failing element is emitted, so the combine cannot fail end-to-end even if the FP8 OSJ misses a few hard matrices. (2) rayleigh_ritz=True -- diagonalize the small near-diagonal M=Q^T A Q and rotate Q<-Q@U; recovers EXACT Ritz pairs in span(Q) regardless of how diagonal M is, RESCUING a severely under-converged OSJ V (V from only 2-4 OSJ sweeps that plain finalize FAILS all PASS with RR; values come out signed+ascending automatically). This is the key combine lever: it lets W3 run its FP8 OSJ at a MUCH lower sweep count (the dominant O(n^3) cost) and have this layer fix the residual.

WHY STANDALONE REGRESSES (not the layer's fault): the live custom_kernel uses the EXACT OSJ fixed point = eigh-of-shifted-Gram as the OSJ stand-in (W3 owns the real fast OSJ kernel). That stand-in does bmm(Gram)+eigh(Gram) ~= 2x eigh work (profile-confirmed: sytrd4_cta 18.8% + gemvx/symv 28.8% + laed 7.4% are cuSOLVER's inner eigh(G); cutlass simt sgemm ~20% is the Gram bmm). My correctness-layer ops (NS bmms, Rayleigh, sort) are NEGLIGIBLE in the profile. So the layer adds ~nothing; W3's FP8 OSJ replacing the bmm(Gram)+eigh(Gram) line is where the speed comes from.

HANDOFF TO MANAGER/COMBINE: combine W3's OSJ kernel (worker-3-brief-12 21ac2bab1, the osj_full kernel produces V from shifted W) with this branch's osj_finalize(rayleigh_ritz=True, fallback=True). W3's _eigh_osj ALREADY does a (looser, full-row-norm) PD shift + Rayleigh L but has NO NS reorthonormalization and no RR/fallback -- swapping its tail for this osj_finalize adds the cluster/rankdef robustness and the under-converged-V rescue. CRITICAL handoff numbers (partial-OSJ sim): plain finalize needs OSJ offdiag/diag < ~1e-6 to pass (clustered/indefinite converge slowest due to the near-degeneracy); with rayleigh_ritz=True, 2-4 sweeps suffice. NS-prescale port requested by the brief is done (and fixed). No further standalone speed is reachable on this stand-in -- the layer is correctness/robustness infrastructure whose value is realized only in the combine with a fast OSJ front-end."
2026-06-27T12:43:04.787670,4,13,N/A,N/A,brief_start,N/A,"The roofline win needs a GEMM-bound fused Jacobi nobody has built — the two failures are warp-serial tiny-block (4.5s, occupancy-starved SIMT, no tensor cores) and all-PyTorch batched (923ms, gather/scatter + per-block-eigh launch bound). Build the missing middle: a single cooperative-CTA CUDA kernel that holds each matrix's block-columns resident on-chip and runs the whole multi-sweep one-sided Jacobi inside one launch, with the block-pair Gram and rotation-apply as on-chip tensor-core GEMMs (cuBLASDx/wmma) and batch-parallelism across all 640 matrices keeping the tensor cores fed, then route its output through your validated osj_finalize."
2026-06-27T13:22:31.246094,4,13,0,390028.395,succeeded,92a23996e7cc4fbc069ff2fd893b6709c6381985,"Fused TF32 tensor-core one-sided block-Jacobi kernel (n=512): one launch per block-pair, CTA owns one (matrix,pair), stages 512x64 FP32 panel on-chip, Gram=Pf^T Pf as TF32 wmma GEMM, in-SMEM cyclic Jacobi inner-eig, in-place per-row apply to A+V panels, batch-parallel over 640 matrices. Builds clean sm_100a (wmma, no extra libs), validates all 39, zero banned tokens. GO/NO-GO RESOLVED: FP16/TF32 one-sided Jacobi PASSES n=512 gate via osj_finalize FP64 Rayleigh-Ritz (the unlock W1's FP64 wall missed). MEASURED: offdiag plateaus ~1.4e-2 (precision NOT the limiter -- TF32==FP16); Brent-Luk schedule STALLS (inner-eig reorders columns breaking alignment, W1's non-permuting wall), cyclic converges better. RR eigh(M) hardened (jitter retry+identity last-resort) so under-converged clustered never throws. geomean 390028us regression -- shape 11 blows to 14.7M (kernel under-converges, whole batch falls to cuSOLVER). PIVOT per coordinator: W2 shipped remote-ACCEPTED precision_polish (CholQR2+nd_refine, 25.6ms, fixes offdiag perturbatively), so kernel only needs ROUGH convergence+throughput; compose W2 post-pass via combine, fewer sweeps, faster schedule."
2026-06-27T13:32:08.394640,4,13,1,304555.165,succeeded,ace1712d0e4ad3537908f544a7cc42467c74d32f,"Composed W2's remote-ACCEPTED precision_polish back-end (CholQR2+nd_refine, parent 32e04e7b sub 838878), ported with the portable FP32-bmm gemm_bf16x9 fallback. Kernel produces ROUGH Q -> precision_polish fixes orth+offdiag -> _safety_net re-solves residual. Kernel sweeps 8->6. Validates all 39. geomean 304555us (vs 390028 iter0). Shape 11 (lapack_dense_even_spectrum) still 7.75M: kernel offdiag STALLS at ~0.16 on the evenly-spaced random-sign spectrum (densely-packed shifted-Gram -> glacial Jacobi convergence), too rough for nd_refine -> all 16 fall to cuSOLVER safety net. precision_polish proven (EXACT V -> eig_resid 9.2e-6); remaining problem is purely kernel convergence on tight spectra. Submitting early to de-risk remote build. NEXT: fix kernel convergence on even/clustered."
2026-06-27T14:10:06.336296,4,13,2,303668.928,succeeded,036c9ace7da7d6271bf6ca195d4ba45d1aa79ac4,"Routed fused kernel through osj_finalize(RR) -- MEASURED head-to-head: on the kernel's rough Q (offdiag~1.4e-2 dense), W2's cheap nd_refine FAILS (dense eigr 0.93, CholQR non-PD) -- needs tighter input; osj_finalize FP64 Rayleigh-Ritz (full eigh of small near-diagonal M) is ROBUST (dense eigr 2.6e-6). Validates all 39, geomean 303669us (~iter1). BLOCKER isolated: kernel non-permuting in-place inner Jacobi converges offdiag ~1.4e-2 dense but ~0.16 on lapack_dense_even_spectrum (densely-packed shifted-Gram, glacial convergence) -> shape 11 (640 mats) falls to cuSOLVER safety-net 7.7M us, dominating geomean. PROVEN fix is PERMUTING inner (PyTorch: random-order stalls 1e-2, ascending-sorted converges 1e-6); in-kernel column-sort integration still buggy. Kernel BUILDS+VALIDATES+REMOTE-ACCEPTED (sub 838935 rank 6 49739us). Speed win needs the in-kernel permuting-sort fix."
2026-06-27T14:16:47.062115,4,13,N/A,N/A,brief_stop,N/A,"Brief 13 (fused GEMM-bound one-sided block-Jacobi megakernel for n=512) BUILT, VALIDATED, REMOTE-ACCEPTED, and exhaustively characterized across 3 committed iterations. Best committed: iter2 (036c9ace), validates all 39 shapes, geomean 303669us. Remote: submission 838935 ACCEPTED, rank 6, public 49,739us (built+ran on B=640 with no compile error -- the wmma/sm_100a/load_inline megakernel IS leaderboard-portable; this de-risks the build the coordinator flagged twice).

WHAT WAS BUILT: a single CUDA launch per block-pair, one CTA per (matrix,pair), stages the 512x64 FP32 panel on-chip, Gram=Pf^T Pf as a TF32 wmma TENSOR-CORE GEMM (FP32 accumulate), in-SMEM cyclic Jacobi inner-eig, in-place per-row rotation-apply to the A-panel and V-panel, batch-parallel over all 640 matrices. Routed through my brief-12 osj_finalize (PD-shift + signed L + RR + safety-net). Zero banned tokens.

THE GO/NO-GO UNLOCK (decisive, the thing W1's 'FP64 required' wall missed): a one-sided Jacobi whose Gram+rotation run in FP16/TF32 tensor-core precision PASSES the n=512 eigen gate once routed through an FP64 Rayleigh-Ritz refinement (osj_finalize rayleigh_ritz=True diagonalizes the small near-diagonal M=Q^T A Q EXACTLY) -- verified scaled_eig_resid 0.03-0.10 vs gate ~200 on dense/clustered/mixed/rankdef/spectrum/lapack. So the kernel CAN be low-precision; FP64 lives only in the cheap final RR. This validates the brief's core thesis.

THE TWO BLOCKERS (both profile/measurement-isolated, both = the SAME root cause = my hand-rolled in-kernel inner-eig): (1) SPEED: nsys shows osj_round_kernel is 97.2% of GPU = 10.4ms PER LAUNCH; the wmma Gram (the fast tensor-core part) is dwarfed by the in-SMEM cyclic Jacobi inner-eig which does ~2016 pairs x 3 syncthreads = ~12k serial syncs/launch -- it is SERIAL-BOUND, not GEMM-bound (the same warp-serial trap W3/brief-2 hit). With 120 cyclic pairs x 6 sweeps = 720 launches that is 7.47s for the n=512 dense shape vs cuSOLVER 171ms. (2) CONVERGENCE: the non-permuting in-place inner converges to offdiag(W@V) ~1.4e-2 on dense but only ~0.16 on lapack_dense_even_spectrum (the evenly-spaced random-sign spectrum -> densely-packed shifted-Gram -> glacial one-sided Jacobi), too rough even for RR -> shape 11 (640 mats) falls to the cuSOLVER safety-net = 7.7M us, dominating the geomean. I PROVED in PyTorch that a PERMUTING (eigenvalue-sorted) inner converges to 1e-6 (vs 1e-2 for arbitrary order), but my in-kernel column-sort, even with a correct dedicated perm buffer and high inner_sweeps, did NOT reach it -- because my hand-rolled cyclic Jacobi inner is not accurate/orthonormal enough (V_orth drifts 7e-4->1.8e-3 over sweeps; the inner G offdiag stays ~1e-2 at isw=10), so sorting an inaccurate U/diagonal does not help.

DECISIVE RECOMMENDATION: BOTH blockers are the hand-rolled inner-eig, which the coordinator explicitly said to lean on W1's primitive for. The next iteration MUST replace my in-SMEM cyclic Jacobi with W1's PROVEN templated inner block-eig DEVICE function (worker-1-brief-7 edd3e82b: analytic 2x2 two-sided Jacobi, SMEM-resident, bank-conflict-padded, precomputed round-robin schedule, FP32/FP64, 5x faster than my version, accurate) called as a __device__ function inside the megakernel's per-pair loop. That fixes (1) the serial-sync bottleneck (W1's inner is parallel-ordering, ~D2/2 pairs/round not all-pairs-serial) AND (2) the convergence (W1's inner is accurate, so the eigenvalue sort then works and offdiag reaches ~1e-6, into nd_refine's cheap-post-pass regime). With a tight kernel, swap the RR back-end for W2's cheap precision_polish/nd_refine (12.2ms) via combine -- I measured nd_refine FAILS on my rough 1.4e-2 Q (dense eigr 0.93) but works perfectly on a tight Q (W2 proved >=16x margin), so the kernel convergence fix is the gate to using the cheap back-end.

REUSABLE/COMPOSABLE: (a) the whole brief-12 correctness layer (pd_shift/ns_orthonormalize/osj_finalize with RR+fallback) is the robust shell around any OSJ kernel and is proven on the rough kernel output; (b) W2's precision_polish is ported here (FP32-bmm fallback) ready for combine once the kernel is tight; (c) the TF32-wmma Gram + in-place per-row FP32 apply (no second SMEM stage) is a clean, correct, SMEM-fitting (160KB at n=512 nb=32) tensor-core building block. The megakernel BUILDS and is REMOTE-PORTABLE -- it is the right bet, blocked only on swapping in W1's inner."
2026-06-27T14:30:27.275482,4,14,N/A,N/A,brief_start,N/A,"Your fused megakernel is remote-accepted (838935, proving the wmma/sm_100a fused tensor-core path is leaderboard-portable) but serial-bound on its hand-rolled in-SMEM inner-eig (97% of GPU, ~12k serial syncthreads/launch) which also plateaus too rough to converge (offdiag ~1.4e-2 dense / ~0.16 even-spectrum). Combine in the fleet's fast parallel-ordering batched 128x128 inner block-eig kernel (W3's jacobi_eig, 4d179921 — measured 10.4ms, FASTER than torch.eigh's 15.5ms, at your panel's native d2=128) in place of the hand-rolled inner, keeping your wmma Gram and in-place rotation-apply, and expose the pre-finalize per-matrix residual so the harness can gate the eigen finalize."
2026-06-27T14:39:22.927551,4,14,0,167732.197,succeeded,35a04a76aecc15172b4feae379287be0af413ccb,"COMBINE: inlined W3's jacobi_eig parallel-ordering inner-eig (4d179921) into my fused megakernel, replacing the hand-rolled all-pairs-serial inner (97% of GPU). HALF=D2/2 disjoint rotations/round x 3 syncs vs ~D2^2/2 serial pairs. Kept my wmma TF32 Gram + in-place apply + osj_finalize(RR)+safety-net. THE WIN: parallel-ordering inner converges every shape enough that RR clears the gate with ZERO cuSOLVER fallback (post-RR eigr ~1e-6 dense/even/clustered/mixed/rankdef) -- incl lapack_dense_even_spectrum (shape 11) which serial left at offdiag 0.16 (whole batch to cuSOLVER 7.7M); parallel inner -> 2e-2 (RR-fixable). Validates all 39. geomean 303669->167732us = 1.81x. Shape 11 7.7M->1.67M. inner_sweeps=2 stable floor (isw=1 NaNs). NEXT: shape 11 RR eigh(M) ~201ms is now the cost -> swap to cheap precision_polish."
2026-06-27T14:49:05.883357,4,14,1,160451.574,succeeded,7f12a36e2d3cb330404d63f596fbf5bd785f6fda,"Brent-Luk OUTER schedule: W3's parallel-ordering inner makes it converge (stalled with old serial inner), nblk/2=8 disjoint pairs/launch -> 15 launches/sweep vs cyclic 120. Same convergence. Validates 39. geomean 167732->160451us (modest; per-launch GPU work dominates, not launch overhead). Shape 11 still 1.49M (RR eigh(M))."
2026-06-27T14:53:41.265025,4,14,2,100023.076,succeeded,f13c61476d9d8cf13fa50aed7dd6970d0b0eedb4,"Outer sweeps 6->1: at sweeps=1 the kernel captures enough span that RR's FP64 eigh(M) refines every shape to post-RR eigr 5.3e-6 (dense/even/clustered/mixed/rankdef). 6x less kernel work. Validates 39. geomean 160451->100023us (3x over brief-13 303669). n=512 shapes 1.45M->420k (RR eigh(M) now dominant, ~2.5x cuSOLVER). NEXT: cut RR eigh(M)."
2026-06-27T15:04:05.981763,4,14,3,77565.262,succeeded,2cecd595a1e01edc5b1edd8148c5d70e4e180249,Routed n=1024 to plain cuSOLVER eigh (dropped the 2x-eigh-of-Gram stand-in regression). n=1024 shapes 239k->105k. Validates 39. geomean 100023->77565us (3.9x over brief-13 303669). n=512 group (~420k x5) now dominant.
2026-06-27T15:06:54.531960,4,14,4,77752.051,succeeded,fe9f4db69404e55405c1e7a3059e8cd68419c6b4,"TF32 tensor cores for the RR M-formation GEMMs (FP64-input eigh absorbs the rounding, post-RR eigr 4e-4 vs 0.012 gate). Perf-neutral (eigh(M) is the RR bottleneck not the GEMMs), free+correct. geomean 77752us (==77565 noise). Validates 39. DOCUMENTED DEAD-END: cheap iterative perturbative polish (nd_refine-style, NS-reorth, 3-8 rounds) does NOT clear the gate on the kernel's rough Q (eigr stalls 0.15-0.4) -- needs tighter input than offdiag ~1.2e-2; RR full eigh(M) required. Cheap post-pass needs in-kernel per-sweep reorder (open follow-up)."
2026-06-27T15:09:39.975832,4,14,N/A,N/A,brief_stop,N/A,"Brief 14 (COMBINE: my fused megakernel 036c9ace + W3's jacobi_eig parallel-ordering inner 4d179921) DELIVERED -- a 3.9x speedup, the combine killed BOTH blockers I had isolated. Best committed: iter3 (2cecd595) geomean 77565us, validates all 39 (iter4 fe9f4db is 77752 within noise + a free TF32-RR-GEMM cleanup). Trajectory from the brief-13 baseline 303669us: 167732 -> 160451 -> 100023 -> 77565 = 3.9x.

THE COMBINE (what worked, measured): inlined W3's parallel-ordering two-sided Jacobi as the megakernel's inner-eig, replacing my hand-rolled all-pairs-SERIAL inner. Kept my wmma TF32 Gram + in-place per-row apply + the brief-12 osj_finalize(RR)+safety-net shell. Added the (D2-1,D2/2,2) inner round-robin schedule. FOUR measured wins stacked: (1) the parallel inner (HALF=D2/2 disjoint rotations/round x 3 syncthreads vs ~D2^2/2 serial pairs) cut the kernel from 10.4ms/launch to 1.97ms (5.3x) AND converges every shape enough for RR to clear the gate with ZERO cuSOLVER fallback -- crucially fixing lapack_dense_even_spectrum (shape 11) which my serial inner left at offdiag 0.16 (whole batch -> cuSOLVER 7.7M us); the parallel inner gets it to ~2e-2 (RR-fixable, post-RR eigr ~1e-6). (2) Brent-Luk OUTER schedule now converges (it stalled with the serial inner): nblk/2=8 disjoint pairs/launch -> 8x fewer launches. (3) outer sweeps 6->1: RR is powerful enough that 1 sweep captures the span (worst post-RR eigr 5.3e-6), 6x less kernel work -- the single biggest win (160451->100023). (4) routed n=1024 to plain cuSOLVER eigh (the eigh-of-Gram stand-in was a 2x-eigh regression): n=1024 shapes 239k->105k.

REMOTE: my brief-14 combine submission 839071 was ACCEPTED (built+ran B=640, no compile error) -- confirms the combined wmma+jacobi_eig kernel is leaderboard-portable. (The popcorn submit service then went down -- 3+ consecutive 'operation timed out' on code.run for later commits, a fleet-wide infra outage, not a code/verdict failure; the local 77565us stands.)

THE REMAINING BOTTLENECK (profile-isolated at iter4, the clear next step): n=512 shapes are ~420k (~2.5x cuSOLVER 171k), split kernel 49% (207ms, 13.8ms/launch x 15) + RR's eigh(M) ~30% + GEMMs ~15%. The decisive lever is REPLACING RR's full cuSOLVER eigh(M) with W2's CHEAP nd_refine (12-25ms vs eigh(M) ~130ms) -- but MEASURED nd_refine FAILS on my kernel's rough Q (offdiag ~1.2e-2: dense post-polish eigr 0.9-3.0, CholQR hits non-PD; a custom NS-reorthonormalized iterative perturbative polish also stalls at eigr 0.15-0.4 over 8 rounds). nd_refine's first-order correction NEEDS a much tighter input than the kernel gives. The kernel plateaus at offdiag ~1.2e-2 because W3's parallel-ordering inner is NON-PERMUTING (no eigenvalue sort) -- to converge tighter (offdiag ~1e-3, nd_refine's regime) the megakernel needs the per-sweep column REORDER (W3's _reorder_rotation aligns the unsorted eigenvectors to the fixed-column outer schedule). I attempted an in-kernel column-sort but could not get it correct (it broke convergence; applying _reorder_rotation to the final V does NOT help -- it must be per-pair, per-sweep, inside the kernel). RECOMMENDATION: the next iteration adds the per-sweep reorder inside osj_round_kernel (sort U's columns by the diagonalized G's eigenvalues, or W3's argmax-row alignment, applied to BOTH the A-panel and V-panel applies) so the kernel reaches offdiag ~1e-3, then swap RR's eigh(M) -> nd_refine. That removes the ~130ms eigh(M) and should push the n=512 group under cuSOLVER. The whole pipeline BUILDS, VALIDATES (39/39), is REMOTE-ACCEPTED, and is 3.9x faster -- the combine bet paid off; the last 2.5x on n=512 is gated on the in-kernel reorder + cheap polish."
2026-06-27T15:14:35.757144,4,15,N/A,N/A,brief_start,N/A,"Your combine is a real result — remote-accepted at 77,565us (3.9x in-lineage) and banked as the fused-megakernel frontier. But the n=512 dense path is now exhausted: the eigh(M)->nd_refine lever is blocked because the parallel-ordering inner is mathematically non-convergent below offdiag ~0.02 (simultaneous all-pairs rotations interfere — W3 proved this), so the rough-Q->cheap-polish regime is unreachable and dense ties cuSOLVER. Pivot to STRUCTURE, where the win is: own mixed(n=512 b640), a heterogeneous batch where each matrix has an independently-assigned conditioning profile. Build a per-matrix-adaptive solver that detects each matrix's structure (rank/cluster/conditioning) and routes it to the cheapest correct path within the batched kernel — exploiting that a 'mixed' batch contains many individually-easy matrices cuSOLVER solves with a uniform expensive path. Reuse your fused wmma/jacobi_eig kernel for the matrices where it helps and cuSOLVER/projector for the rest, finalize through W2's precision_polish. Feed W5's route table. Distinct from W0 (also mixed at the ROUTING level — you own the per-matrix WITHIN-batch kernel mechanism; coordinate via W5's table)."
2026-06-27T15:33:35.767996,4,15,0,72404.297,succeeded,5681b2eb66ac630fd79174151e84d2b99523d248,"Per-matrix WITHIN-BATCH dispatch mechanism for mixed, honestly instrumented (EIGH_DISPATCH=1 prints per-route counts: custom=0 cuSOLVER=640 on mixed -- no silent fallback masquerade). Cheap trace-moment probe (kurtosis+rank, 2 GEMMs) + kurtosis-spread mixed-batch detector. MEASURED VERDICT: no custom path beats cuSOLVER on mixed -- cuSOLVER per-matrix eigh is UNIFORM across sub-structures (286-387us/mat), deflates few-distinct internally, no slow sub-population; reduced solves tie (~480us==cuSOLVER), D&C-256 has 2x floor but blocked on the split+rank-revealing-orthonormalization wall (crashes even with W2 robust_orthonormalize), kernel+RR ~923us loses. So mixed->cuSOLVER: geomean 77565->72404 (shape6 mixed-n512 420k->168k, kernel LOST to cuSOLVER on mixed). CRITICAL: SAME holds for uniform n=512 -- pure cuSOLVER geomean 54177 vs kernel-path 72404; the fused megakernel LOSES to cuSOLVER on EVERY n=512 shape, the '3.9x' was vs my own regressions not cuSOLVER. Routing all n=512 to cuSOLVER -> 54177 (a further 1.3x) is the W0/W5 route-table layer, flagged."
2026-06-27T15:35:30.573214,4,15,N/A,N/A,brief_stop,N/A,"Brief 15 (per-matrix WITHIN-BATCH adaptive solver for mixed n=512) explored rigorously and HONESTLY-INSTRUMENTED. Best committed: iter0 (5681b2eb), validates all 39, geomean 72404us (from the combine parent 77565). The deliverable -- a cheap trace-moment per-matrix probe + an instrumented dispatch (EIGH_DISPATCH=1 prints per-route counts, e.g. 'custom=0 cuSOLVER=640' on mixed) so no 'win' can be a silent cuSOLVER-fallback masquerade (the fleet-wide honesty rule) -- is built and working.

THE MEASURED VERDICT (built+timed every angle, not reasoned): mixed has NO structure win; cuSOLVER is the right route for every matrix in it. (1) cuSOLVER's per-matrix eigh is UNIFORM across mixed sub-structures (286-387 us/mat: clustered 286, repeated 289, dense 338, band 367, even-spectrum 387) -- it deflates few-distinct/low-rank spectra INTERNALLY, so there is NO slow sub-population to undercut by routing to a custom path. (2) A reduced 2-cluster projector solve is ~480 us/mat == cuSOLVER (confirms my brief-9). (3) A divide-and-conquer to 2x eigh(256) has a real ~2x FLOOR (151 vs 339 us/mat on dense) BUT the invariant-subspace split (matrix sign) + rank-revealing orthonormalization is the FLEET-WIDE WALL: it crashes on the rank-deficient projected Gram and the unconverged matrix-sign projector, even with W2's robust_orthonormalize (the RR eigh(M) then fails to converge). (4) W2's two-stage wins ONLY on well-separated uniform spectra (lapack_dense_even, where cuSOLVER can't deflate); the mixed kurtosis-window matrices (96/640) are the repeated+band profiles, which cuSOLVER DEFLATES (289/367 us, NOT a slow zone), so routing them to the two-stage would LOSE. So _eigh_mixed routes all 640 to cuSOLVER: shape6 mixed-n512 dropped 420k->168k (because the kernel path LOST to cuSOLVER on mixed), geomean 77565->72404.

CRITICAL FINDING FOR THE MANAGER (decisive, fully measured -- reshapes the kernel's standing): my fused megakernel+RR LOSES to cuSOLVER on EVERY n=512 shape, not just mixed. Per-matrix B=128: dense cuSOLVER 738 vs kernel+RR 1182 (0.62x), clustered 418 vs 1527 (0.27x), rankdef 721 vs 1585 (0.45x), even 746 vs 1506 (0.50x) -- the kernel is 1.6-3.7x SLOWER everywhere. WHOLE-BENCHMARK CONFIRM: routing ALL n=512 to cuSOLVER gives geomean 54177us vs the kernel path's 72404 -- a further 1.3x. The '3.9x in-lineage' I reported in brief 14 was vs my OWN earlier regressions, NOT vs cuSOLVER; against cuSOLVER the kernel is a net LOSS. The kernel is GEMM-bound and correct (a real engineering result, remote-accepted) but the RR eigh(M) tail (~600 us/mat, a full eigh) makes the whole path cost MORE than cuSOLVER's single eigh -- and the cheap nd_refine that would fix that is mathematically unreachable (offdiag floor ~0.02, the refuted lever). RECOMMENDATION: route ALL n=512 (not just mixed) to cuSOLVER in the route table -> 54177us, which matches the run's true frontier (global best ~51k = cuSOLVER + lapack_dense_even two-stage). The fused-megakernel lineage is a dead end vs cuSOLVER for the eigh metric; its reusable value is the proven remote-portable wmma/jacobi_eig build pattern and the brief-12 correctness layer, not a speedup. My brief-15 mechanism (instrumented per-matrix probe + dispatch) is the clean place W5's route table plugs any future sub-cuSOLVER structured solver, with the dispatch fraction always visible. No structure win exists for mixed; the honest best is cuSOLVER."
2026-06-27T15:38:10.448618,4,16,N/A,N/A,brief_start,N/A,"Your mixed verdict was honest and correct (cuSOLVER is the route; the fused megakernel loses to cuSOLVER on every n=512 shape — the 3.9x was vs your own regressions). You surfaced the real lever: a divide-and-conquer to 2x eigh(256) has a measured ~2x per-matrix floor (151 vs 339us) but is blocked on the invariant-subspace-split + rank-revealing-orthonormalization wall (the split basis is rank-deficient at the spectral boundary; crashes even with robust_orthonormalize). That wall blocks the 2x D&C floor on MULTIPLE shapes (clustered, rankdef, any spectral split), so build it once as a reusable primitive: a custom rank-revealing / pivoted-Householder QR kernel (tensor-core where possible) that orthonormalizes a rank-deficient invariant-subspace basis at a spectral split without crashing, exposing the numerical rank. Then demonstrate it unblocking the depth-1 spectral-D&C-to-2x-eigh(256) on a structured shape. CRITICAL: benchmark the whole split path SPLIT-INCLUSIVE (projector + your rank-revealing orthonormalization + 2x eigh(256) + recombine), not the eigh-only floor — the floor is real per-matrix but the orthonormalization cost may eat the 339->151us gain, so only a split-inclusive net win counts. Instrument the custom-path execution fraction (no silent cuSOLVER fallback). W1 (clustered projector) and W3 (rankdef projector) can then share your primitive."
2026-06-27T15:44:11.362645,4,16,N/A,N/A,brief_stop,N/A,"Brief 16 (rank-revealing-QR primitive to unblock D&C-to-2x-eigh(256)) -- DECISIVE NEGATIVE, refuted SPLIT-INCLUSIVE. No working+committed iteration (the lever is killed before a primitive is worth building); branch tip stays at the brief-15 parent (5681b2eb, the honest mixed dispatch, geomean 72404).

THE VERDICT (built+measured, the critical split-inclusive discipline the brief demanded): a depth-1 spectral D&C to 2x eigh(256) LOSES to cuSOLVER ~0.55x on EVERY structure when timed SPLIT-INCLUSIVE (projector + orthonormalization + 2x eigh + recombine), NOT the eigh-only floor. Measured with my brief-4 QDWH-sign + oversampled-containment D&C (which already SOLVED the rank-deficiency the brief targeted -- oversampled containment + Rayleigh-Ritz sidesteps the exact-rank requirement, no rank-revealing QR needed, and VALIDATED in brief 4): B=64, depth=1 -- dense cuSOLVER 567 vs QDWH-D&C 1038 us/mat (0.55x), clustered 563 vs 1041 (0.54x), rankdef 561 vs 1043 (0.54x), even 625 vs 1046 (0.60x). The split-inclusive D&C is ~2x SLOWER than cuSOLVER everywhere.

WHY A RANK-REVEALING QR DOESN'T HELP: the brief's premise was that the orthonormalization is the blocking cost. It is NOT the only cost -- the matrix-sign / projector CONSTRUCTION is ~half the total (my brief-4 profiling: QDWH-sign ~22% of n=512 runtime; plus 2x eigh(256) = 2x151 = 302us already ~= cuSOLVER's 565). So even a FREE perfect rank-revealing QR leaves sign + 2x eigh(256) >= cuSOLVER. The eigh-only 2x floor (151 vs 339) is real per-matrix but the split-inclusive floor (sign + 2x eigh + orthonormalize + back-transform) exceeds cuSOLVER. Additionally the matrix sign itself is fragile/expensive on indefinite dense (plain Newton-Schulz and inverse-Newton both DIVERGE without QDWH; QDWH is the only robust form and it costs QR/chol+trsm per iter x ~6 iters).

CONCLUSION: the D&C-256 lever is dead split-inclusive across clustered/rankdef/dense/even -- the orthonormalization was never the gating cost, the sign+leaf-eigh floor is. The rank-revealing-QR primitive would be correct engineering but cannot produce a net win, so it was not built (a built primitive with no path to a win would be a mirage). The fleet's real structure win is W2's per-shape routing (lapack_dense_even/geometric where cuSOLVER deflates badly), not a general spectral split. Recommend consolidating the certified per-shape wins into the route table."
2026-06-27T16:02:19.687269,4,17,N/A,N/A,brief_start,N/A,"Land both certified structure wins into ONE router as the live frontier. Combine W2's geometric low-rank solver (f341767c: geo engine + shared primitives) with W5's certified even two-stage aggregate (0d396d25: ts_tri_eig + _two_stage_beats_cusolver detector): base on the geo solver, append the even two-stage, with INDEPENDENT per-slot guards so each degrades to cuSOLVER on its own (a remote ts_tri_eig build failure must lose ONLY shape 11, never shape 12's remote-accepted geo win). Verify the two detectors are disjoint (even->shape 11 only, geo->shape 12 only, all else cuSOLVER, no regression — you already confirmed this locally), instrument BOTH routes (route_stats/lowrank_stats) at 0% silent fallback, audit the WHOLE file including comments for the 'stream' token before validating, and hand the validated candidate to W5 for the SINGLE leaderboard submission (do not double-submit). The result is the run's two genuine certified wins (geometric 1.51x + even 1.318x, disjoint shapes, ~+6% combined) live in one instrumented router."
2026-06-27T16:20:26.457319,4,17,0,52625.106,succeeded,b7b8ba8b88736dd5441bd6deb04dd3d777c9e987,"COMBINE: both certified structure wins in one router. W2 geometric low-rank (f341767c, _GEO_CUSTOM) + W5 certified even two-stage (0d396d253 ts_tri_eig, _EVEN_CUSTOM): based on geo, appended even block (guarded _TS_MOD distinct from geo _GMOD), combined custom_kernel routes geo(n>=896 geometric)+even(n in [448,640] even), cuSOLVER else. Independent per-slot guards (ts_tri_eig build fail -> shape11 cuSOLVER, shape12 geo unaffected). Both modules build clean locally; zero stream tokens (whole file audited); detectors DISJOINT (even->11, geo->12, else cuSOLVER). CRITICAL FIX: the geo gate used eps32=2*eps (DOUBLE the checker's), so scaled~215 matrices passed yet FAILED the FP64 checker (W2 ef1594a78 caught same; nondeterministic sketch -> benchmark repeats hit bad draws). FIX: per-matrix FP64 safety net with CORRECT eps mirroring all 3 checker gates (eigen/recon/orth), re-solves ONLY over-margin matrices with cuSOLVER -- win kept on 97-99% custom, bad draw caught+re-solved, NEVER ships wrong. VERIFIED 0/20 shipped-wrong; 3 benchmark runs 52573-52763us NO shape-12 fail. Validates 39/39. geomean ~52.6k = ~3% under all-cuSOLVER floor (54177) -- run's FIRST genuine LANDED combined structure win. Both routes genuinely execute (lowrank_stats 97%+ custom, even detector fires), 0% silent fallback. Ready for W5 single submit."
2026-06-27T16:52:16.910084,4,17,1,52258.020,succeeded,429db22d378a65312e4af675d7849a1f583748f2,"Retired the geo slot (measured no-win vs the BATCHED base); kept the proven even win + batched-Xsyev frontier base. DECISIVE per-shape vs batched-Xsyev (the real remote frontier, not looped eigh): SHAPE 11 even two-stage 153ms vs batched 202ms = 1.32x KEEP (genuine win even vs the frontier base); SHAPE 12 geo 103.5ms vs batched 101.1ms = 0.98x RETIRE (geo only beat the slow looped 191ms base; vs batched it loses+adds randomized-sketch correctness risk for no win) -> shape 12 takes batched base, geo behind EIGH_GEO=1 for a remote A/B. Candidate: cusolverDnXsyevBatched universal base (ported from 13a3c5f, the remote-accepted frontier op sub 839135) + even slot (shape 11) only, all guards independent. Validates 39/39, zero stream tokens. LOCAL CONTRIBUTION QUANTIFIED: pure batched-Xsyev 53293us; +even slot 52258us (+2% from the genuine shape-11 win). geo+even (iter1) was also ~52.2k (geo added nothing). The batched base IS the real remote win (switching from looped torch.linalg.eigh); even adds ~2% IF ts_tri_eig builds remotely (guard degrades to batched on failure). Ready for W5 remote A/B: (1) does batched-Xsyev base beat the current frontier, (2) does even slot beat batched-Xsyev on shape 11 remotely."
2026-06-27T16:55:44.733191,4,17,N/A,N/A,brief_stop,N/A,"Brief 17 COMBINE delivered, validated, and made HONEST against the real remote frontier. Best committed: iter2 (429db22d), validates 39/39, geomean ~52.3k, zero 'stream' tokens, all module guards independent. READY FOR W5's SINGLE SUBMIT + remote A/B (I did NOT submit, per the brief's don't-double-submit).

THE CANDIDATE: cusolverDnXsyevBatched as the UNIVERSAL base (the real remote frontier -- sub 839135 0.04995s rank 6, commit 13a3c5f -- a SINGLE batched cuSOLVER call, vs looped torch.linalg.eigh which loops syevd per matrix at n>32) + ONE structure slot (even-spectrum two-stage, shape 11).  Ported the batched-Xsyev op as _batched_eigh (guarded -> torch.linalg.eigh if it doesn't build) and made it the default for EVERY non-custom shape AND the geo/structure full-call fallback -- this is the single biggest remote improvement (the structure wins were wrongly measured vs the SLOW looped base).

KEY DECISION (measured per-shape vs the BATCHED base, the coordinator's reframe): the structure slots only earn routing if they beat batched-Xsyev ON THEIR SHAPE.  EVEN (shape 11): two-stage 153ms vs batched 202ms = 1.32x -> KEPT (a genuine win even vs the frontier base).  GEO (shape 12): low-rank 103.5ms vs batched 101.1ms = 0.98x -> RETIRED (it only beat the slow looped 191ms base; against the batched frontier it LOSES and adds randomized-sketch correctness risk for no win).  geo kept callable behind EIGH_GEO=1 for a remote A/B.  LOCAL CONTRIBUTION: pure batched-Xsyev 53293us; +even slot 52258us (+2% from the shape-11 win); the geo+even version (iter1) was the same ~52.2k (geo added nothing).

CORRECTNESS WORK (the geo half was a mirage, caught + fixed): W2's f341767c geo CHECK-FAILED shape 12 reproducibly (its internal gate used eps32=2*finfo.eps = DOUBLE the checker's eps, AND FP32 underestimates the FP64 checker residual -> scaled~215 matrices passed the loose gate yet failed the real check; the randomized sketch made it nondeterministic so the benchmark repeats hit bad draws).  I rebased the geo on W2's canonical FP64-FIXED version (1485101f1: k=9n/16 + per-matrix FP64 gate at the checker's exact eps + per-matrix cuSOLVER re-solve of ONLY the bad matrices) -- verified 0/20 shipped-wrong, 97-99% custom.  Even though geo is now retired from routing, this confirms the FP64-per-matrix-gate pattern is the correct anti-mirage discipline.

INTEGRATION HYGIENE: three load_inline modules build clean locally (_XSYEV_MOD batched base, _GMOD geo BF16x9, _TS_MOD ts_tri_eig even), each guarded try/except -> graceful fallback.  Detectors disjoint (even->shape11 only).  Whole file incl CUDA source audited for 'stream' (even my own 'zero stream tokens' COMMENT tripped the validate scan -- removed; now 0).

THE OPEN REMOTE A/B FOR W5 (the only thing left, needs a leaderboard submit -- retry through the infra timeouts): (1) does the batched-Xsyev base beat the current frontier (it IS sub 839135's op, so should at least match 0.04995); (2) does the EVEN slot (ts_tri_eig) survive the remote KernelBot build AND beat batched-Xsyev on shape 11 remotely?  If ts_tri_eig fails the remote build, the independent guard degrades shape 11 to the batched base -> still a clean, correct, frontier-matching submission.  RECOMMENDATION: submit iter2 (429db22d); if the even slot doesn't help remotely, the pure-batched base (set _TS_MOD path off) is the guaranteed-frontier floor.  The honest local frontier is now batched-Xsyev + even = ~52.3k; the structure-routing era's real lesson is that batched-Xsyev (not looped eigh) is the base everything must beat."
2026-06-27T17:08:24.977220,4,18,N/A,N/A,brief_start,N/A,"Be the SECOND independent verifier alongside W3 on the final frontier candidate before it ships — two independent eyes on the leaderboard submission, with your OWN gold-standard harness (validate.sh + benchmark.sh), never trusting another worker's numbers. You caught the original geo FP32-gate mirage, so your independent eyes are what make the submission bulletproof. On W5's batched-Xsyev + geo@k512(170-gate) + even three-way candidate: confirm (1) even two-stage beats batched-Xsyev on shape 11 AND is FP64-correct; (2) geo@k512 with W2's 170-gate beats batched-Xsyev on shape 12, FP64-correct, AND no seed ships a matrix over 200; (3) the batched-Xsyev base is intact and FP64-safe on the other 11 shapes; (4) every custom slot's guard degrades cleanly to batched-Xsyev if its remote build fails (esp. the _GMOD build-failure you flagged — confirm it stays unused/None and changes nothing). Report any claimed-vs-measured discrepancy. W5 ships only what you AND W3 both certify. Also keep flagging any leaderboard anomaly you observe (the timing-exploit submissions) so the manager can surface them."
2026-06-27T17:29:25.544548,4,18,0,52806.643,succeeded,725a0d9e28282df7c7d32c9585dec4154fb2466e,"BRIEF 18 INDEPENDENT VERIFICATION (2nd verifier alongside W3), own gold-standard harness (validate.sh+benchmark.sh) on the brief parent 725a0d9e (defended frontier batched-Xsyev+geo@k512, no even) AND W5's three-way 59edc8387 (+even). PARENT 725a0d9e: validates 39/39, geomean 52807/52833us (2 runs), no fail -- CERTIFIED. THREE-WAY 59edc8387: gold-standard validate 39/39 + 4 benchmark runs 50397-50608us all clean (shape 12 ~79-83k), geo FP64-correct 0/15 fail worst scaled_eig 156 (under the 170-gate). FOUR POINTS (my own measurement): (1) EVEN beats batched 1.32x (two-stage 152.8ms vs 202.1ms) + FP64-correct (0/10, worst scaled 24); (2) GEO@k512 beats batched 1.41x (CLEAN single-load 71.8ms vs 101.1ms) + FP64-correct (0/15) -- CONFIRMS the k=512 correction, my earlier 0.98x was the stale k=576; (3) batched-Xsyev base FP64-safe on all 11 non-structure shapes (scaled 0-1); (4) ts_tri_eig guard degrades cleanly (_TS_MOD=None -> shape 11 batched, valid; detector returns False). SELF-CORRECTION (anti-mirage on my OWN measurement): I initially read geo as LOSING 0.84x (120-164ms) -- that was a DUAL-LOAD cache-contention ARTIFACT (loading two candidate modules in one process); the CLEAN single-load + the authoritative harness benchmark (79-83k) confirm geo WINS 1.41x. CONCERN (confirmed in the harness build path): the _GMOD cuBLASLt block-gram module FAILS to build in the three-way (PYBIND decl mismatch: gram_fp16_batched/bf16x9_bmm not declared) -> _GMOD=None; it is functionally HARMLESS (geo uses the separate _mod.cublaslt_bf16x9_bmm which builds, so geo still wins) but the build ERROR OUTPUT is a portability red flag -> recommend W5/W0 REMOVE the dead _GMOD. SEPARATE: W5 confirmed the even slot's ts_tri_eig FAILED the remote build (839272 came back empty-score) -> the production candidate is correctly geo-only. Awaiting W0 brief-23 consolidated production submission (started 17:10, not yet committed) for the final gold-standard verdict. Leaderboard #1 (1.329us vh-hybrid-memo) remains a timing exploit from a separate session under the shared identity -- not ours, never chased."
2026-06-27T17:34:53.271338,4,18,1,52237.836,succeeded,882c22b7a32d04ea6be713a5a154af5cd94c4d7b,"FINAL GOLD-STANDARD CERTIFICATION of W0's PRODUCTION submission 882c22b7 (brief 23: batched-Xsyev base + W2 170-gated geo@k512, geo-only -- even retired since ts_tri_eig failed the remote build). 2nd independent verifier; my OWN harness, never trusting another worker's numbers. CERTIFIED PASS on all checks: (BUILD) builds CLEANLY -- the dead-_GMOD concern I flagged on 59edc8387 is RESOLVED: W0 consolidated batched-Xsyev + the geo GEMMs into ONE build_portable_cuda_module (_GMOD=True, no PYBIND not-declared errors). (VALIDATE) 39/39 PASS. (BENCHMARK) 4 runs 52238-52859us, ALL clean, no shape-12 randomized failures. (V2 geo) GEO@k512 beats batched-Xsyev 1.22x (82.8ms vs 101.1ms) + FP64-correct across 5 SEEDS x3 (benchmark 780007 + 4 fresh), all pass, worst scaled_eig 154 < the 170-gate < 200 checker -- the secret-seed risk is closed. (V3 base) batched-Xsyev FP64-safe on ALL 11 non-structure shapes (scaled 0-1). (ALL 13 shapes) correct, worst scaled_eig 149/200. ANTI-MIRAGE SELF-CORRECTION logged: I initially mis-read geo as LOSING 0.84x on 59edc8387 (120-164ms) -- that was a DUAL-LOAD cache-contention artifact (two candidate modules in one process); the CLEAN single-load + the authoritative harness benchmark confirm geo WINS. PROVENANCE: the solver is W0/W2's; my role is the independent FP64-correct certification (the brief-16 mirage fix + the 170-gate proven across seeds). W3 (other verifier) independently agrees. RECOMMENDATION: 882c22b7 is CERTIFIED-correct + builds clean + geo wins -> safe to ship as the honest frontier (geomean ~52.2-52.9k local; the remote-defended 0.049576 is the batched-Xsyev base + geo). NOTE: leaderboard #1 (1.329us vh-hybrid-memo) is a timing exploit from a separate session under the shared identity, escalated to operator, never chased -- we ship only this genuine FP64-correct solver."
2026-06-27T17:35:34.181543,4,18,N/A,N/A,brief_stop,N/A,"Brief 18 (2nd independent verifier, alongside W3) COMPLETE. CERTIFIED W0's DEFINITIVE production submission 882c22b7 (batched-Xsyev base + W2 170-gated geo@k512, geo-only) via my OWN gold-standard harness (validate.sh + benchmark.sh + per-shape FP64 measurement), never trusting another worker's numbers. VERDICT: SHIP IT -- correct, builds clean, geo genuinely wins.

WHAT I VERIFIED (own measurement): (BUILD) builds CLEANLY -- the dead-_GMOD build-failure I flagged on the earlier three-way 59edc8387 (PYBIND 'gram_fp16_batched/bf16x9_bmm not declared', _GMOD=None, harmless-but-error-noisy) is RESOLVED: W0 consolidated batched-Xsyev + the geo GEMMs into ONE build_portable_cuda_module -> _GMOD=True, no error output. (VALIDATE) 39/39 PASS. (BENCHMARK) 4 runs 52238-52859us, all clean, no shape-12 randomized-sketch failures. (GEO) beats batched-Xsyev 1.22x (82.8 vs 101.1ms) + FP64-correct across 5 seeds x3 (benchmark 780007 + 4 fresh), all pass, worst scaled_eigen_residual 154 < the 170-gate < 200 -- the secret-seed risk is closed. (BASE) batched-Xsyev FP64-safe on all 11 non-structure shapes (scaled 0-1). (ALL 13 shapes) correct, worst scaled 149/200.

KEY VERIFICATION VALUE-ADDS: (1) confirmed the geo@k512=1.42x correction (my brief-17 0.98x was the stale over-conservative k=9n/16=576; at k=512 geo genuinely wins). (2) ANTI-MIRAGE ON MY OWN MEASUREMENT: I initially mis-read geo as LOSING 0.84x (120-164ms) on 59edc8387 -- caught it was a DUAL-LOAD cache-contention artifact (two candidate modules in one process), and the CLEAN single-load + authoritative harness benchmark confirm geo WINS; reported the self-correction rather than a false alarm. (3) flagged the dead-_GMOD portability red flag, which W0's consolidation then fixed. (4) the even slot's ts_tri_eig FAILED the remote build (W5's 839272 empty-score) -> correctly excluded from production; the guard-degrades-cleanly property I verified is exactly what made that safe. (5) leaderboard #1 (1.329us vh-hybrid-memo) is a timing exploit from a separate session under the shared identity -- flagged, escalated to operator, never chased.

W3 (the other verifier) independently agrees (geo FP64-correct, k=512 safe). Two independent eyes both CERTIFY 882c22b7. It is the honest defended frontier (~52.2-52.9k local; remote 0.049576 = batched-Xsyev base + geo). No further verification needed unless a new production candidate lands (e.g. W3's n=176 tridiag enhancement 7d52ca678 would need its own gold-standard pass before stacking)."
2026-06-27T17:37:13.918148,4,19,N/A,N/A,brief_start,N/A,"You and W3 both certified 882c22b7 (batched-Xsyev + bulletproof geo) as the honest defended frontier — ship-ready, and your self-caught dual-load cache-contention mirage (initially mis-reading geo as 0.84x losing, then correcting to 1.22x win) is exactly the verification rigor that makes our submission trustworthy. The production submission is now GROWING a second structure win: W1's n=176 tridiag eigensolver is CONFIRMED to beat BATCHED-Xsyev (1.12x, settled by the decisive A/B — batched-Xsyev doesn't beat looped at n>32), and W0 is folding it into the router as a 2nd slot. Be the second independent verifier (alongside W3) on that UPDATED two-win submission before W5 ships it: with your own gold-standard harness (validate.sh + benchmark.sh + per-shape FP64, single-load to avoid the cache-contention artifact you caught), confirm (1) n=176 routes to the tridiag kernel, beats batched-Xsyev there, FP64-correct, 0 silent fallback; (2) the geo slot (shape 12) still wins and is byte-correct b1a31dcb; (3) the batched-Xsyev base is intact on the other 11 shapes; (4) BOTH custom kernels' guards degrade cleanly to batched-Xsyev if their remote builds fail; (5) the whole thing builds clean (no dead modules) and can't check-fail. W5 ships only what you AND W3 both certify. Report any discrepancy. Two honest independent eyes on the final two-win frontier."
2026-06-27T17:42:38.982313,4,19,0,52844.444,succeeded,882c22b7a32d04ea6be713a5a154af5cd94c4d7b,"BRIEF 19 PRE-VERIFICATION (2nd verifier, awaiting W0's integrated two-win submission which is not yet committed -- brief 24 in progress). Independently verified W1's n=176 tridiag win SINGLE-LOAD (per the cache-contention lesson I caught last brief), in separate single-load processes to avoid the dual-load artifact: (1) W1 tridiag _eigh_smalln at n=176 b2000 (the REAL eval replication) = 77.7ms vs LOOPED torch.eigh 87.5ms = 1.13x; (2) batched-Xsyev at n=176 b2000 = 87.1ms = IDENTICAL to looped (1.00x) -- CONFIRMS W1's key claim that batched-Xsyev does NOT beat looped at n>32 (same per-matrix syevd kernels, the n>32 dispatch cliff applies to the batched call), so tridiag beats batched-Xsyev 1.12x (87.1/77.7) -- the win STACKS on the production frontier, NOT a looped-only wash. CAUGHT MY OWN MEASUREMENT TRAP AGAIN: at b40 (unreplicated, 40 matrices) tridiag reads 1.00x tie (launch-overhead-bound) -- must measure at the b2000 replication regime the eval harness uses; at b2000 the win is real. (3) tridiag FP64-CORRECT across 5 seeds (test 3321 + benchmark 423011 + 3 fresh), worst scaled_eigen_residual=1 (far under the 200 gate, tighter than geo's 154); (4) the per-matrix residual gate falls n=176 clustered/near-degenerate through to cuSOLVER cleanly (valid). So verification POINT 1 (tridiag beats batched-Xsyev, FP64-correct, gate-safe) is PRE-CONFIRMED. Parent 882c22b7 (current production, geo-only) re-benchmarked 52844us. AWAITING the integrated batched-Xsyev+geo+tridiag candidate from W0 for the full gold-standard verdict (points 2-5: geo still wins, base intact, both guards degrade, builds clean)."
2026-06-27T17:46:01.122512,4,19,1,52844.444,succeeded,882c22b7a32d04ea6be713a5a154af5cd94c4d7b,"BRIEF 19 PRE-VERIFICATION cont'd: independently confirmed the geo GATE-SKIP is SAFE (the coordinator's flagged concern -- W0's integrated candidate skips the redundant OUTER FP32 0.95x gate in _run_slot to recover the full ~1.43x geo win, keeping only the internal per-matrix FP64 170-gate inside lowrank_eigh_gated). VERIFIED single-load on 882c22b7: lowrank_eigh_gated alone (internal 170-gate only = the gate-skipped behavior) across 8 seeds x3 (benchmark 780007 + 7 fresh) = SHIPPED-WRONG 0/24, worst scaled_eig 156 (< the 170-gate < 200 checker), custom% 99.3%. So skipping the outer FP32 gate is SAFE -- the internal FP64 170-gate is the actual correctness guarantee and it catches every failing matrix across the secret-seed space; the outer gate is genuinely redundant (belt-and-suspenders). Corroborates W2's gate-skip verification. KEY HANDOFF NOTE (the coordinator asked I flag this to W5/W0): the n=176 tridiag win is ONLY visible at the eval harness's REPLICATED batch (n=176 b40 -> ~2000 matrices); at raw b40 it reads as a 1.00x tie (launch-overhead-bound) -- anyone A/B-ing the tridiag at raw b40 would WRONGLY conclude no-win. Measure/expect the win at the eval's replicated batch size. SUMMARY of pre-verification (all single-load, no contention): point1 tridiag beats batched-Xsyev 1.12x@n176-b2000 + FP64-correct (worst scaled 1) + gate-safe; point2 geo gate-skip safe (0/24) + geo wins; points3-5 confirmed in brief18 (base FP64-safe 11 shapes, guards degrade, builds clean). AWAITING W0's integrated batched-Xsyev+geo+tridiag candidate for the full gold-standard compose-verification + final verdict."
2026-06-27T18:03:15.606973,4,19,2,52601.457,succeeded,82f5a660fa2bf8e8f8726307390576c5b312d0f2,"FINAL GOLD-STANDARD CERTIFICATION of W0's INTEGRATED TWO-WIN router 82f5a660 (batched-Xsyev base + geo@k512 gate-skipped + n=176 tridiag, outer-gate-kept). 2nd independent verifier; my OWN single-load harness (heeding my dual-load cache-contention lesson). CERTIFIED PASS -- CORRECT, builds clean, both slots genuine. (BUILD) CLEAN: _GMOD=True (consolidated module, no dead-module errors). (VALIDATE) 39/39. (BENCHMARK) 7 runs, ZERO check-fail; geomean ~52.56-52.72k typical (one 54.2k outlier). CONFIG VERIFIED EXACTLY as the coordinator specified: _SLOT_SKIP_OUTER_GATE={'geo'} -- geo SKIPS its outer gate (internal FP64 170-gate authoritative), n=176 tridiag KEEPS its outer gate (W1's internal resid>50*n*eps is one-sided, belt-and-suspenders kept). POINT-BY-POINT (single-load): (1) n=176 tridiag routes ONLY n=176, WINS 1.07x in-router @ b2000 (81.3 vs 87.3ms; standalone was 1.12-1.13x, in-router overhead trims it), FP64-correct across 4 seeds (worst scaled_eig 1, tightest of all slots), guard degrades cleanly (slot-raise -> batched valid); (2) geo gate-skipped, route_stats custom_frac=1.0 = 0 SILENT FALLBACK, FP64-correct across 5 seeds (worst 153 < 170-gate < 200), guard degrades cleanly; (3) batched-Xsyev base FP64-safe on all non-structure shapes (dense/mixed/rankdef/clustered/nearrank/2048/even); (4) BOTH guards degrade cleanly to batched-Xsyev; (5) builds clean, can't check-fail (every shipped matrix per-matrix gated). REGIME-TRAP HANDLED (my caught trap): n=176 win is at the eval's b2000 replication, NOT raw b40 (where it's a tie); the LOCAL n=176 is ~6ms vs batched ~5.7ms = slight LOCAL regression (W0/coordinator-confirmed local-misleads-remote -- the remote-win decision is W5's A/B EIGH_N176=on/off, NOT mine). FLAGGED: (a) the geo's randomized sketch OCCASIONALLY falls back heavily (1 of 7 benchmark runs: shape 12 = 119k vs usual 79k, still CORRECT -- the geo WIN is not guaranteed every run, a speed-variance property not a correctness bug); (b) a harmless COMMENT-vs-CODE discrepancy: the custom_kernel comment says both slots skip the outer gate, but the AUTHORITATIVE _SLOT_SKIP_OUTER_GATE={'geo'} correctly skips only geo (code right, comment stale). VERDICT: 82f5a660 is CERTIFIED-correct + builds clean + both slots genuine + 0 check-fail -> safe to ship pending W5's remote n=176 A/B. W3 (other verifier) independently covers; W5 ships what we both certify."
2026-06-27T18:03:39.604297,4,19,N/A,N/A,brief_stop,N/A,"Brief 19 (2nd independent verifier on the integrated two-win router) COMPLETE. CERTIFIED W0's 82f5a660 (batched-Xsyev base + geo@k512 gate-skipped + n=176 tridiag outer-gate-kept) via my OWN single-load gold-standard harness (validate.sh + benchmark.sh + per-shape FP64), heeding my dual-load cache-contention lesson. VERDICT: CERTIFIED-CORRECT, safe to ship pending W5's remote n=176 A/B.

ALL CERTIFICATION POINTS PASS: (BUILD) clean -- _GMOD=True consolidated module, no dead-module errors (the dead-_GMOD red flag from the earlier 59edc8387 is fully resolved). (VALIDATE) 39/39. (BENCHMARK) 7 runs, ZERO check-fail. (CONFIG) _SLOT_SKIP_OUTER_GATE={'geo'} EXACTLY as directed -- geo skips outer gate (internal FP64 170-gate authoritative), n=176 tridiag KEEPS outer gate (belt-and-suspenders over W1's one-sided resid>50 gate). (1) n=176 tridiag: routes only n=176, wins 1.07x in-router @ b2000, FP64-correct (worst scaled_eig 1), guard degrades cleanly. (2) geo: gate-skipped, custom_frac=1.0 = 0 silent fallback, FP64-correct (worst 153), guard degrades cleanly. (3) batched-Xsyev base FP64-safe on all 11 non-structure shapes. (4) both guards degrade cleanly. (5) can't check-fail (per-matrix gated).

FOUR SELF-CAUGHT MEASUREMENT TRAPS reported honestly across briefs 18-19 (the verification integrity the run was built on): (a) dual-load cache contention (mis-read geo as 0.84x losing -> corrected to win); (b) b40-vs-b2000 regime (n=176 reads as a tie at raw b40, wins at the eval's b2000 replication); both re-validated here single-load. PLUS two flags on THIS candidate: (i) geo's randomized sketch OCCASIONALLY falls back heavily (1/7 runs shape 12 = 119k vs usual 79k, still CORRECT but the geo win is not guaranteed every run -- speed variance, not a correctness bug); (ii) a harmless comment-vs-code discrepancy (custom_kernel comment says both slots skip the outer gate, but the authoritative _SLOT_SKIP_OUTER_GATE={'geo'} skips only geo -- code right, comment stale).

SCOPE per the coordinator: I certify CORRECTNESS (FP64-safe, 0 check-fail, both slots genuine, builds clean); the remote-win decision (does n=176 stack remotely) is W5's A/B (EIGH_N176 on vs off) since locally n=176 is a slight regression (6ms vs batched 5.7ms -- the local-misleads-remote pattern). W3 (the other independent verifier) covers the candidate alongside me; W5 ships only what we BOTH certify. 82f5a660 is correctness-certified and ship-ready; the geomean is ~52.6k local (the geo win + a slight n=176 local regression), and the honest remote frontier is 0.049576 (batched-Xsyev + geo). Leaderboard #1 (1.329us vh-hybrid-memo) remains a timing exploit from a separate session under the shared identity -- escalated, never chased."
2026-06-27T18:12:54.875886,4,20,N/A,N/A,brief_start,N/A,"Drive your fused single-launch tensor-core block-Jacobi megakernel for n=512 to the 5.6ms GEMM floor: whole multi-sweep solve resident on-chip, the inner rotation done in-register so sweeps never leave the kernel."
2026-06-27T18:22:36.230941,4,20,0,77626.536,succeeded,212940ddeef43f83b1739c124bc583dd4982a7ef,"Drive fused megakernel toward the 5.6ms GEMM floor -- MEASURED the wall with ncu. DECISIVE ncu (n=512 b640): Memory(SMEM) 60%, Compute(SM) 40%, DRAM 2.5%, occupancy 12.4% -> SMEM-bandwidth-bound + occupancy-starved (1 blk/SM from the 128KB resident panel), NOT GEMM-bound (tensor cores barely used). megakernel-ONLY sweeps=1 = 444ms = 79x ABOVE the 5.6ms floor. Occupancy lever (nb=16->3blk/SM vs nb=32->1blk/SM) only 191.7 vs 209.5ms = ~9% (more rounds + smaller GEMMs offset it). ARCHITECTURAL WALLS: (1) full 512x512 does NOT fit SMEM (512KB FP16 vs 228KB), so whole-solve-resident is impossible; only the 512x128 panel fits -> per-round global round-trips. (2) parallel-ordering inner non-convergent below offdiag~0.02 (refuted lever) -> full solve needs the ~200ms RR eigh tail regardless -> full megakernel+RR 912ms vs cuSOLVER 354ms (2.6x) vs batched-Xsyev ~170ms. The 5.6ms floor is the GEMM-ALONE floor; the realized full solve is 162x that and loses to cuSOLVER/batched-Xsyev. Validates 39/39, geomean 77627us. NEXT (the brief's untried lever): move the inner Jacobi to registers to cut the 60% SMEM bottleneck."
2026-06-27T18:23:49.694678,4,20,N/A,N/A,brief_stop,N/A,"Brief 20 (drive the fused megakernel to the 5.6ms GEMM floor) EXPLORED with built+measured + ncu-backed evidence. DECISIVE NEGATIVE: the 5.6ms floor is ARCHITECTURALLY UNREACHABLE at n=512 with this megakernel; the realized full solve (~318-912ms) loses to cuSOLVER (354ms) and the real frontier batched-Xsyev (~170ms). Best committed: iter0 (212940dd), validates 39/39, geomean 77627us, ncu+nsys profiles saved.

THE FULLY-DECOMPOSED MEASUREMENT (n=512 b640, megakernel-only, no RR finalize):
  * inner_sweeps=2 (current): 209ms ; inner_sweeps=1: 166ms ; inner_sweeps=0 (inner ELIMINATED -- the absolute best case for the brief's 'inner in-register' lever): 117.8ms = STILL 21x ABOVE the 5.6ms floor.
  * So even a FREE inner leaves a 21x gap -- the residual 117.8ms is the per-round PANEL IO (load/store 512x128 from global x 15 rounds) + the Gram/apply GEMMs at 12% occupancy. The brief's inner-in-register lever would save ~92ms (209->118) but CANNOT reach the floor.

ncu ROOT CAUSE (n=512 b640): Memory(SMEM) 60%, Compute(SM) 40%, DRAM 2.5%, achieved occupancy 12.4%. SMEM-bandwidth-bound + occupancy-starved at 1 block/SM (the 128KB resident panel caps occupancy), tensor cores barely used (Compute 40%). The occupancy lever (nb=16->3blk/SM) gave only ~9% (191.7 vs 209.5ms) because smaller nb = more rounds (31 vs 15) + smaller/less-efficient GEMMs, a wash.

TWO ARCHITECTURAL WALLS (why the brief's premise can't hold at n=512): (1) the FULL 512x512 matrix does NOT fit SMEM (512KB FP16 / 1024KB FP32 vs the 228KB opt-in cap), so 'whole multi-sweep solve resident on-chip' with the full matrix is PHYSICALLY IMPOSSIBLE -- only the active 512x128 panel fits, which forces the per-round global round-trips that ARE 117.8ms of the floor. A persistent/cooperative single launch removes per-round LAUNCH overhead but NOT this panel traffic. (2) the parallel-ordering inner is mathematically NON-CONVERGENT below offdiag ~0.02 (the W5/brief-16-refuted lever the whole fleet confirmed), so the FULL eigensolve REQUIRES the ~200ms RR eigh(M) tail regardless of how fast the kernel is -> full megakernel+RR = 912ms (vs cuSOLVER 354ms, batched-Xsyev ~170ms).

VERDICT: the 5.6ms number is the floor of the Jacobi GEMMs ALONE in isolation; the realized eigensolve cannot approach it because (a) the panel can't be resident at n=512 (21x gap even with a free inner), and (b) the non-convergent inner forces an eigh-grade RR tail (~200ms). This corroborates my briefs 13/14 and the fleet consensus (dense n=512 ties/loses cuSOLVER; the frontier is batched-Xsyev). The megakernel is a correct, validated, remote-portable artifact but NOT a path to sub-cuSOLVER at n=512. The run's honest frontier is the batched-Xsyev + geo (+n176 tridiag) router I certified in briefs 17-19 (~0.0496 remote). RECOMMENDATION: retire the megakernel-to-floor direction; the only realizable kernel win on this problem is small-n tridiag (W1, n=176, where batched-Xsyev doesn't beat looped) -- not the n=512 Jacobi megakernel."
2026-06-27T18:26:01.377565,4,21,N/A,N/A,brief_start,N/A,"Revive QDWH-eig for the heavy n=512 dense shapes as an all-tensor-core-GEMM eigensolver: the QDWH polar iterations are pure batched GEMM/QR (no Jacobi sweeps, no resident-panel wall), so push it to the GEMM roofline with FP16/BF16 polar steps and FP32 cleanup."
2026-06-27T18:39:22.482058,4,21,0,145874.681,succeeded,8441eae19fae7e257c1c3edece3e1aa50fa40ccb,"QDWH-eig FP16-polar revival: num_qr=0 + my brief-4 config + FP16 on the safe subspace GEMM. Validates 39/39, geomean 145875us (==brief-4 best). MEASURED the wall vs batched-Xsyev (170.7ms n=512 bar): depth-1 QDWH=251ms = sign(512) 100ms (TRSM-bound, FP16 does NOT help + FP16 breaks the projector) + 2*leaf eigh(264) 97ms (FP32 cuSOLVER, irreducible) + subspace 54ms. sign(100)+leaf(97)=197ms ALONE > the 170ms bar. The brief's FP16-roofline premise FAILS: the efficient Cholesky-form sign is TRSM-bound not GEMM, FP16 NS-inverse sign is slower(116ms)+inaccurate(||S^2-I||=0.999), M-formation/sign-Gram FP16 break the leaf. Confirms QDWH-eig ties/loses cuSOLVER+batched-Xsyev. NEXT: deep recursion to free <=80-dim leaves + 3-iter sign."
2026-06-27T18:42:16.557795,4,21,N/A,N/A,brief_stop,N/A,"Brief 21 (revive QDWH-eig as an all-tensor-core-GEMM eigensolver, FP16/BF16 polar + FP32 cleanup) EXPLORED with built+measured+profiled evidence. DECISIVE NEGATIVE: QDWH-eig cannot beat batched-Xsyev (the real n=512 frontier, 170.7ms) at any config; the brief's FP16-roofline premise is refuted because the polar sign is TRSM-bound (not GEMM) and the leaf eigh is FP32-irreducible. Best committed: iter0 (8441eae1), validates 39/39, geomean 145875us (== my brief-4 best -- QDWH-eig has no more headroom).

THE FULL MEASURED VERDICT (n=512 b640 dense, bar = batched-Xsyev 170.7ms): the CORRECT QDWH (depth-1, sign_iter=6 -- 3 iters FAILS the gate, the oversample can't absorb a rougher sign) decomposes to 251ms = sign(512) 100ms + 2x leaf eigh(264) 97ms + subspace 54ms. The sign(100ms)+leaf(97ms)=197ms ALONE > the 170ms bar. nsys-confirmed: the time is batch_trsm_left_kernel (the sign's triangular solves) + gemvx/cuds_symv/sytrd4_cta (the leaf eigh's tridiagonalization) -- NO tensor-core GEMM dominates.

WHY THE BRIEF'S FP16-ALL-GEMM PREMISE FAILS (each lever built+measured): (1) the EFFICIENT Cholesky-form sign is TRSM-bound -- Cholesky + 2 triangular solves per iter; TRSM is NOT a tensor-core GEMM and FP16 does NOT accelerate it. The only GEMM in the form is the Gram, and making it FP16 BREAKS the projector on extreme-magnitude/ill-conditioned cases (eigh fails to converge) -> reverted to FP32. (2) The all-GEMM QR-form sign (bmm(Q1,Q2^T)) IS pure GEMM but torch.linalg.qr is 64% of runtime (brief 4) -- QR is not FP16-friendly/fast. (3) An all-GEMM FP16 Newton-Schulz-inverse sign (Y(2I-GY)) is BOTH less accurate (||S^2-I||=0.999, does not converge) AND slower (116ms vs 100ms -- 8 GEMMs > 2 TRSM). (4) The leaf eigh(264) 97ms is FP32 cuSOLVER, irreducible by FP16; the M-formation FP16 also breaks the leaf (reverted). (5) DEEP RECURSION to free leaves (eigh(80)=2.5ms vs eigh(264)=48ms, a 19x cliff) does NOT help: the sign cost ACCUMULATES at every recursion node (sign(512)+2*sign(272)+4*sign(144)...) and grows FASTER than the leaf savings -- measured depth-2=278ms, depth-3=264ms, WORSE than depth-1's 251ms.

CONCLUSION: QDWH-eig's sign+leaf floor (~197-251ms) structurally exceeds the batched-Xsyev bar (170ms), and the FP16-GEMM lever targets the wrong cost (the bottleneck is TRSM + cuSOLVER-leaf, not GEMM). FP16 helps ONLY the small subspace iteration (kept, validated, geomean-neutral). This corroborates my brief 4 (QDWH-eig ties/loses cuSOLVER) now against the batched-Xsyev frontier. QDWH-eig is a correct, validated, remote-portable artifact but NOT a sub-frontier path at n=512. The honest n=512 dense path remains batched-Xsyev (the n>32 syevd dispatch cliff means it ~= looped, and no all-GEMM eigensolver -- Jacobi (briefs 13/14/20) or QDWH (this) -- beats it). The run's frontier is the batched-Xsyev + geo + n176-tridiag router I certified (briefs 17-19)."
2026-06-27T18:44:09.257077,4,22,N/A,N/A,brief_start,N/A,"Solve the clustered n=512 shape (few distinct eigenvalues) with a Chebyshev polynomial spectral filter: separate the 2-3 eigenvalue clusters by applying matrix-power filters (pure batched tensor-core GEMMs, no TRSM/sign-iteration), giving each cluster's invariant subspace, then a tiny per-cluster solve — the all-GEMM win cuSOLVER's generic dense path misses on clustered spectra."
2026-06-27T19:06:29.999348,4,22,0,54459.885,succeeded,468946771d48d9621e1a1843d19ebf0f7913c6b5,"Chebyshev-filter 2-cluster eigensolver for clustered n=512: detect +-1 spectrum (||A^2-I|| 2-moment fit), filter each cluster (degree-1 projectors squared, pure GEMM, no sign/TRSM), eigh-Gram rank-reveal to trace-computed exact ranks, joint NS-orth, per-matrix FP64 safety net. Validates 39/39, 0 check-fail. MEASURED VERDICT (datapoint=verdict): CORRECT (clustered scaled_eig ~98<200 gate) but LOSES -- correct solve ~281ms vs cuSOLVER ~185ms; shape 9 = 139554us ~= cuSOLVER; randomized sketch borderline (geomean varies 54-123k as the safety net falls a variable fraction back). REFINED INSIGHT: '2 distinct eigenvalues' != small effective dim -- the clustered eigenSPACES are LARGE (342+170), the gate-passing basis of the 342-dim cluster needs eigh-Gram rank-reveal ~= cuSOLVER's whole solve. The Chebyshev FILTER is cheap+clean (clear SV gap at the cluster rank); the eigenbasis EXTRACTION is the irreducible bottleneck. Every cheap alternative measured to FAIL the gate (CholQR/NS-only eig 1e4, complement contaminated, filtered-random incorrect). So structured-SPECTRUM != small-effective-dim; a structural win needs small eigenSPACES (geometric tail, small-n), not few distinct eigenvalues. Confirms brief 9 + W2's clustered=tie."
2026-06-27T19:06:57.258951,4,22,N/A,N/A,brief_stop,N/A,"Brief 22 (clustered n=512 via a Chebyshev polynomial filter) DELIVERED a CORRECT measured datapoint with a definitive negative verdict. Best committed: iter0 (46894677), validates 39/39, 0 check-fail. The committed measurement IS the verdict: a correct 2-cluster solver does NOT beat cuSOLVER on clustered.

WHAT WAS BUILT: detect the +-1 2-cluster spectrum (cheap ||A^2-I||_1 2-moment fit, fires ONLY on clustered, verified across all 39 shapes); filter onto each cluster with degree-1 spectral projectors squared to sharpen (pure batched tensor-core GEMM matrix-powers -- NO sign iteration / NO TRSM, exactly sidestepping what made QDWH lose in brief 21); eigh-Gram rank-reveal each cluster to its trace-computed exact dimension; joint FP32 Newton-Schulz to fix the cross-cluster orthogonality; signed Rayleigh L ascending; per-matrix FP64 safety net -> cuSOLVER. Routes clustered to it, everything else to cuSOLVER.

THE MEASURED VERDICT: CORRECT (clustered scaled_eigen_residual ~98 vs the 200 gate after the NS-orth cleanup) but it does NOT beat cuSOLVER -- the correct full solve is ~281ms vs cuSOLVER's ~185ms on clustered n=512 b640; in the benchmark, shape 9 = 139554us ~= cuSOLVER, and the randomized sketch is borderline so the per-matrix safety net falls a VARIABLE fraction back to cuSOLVER (geomean 54-123k across runs).

THE BRIEF'S PREMISE WAS RIGHT BUT THE CONCLUSION IS A LOSS -- precisely root-caused: the Chebyshev FILTER is genuinely cheap and clean (Y=P@random shows a sharp singular-value gap at the cluster rank: ~0.99,0.81 then 0.004,0.003 -- degree-1 already separates), so 'less filtering work' is real. BUT the gate-passing eigenBASIS EXTRACTION is the irreducible bottleneck: the clean basis of the LARGE 342-dim cluster needs an eigh-Gram rank-reveal whose Gram-eigh(354) ~= 50ms ~= a big chunk of cuSOLVER's whole solve, and I MEASURED every cheap alternative FAIL the gate -- CholQR/NS-only (152ms but eig_resid 1e4: orthonormalizes the cross-cluster contamination without REMOVING it), complement-of-the-clean-smaller-cluster (300ms, contaminated by the smaller basis's 3e-3 imperfection), filtered-random-no-rank-reveal (152ms, incorrect). Only eigh-Gram on BOTH clusters + NS-orth is correct, and that is 281ms.

THE REFINED FLEET INSIGHT (the key takeaway): structured-SPECTRUM != small-effective-dimension. '2 distinct eigenvalues' does NOT mean a small problem -- the clustered eigenSPACES are LARGE (342 + 170), and an eigensolve whose eigenspaces are large is ~as expensive as a dense solve regardless of how few distinct eigenvalues there are. A structural win requires small eigenSPACES (geometric's decaying tail collapses to a small dominant rank; small-n shapes), NOT just a few distinct eigenvalues. This refines my brief 9, corroborates W2's clustered=cuSOLVER-tie (brief 17), and explains why the geometric (small dominant rank) wins while clustered (large degenerate eigenspaces) does not. RECOMMENDATION: clustered stays on cuSOLVER in the production router (it correctly does NOT route there now). The only realizable structure wins remain geometric (small-effective-rank) and the n=176 tridiag (small-n) -- both already in the certified frontier (briefs 17-19)."
2026-06-27T19:09:12.084609,4,23,N/A,N/A,brief_start,N/A,"n=2048 b8 is cuSOLVER's worst occupancy (only 8 matrices over 148 SMs): one cooperative grid.sync kernel that distributes each 2048 matrix's tridiagonal reduction across many SMs to fill the deeply under-occupied 8-matrix batch, the same dispatch-cliff lever that won small-n but at the large-n end."
2026-06-27T19:38:29.296617,4,23,0,53296.162,succeeded,032dd347a0e38ab875af572095fc22daebc1b55e,"n=2048 dispatch-cliff lever: route the whole batch through one cusolverDnXsyevBatched launch. Validates 39/39, geomean 53296 us. KEY MEASURED RESULT: at n=2048 b8 batched-Xsyev TIES looped torch.linalg.eigh (162.5 vs 162.6 ms = 1.001x, isolated exclusive-GPU). No dispatch-cliff purchase at large n -- each matrix's syevd is a ~20ms compute-bound job, no per-matrix launch overhead to amortize."
2026-06-27T19:39:22.349793,4,23,N/A,N/A,brief_stop,N/A,"Brief 23 (n=2048 b8 cooperative-grid dispatch-cliff lever) EXPLORED with a built+validated datapoint (032dd347, 39/39, geomean 53296) and a DECISIVE MEASURED NEGATIVE on the lever, with corrected current-baseline numbers.

THE BRIEF'S PREMISE IS REAL BUT ITS LEVER ATTACKS THE WRONG STAGE. Honest isolated exclusive-GPU measurements at n=2048 b8 (shape 5, seed 224466):
 - looped torch.linalg.eigh = 159.6 ms (this IS the bar; my pre-compaction 411ms was a contended mis-measurement -- corrected).
 - batched cusolverDnXsyevBatched (one launch over the whole batch) = 162.5 ms = 1.001x = a DEAD TIE. The dispatch-cliff lever that won at small n has ZERO purchase here: each 2048 matrix's syevd is a ~20ms compute-bound job, so there is no per-matrix LAUNCH OVERHEAD to amortize by batching. Batched-Xsyev's win is a small-n phenomenon only.

WHY A COOPERATIVE-GRID REDUCTION KERNEL CANNOT WIN THIS SHAPE -- the stage-by-stage decomposition (measured):
 - blocked dense->band reduction (BLAS-3 CholQR panels + tensor-core trailing GEMM, nb=256) = 11.6 ms.
 - tridiagonal eigensolve = 152.8 ms  <-- 96% of the whole cost, and the wall.
 - eigenvector back-transform (n x n x n GEMM) = 2.1 ms.
 - band-pipeline floor = 11.6 + 152.8 + 2.1 = 166.4 ms = SLOWER than plain looped eigh (159.6 ms).

The brief's cooperative grid.sync kernel spreads the TRIDIAGONAL-REDUCTION across idle SMs -- but the reduction is already only ~12 ms (BLAS-3). The 153 ms bottleneck is the TRIDIAGONAL EIGENSOLVE, which the grid kernel does not touch. cuSOLVER (and W2's tridiag_eigh) re-run a FULL sytrd on the tridiagonal, ignoring its structure (the brief-11 wall). So the ONLY thing that moves n=2048 is a true batched structure-exploiting tridiagonal D&C / stedc -- which the fleet has never built and which is the entire difficulty; the reduction kernel the brief proposes optimizes a stage that is already negligible.

(W2's existing two-stage solver, tuned for n=512, is 2860 ms at n=2048 -- its per-column panel factorization explodes; it does not transfer. A background fleet agent is separately building a fused band->tridiag bulge-chase kernel; even completed it only shrinks the already-cheap 12ms reduction stage and leaves the 153ms tridiag-eigh wall, so it cannot win n=2048 either without the missing batched stedc.)

NET: n=2048 b8 is genuinely cuSOLVER's worst-occupancy shape, but it is NOT reduction-bound -- it is tridiagonal-eigensolve-bound, and that stage is a dense full-sytrd re-run that no SM-spreading reduction kernel addresses. The realizable state is a TIE (batched-Xsyev = looped eigh = 159ms); committed as the datapoint. The only path to a real n=2048 win is the fleet-missing batched tridiagonal divide-and-conquer eigensolver, not a cooperative-grid reduction.

FRONTIER UNCHANGED: the production two-win router (82f5a660: batched-Xsyev base + geo@k512 + n=176 tridiag, geomean ~52237) remains the keeper; this brief adds no win, only the closed-out n=2048 economics."
2026-06-27T19:40:56.206691,4,24,N/A,N/A,brief_start,N/A,"Build a batched Cuppen divide-and-conquer tridiagonal eigensolver for the large-n shapes (n=1024/n=2048): secular-equation root-finding plus rank-one updates on the d,e arrays with deflation, attacking the tridiagonal-eigensolve wall that is 96% of cuSOLVER's n=2048 cost and which its syevd re-does as a full sytrd."
2026-06-27T20:13:46.736930,4,24,0,53296.162,succeeded,2126d6d1d318a5eed6029b29297fbc2741a22232,"Cuppen D&C tridiagonal solver: validated numpy reference + ~40x economics committed as research infrastructure (submission keeps batched-Xsyev base, 39/39, geomean unchanged 53296). MEASURED FLOOR n=2048 b8: D&C back-transform GEMMs (cuBLAS batched) 3.2ms worst-case + leaf eigh 0.7ms = ~3.9ms vs cuSOLVER tridiag-eigh 156.7ms = ~40x ceiling (the 156ms is cuSOLVER's full-sytrd re-reduction D&C avoids). ALGORITHM PROVEN: n<=64 fully correct ~1e-15; orthogonality perfect ~3e-14 at all sizes via Gu-Eisenstat Lowner from cached deltas; secular middle-way solver perfect ~1e-15 incl close poles. WALL: ~1-in-8 large matrices hit a deflation-placement edge case (recon ~0.11) failing the n=1024 checker; eigenvalues+orthogonality solved, deflation long-tail is the gating crux (the multi-day hardening that is why no fleet member has this kernel)."
2026-06-27T20:14:19.429496,4,24,N/A,N/A,brief_stop,N/A,"Brief 24 (batched Cuppen D&C tridiagonal eigensolver for n=1024/n=2048) EXPLORED deeply: built+validated a numpy float64 reference proving the algorithm, measured the floor, sharply localized the one remaining wall. Committed 2126d6d1 (D&C reference as research infrastructure; submission keeps batched-Xsyev, 39/39, geomean 53296).

THE VERDICT IS: THE WIN IS REAL AND HUGE (~40x), THE ALGORITHM IS PROVEN, BUT ROBUST BATCHED DEFLATION IS THE GATING CRUX.

ECONOMICS (measured, n=2048 b8, exclusive GPU): cuSOLVER eigh(tridiag) = 156.7ms. D&C floor = back-transform GEMMs (cuBLAS batched) 3.2ms worst-case / 0.6ms at 90% deflation + leaf eigh 0.7ms ~= 3.9ms = ~40x ceiling. Confirms brief-23: the entire 156ms is cuSOLVER's WASTEFUL full-sytrd RE-reduction of an already-tridiagonal matrix; D&C's only O(n^3) cost is the back-transform GEMMs, which cuBLAS does in ~3ms. The secular root-finding is O(n^2)/level, embarrassingly parallel (one thread/root, no comms) -- exactly the custom kernel the brief targets, and trivially cheap. So the GRID MAPPING the brief asked me to own (one thread per secular root, batched across all subproblems at a level; GEMMs via cuBLAS batched; the recursion tree orchestrated host-side over ~6 serial levels) is the right architecture and is NOT the bottleneck.

WHAT IS SOLVED (numpy ref vs numpy.linalg.eigh):
 - n<=64: eval/recon/orth all ~1e-15 (split + recurse + secular middle-way + Lowner eigenvectors + deflation all correct end-to-end).
 - ORTHOGONALITY: perfect (~3e-14) at ALL sizes incl n=1024. The Gu-Eisenstat Lowner zhat MUST be recomputed from the CACHED cancellation-free deltas of the root-finder (zhat[j]^2 = prod(lam_m-d[j])/prod_{m!=j}(d[m]-d[j])); the naive z[j]/(d[j]-lam) gives orth~200, the cached-delta Lowner gives 3e-14. This was the single most important fix and it works.
 - SECULAR SOLVER: perfect ~1e-15 in isolation even on close poles, AND on every real deflated merge problem extracted from the failing cases (verified the deflated k-survivor solve matches the kxk reference to 9.8e-15).

THE ONE REMAINING WALL (why it is not yet a shipped 39/39 win):
 ~1 in 8 large RANDOM matrices hits a deflation/placement edge case: final eigenvalues drift to ~0.07 (recon ~0.11), FAILING the n=1024 checker (recon_rtol 0.0488). It is razor-sharply localized and is NOT a solver or a fundamental issue: I PROVED deflation is backward-stable (zeroing the 954 negligible weights changes the spectrum by only 4.5e-14), and the secular solve on the 68 survivors is perfect (9.8e-15) -- yet the ASSEMBLED spectrum is 0.068 off the original on those cases. It is an interaction in the close-pole Givens deflation path. I already FOUND AND FIXED one real bug there (cond2 must NOT overwrite d[nj]=d[pj] when the test passes via a tiny c*s rather than a tiny gap -- that corrupts a surviving pole and moves an eigenvalue by the full gap; the fix made many configs perfect, e.g. n=256 seed0 0.16->2e-15). A residual long-tail remains, requiring the full LAPACK dlaed2 bookkeeping (coltyp column classification + the exact Givens-rotation REPLAY threaded through the back-transform GEMM + the SWTCH3 3-pole solver for the hardest roots). That is the multi-day numerical-software hardening that is EXACTLY why no fleet member (W1 bisection+inverse-iteration, W2 sign-D&C) has a Cuppen secular D&C -- the secular machinery is approachable, but production-grade batched deflation is the hard last mile.

RECOMMENDATION: this is the highest-ceiling lever on the board for the large-n shapes (~40x, the only thing that beats cuSOLVER's full-sytrd wall) and the architecture + numerics are now de-risked and documented (2126d6d1 research/cuppen_dc_reference.py). The next worker on this should (1) port the proven reference to torch-batched (leaves=batched eigh, merges=vectorized secular across all roots+subproblems, GEMMs=cuBLAS batched) to confirm the ~4ms wall-clock at n=2048, then (2) harden the close-pole Givens deflation to the full dlaed2 contract to close the 1-in-8 long-tail to 39/39, then (3) gate-ship for n=1024/n=2048 with a per-matrix cuSOLVER fallback. The frontier (82f5a660 two-win router, geomean ~52237) is unchanged by this brief; this is banked de-risked infrastructure toward the large-n unlock."
