timestamp,agent_id,brief_id,iteration,linalg/qr_v2,diff_lines,status,commit,description
2026-06-20T04:38:06.090458,2,,N/A,1934.431,8691,optimized,fb5f83213d5dbc7a4a0fe4e2b876bef744414979,optimized
2026-06-20T04:43:11.541813,2,,N/A,130825.790,0,baseline,6e619b05330c0076bbe6c7ee691362d3eee23125,baseline
2026-06-20T04:56:08.132748,2,0,N/A,N/A,N/A,brief_start,N/A,"SIMPLIFY the build_Minv kernel family (submission.py ~678-1010): build_Minv_kernel<BMAX>, build_Minv_dyn_kernel, build_Minv_blk4_kernel, build_Minv_rblk_gen_kernel and their host wrappers/set_minv_* knobs. The profile shows only build_Minv_blk4_kernel firing on the hot n=512 path. Trace which build_Minv variant each of the 12 shapes selects (via _MINV_NT/_BF16_NT/minv_blk4/minv_nt/nlev setters), then delete the unreachable variants and the dead nt/nlev getenv branches inside them. Hold all 12 shapes numerically identical, geomean within 1% of 1934us. Measure diff_lines each iteration."
2026-06-20T05:18:22.316497,2,0,0,1940.747,8600,succeeded,633407f5c361762fc0466d28985fcb11ce6ccf9a,"Deleted dead build_Minv_kernel<BMAX> (static64) + build_Minv_dyn_kernel (~91 lines) proven unreachable by host-side MINV_TRACE over all 12 benchmark + 22 test shapes; replaced their 5 dead dispatch arms with TORCH_CHECK guards and removed 2 dead dyn cudaFuncSetAttribute regs. 22/22 validate, geomean 1940.75us (+0.33% vs 1934.43 floor, noise)."
2026-06-20T05:28:34.663448,2,0,1,1942.280,8596,succeeded,0dd4628e3f64f73c16cc00027189f442d8cc1b8e,"Inlined the two C++ bad-subset build_Minv getenv A/B levers (QR_N512_BAD_MINV_NT default 512, QR_N512_BAD_MINV_NLEV default 2) to baked constants. Eval harness never sets them so numerically identical. 22/22 validate, all guards clean, geomean 1942.28us."
2026-06-20T05:34:42.601399,2,0,2,1945.454,8591,succeeded,d19bddd0184c191c546d1f83edce6a314cdb8d14,"Removed _BIGBATCH_BF16_MINV_BLK4/_BLK4_MINW env knobs (always 1/48), inlined literals at the 2 big-batch bf16 drivers, collapsed always-true if-guards. Net -5 lines. 22/22 validate, all guards clean, geomean 1945.45us."
2026-06-20T05:39:39.527771,2,0,3,1939.718,8580,succeeded,5d44e3ab2fb6f46f8d05f4c60ea5687787d0d4da,"Pruned 2 stale comment blocks describing the deleted static<64> build_Minv kernel as live (the blocked_qr_2level BMAX-cap note + the 18-line single-level dispatch history). Comments only, codegen byte-identical. Net -11 diff lines. 22/22 validate, all guards clean, geomean 1939.72us."
2026-06-20T05:49:52.361741,2,0,4,1940.374,8575,succeeded,47dca6df564b7b4298aa7eb85c88c3c60b8a7e6b,"Dropped env-override on the 2 build_Minv threads/CTA knobs (_MINV_NT->512, _BIGBATCH_MINV_NT->224, the baked defaults), condensed their comments. -5 diff lines. 22/22 validate, all guards clean, geomean 1940.37us."
2026-06-20T05:58:43.562995,2,0,5,1934.575,8575,succeeded,dfde99482667ebca7cba32594e2fb0207cbc074b,"Fixed stale _LARGEHI_BF16_MINV_RBLK comment ref in the rblk_gen kernel doc (now hardcoded minv_rblk=3 dict field). Comment-only, codegen byte-identical, diff_lines unchanged at 8575. 22/22 validate, all guards clean, geomean 1934.58us (on floor)."
2026-06-20T05:59:40.005380,2,0,N/A,N/A,N/A,brief_stop,N/A,"Brief exhausted. SIMPLIFIED the build_Minv family: diff_lines 8691->8575 (-116), geomean held at 1934.58us (floor 1934.43, +0.27%). 6 iterations, all 22/22 validate (kernelguard + diff-correctness + invariance clean). KEY WIN (iter1, -91): an empirical host-side MINV_TRACE over ALL 12 benchmark + 22 test shapes proved build_Minv_kernel<BMAX> (static64) and build_Minv_dyn_kernel NEVER execute -- every reachable reflector width is even and routes to the block-recursive rblk_gen/blk4 variants. Deleted both kernels + their 5 dead dispatch arms (replaced with TORCH_CHECK guards, mirroring the existing larft-prune pattern) + 2 dead dyn cudaFuncSetAttribute regs. Remaining iters removed ALL build_Minv-family env-var overrides (both C++ getenv levers QR_N512_BAD_MINV_NT/NLEV, and Python _BIGBATCH_BF16_MINV_BLK4/_BLK4_MINW/_MINV_NT/_BIGBATCH_MINV_NT) and pruned stale comments referencing the deleted kernels. The build_Minv family is now env-override-free with 0 dead variants. FOLLOW-UPS for the manager: (1) 52 os.environ.get(QR_*) tuning knobs remain FILE-WIDE (panel/bf16/paf/wsp/n512 subsystems) -- the operator endorsed removing env overrides, so a broader simplify brief scoped to those (with per-knob reachability) is a large diff_lines lever. (2) The non-fused apply_block_reflector_bf16 (and its build_Minv dispatch) never reached a build_Minv launch in either trace -- g_bf16_wf16 appears always-on for the bf16-driver shapes, so the whole non-fused bf16 apply path MAY be dead; worth a targeted reachability brief. (3) The blk4==1 sub-arm at BQR/ABRBF16-non-fused is unreachable (single-level shapes use minv_rblk>=2; only the FUSED n=512 path sets blk4=1) -- removable but config-invariant-dependent, small gain."
2026-06-20T06:01:18.532726,2,1,N/A,N/A,N/A,brief_start,N/A,"Apply your proven MINV_TRACE-style reachability method to the bf16 APPLY dispatch (parent dfde9948, your own branch). There are two non-fused bf16 apply paths: apply_block_reflector_bf16 (~5424) and apply_block_reflector_bf16_wf16 (~5507), selected by g_bf16_wf16. Your brief-0 trace suggested g_bf16_wf16 is always-on for every bf16-driver shape, making the NON-wf16 apply_block_reflector_bf16 (and any helpers only it calls) dead. Instrument the apply dispatch sites (which apply variant + which g_* flags fire) across all 12 bench + 22 test shapes, prove which non-fused bf16 apply path(s) never execute, then delete the dead variant + its exclusive helper kernels. Hold all 12 shapes numerically identical, geomean within 1% of 1934us; guards must pass. Measure diff_lines each iteration."
2026-06-20T06:17:14.538416,2,1,0,1936.088,8529,succeeded,aad2d19d903e978fb93e2d9a51eef10998cc1a08,"Deleted dead non-wf16 apply_block_reflector_bf16 (FP32-W apply, ~39 lines) + its exclusive helper mm_f32_then_bf16 + the FP32 Y-staging scratch cYf3/Yfp. A host-side QR_BF16_APPLY_TRACE over ALL 12 bench + 22 test shapes proved every bf16-driver entry runs g_bf16_wf16==1 (n=352/1024/2048 configs + n512 mixed driver), and the non-wf16 ELSE branch NEVER fired (per-entry AND per-dispatch-site traces). The 2 dispatch sites now call the wf16 apply unconditionally under TORCH_CHECK(g_bf16_wf16). 22/22 validate (invariance+diff-correctness+kernelguard clean), geomean 1936.09us (+0.08% vs 1934.58 floor, noise). diff_lines 8575->8529 (-46)."
2026-06-20T06:18:12.248020,2,1,N/A,N/A,N/A,brief_stop,N/A,"Brief-1 EXHAUSTED. Confirmed and removed the dead non-fused bf16 apply. KEY WIN (1 iteration, diff_lines 8575->8529, -46): a host-side QR_BF16_APPLY_TRACE (per-driver-entry + per-dispatch-site) over ALL 12 benchmark + 22 test shapes EMPIRICALLY proved g_bf16_wf16==1 at EVERY bf16-driver entry and that the non-wf16 ELSE branch (apply_block_reflector_bf16) NEVER fires. Routing: n=352 config + _LARGE_LO(n=1024) + _LARGE_HI(n=2048) + the n512 mixed driver all set wf16=1; n=176 is a NO-GO (exact FP32) and small-batch n=512/1024/2048/4096 take the exact-FP32 path (B<_BIGBATCH_SPLIT_BAD_MIN / B<FP16_MIN_BATCH), never reaching the bf16 driver. Deleted: apply_block_reflector_bf16 (the FP32-W apply), its EXCLUSIVE helper mm_f32_then_bf16 (FP32 Y=M W GEMM+convert, no other caller), and the exclusive FP32 Y-staging scratch cYf3/Yfp. The 2 dispatch sites now call apply_block_reflector_bf16_wf16 unconditionally, guarded by TORCH_CHECK(g_bf16_wf16) (mirrors the file's larft/static<64> pruned-branch guard pattern). Build_Minv kernels + mmb_S + f32_to_bf16_packed all stay (shared with the wf16 apply and blocked_qr_2level). 22/22 validate (invariance+diff-correctness+kernelguard CLEAN), geomean 1936.09us (+0.08% vs 1934.58 floor, pure noise -- the wf16 path was already the only one running, so codegen is identical on the live path). Final commit aad2d19d, profiled (nsys, n=512). FOLLOW-UPS for the manager: (1) The SURVIVING wf16 apply's non-fused fallback (apply_block_reflector_bf16_wf16, the !fused_ok cuBLAS path) IS reachable (n=352/n=2048 run iwmma=0 so fused_ok=false). But inside it the 'if(!m_fused) f32_to_bf16_packed(M) convert' else-arm may be dead -- every reachable w is even and hits blk4/blk2 (m_fused=true); a finer m_fused-reachability trace could prove it removable (small, ~3 lines). (2) The broader prize remains the ~52 file-wide os.environ.get(QR_*) tuning knobs (panel/bf16/paf/wsp/n512) the operator endorsed removing -- a large diff_lines lever needing per-knob reachability. (3) _SMALL1_BF16=0 / _SMALL2_BF16=1 etc. are dead diagnostic A/B master-switches now that the per-shape choice is frozen -- inlining them is a safe several-line win."
2026-06-20T06:20:31.110564,2,2,N/A,N/A,N/A,brief_start,N/A,"Apply your proven trace method to the isolated TINY-n path (parent aad2d19d, your branch) — it serves ONLY shape 0 (n=32, B=20) so reachability is clean. Targets: blocked_qr_tiny (~2370), the tiny kernel zoo (tiny_qr_kernel, tiny_qr_pipe_kernel, tiny_qr_warp_scalar_kernel, the __TINY_WARP_SCALAR_INJECT__ codegen via _gen_tiny_warp_scalar_kernel ~6269), and _TINY_* knobs (_TINY_N, _WARPS_TINY, _TINY_DIVFREE, _TINY_WARP_WPB). Multiple tiny kernels exist but blocked_qr_tiny launches only one — trace which (and which divfree/wpb codegen variant) fires for shape 0 + any n<=32 test shape, then delete the unreached tiny kernels + the dead codegen branches + dead _TINY_ knobs. Hold all 12 shapes numerically identical (esp shape 0), geomean within 1% of 1934us; guards pass. This tiny path is distinct from every other in-flight region. Measure diff_lines each iter."
2026-06-20T06:37:55.615140,2,2,0,1946.016,8488,succeeded,fed634093961e9ce47bcaca44d36e0e6964823c8,"Collapsed _gen_tiny_warp_scalar_kernel to divfree-only and dropped the <int WPB> template machinery. A host-side QR_TINY_TRACE over all 12 bench + 22 test shapes proved blocked_qr_tiny is entered ONLY with n=32, g_tiny_warp=1, g_tiny_fused=1, always the FASTPATH, 0 FALLBACKs. Combined with _TINY_DIVFREE=1 (env never set) and only tiny_qr_warp_scalar_kernel<1> ever instantiated/launched, deleted: the divfree=0 divergent codegen branch (~20 lines Python), the template<int WPB>/warp_in_blk/<1> instantiation (mat=blockIdx.x now, WPB=1 => warp_in_blk always 0), and the dead _TINY_DIVFREE + _TINY_WARP_WPB knobs. Live n=32 emitted CUDA byte-identical -> shape 0 numerically identical (10.5us). 22/22 validate, kernelguard+diff-corr+invariance CLEAN, geomean 1946.02us (+0.60% vs 1934.43 floor, noise). diff_lines 8529->8488 (-41)."
2026-06-20T06:46:23.551973,2,2,1,1936.860,8468,succeeded,c7def9c639a012f1e657b2a47fc34519ada56895,"Removed dead g_tiny_fused (a hardcoded static=1 with NO setter -> its non-fused else-branch with separate H/tau allocs was unreachable; collapsed to the fused single-alloc) and the unused 'warps' parameter of blocked_qr_tiny (the trace proved warps==32 always and the body never reads it; dropped from C++ signature + fwd decl + the dispatch call site), which made _WARPS_TINY dead -> removed it + its stale tiny_qr_kernel/PIPE-sweep comment. Live n=32 path byte-identical -> shape 0 numerically identical (10.3us). 22/22 validate, kernelguard+diff-corr+invariance CLEAN, geomean 1936.86us (+0.13% vs 1934.43 floor, noise). diff_lines 8488->8468 (-20)."
2026-06-20T06:55:42.187328,2,2,2,1936.835,8426,succeeded,dac3aecb4b65df542b70699257262c24a4b2e5d1,"Pruned the dead-kernel COMMENT blocks. tiny_qr_kernel and tiny_qr_pipe_kernel exist ONLY in comments (no __global__ definitions -- confirmed by grep); blocked_qr_tiny launches only the injected warp-scalar kernel. Removed their two descriptive blocks (~22 lines), condensed the WARP-PER-MATRIX header to drop refs to the dead pipe kernel + the replaced col[32]-array version (kept the shuffle-correctness + launch_bounds notes for the LIVE injected kernel), and fixed blocked_qr_tiny's doc to describe the warp-per-matrix launch instead of the gone tiny_qr_kernel. The whole TINY path is an addition over baseline (baseline has 0 'tiny' refs), so every comment line removed lowers diff_lines. Comment-only -> codegen byte-identical (shape 0 10.29us, matches iter1); the // __TINY_WARP_SCALAR_INJECT__ replace-marker preserved verbatim. 22/22 validate, kernelguard+diff-corr+invariance CLEAN, geomean 1936.84us. diff_lines 8468->8426 (-42)."
2026-06-20T07:06:19.294860,2,2,3,N/A,N/A,validation_error,aad2d19d903e978fb93e2d9a51eef10998cc1a08,"FLAKY invariance-guard failure (NOT a real regression). On the FIRST validate of the iter-3 working tree, the invariance guard's BATCH SWEEP B=1280 (n=512, mixed) flagged matrix 209 with residual=6.29 vs allowed=0.521; test shapes + all other sweeps PASSED. The iter-3 edit is provably n=32-ONLY (git diff vs iter-2 touches only the tiny-path guard g_tiny_warp&&n==32 -> n==32, the always-on set_tiny_warp/g_tiny_warp toggle removal, and _TINY_N inlining); NO n=512 code is touched, so qr_n512_mixed_driver is byte-identical. An immediate re-run of the IDENTICAL build PASSED (B=1280 [ok], validation: PASS), confirming a pre-existing borderline ill-conditioned matrix in the guard's random B=1280 mixed batch that hovers near the residual tolerance under run-to-run FP nondeterminism. Logging the flaky fail before recording the clean pass; not a code defect, will commit iter-3."
2026-06-20T07:07:19.214050,2,2,4,1936.699,8417,succeeded,f0dc6fcdbf97e8cb3f1f38b4341563a3495f8f45,"Removed the always-on set_tiny_warp/g_tiny_warp toggle and inlined _TINY_N. g_tiny_warp was a static=0 flipped to 1 once at import (set_tiny_warp(1)) and NEVER changed -> always on; baked it away: the fast-path guard 'g_tiny_warp && n==32' becomes 'n==32', removed the static var + setter + the _CPP_SRC fwd decl + the pybind functions-list entry + the init call. load_inline binds by NAME not position, so dropping the list entry leaves every other binding intact (verified: only set_tiny_warp unbound). Inlined _TINY_N (env never set, =32) at its 2 use sites (dispatch guard 'n<=32' + comment) and removed its def. Provably n=32-ONLY (git diff vs iter-2 touches no n=512 code; qr_n512_mixed_driver byte-identical) -> shape 0 numerically identical (10.294us). 22/22 validate, kernelguard+diff-corr+invariance CLEAN. NOTE: the prior log row (validation_error @ aad2d19d) is a FLAKY B=1280 invariance borderline on the n=512 path that passed on immediate re-run of the identical build -- not caused by this change. geomean 1936.70us (+0.12% vs 1934.43 floor, noise). diff_lines 8426->8417 (-9)."
2026-06-20T07:14:49.638536,2,2,5,1935.539,8414,succeeded,8665d2e0fcbacb2a9fd6b07946eea97b39786c7d,"Replaced the never-reached blocked_qr fallback in blocked_qr_tiny with a TORCH_CHECK(n==32). The dispatch routes only n<=32 to blocked_qr_tiny, and the smallest n in the frozen shape set is 32, so the n!=32 fallback was unreachable under the active set (the injected warp-scalar kernel is hardcoded for n=32 anyway). Collapsed if(n==32){...}else{fallback} to early TORCH_CHECK + straight-line fast path (mirrors the file's larft/static<64> pruned-branch guard pattern from briefs 0/1), and removed the now-unneeded local 'blocked_qr' fwd decl (its real definition follows immediately; the pybind _CPP_SRC decl stays). Observationally identical on all 12+22 shapes -> shape 0 numerically identical (10.295us). 22/22 validate, all guards CLEAN. geomean 1935.54us (+0.06% vs 1934.43 floor, on the floor). diff_lines 8417->8414 (-3)."
2026-06-20T07:16:16.723808,2,2,N/A,N/A,N/A,brief_stop,N/A,"Brief-2 EXHAUSTED. Fully simplified the isolated TINY-n path (serves only shape 0, n=32 B=20). diff_lines 8529->8414 (-115), geomean 1935.54us (floor 1934.43, +0.06% -- ON the floor; even ~0.03% under the parent 1936.09, all noise), shape 0 byte-identical (10.295us) every iteration. 5 succeeded iters; the lone validation_error row is a FLAKY B=1280 invariance-guard borderline on the n=512 path that PASSED on immediate re-run of the IDENTICAL build (git diff proved that iter touched ZERO n=512 code) -- not a defect. All succeeded iters: 22/22 validate, kernelguard+diff-corr+invariance CLEAN.

REACHABILITY METHOD (decisive): a host-side QR_TINY_TRACE over all 12 bench + 22 test shapes proved blocked_qr_tiny is entered ONLY with n=32, g_tiny_warp=1, g_tiny_fused=1, ALWAYS the FASTPATH, 0 FALLBACKs (10400 bench entries + 9 validate entries, all identical). Combined with constant-propagation: _TINY_DIVFREE=1 and g_tiny_fused/g_tiny_warp never toggled.

DELETED (all proven-dead): (1) the divfree=0 divergent codegen branch (~20 Py lines) + the template<int WPB> machinery in _gen_tiny_warp_scalar_kernel -- only <1> was ever instantiated/launched, so it is now a plain __global__ with mat=blockIdx.x. (2) the dead _TINY_DIVFREE/_TINY_WARP_WPB/_WARPS_TINY/_TINY_N Python knobs (env never set; _TINY_N inlined to 32 at its 2 sites). (3) the unused 'warps' parameter of blocked_qr_tiny. (4) g_tiny_fused (static=1, NO setter -> its non-fused alloc else-branch unreachable) and g_tiny_warp/set_tiny_warp (static=0 flipped to 1 once and never changed -> always on; removed var+setter+_CPP_SRC fwd-decl+pybind-list entry+init call; load_inline binds by NAME so other bindings intact). (5) the two dead-kernel comment blocks for tiny_qr_kernel + tiny_qr_pipe_kernel (they exist ONLY in comments, no __global__ defs) + condensed the WARP-PER-MATRIX header. (6) the never-reached n!=32 fallback to blocked_qr -> TORCH_CHECK(n==32) (mirrors the larft/static<64> pruned-branch pattern; smallest n in the frozen set is 32). The // __TINY_WARP_SCALAR_INJECT__ replace-marker preserved verbatim; codegen still compiles + injects cleanly. ZERO orphan refs remain. The whole TINY path is now its minimal live form: one warp-scalar codegen + one lean blocked_qr_tiny entry, no knobs, no dead variants.

PROFILER NOTE: the n=32 (and n=512 single-spec) nsys captures came back empty of CUDA kernel data -- the eval subprocess finishes before the trace window catches kernels for ultra-short/single-spec runs on this host. The parent profile stays representative (n=32-only edits don't change any kernel's behavior). Profiles saved at profiles/2026-06-20-04-33-52-qr_v2_simplify/worker-2-brief-2-iteration-{4,5}-<sha>.nsys-rep (metadata only).

FOLLOW-UPS for the manager: (1) The TINY path is now exhausted -- no remaining tiny dead code. (2) The broad prize remains the ~50 file-wide os.environ.get(QR_*) knobs across panel/bf16/paf/wsp/n512 subsystems (operator-endorsed for removal) -- a large diff_lines lever needing per-knob reachability, distinct from this isolated path. (3) _gen_tiny_warp_scalar_kernel's N param is only ever called with 32 but is genuinely used to size the unroll -- hardcoding it would be a tiny readability tradeoff, not a dead-code win, so left as-is."
2026-06-20T07:22:38.589417,2,3,N/A,N/A,N/A,brief_start,N/A,"Simplify the n>=4096 CholeskyQR Python orchestration (parent 8665d2e0, your branch). There are near-duplicate function pairs: _looped_cholesky vs _looped_cholesky_noinfo (~8212/8232) and _cholesky_dispatch vs _cholesky_dispatch_noinfo (~8240/8248). Trace which the benchmark shape 6 (n=4096,B=2, via _cholqr_dense_b2_path/dense_noinfo=True) AND the B=1 n=4096 TEST shapes (via _cholqr_path/dense_noinfo=False) actually call. If one variant of a pair is never reached, delete it; if both are reached but differ only in info-tracking, consider unifying them behind a flag (a real refactor that cuts lines). CRITICAL: B=1 n=4096 test shapes route through the info-tracking path (W3's lesson) — confirm before deleting any info path. AVOID the LU C++ kernels and oz_* Ozaki Gram (live; another worker's region). Hold all 12 shapes + 22 tests, geomean within 1% of 1934us; guards pass. Measure diff_lines each iter."
2026-06-20T07:32:08.921144,2,3,0,1936.115,8400,succeeded,ef0231bd37c9c04dfdbbd7696a7fb6f4f78ca2bb,"Deleted dead _looped_cholesky_noinfo + _cholesky_dispatch_noinfo (the noinfo cholesky pair). Host-side call-count trace over ALL 22 test + 12 bench shapes: both noinfo variants = 0 calls; info variants _looped_cholesky/_cholesky_dispatch = 2 calls each (the two B=1 n=4096 TEST shapes via _cholqr_path/dense_noinfo=False, W3's lesson reconfirmed); bench shape 6 (b=2 n=4096) routes entirely through C++ chol_b2_lower_R_solve (touches none). dense_noinfo only set by _cholqr_dense_b2_path (B==2,n>=4096) whose only shape n==4096 is consumed by the chol ext (default flag=1, never overridden). Unreachable elif arm -> RuntimeError guard. 22/22 validate + guards clean, geomean 1936.11us (+0.03% vs 1935.54 parent). diff_lines 8414->8400."
2026-06-20T07:37:47.237400,2,3,1,1939.981,8394,succeeded,154035f0e7073dc2595fde5052a18fbe51e70aaf,"Inlined _cholesky_dispatch into _choleskyqr_1pass's info else-branch and deleted it. After the noinfo twin was removed (iter 0), _cholesky_dispatch had a single caller; the trace proved only b=1 reaches it (the two B=1 n=4096 TEST shapes), so the b<=4 conditional always takes _looped_cholesky and the batched cholesky_ex(G) fallback is dead. Replaced the call with _looped_cholesky directly. 22/22 validate + guards clean, geomean 1939.98us (+0.23% vs 1935.54 parent, noise). diff_lines 8400->8394."
2026-06-20T07:42:49.486534,2,3,2,1939.440,8392,succeeded,f4688cae229ed2dfde35db04658ec18d8a0562ac,"Comment-only tightening in _choleskyqr_1pass: condensed the dense_noinfo RuntimeError-guard rationale and the info else-branch note. No behavior change. Baseline (6-line file) has none of this code so trimmed comments lower diff_lines directly. 22/22 validate + guards clean, geomean 1939.44us (+0.20% vs 1935.54 parent, noise). diff_lines 8394->8392."
2026-06-20T07:44:14.109104,2,3,N/A,N/A,N/A,brief_stop,N/A,"Brief 3 (simplify cholqr orchestration) EXHAUSTED. diff_lines 8414->8392 (-22), geomean held at 1939us (+0.20-0.33% vs 1935.54 parent, all noise; kernels untouched). 22/22 validate + invariance guards clean every iter. Best/final commit f4688cae.

REACHABILITY (host-side call-count trace over ALL 22 test + 12 bench shapes, the rigorous check the brief demanded): _looped_cholesky=2, _cholesky_dispatch=2 (both = the two B=1 n=4096 TEST shapes via _cholqr_path/dense_noinfo=False/b<=4 -- W3's lesson RECONFIRMED, info path is LIVE); _looped_cholesky_noinfo=0, _cholesky_dispatch_noinfo=0 (DEAD). bench shape 6 (b=2 n=4096) touched NONE -- it routes entirely through C++ chol_b2_lower_R_solve (_B2_CHOL_SOLVE_EXT defaults 1, never overridden in harness). Root cause the noinfo pair is dead: dense_noinfo=True is only set by _cholqr_dense_b2_path (B==2,n>=4096), whose sole shape n==4096 is consumed by the chol ext; no B==2 n>4096 shape exists to fall into the elif.

DID: (0) deleted both noinfo functions, replaced the unreachable elif dense_noinfo arm with a RuntimeError guard; (1) inlined _cholesky_dispatch (single caller after the twin died, dead batched cholesky_ex fallback) directly to _looped_cholesky; (2) tightened the guard comments.

NOT TOUCHED (region boundaries respected): the _B2_CHOL_LOWER_R_EXT branch and chol_b2_* C++ kernels (another worker's LU region -- the _B2_CHOL_LOWER_R_EXT branch IS dead under defaults since SOLVE_EXT returns first, but removing it would orphan a C++ kernel); _gram_int_ozaki / oz_* Ozaki Gram. SUGGESTIONS for a follow-up brief: _looped_cholesky could be inlined into _choleskyqr_1pass's else-branch but it just moves ~5 code lines + a documented potrf-rationale comment (no diff_lines win, bloats caller); the dead _B2_CHOL_LOWER_R_EXT Python branch (~2 lines) is removable only in coordination with whoever owns chol_b2_lower_R_out."
2026-06-20T07:52:09.633110,2,3,3,1937.776,8370,succeeded,9af4dfdb4f4e23181661dcfbaaccf797d69ae7ff,"Deleted the 4 dead recon-path-selector constants _RECON_CUSTOM/_RECON_CPP/_RECON_CPP2/_RECON_IPH + their 4 descriptive comment blocks (22 lines total). Word-boundary grep proved each appears ONLY on its own def line (ZERO read sites file-wide), and _reconstruct_householder (~8013) hardwires the recon_lu_cpp + build_H_inplace route with NO _RECON_* branch -- so they are pure dead code added over baseline. Re-examined _reconstruct_householder / _cholqr_path / _cholqr_dense_b2_path: no statically-dead branch surfaced once the constants are gone (the recon route was already single-path). CONFIRMED _B2_CHOL_LOWER_R_EXT stays LIVE (read at the dense b==2 n==4096 chol_b2_lower_R_out gate, line ~7966) and _TRSM_NB_CPP intact -- both untouched, as the brief required. Codegen byte-identical (cached 1.2s rebuild) -> all 12 bench + 22 test shapes numerically identical (shape 6 n=4096/B=2 = 14686.72us). 22/22 validate, kernelguard+diff-corr+invariance guards ALL CLEAN. geomean 1937.78us (+0.17% vs 1934.43 floor; -0.09% vs 1939.44 parent, pure noise). diff_lines 8392->8370 (-22)."
2026-06-20T07:52:39.271566,2,4,N/A,N/A,N/A,brief_start,N/A,"Remove the 4 dead recon-path-selector constants in your cholqr/recon territory (parent f4688cae): _RECON_CUSTOM (~8050), _RECON_CPP (~8055), _RECON_CPP2 (~8062), _RECON_IPH (~8065). W4's whole-file census found all 4 are NEVER READ — _reconstruct_householder hardwires the recon_lu_cpp+build_H_inplace path. Confirm zero read sites for each (grep), then delete the dead constants + any now-dead comment. Also re-examine _reconstruct_householder for any branch gated on these constants that is now statically dead. CONFIRM FIRST that _B2_CHOL_LOWER_R_EXT is LIVE (it gates shape 6's b==2 n==4096 chol_b2_lower_R_out call at ~8288) — do NOT remove it. Hold all 12 shapes + 22 tests, geomean within 1% of 1934us; guards pass. Measure diff_lines each iter."
2026-06-20T07:52:51.278770,2,4,0,1937.776,8370,succeeded,9af4dfdb4f4e23181661dcfbaaccf797d69ae7ff,"(brief-4 re-attributed; prior identical row was mis-stamped brief_id=3 because brief_start was logged after this iteration -- same commit 9af4dfdb, same metrics). Deleted the 4 dead recon-path-selector constants _RECON_CUSTOM/_RECON_CPP/_RECON_CPP2/_RECON_IPH + their 4 descriptive comment blocks (22 lines). Word-boundary grep proved each appears ONLY on its own def line (ZERO read sites file-wide); _reconstruct_householder hardwires recon_lu_cpp + build_H_inplace with NO _RECON_* branch. No statically-dead branch surfaced in _reconstruct_householder/_cholqr_path/_cholqr_dense_b2_path (recon route already single-path). _B2_CHOL_LOWER_R_EXT confirmed LIVE (dense b==2 n==4096 chol_b2_lower_R_out gate) + _TRSM_NB_CPP intact -- both untouched. Codegen byte-identical (cached rebuild) -> all 12 bench + 22 test shapes numerically identical. 22/22 validate, kernelguard+diff-corr+invariance ALL CLEAN. geomean 1937.78us (+0.17% vs floor; noise). diff_lines 8392->8370 (-22)."
2026-06-20T07:54:08.422752,2,4,N/A,N/A,N/A,brief_stop,N/A,"Brief 4 EXHAUSTED (single-purpose dead-constant removal). diff_lines 8392->8370 (-22), geomean 1937.78us (+0.17% vs 1934.43 floor; -0.09% vs 1939.44 parent -- pure noise). 1 succeeded iteration, final commit 9af4dfdb. 22/22 validate + diff-corr + invariance guards ALL CLEAN.

CONFIRMED-DEAD & DELETED: the 4 recon-path-selector constants _RECON_CUSTOM (=False), _RECON_CPP (=True), _RECON_CPP2 (=False), _RECON_IPH (=True) + their 4 descriptive comment blocks (22 lines total). Word-boundary grep (\b_RECON_*\b) proved each appears ONLY on its own def line -- ZERO read sites file-wide. W4's census reconfirmed: _reconstruct_householder (~8013) hardwires the single recon route 'Mf=lu.recon_lu_cpp(M,R,D,bs,ob); H,tau=lu.build_H_inplace(Mf,R,D)' with NO _RECON_* branch anywhere; the route comment already reads 'The reconstruction route is recon_lu_cpp + in-place build_H/tau.' So the constants were pure dead config added over baseline.

RE-EXAMINED for now-statically-dead branches (brief required): _reconstruct_householder, _cholqr_path (~8042), _cholqr_dense_b2_path (~8061) -- NONE surfaced. The recon route was already collapsed to a single hardwired path before this brief (an earlier worker had inlined it), so deleting the selectors orphaned no live branch and removed no reachable code. Codegen byte-identical (cached 1.2s rebuild) -> every one of the 12 bench + 22 test shapes is numerically identical; shape 6 (n=4096/B=2, the path THROUGH _reconstruct_householder + _B2_CHOL_LOWER_R_EXT) = 14686.72us, unchanged.

REGION BOUNDARIES RESPECTED (brief fence): _B2_CHOL_LOWER_R_EXT verified LIVE (read at line ~7966 'if dense_noinfo and _B2_CHOL_LOWER_R_EXT and b==2 and n==4096:' gating the chol_b2_lower_R_out call) -- NOT touched. _TRSM_NB_CPP (live, read at 7964/7984) -- NOT touched. chol_b2_* C++ kernels, LU C++, oz_* Ozaki Gram -- NOT touched. Profile (nsys, shape 3) saved at profiles/2026-06-20-04-33-52-qr_v2_simplify/worker-2-brief-4-iteration-0-9af4dfdb.nsys-rep (real kernel data this time; identical to parent since codegen unchanged).

NOTE on log ordering: this iteration's first row was mis-stamped brief_id=3 iter=3 (I logged brief_start AFTER the iteration); I then logged the brief_start and re-logged it as brief_id=4 iter=0. Both rows carry the same commit 9af4dfdb and metrics (1937.776/8370) -- data integrity intact, the brief-3 duplicate is harmless.

FOLLOW-UPS for the manager: (1) The recon/cholqr Python orchestration is now largely exhausted (briefs 0-4 cleared the build_Minv family, the non-fused bf16 apply, the tiny-n path, the noinfo cholesky pair, and now the recon selectors). (2) The BIG remaining diff_lines lever is the ~50 file-wide os.environ.get('QR_*') tuning knobs across the panel/bf16/paf/wsp/n512 subsystems -- the operator endorsed removing env overrides; each is a 1-2 line win and most are never set by the eval harness (provable by the same constant-prop method), so a broad simplify brief scoped to a knob CLUSTER (e.g. all panel knobs, or all paf knobs) with per-knob reachability is the highest-yield next direction. (3) Smaller residuals I noted earlier: the _SMALL1_BF16/_SMALL2_BF16 diagnostic A/B master-switches (now frozen per-shape) and the surviving wf16 apply's '!m_fused convert' else-arm (every reachable w is even -> m_fused=true) are each a few-line win via the trace method."
2026-06-20T07:57:10.365826,2,5,N/A,N/A,N/A,brief_start,N/A,"Structural refactor on your branch (parent 9af4dfdb) — NOT dead-code deletion (that's exhausted and being combined). Two real refactors you flagged: (1) the surviving wf16 apply's 'if(!m_fused) f32_to_bf16_packed' convert else-arm — trace whether m_fused is always true on every reachable wf16 apply (every reachable w even -> blk4/blk2 -> m_fused), and if so remove the dead !m_fused else-arm + the now-unused f32_to_bf16_packed if it has no other caller. (2) inline the single-caller _looped_cholesky into _choleskyqr_1pass's else-branch ONLY if it reduces net lines (you noted it may bloat the caller — measure, keep only if it's a net reduction). Prove reachability with your trace method over 12 bench + 22 test shapes. AVOID build_Minv kernels, pybind list, n512, LU C++, panel kernels (others/combine). Hold all 12 shapes + 22 tests, geomean within 1% of 1934us; guards pass. Measure diff_lines each iter; if neither refactor is a net win, log that finding and stop."
2026-06-20T08:13:51.193307,2,5,0,1939.322,8353,succeeded,47364d827ed1b2c2b2c8fe9b8de666950fb86658,"REFACTOR #1: removed the dead !m_fused convert else-arm in apply_block_reflector_bf16_wf16 + the now-orphaned f32_to_bf16_packed kernel. The wf16 build_Minv dispatch routes every reflector to blk4/rblk_gen/blk2 (all even-w, all fold M->Mb FP16 emit into their build); the only non-folding path is TORCH_CHECK(false), so 'if(!m_fused) f32_to_bf16_packed' was unreachable by control flow and m_fused was write-only. A WF16_MFUSED_DEAD_ARM_FIRED stderr trace fired 0 times across all 22 test + 12 bench shapes. Removed dead else-arm + m_fused flag + zero-caller kernel + tightened 2 stale comments naming it. 22/22 validate (diff-correctness + invariance guards CLEAN), geomean 1939.32us (+0.26% vs 1934.43 floor, noise). diff_lines 8370->8353 (-17)."
2026-06-20T08:20:32.130194,2,5,1,1936.342,8341,succeeded,166063b546e6951429f32b0fdfe591f7a9962b5b,"REFACTOR #2: inlined the single-caller _looped_cholesky into _choleskyqr_1pass's else-branch. _looped_cholesky had exactly one call site (the B=1 n=4096 TEST-shape else-branch) and always passed upper=False. Inlined its 6-line body (reusing caller's b=A.shape[0]==G.shape[0]; upper literal-False), deleting the 18-line def. CONTRARY to the earlier brief-3 bloat worry: it IS a net reduction because the LOWER-vs-UPPER potrf rationale was already in _choleskyqr_1pass's header, so the relocated comment drops that duplicate (kept a trimmed 6-line rationale). Pure-Python orchestration -> CUDA codegen byte-identical (cached 1.1s rebuild). 22/22 validate incl test.18 (n=4096 B=1, the shape that exercises this branch); diff-correctness + invariance guards CLEAN. geomean 1936.34us (+0.10% vs 1934.43 floor, noise). diff_lines 8353->8341 (-12)."
2026-06-20T08:21:11.347017,2,5,N/A,N/A,N/A,brief_stop,N/A,"Brief 5 (structural REFACTOR) EXHAUSTED -- BOTH named refactors landed and BOTH proved net diff_lines reductions. diff_lines 8370->8341 (-29 total over 2 iters); geomean held at 1936.34us (floor 1934.43, +0.10%, noise); 22/22 validate with diff-correctness + invariance guards CLEAN each iter. REFACTOR #1 (iter0, -17): removed the dead 'if(!m_fused) f32_to_bf16_packed' convert else-arm in apply_block_reflector_bf16_wf16 + the now-zero-caller f32_to_bf16_packed kernel. Proof was airtight by control flow (every blk4/rblk_gen/blk2 dispatch sets m_fused=true and folds the M->Mb FP16 emit into its build; the only non-folding else is TORCH_CHECK(false), so line !m_fused is unreachable and m_fused was write-only) AND empirically confirmed: a WF16_MFUSED_DEAD_ARM_FIRED stderr trace fired 0 times across all 22 test + 12 bench shapes. REFACTOR #2 (iter1, -12): inlined the single-caller _looped_cholesky (18-line def, ~6 code lines) into _choleskyqr_1pass's B=1-n=4096 else-branch. CONTRARY to my earlier brief-3 'may bloat the caller' worry, it IS a net reduction -- the LOWER-vs-UPPER potrf rationale the relocated comment would carry is ALREADY in _choleskyqr_1pass's header, so the inlined comment drops that duplicate (kept a trimmed 6-line rationale; reused caller's b=A.shape[0]==G.shape[0] and upper literal-False). Pure-Python orchestration -> CUDA codegen byte-identical (1.1s cached rebuild); test.18 (n=4096 B=1) exercises the branch and passes. Final-iter nsys profile saved at profiles/2026-06-20-04-33-52-qr_v2_simplify/worker-2-brief-5-iteration-1-166063b546e6951429f32b0fdfe591f7a9962b5b.nsys-rep. FOLLOW-UPS: (1) the BIG untouched diff_lines lever remains the ~50 file-wide os.environ.get('QR_*') tuning knobs across panel/bf16/paf/wsp subsystems (operator endorsed removing env overrides; each provable dead by constant-prop) -- best scoped per knob-CLUSTER. (2) the dead _B2_CHOL_LOWER_R_EXT Python elif branch (~2 lines) in _choleskyqr_1pass is removable but only in coordination with whoever owns the chol_b2_* C++ ext (it's the dense_noinfo B=2 path). (3) _SMALL1_BF16/_SMALL2_BF16 diagnostic master-switches noted earlier are still frozen per-shape, a few-line trace win each."
2026-06-20T08:23:31.378175,2,6,N/A,N/A,N/A,brief_start,N/A,"Region work is exhausted fleet-wide and the first combine landed (diff 6565, holds floor). Your task: a careful CORRECTNESS-MARGIN + reachability re-audit on your own branch (parent 166063b5) to surface any LAST genuinely-dead symbol the region briefs missed at the SEAMS between regions — e.g. a helper used only by two now-deleted callers, a scratch buffer threaded through multiple functions, a g_* global whose every reader was removed across different briefs. Build the cross-region census (every symbol's full reference set) and delete only proven-zero-reference orphans. If you find NONE (likely — the fleet has been thorough), that is a valid clean finding: log it and stop. Do NOT re-touch any region another worker owns; focus on cross-region seam orphans only. Hold all 12 shapes + 22 tests, geomean within 1% of 1934us; guards pass. Measure diff_lines each iter."
2026-06-20T08:34:11.447988,2,6,0,1946.544,8306,succeeded,ac90f85ce11431d4830358b1375048a3c811edf3,"SEAM ORPHAN #1: deleted dead n512_tail_nz_mask_kernel (the rank-reveal tail-nonzero mask kernel) + its 7-line comment block. Whole-file cross-reference census proved ZERO references anywhere -- no <<<>>> launch, no fwd-decl, not in any pybind functions list (appears ONLY at its def line). Confirmed pre-existing-dead in the optimized floor fb5f8321 AND every worker branch in the run (its n512 rank-reveal mask caller was removed by a different brief), so it is a true cross-region seam orphan every region-scoped audit skipped. CUDA module byte-identical on every live path (never instantiated into a launch) -> all 12 bench + 22 test shapes numerically identical. 22/22 validate, kernelguard + diff-correctness + invariance guards ALL CLEAN (incl the B=1280 invariance sweep that flaked in brief 2 -- clean here). geomean 1946.54us (+0.65% vs 1934.43 floor; +0.53% vs 1936.34 parent -- pure noise, codegen identical). diff_lines 8341->8306 (-35)."
2026-06-20T08:39:03.344971,2,6,1,1934.809,8294,succeeded,b135d008ff2393db455f6943555b81772fd7eb6c,"SEAM ORPHAN #2: deleted dead copy_tau_n512_indexed_kernel (an indexed tau-scatter helper). Whole-file census proved ZERO references anywhere -- no <<<>>> launch, no fwd-decl, not in any pybind functions list (appears ONLY at its def). Confirmed pre-existing-dead in the optimized floor fb5f8321 AND every worker branch in the run; its n512 caller was superseded (the live path scatters H+tau together via scatter_exact_n512_kernel, which remains). CUDA module byte-identical on every live path -> all 12 bench + 22 test shapes numerically identical. 22/22 validate, kernelguard + diff-correctness + invariance guards ALL CLEAN. geomean 1934.81us (+0.02% vs 1934.43 floor -- ON the floor; -0.61% vs the prior iter's 1946.54, reconfirming that delta was pure noise since live-path codegen is identical). diff_lines 8306->8294 (-12)."
2026-06-20T08:45:09.017020,2,6,2,1937.634,8293,succeeded,ca9a7ebdc9a87bf87d16e1cfa910182881dc59f7,"SEAM ORPHAN #3: deleted dead set_no_splitk setter (1 line). It is unreachable from BOTH directions: NOT in either load_inline functions=[...] list (so load_inline never binds it -> Python cannot call it), and no C++ caller. Its global g_no_splitk stays LIVE -- read in the trailing-GEMM split-K-disable determinism gate (lines ~2618/2770) and driven INTERNALLY by the blocked_qr_2level body (~5953/5955), never through this setter. The Python-facing export rotted dead after the global went internal-only. Deleted only the setter; g_no_splitk def + 4 readers + 2 internal writers intact. CUDA module byte-identical on every live path -> all 12 bench + 22 test shapes numerically identical. 22/22 validate, kernelguard + diff-correctness + invariance guards ALL CLEAN. geomean 1937.63us (+0.17% vs 1934.43 floor; +0.07% vs 1934.81 parent -- noise). diff_lines 8294->8293 (-1)."
2026-06-20T08:53:58.705645,2,6,3,1936.419,8289,succeeded,883a7c2a73fa75a93da6025c78623eeec4eb7980,"SEAM ORPHAN #4-5: deleted 2 dead Python-setter EXPORTS (set_prec_w, set_minv_2lev_nlev) -- a new orphan class surfaced by a pybind-functions-list census. Both setters are bound to Python (in the functions=[...] list + extern decl + def) but have ZERO _ext.set_X( call sites AND no C++ caller. Their globals migrated to INTERNAL C++-driven control across earlier briefs: g_prec_w written in qr_n512_mixed_driver (=1 bad path / =0 wide), read in apply_block_reflector W=V^T@C; g_minv_2lev_nlev written internally (=2/=1), read in the build_Minv 2-level dispatch. So the Python-facing setters rotted dead while global defaults + internal writes drive behavior -- a textbook cross-region seam orphan (the Python caller was removed in a different brief). Removed each setter's full triple (def + extern decl + pybind list entry); globals + readers + internal writers intact. load_inline binds by NAME so the remaining 46 module-1 bindings are intact (build OK). CUDA byte-identical on every live path -> all 12 bench + 22 test shapes numerically identical. 22/22 validate, kernelguard + diff-correctness + invariance guards ALL CLEAN. geomean 1936.42us (+0.10% vs 1934.43 floor; noise). diff_lines 8293->8289 (-4)."
2026-06-20T09:03:29.541691,2,6,4,1935.860,8281,succeeded,fdd8e3f8628e8e3d493ff20527d37248a721bbd7,"SEAM ORPHAN #6-9: deleted the 4 dead n512 Python-setter exports (set_n512_nfac, set_n512_rankreveal, set_n512_rr_thr, set_n512_rr_detect). Same proven seam-orphan pattern: all bound to Python (functions list + extern + def) but ZERO _ext.set_X( call sites and no C++ caller; their globals are LIVE but INTERNALLY driven by qr_n512_mixed_driver -- g_n512_rr_detect written internally (=g_n512_rr_thr when rankreveal&&tail_small, reset 0 after) + read at the rr-detect gate/mask launch; g_n512_rankreveal(=1)/g_n512_rr_thr(=1e-3) read in that gate, never written (stay default); g_n512_nfac(=0) read in the nfac cap, never written (latent-off feature). Removed each triple (def+extern+pybind entry); globals + readers + internal writer/reset intact. load_inline binds by NAME -> remaining 42 module-1 bindings intact (build OK). CUDA byte-identical on every live path -> all 12 bench + 22 test shapes numerically identical (n512 invariance batch/fraction/position sweeps CLEAN). 22/22 validate, all guards CLEAN. geomean 1935.86us (+0.07% vs 1934.43 floor; noise). diff_lines 8289->8281 (-8)."
2026-06-20T09:13:06.428509,2,6,5,1938.760,8216,succeeded,939ff90c8e08ace144ad2914a3be9deb002b160a,"SEAM ORPHAN #10 (BIGGEST, -65): deleted a cascading dead Python chain at the Python<->LU-C++ seam that every region-scoped audit missed. (1) _tri_solve_right_inv (Python blocked right-TRSM, ~53 lines): ZERO call sites -- its name appears only at its def + in 3 C++ COMMENTS documenting it as the SUPERSEDED reference ('Math is IDENTICAL to the Python _tri_solve_right_inv path'). The LU worker replaced it with the C++ tri_solve_right_inv kernel (the live path, called as 'Q = lu.tri_solve_right_inv(A,R,_TRSM_NB_CPP)'); the Python predecessor was orphaned. (2) _split_hi_lo: its ONLY 2 callers were inside _tri_solve_right_inv -> dead. (3) _MASK_HI: read ONLY by _split_hi_lo -> dead. _set_tf32 stays LIVE (still called in _choleskyqr_1pass). C++ tri_solve_right_inv kernel + its Python call site untouched (LU region respected). Pure-Python removal -> CUDA byte-identical (1.1s cached rebuild) -> all 12 bench + 22 test shapes numerically identical (test.5/test.18 n=4096 cholqr-TRSM path pass). 22/22 validate, kernelguard + diff-correctness + invariance guards ALL CLEAN. geomean 1938.76us (+0.22% vs 1934.43 floor; noise -- dead Python cannot affect runtime). diff_lines 8281->8216 (-65)."
2026-06-20T09:17:44.804676,2,6,N/A,N/A,N/A,brief_stop,N/A,"Brief 6 (cross-region SEAM orphan audit) EXHAUSTED -- NOT a clean-zero finding: the whole-file census found 10 genuine proven-zero-reference orphans the region-scoped audits missed at the seams. diff_lines 8341->8216 (-125, the brief's biggest single-brief drop), geomean held 1934.81-1938.76us (floor 1934.43, max +0.22% on the final iter -- ALL pure noise: every deletion was provably behavior-neutral dead code). 6 succeeded iters, all 22/22 validate + kernelguard + diff-correctness + invariance guards CLEAN. Final profile (n=512, real kernel data) at profiles/.../worker-2-brief-6-iteration-5-939ff90c.nsys-rep.

METHOD: built a whole-file cross-reference census (every __global__ kernel, __device__/static C++ helper, g_* global, pybind functions=[...] entry, Python def/const -> its complete reference set), then flagged + deleted only symbols with ZERO reference sites, rebuilding+validating after each.

THE 10 SEAM ORPHANS (4 distinct classes):
(1) TWO dead __global__ kernels, ZERO launch sites fleet-wide -- n512_tail_nz_mask_kernel (rank-reveal tail mask, -35) + copy_tau_n512_indexed_kernel (indexed tau-scatter, -12). Both confirmed dead in the optimized FLOOR fb5f8321 AND every worker branch in the run -> pre-existing dead n512 kernels every region-scoped audit skipped (region audits chase LIVE perf, not dead kernels).
(2) ONE dead setter NOT in any pybind list -- set_no_splitk (-1): load_inline never binds it (Python can't call it), no C++ caller; its global g_no_splitk is LIVE but internally driven by blocked_qr_2level. The Python export rotted dead.
(3) SIX dead pybind-EXPORTED setters (a class a pure global-reachability check misses): set_prec_w, set_minv_2lev_nlev, set_n512_nfac, set_n512_rankreveal, set_n512_rr_thr, set_n512_rr_detect (-4, -8). All bound to Python (functions list+extern+def) but ZERO _ext.set_X( call sites and no C++ caller; their globals are LIVE but migrated to INTERNAL C++-driven control (or stay at default) across earlier briefs. Removed each full triple; load_inline binds by NAME so the remaining 42 module-1 bindings stayed intact (verified build OK each time).
(4) ONE cascading dead Python chain at the Python<->LU-C++ seam (-65, the big win): _tri_solve_right_inv (Python blocked right-TRSM, ~53 lines, ZERO call sites -- referenced only in 3 C++ comments documenting it as the SUPERSEDED reference; the LU worker's C++ tri_solve_right_inv kernel is the live path, called as lu.tri_solve_right_inv(...)) -> its exclusive helper _split_hi_lo (both callers inside it) -> that helper's exclusive constant _MASK_HI. _set_tf32 stayed LIVE.

EXHAUSTIVE RE-CENSUS after deletions confirms NONE remain: 110 C++ host/device defs scanned (0 zero-ref), 39->33 g_* globals all with >=1 live reader, 63 module-level Python consts all with >=1 code read, 30 Python defs (only custom_kernel is zero-ref -- the REQUIRED harness entry point), module-2 LU statics (g_solveptrs/g_trsm_handle/s_*) all live. The C++ kernels + LU C++ + the live n512 paths + the panel-labels diagnostic (set/get_panel_labels LIVE under do_labels) were NOT touched -- region fences respected.

FOLLOW-UPS for the manager: (1) Seam orphans are now EXHAUSTED -- no further zero-reference symbol exists in any class. (2) The 3 C++ comments at LU lines ~6439/6512/6519 still NAME the now-deleted Python _tri_solve_right_inv as the reference -- they are now slightly stale but harmless; tightening them is the LU-region owner's call (I left them to respect the fence). (3) gather_n512_bad_input is bound to Python but called only C++->C++ (line ~1737) -- its pybind-list entry + extern could be dropped (Python never calls it) but the function stays LIVE; a tiny binding-only trim in the n512 owner's scope. (4) The remaining big diff_lines lever is unchanged: the ~50 os.environ.get('QR_*') tuning knobs across panel/bf16/paf/wsp/n512 (operator-endorsed) -- best per knob-cluster with per-knob reachability."
2026-06-20T09:24:20.856744,2,7,N/A,N/A,N/A,brief_start,N/A,"Run your proven cross-region SEAM census on the LATEST COMBINE branch (parent 1e8481c5, the deliverable at diff 6319) — not your own branch this time. The union-merge of 6+ branches can create orphans that even the per-branch seam audits + the C++ kernel sweep missed: a helper whose callers were deleted by DIFFERENT branches now merged together, a Python def superseded by a C++ kernel from another branch, a cascading def->helper->const chain dead only post-merge, a pybind entry whose function another branch removed. Build the whole-file cross-reference census on THIS combined file (every C++ def/global/extern/pybind + every Python def/const -> full reference set), flag zero-reference orphans, delete proven-dead ones (full recompile + validate 22 tests+guards + bench 12 after each). This hardens the deliverable. If the combine is already orphan-clean (W0's C++ sweep + the polish briefs were thorough), log that clean finding and stop. Hold all 12 shapes, geomean within 1% of 1934us. Measure diff_lines each iter; brief_stop with final diff + SHA."
2026-06-20T09:36:40.179055,2,7,0,1925.131,6284,succeeded,0c0669459ba6158412774e4b675dc433de66616b,"SEAM census on COMBINE deliverable (parent 1e8481c5): removed orphan chain mm3_sym (static host helper, 0 callers) + split_kernel (launched only inside mm3_sym -> cascading dead). Binding safety re-verified clean: all _ext./lu. calls have pybind entries, all exported entries called. 12 shapes pass, invariance CLEAN."
2026-06-20T09:38:21.934560,2,7,N/A,N/A,N/A,brief_stop,N/A,"SEAM census on the COMBINE deliverable (parent 1e8481c5) complete. Final SHA 0c066945, diff_lines 6284 (-35 from 6319), geomean 1925.131us (within noise of 1934), all 12 shapes + invariance guard CLEAN. FOUND & REMOVED one genuine post-merge orphan chain in _CUDA_SRC: mm3_sym (static host helper, symmetric 3xTF32 S=V^T V, ZERO callers) and split_kernel (FP32 hi/lo split __global__ launched ONLY inside mm3_sym -> cascading dead once mm3_sym goes). The live mm3/mm1g/mm1_tf32_inplace GEMM helpers are untouched. BINDING SAFETY RE-VERIFIED CLEAN: all 29 _ext.<m> + 8 lu.<m> Python calls have matching pybind functions[] entries AND every exported entry is called -- no latent AttributeError, no orphan binding. Four independent census passes (Python defs, module consts, C++ __global__/__device__ kernels via comment-stripped launch-site check, C++ host-helper reachability with direct grep verification) found NO other orphans: every other def/const/kernel/helper has a live reference. Combine is now orphan-clean. Note: nsys on a single fast spec via the subprocess harness captured no kernel data (the 20s window truncated); parent 1e8481c5 has profiles, and SASS for all live kernels is byte-identical (only unreachable code removed). Suggest for next brief: the orphan surface is exhausted; remaining diff_lines reduction would need macro refactors (merging similar kernel variants or collapsing the per-shape config dicts), not dead-code removal."
2026-06-20T09:41:09.263106,2,8,N/A,N/A,N/A,brief_start,N/A,"The combine deliverable is orphan-clean (you certified it). Now do a FINAL seam re-census on the DEEPEST deliverable b93b33185abe (diff 6235, deeper than your 0c066945) — init off it. The deeper combine folded more refactors (g_formt collapse, host-scratch, etc.) which may have created NEW post-merge orphans your earlier census (on the shallower 1e8481c5) couldn't see. Run your whole-file cross-reference census on b93b33185abe: every C++ def/global/extern/pybind + Python def/const -> reference set; flag + remove proven-zero-ref orphans; re-verify binding safety (all _ext./lu. calls have matching pybind entries). Full recompile + validate(22+guards) + bench(12). If already orphan-clean, log that clean finding and stop. Hold all 12 shapes, geomean within 1% of 1934us. Measure diff_lines each iter; brief_stop with verdict + SHA."
2026-06-20T09:54:38.302776,2,8,0,1919.849,6234,succeeded,f1ef7cfde937de88fa68a4f671cbcf0a5fa3dff8,"SEAM census on DEEPEST combine deliverable b93b33185abe (diff 6235): Pass 6 (C++ macros) found ONE new orphan -- the INNER_WMMA_STRIP=32 #define ('column-strip width for the strip fused-apply kernel'). Appears EXACTLY ONCE file-wide (only at its #define, line 3845): ZERO usage anywhere (no kernel/no #undef/no #ifdef/no token-paste). The strip fused-apply kernel that read it was removed by a folded refactor, orphaning the lone #define; pre-existing-dead in the optimized floor fb5f8321 (count=1) too -- a true seam orphan every region-scoped audit + the C++ kernel/helper sweeps skipped (macros are a class none looked at). INNER_WMMA_NTMAX/WMAX above it stay LIVE (9 refs each). Removing an unused #define -> codegen byte-identical -> all 12 bench + 22 test shapes numerically identical. 22/22 validate, kernelguard + diff-correctness + invariance guards ALL CLEAN. geomean 1919.85us (-0.08% vs 1921.40 parent; floor 1934.43 -- pure noise). diff_lines 6235->6234 (-1). BINDING SAFETY re-verified CLEAN: all 29 _ext + 8 lu calls have matching pybind entries, every pybind entry has a real call. LEFT ALONE per brief: g_gram3, g_bf16_blk2 (other workers)."
2026-06-20T09:56:24.966673,2,8,N/A,N/A,N/A,brief_stop,N/A,"FINAL SEAM RE-CENSUS on DEEPEST combine deliverable b93b33185abe (diff 6235) COMPLETE. VERDICT: NOT fully clean -- the deeper combine carried ONE genuine new orphan a SHALLOWER-branch census could not see. FINAL SHA f1ef7cfde937de88fa68a4f671cbcf0a5fa3dff8, diff_lines 6235->6234 (-1), geomean 1919.85us (-0.08% vs 1921.40 parent; well within 1% of 1934). 1 succeeded iter, 22/22 validate + kernelguard + diff-correctness + invariance ALL CLEAN. FOUND & REMOVED: the INNER_WMMA_STRIP=32 #define macro ('column-strip width for the strip fused-apply kernel') -- appears EXACTLY ONCE file-wide (only at its #define, line 3845), ZERO usage anywhere (no kernel/#undef/#ifdef/token-paste). Its consumer kernel was removed by a folded refactor; the lone #define rotted. Pre-existing-dead in the optimized floor fb5f8321 too -- a true seam orphan EVERY region-scoped audit + the C++ kernel/helper sweeps skipped because MACROS are a symbol class none of them looked at (my brief-7 census on the shallower 1e8481c5 also missed it -- it surfaced only when I added a #define-macro pass). METHOD: 7-pass whole-file cross-reference census -- (1) __global__ kernels via template-aware launch-site check: all 35 LIVE; (2) __device__/static helpers: all LIVE; (3) 105 host fns via brace-tracked def + comment-stripped call-site: all LIVE; (4) 39 g_* globals read/write: all LIVE; (5) 22 Python defs (incl nested): all LIVE (custom_kernel=external eval.py entry); (6) 28 module consts: all >=1 read; (7) 7 C++ #define macros + file-scope consts: INNER_WMMA_STRIP dead, rest LIVE. BINDING SAFETY AIRTIGHT: the pybind-list <-> _CPP_SRC extern-decl <-> Python-call triangle is fully closed for BOTH modules (all 29 _ext + 8 lu calls bound; every pybind entry has a real call + an extern decl; no unbound prototype). LEFT ALONE per brief: g_gram3 (10 refs, LIVE), g_bf16_blk2 (4 refs, LIVE) -- other workers handling. mm3_sym/split_kernel already gone in b93 (iter5). Final nsys profile at profiles/2026-06-20-04-33-52-qr_v2_simplify/worker-2-brief-8-iteration-0-f1ef7cfde937de88fa68a4f671cbcf0a5fa3dff8.nsys-rep (live custom kernels all present). SUGGEST for next brief: the SYMBOL orphan surface is now exhausted across ALL 7 classes -- no zero-reference def/global/const/kernel/macro remains. Two NON-orphan diff_lines residues noted but NOT touched (not symbol orphans): (a) 'g_msplit' named in 2 comments (lines 1179,4171) but NO such variable exists -- stale multi-CTA-msplit doc; (b) general comment volume. Further diff_lines would need comment-condensation or macro refactors, not dead-symbol removal."
2026-06-20T09:58:19.035492,2,9,N/A,N/A,N/A,brief_start,N/A,"Symbol dead-code is exhausted (you certified all 7 classes). Final cleanup on your branch (parent f1ef7cfd): the 2 stale g_msplit comments you flagged (lines ~1179, ~4171) reference a variable that does not exist (the multi-CTA m-split kernel was deleted) — remove/correct them. Then do a focused stale-comment pass for any OTHER comment referencing a now-deleted symbol/kernel/global across the file (grep candidate dead names: g_msplit, ndd, the removed panel variants raw_bf16/pipe_bf16/fnorm, mm3_sym, split_kernel, f32_to_bf16_packed, copy_tau, set_gram3, etc. — comments mentioning symbols that no longer have a definition). Remove only stale-reference comments; KEEP comments documenting live code. AVOID the n512 region comments (W5) and Python-dispatch comments (W0) — focus on C++ kernel-body + cross-region comments referencing deleted symbols. Verify byte-identical codegen (dump+diff _CUDA_SRC). Hold all 12 shapes, geomean within 1% of 1934us; guards pass. Measure diff_lines each iter."
2026-06-20T10:09:55.211518,2,9,0,1921.834,6230,succeeded,c430e0df266b0e46f418b10751aecd2a17815546,"Stale-comment cleanup: removed/corrected the 2 g_msplit comments (deleted multi-CTA m-split kernel). (1) ~1179: removed the 4-line orphaned 'MULTI-CTA m-SPLIT' doc block (its g_msplit/g_panel_cm doc; the live g_ov_fold doc immediately after is untouched). (2) ~4170: rewrote the build-light-prune note to drop the dead g_msplit/wsp_bf16_msplit names while keeping the design rationale (plain row-major m-split arm deleted), matching the sibling coop-arm note at ~4181. COMMENT-ONLY: comment-stripped _CUDA_SRC SHA-256 byte-identical to parent (46c2ba01...) -> SASS identical, all 12 shapes numerically identical. 22/22 validate + invariance guard CLEAN, geomean 1921.83us (+0.10% vs 1919.85 parent = pure noise; floor 1934.43). g_msplit now 0 mentions file-wide. diff_lines 6234->6230 (-4)."
2026-06-20T10:13:18.595740,2,9,N/A,N/A,N/A,brief_stop,N/A,"Brief 9 (stale-comment cleanup) COMPLETE. Final SHA c430e0df, diff_lines 6234->6230 (-4), geomean 1921.83us (+0.10% vs 1919.85 parent = pure noise; floor 1934.43, all 12 shapes hold), 22/22 validate + invariance guard CLEAN. COMMENT-ONLY: comment-stripped _CUDA_SRC SHA-256 byte-identical to parent (46c2ba01...) -> SASS + all 12 shapes numerically identical (verified by dump+hash of all 4 source strings).

DELIVERABLE (the 2 g_msplit comments): g_msplit now 0 mentions file-wide. (1) ~1179: removed the 4-line orphaned 'MULTI-CTA m-SPLIT' doc block (its g_msplit/g_panel_cm doc; the live g_ov_fold doc immediately below it is untouched). (2) ~4170: rewrote the build-light-prune note to drop the dead g_msplit/wsp_bf16_msplit names while keeping the design rationale (plain row-major m-split arm deleted), matching the sibling coop-arm note at ~4181.

FOCUSED PASS verdict: I built a whole-file deleted-symbol census (every *_kernel mentioned vs every __global__ def; every g_* mentioned vs every def; the brief's named candidates). Found 18 distinct deleted-symbol names still referenced in comments (besides g_msplit). EVERY ONE is correctly LEFT IN PLACE, for one of two reasons: (A) legitimate DESIGN-RATIONALE/LINEAGE the brief says to KEEP -- past-tense 'was deleted/pruned/merged/mirrors X' that explains LIVE code: build_Minv_kernel/_dyn (483-487,3275 -> explains the live TORCH_CHECK fallback guards), gather_split_C_kernel+mm2+mm3_bpresplit (908-911,1322-1323,1539-1540 -> 'was pruned/unreachable', explains live g_prec_w/g_prec dispatch), wsp_cmf_kernel/_bf16 (721-722,1837 -> '[MERGED] subsumes the former', live tmpl kernel), panel_factor_smem_kernel (53 'was build-light pruned'), raw_ov_kernel (324 'geometry mirrors'), qr_inner_apply_wmma_kernel (3877 'is deleted'), splitKreduce_kernel (921 = a cuBLAS-INTERNAL name, NOT a local symbol -- and the profile confirms cublasLt::splitKreduce_kernel actually launches, so the comment is accurate/LIVE). (B) FENCED into W5's n512 region -> NOT touched per brief: the bf16-panel doc-block 2166-2205 (panel_factor_smem_kernel/defer/raw_bf16/raw_ov/build_V_bf16 -- a contiguous orphaned doc lineage for 4 deleted bf16 panel kernels, sits just above the LIVE panel_factor_smem_wsp_bf16_kernel), the n512 panel-knob comments 963-969 (wsp_coop_bf16_kernel) + 1001-1009 (wsp_cm_kernel/wsp_cm2_kernel), and the n512 driver-body comments 3832/4027/4116-4122 (raw_bf16_ov_kernel/build_V_bf16_kernel). Also LEFT the LU-region comments 4919/4992/4999 (_tri_solve_right_inv -- accurate lineage for the LIVE C++ tri_solve_right_inv, NOT in n512 nor Python-dispatch but design-rationale to KEEP anyway).

TWO genuinely STALE 'presents-as-live' comments exist but are W5-FENCED (n512 panel-knob region, lines 905-1015): (i) ~963-969 says g_wsp_help'>1 selects panel_factor_smem_wsp_coop_bf16_kernel' but that plain-coop kernel is DELETED -- the live coop path is g_wsp_cm_coop -> panel_factor_smem_wsp_cm_coop_bf16_kernel (documented just below at 972-976). (ii) ~1001-1009 says 'g_panel_cm2 dispatches panel_factor_smem_wsp_cm2_kernel' but that cm2 kernel is DELETED -- g_panel_cm2 is LIVE (read at 1511,4138) and now routes to panel_factor_smem_wsp_cmf_tmpl_kernel (4140-4141). Both setters are LIVE; only the named dispatch-target kernel is gone. SUGGEST: a future W5-scoped n512 brief could correct these two (and condense the orphaned bf16-panel doc-block 2166-2205) for another ~10-20 diff_lines.

SEPARATE NON-COMMENT FINDING for the manager (real dead code, NOT a comment, W5's n512 region): in blocked_qr_2level_bf16_indexed the MULTI-CTA m-split SCRATCH is allocated but DEAD -- cGbar/cGpart (4048,4063-4065), the local pointers Gbar/Gpart (4068-4069), g_cap (4062), and the s3_numSM device query (4049-4050) are all set up but Gbar/Gpart are passed to NO kernel (the msplit kernel that consumed them was deleted alongside g_msplit). Removing the dead alloc+query+pointers (and their 3 comment blocks 4041-4047/4061) would cut both diff_lines AND a per-(re)alloc cudaMalloc/zeroing. This is structural n512-region dead code -> a W5 brief, not a comment pass.

Profile: profiles/2026-06-20-04-33-52-qr_v2_simplify/worker-2-brief-9-iteration-0-c430e0df266b0e46f418b10751aecd2a17815546.nsys-rep (whole-benchmark; live custom kernels qr_panel_apply_fused_kernel + panel_factor_smem_wsp_cm_ov_bf16_kernel present; identical to parent since SASS is byte-identical)."
2026-06-20T10:20:27.600616,2,10,N/A,N/A,N/A,brief_start,N/A,"Fix the 2 'presents-as-live' stale comments YOU flagged (parent c430e0df, ~lines 963-969 and 1001-1009). These describe deleted kernels as if they're the live dispatch target: ~963-969 names panel_factor_smem_wsp_coop_bf16_kernel (deleted; live coop path is the cm_coop kernel), ~1001-1009 names panel_factor_smem_wsp_cm2_kernel (deleted; g_panel_cm2 now routes to wsp_cmf_tmpl_kernel). Confirm each named kernel has zero __global__ definition (grep code-occurrence==0), then rewrite the comment to describe the LIVE dispatch target (or remove the stale-target sentence) WITHOUT deleting the live-knob rationale for g_wsp_cm_coop / g_panel_cm2 (those setters ARE live). Also condense the orphaned bf16-panel doc-block at ~2166-2205 if it documents deleted panels. Comment-only — verify byte-identical codegen (dump+diff _CUDA_SRC). The n512-region owner is currently on a different (large-n) brief so this region is free; stay within these specific comment fixes. Hold all 12 shapes, geomean within 1% of 1934us; guards pass. Measure diff_lines each iter."
2026-06-20T10:32:59.511907,2,10,0,1926.850,6190,succeeded,ae32d3803b3f76533731263c6a44b02563f6189a,"Stale-comment fix (comment-only, codegen byte-identical). (1) g_wsp_help setter comment named DELETED panel_factor_smem_wsp_coop_bf16_kernel (0 defs, only-occurrence was that comment) as the >1 target; rewrote to the LIVE coop kernel panel_factor_smem_wsp_cm_coop_bf16_kernel (dispatched at the g_wsp_help>1 && g_wsp_cm_coop arm), keeping the helper-warp-count rationale. (2) g_panel_cm2 setter comment named DELETED panel_factor_smem_wsp_cm2_kernel + DELETED panel_factor_smem_wsp_cm_kernel (both 0 defs) and a 2-reflector/STEP-2/3 mechanism that no longer exists; rewrote to the LIVE single-sync cmf kernel panel_factor_smem_wsp_cmf_tmpl_kernel (FP32 <32,6> n=176, BF16 <32,6/11> n=352) g_panel_cm2 now routes to, keeping the per-shape live-knob rationale. (3) Condensed the orphaned 40-line bf16-panel doc-block (~2166) documenting 4 DELETED BF16 panels (panel_factor_smem_bf16/defer_bf16/raw_bf16/raw_ov_bf16, all 0 defs) to a 4-line pointer. Both live setters (set_wsp_cm_coop/set_panel_cm2) untouched. Verified: comment-stripped _CUDA_SRC SHA == parent (54db9653, STRIP_LEN 140824 both); every added/removed line is a comment or blank. geomean 1926.850us (parent 1921.834, floor 1934 -- within 1%); 22 test shapes + kernelguard + diff-correctness(12x8) + invariance guards all PASS. diff_lines 6230->6190 (-40)."
2026-06-20T10:33:14.133281,2,10,N/A,N/A,N/A,brief_stop,N/A,"Brief 10 done in 1 iteration (commit ae32d380, diff_lines 6230->6190 = -40, geomean 1926.850us vs floor 1934 -- within 0.4%; 22 test shapes + kernelguard + diff-correctness + invariance guards all PASS). All 3 stale comments fixed, all comment-only (comment-stripped _CUDA_SRC SHA byte-identical to parent: 54db9653). Verified each named DELETED kernel has 0 __global__ defs: panel_factor_smem_wsp_coop_bf16_kernel (g_wsp_help comment) -> rewrote to live panel_factor_smem_wsp_cm_coop_bf16_kernel; panel_factor_smem_wsp_cm2_kernel + panel_factor_smem_wsp_cm_kernel (g_panel_cm2 comment) -> rewrote to live panel_factor_smem_wsp_cmf_tmpl_kernel; the orphaned ~2166 doc-block's 4 BF16 panels (panel_factor_smem_bf16/defer_bf16/raw_bf16/raw_ov_bf16) all 0 defs -> condensed 40 lines to a 4-line pointer. The live per-shape setters set_wsp_cm_coop/set_panel_cm2 and their knob rationale were preserved; no n512 code touched. Suggestion for a follow-up SIMPLIFY brief: several OTHER setter/dispatch comments still carry verbose build-light-prune narration for deleted arms (e.g. the 'build-light prune' blocks at ~4165 and ~4177, and pruned-fall-through narration at ~1512 and ~1519) that could be condensed similarly if their region owner is free -- pure comment-only diff_lines wins with zero perf risk."
2026-06-20T10:36:07.704796,2,11,N/A,N/A,N/A,brief_start,N/A,"Continue zero-risk comment condensation on your branch (parent ae32d380, diff 6190). You flagged more deleted-arm 'build-light prune' narration at ~lines 4165, 4177, 1512, 1519 — verbose comments describing panel variants that were deleted (the dispatch arm is gone, only a TORCH_CHECK or single live path remains). For each: confirm the named variant has zero __global__ def (grep), then condense the narration to a concise note about the live path (or remove if purely historical). Keep live-code rationale. Comment-only: verify byte-identical codegen (comment-stripped _CUDA_SRC SHA matches parent). Also scan for any remaining 'tried/REGRESSED/iterN/swept' sweep-history in the panel/apply C++ comment regions you own. AVOID n512 CODE and the Python dispatch comments (other workers). Hold all 12 shapes, geomean within 1% of 1934us; guards pass. Measure diff_lines each iter; if little remains, log and stop."
2026-06-20T10:45:16.301411,2,11,0,1920.361,6170,succeeded,d8ed8c49fbbf8aecddb55af7b869359f421d3d48,"Condensed deleted-arm build-light-prune narration in the panel-dispatch C++ comments (comment-only; comment-stripped _CUDA_SRC SHA == parent 54db9653..., STRIP_LEN 140824 -> SASS + all 12 shapes byte-identical). Condensed/removed 7 verbose blocks describing DELETED panel kernels/arms: cmf <32,6> FP32 dispatch (dropped <32,11>/<16,*>/cm2 pruned-instance narration), the pruned single-level fall-through TORCH_CHECK comment, ov 32-warp (dropped 16/8-warp prune note), the two dead-arm narration blocks (plain row-major m-split + plain coop 'deleted with its kernel' -- arms gone from the else-if chain), cm_coop MHELP=4/8 prune note, plain-panel 16-warp prune note, and the TORCH_CHECK defer-guard deleted-panel list. Verified each named DELETED kernel has 0 __global__ defs (panel_factor_smem_wsp_cm/cm2/coop fully gone; ov/cm_coop/bf16/cmf_tmpl are LIVE with only pruned template instances). Kept all live-code rationale (column-major float4 geometry, smem formulas) and LEFT the live ov_panel/fold_ov rationale (~4152, an active boolean, n512-adjacent) untouched. Also scanned the panel/apply C++ comment regions for tried/REGRESSED/iterN/swept/prior-best-us sweep-history -- NONE found (the prior briefs were thorough; remaining 'regress'/'%' mentions are live-code profiling rationale to keep). 22/22 validate + kernelguard + diff-correctness + invariance guards (incl B=1280 sweep) ALL CLEAN. geomean 1920.361us (-0.34% vs 1926.85 parent = pure noise; floor 1934.43, within 1%). diff_lines 6190->6170 (-20)."
2026-06-20T10:53:24.575142,2,11,1,1918.900,6150,succeeded,6969988dd8e0ecf38da8a38c451b1b4804019225,"Condensed more deleted-kernel build-light-prune narration in the SHARED (non-n512) panel comment regions (comment-only; all 4 source-string comment-stripped SHAs == parent, _CUDA_SRC 54db9653..., STRIP_LEN 140824 -> SASS + 12 shapes byte-identical). Condensed 6 verbose blocks: (1) 53-58 the deleted base-panel paragraph (panel_factor_smem_kernel, 0 defs); (2) 189-193 the deleted defer2/wsp/wsp_cm/wsp_cm2 single-level panel narration (all 0 defs); (3) 1427-1431 blocked_qr single-level smem opt-in deleted-instance list; (4) 1603-1608 blocked_qr_2level opt-in deleted-arm enumeration; (5-7) the run_panel raw/pipe/fnorm_ov dispatch pruned-template-instance notes + fall-through TORCH_CHECK comment. Each kept its LIVE rationale (sync-cut variant design, smem footprint math, which kernels need the opt-in, the live cmf/raw/pipe/fnorm_ov launch facts). Verified every named DELETED kernel has 0 __global__ defs (base/defer2/defer/wsp/wsp_cm/wsp_cm2 fully gone; raw/pipe/fnorm_ov are LIVE with only pruned template instances). LEFT the n512-driven blocked_qr_2level_bf16_indexed panel-registration comments (3900-3960, 4075-4107) untouched per the n512 fence (other worker). Also re-confirmed lines 486/910/1229/1322/1471 are LIVE-code rationale with concise inline lineage clauses (NOT verbose deleted-arm narration) -> left as-is. 22/22 validate + kernelguard + diff-correctness + invariance guards ALL CLEAN. geomean 1918.900us (-0.41% vs 1934.43 floor = pure noise; within 1%). diff_lines 6170->6150 (-20)."
2026-06-20T11:00:16.400558,2,11,2,1940.345,6146,succeeded,79cc96bcf0c88439bfc842de7c3bb9118c8a5914,"Condensed deleted-arm narration in the SHARED bf16 wf16 apply region (comment-only; _CUDA_SRC comment-stripped SHA == parent 54db9653..., STRIP_LEN 140824 -> SASS + 12 shapes byte-identical). In apply_block_reflector_bf16_wf16 (the live bf16 apply path, reachable by n=352/1024/2048 + the n512 mixed driver -- a shared apply fn, not n512-exclusive): (1) 3807-3812 condensed the verbose deleted mode-1 qr_inner_apply_wmma_kernel narration to a concise live-guard note (kept the live TORCH_CHECK string); (2) 3819-3824 trimmed the build_Minv FP16-fold deleted-fallback tail clause to one line, keeping the load-bearing FP16-fold rationale. Verified qr_inner_apply_wmma_kernel has 0 __global__ defs (appears only in that one comment; the mode-2 full-fusion kernel is the live path). LEFT line 3765 (a live composition doc-block for the apply<->build_V-fold interaction that names a deleted kernel but describes LIVE behavior -- not prune narration) untouched. 22/22 validate + kernelguard + diff-correctness + invariance guards ALL CLEAN. geomean 1940.345us (+0.31% vs 1934.43 floor, within 1% -- PURE noise: codegen byte-identical SHA confirms timing cannot change; the round ran under GPU contention at 82s wall vs the usual 14s). diff_lines 6150->6146 (-4)."
2026-06-20T11:02:04.954728,2,11,N/A,N/A,N/A,brief_stop,N/A,"Brief 11 (zero-risk comment condensation) EXHAUSTED. Final SHA 79cc96bcf0c88439bfc842de7c3bb9118c8a5914, diff_lines 6190->6146 (-44 over 3 iters), geomean held within 1% (iter0 1920.36 / iter1 1918.90 / iter2 1940.34us vs 1934.43 floor; codegen byte-identical so ALL deltas are pure run-to-run noise -- iter2's 1940 came from GPU contention, 82s wall vs 14s). 22/22 validate + kernelguard + diff-correctness + invariance guards CLEAN every iter. COMMENT-ONLY VERIFIED AIRTIGHT: all 4 source-string comment-stripped SHAs == parent across ALL iterations (_CUDA_SRC 54db9653..., STRIP_LEN 140824; _CPP_SRC b6fd0894; _CUDA_LU_SRC b893473f; _CPP_LU_SRC 7cc6df4a) -> SASS + all 12 shapes byte-identical.

CONDENSED (every named DELETED kernel confirmed 0 __global__ defs via grep first): brief's explicit targets + all OTHER verbose deleted-arm build-light-prune narration in the SHARED (non-n512) panel/apply C++ comment regions I own:
- iter0 (-20): the cmf <32,6> FP32 dispatch (dropped <32,11>/<16,*>/cm2 pruned-instance narration, line ~1508); the pruned single-level fall-through TORCH_CHECK comment (~1515); and 5 blocks in the bf16 panel-dispatch lambda (~4115-4147): ov 32-warp, the two dead-arm narration blocks for the plain row-major m-split + plain coop arms ('deleted with its kernel' -- arms gone from the else-if chain), cm_coop MHELP prune, plain-panel 16-warp prune, the defer-guard TORCH_CHECK deleted-panel list.
- iter1 (-20): the deleted base-panel paragraph (panel_factor_smem_kernel, ~53); the deleted defer2/wsp/wsp_cm/wsp_cm2 single-level panel narration (~189); the blocked_qr single-level smem opt-in deleted-instance list (~1427); the blocked_qr_2level opt-in deleted-arm enumeration (~1603); and the run_panel raw/pipe/fnorm_ov dispatch pruned-template-instance notes + fall-through TORCH_CHECK (~1683-1719). Each kept its LIVE rationale (sync-cut variant design, smem footprint math, which kernels need the opt-in, live launch facts).
- iter2 (-4): in the SHARED bf16 wf16 apply (apply_block_reflector_bf16_wf16, reachable n=352/1024/2048 + n512 mixed driver): condensed the deleted mode-1 qr_inner_apply_wmma_kernel narration (~3807) + trimmed the build_Minv FP16-fold deleted-fallback clause (~3819); kept the live TORCH_CHECK + the load-bearing FP16-fold rationale.

SWEEP-HISTORY SCAN: NONE found. Grepped tried/REGRESSED/iterN/swept/prior-best-us idioms file-wide -> 0 hits in my regions (the prior briefs were thorough). The remaining 'regress'/'%'/'us' mentions are all live-code PROFILING rationale (e.g. '~7% SM throughput', '10.3% bank-conflict per ncu', '410us->read-bound') explaining live kernel shape -- KEPT per brief.

KEPT (live-code rationale, brief said keep): the live ov_panel/fold_ov boolean rationale (~4152; it documents an ACTIVE boolean g_panel_raw||defer==3/4/5, NOT a deleted arm -- the brief's premise that ~4177 was prune narration was slightly off, it's live); concise lineage clauses at ~481/910/1229/1322/1471/1612 (one-clause 'fallbacks were deleted -> see TORCH_CHECK' notes inside live blk2/blk4/build_Minv/prec rationale); the apply<->build_V-fold composition doc-block (~3765, describes LIVE behavior though it names a deleted kernel).

REGION FENCES RESPECTED (brief: AVOID n512 CODE + Python-dispatch comments): LEFT the n512-driven blocked_qr_2level_bf16_indexed panel-registration comments (3900-3960, 4075-4107: 8/16-warp OV, cm_coop MHELP, 16-warp cmf, 16/32-warp cm-OV, coop-deleted prune narration -- ~6 verbose blocks) AND the bf16-panel orphaned doc-region (2134-2206, incl the ~2135 'these paragraphs once documented ... build-light pruned' pointer for 4 deleted BF16 panels) -- both consistently fenced to W5 (the n512/large-n owner) by my own briefs 9/10. These are the ONLY remaining verbose deleted-arm narration; a future W5-scoped comment brief could condense them for ~20-30 more diff_lines with zero perf risk (all named kernels are 0-def confirmed dead). Final profile (nsys, n=512, live kernel data: qr_panel_apply_fused_kernel + panel_factor_smem_wsp_cm_ov_bf16_kernel<8,6> + build_Minv_blk4_kernel present) at profiles/2026-06-20-04-33-52-qr_v2_simplify/worker-2-brief-11-iteration-2-79cc96bcf0c88439bfc842de7c3bb9118c8a5914.nsys-rep. My owned regions are now comment-clean -- no further zero-risk condensation remains."
2026-06-20T11:04:14.876515,2,12,N/A,N/A,N/A,brief_start,N/A,"The LAST remaining verbose deleted-arm comment narration you flagged: the n512-driven blocked_qr_2level_bf16_indexed panel-registration comments (~lines 3900-3960 and 4075-4107, ~6 blocks) and the orphaned bf16-panel doc-region (~2134-2206), on your branch (parent 79cc96bc). All named kernels there are 0-def confirmed dead. The n512 region's CODE owner is currently on a network-submit brief (not editing n512 code), so this comment region is free. Condense ONLY the deleted-kernel narration (grep-confirm each named kernel has 0 __global__ defs first); KEEP every comment explaining a LIVE n512 kernel/dispatch/guard. Comment-only: verify all four source-string comment-stripped SHAs stay byte-identical to parent. Build+validate(22+guards)+ONE benchmark at end (GPU busy). Hold all 12 shapes (esp n512 shapes 3/7/9/10), geomean within 1% of 1934us. Expected ~20-30 fewer lines. Measure diff_lines each iter; brief_stop with final SHA. This is the last comment region — after this the comment surface is fully exhausted."
2026-06-20T11:21:42.073544,2,12,0,1930.485,6122,succeeded,499acf222b1989fef5fb6c5fb39f020d12dbb703,"Condensed the LAST deleted-arm narration (comment-only; all four source-string comment-stripped SHAs byte-identical to parent 79cc96bc -> codegen unchanged, all 12 shapes numerically identical). Every named kernel grep-confirmed 0 __global__ defs before its comment was touched. (1) Deleted the orphaned 5-line bf16-panel doc-region (~2134: the 'plain/deferred-scale/raw-V/outer-V-fold BF16 panel kernels these paragraphs once documented were build-light pruned' block) -- the live panels are documented at their own def/dispatch sites. (2) In the n512 blocked_qr_2level_bf16_indexed smem-opt-in loop (~3886-3932): dropped 6 dead-variant lists (BF16 base/deferred/raw[_ov]/fnorm[_ov]/pipe[_ov] deleted; dead 16-warp plain/8-16-warp OV/16-32-warp cm-OV instances pruned; non-cm coop panel deleted; MHELP=4/8 pruned; 16-warp cmf pruned; 16/32-warp cm-OV pruned; the dead MULTI-CTA m-SPLIT/msplit reference in the cm-OV registration). (3) In the run_panel dispatch lambda (~4031-4065): dropped the dead g_panel_raw[_ov] raw-V branch narration + the cmf/cm_ov 'build-light pruned (zero trace launches)' tails. (4) Fixed the cVob outer-V-buffer comment (~3936): replaced the stale dead-kernel writer name (panel_factor_smem_raw_bf16_ov_kernel/build_V_bf16_kernel) with an accurate live description. KEPT (brief said keep): every live registration rationale (which instances fire + smem footprints), the rank-reveal cap, the bad-subset plain/indexed<8,6> split, scatter-back/indexed paths, the live registered panel instances, and the defer==5 TORCH_CHECK guard. 22/22 validate + kernelguard + diff-correctness + invariance ALL CLEAN. geomean 1930.485us (-0.20% vs 1934.431 floor, pure noise -- codegen identical). diff_lines 6146->6122 (-24). n512 shapes healthy: shape3=3675us, shape7(mix)=5535us, shape9(rankdef)=3332us, shape10(clustered)=3056us."
2026-06-20T11:22:37.839354,2,12,N/A,N/A,N/A,brief_stop,N/A,"Brief 12 (the LAST deleted-arm comment region) EXHAUSTED in 1 iteration. Final SHA 499acf222b1989fef5fb6c5fb39f020d12dbb703, diff_lines 6146->6122 (-24, in the brief's ~20-30 expected band), geomean 1930.485us (-0.20% vs 1934.431 floor = pure noise; codegen byte-identical). 22/22 validate + kernelguard + diff-correctness + invariance ALL CLEAN. n512 shapes healthy: shape3=3675us, shape7(mix)=5535us, shape9(rankdef)=3332us, shape10(clustered)=3056us.

PROOF OF COMMENT-ONLY: all four source-string (_CUDA_SRC/_CPP_SRC/_CUDA_LU_SRC/_CPP_LU_SRC) comment-stripped SHA256s are BYTE-IDENTICAL to parent 79cc96bc (verified pre- and post-edit with a stdlib C/C++-comment stripper) -> emitted CUDA/C++ codegen unchanged -> every one of the 12 shapes is numerically identical, not merely within tolerance. Every named dead kernel was grep-confirmed 0 __global__ defs before its comment was touched (panel_factor_smem_{kernel,raw_bf16[_ov],fnorm_bf16[_ov],pipe_bf16[_ov],defer_bf16,bf16,[wsp_]coop_bf16}_kernel, build_V_bf16_kernel, the msplit kernel -- all 0-def, all comment-only mentions).

CONDENSED (deleted-kernel narration only, in the n512 blocked_qr_2level_bf16_indexed region + orphaned doc): (1) the orphaned 5-line bf16-panel doc block (~2134); (2) six dead-variant lists in the smem-opt-in registration loop (~3886-3932); (3) the dead g_panel_raw[_ov] raw-V branch + cmf/cm_ov 'pruned (zero trace launches)' tails in the run_panel dispatch (~4031-4065); (4) the stale dead-kernel writer name in the LIVE cVob outer-V-buffer comment (rewritten accurately, buffer rationale kept).

KEPT exactly as the brief required: every live-registration rationale (which (NWARPS,MINB) instances fire + their smem footprints), the rank-reveal column cap, the bad-subset plain<8,6>/indexed<8,6> split, the scatter-back/indexed paths, the live registered panel instances, and the defer==5 TORCH_CHECK guard (its 'panel variants pruned' clause is the guard's own reason, and the message string is CODE inside _CUDA_SRC -- untouchable without breaking the codegen-identity invariant).

COMMENT SURFACE NOW FULLY EXHAUSTED (the brief's stated goal): a file-wide sweep for build-light/pruned/deleted/never-fire idioms shows the only remaining mentions are (a) TORCH_CHECK string literals = CODE in the four src strings (lines 1505/1704/3806/4088), (b) live-GUARD rationale comments (1327/4086), (c) live-buffer/design rationale (3740/3942 in the wf16-apply region; 4617 recon), or (d) other workers' fenced shared-panel region (481/905/1229/1469/1523/1612/1664 -- brief-11's territory). None is a standalone deleted-kernel narration block left to prune. After this, condensing further would require either editing guard-message CODE (breaks codegen identity) or crossing a region fence.

REMAINING diff_lines LEVERS for the manager (NOT comments -- all comment regions are now done): (1) the ~50 file-wide os.environ.get(QR_*) tuning knobs (panel/bf16/paf/wsp/n512) the operator endorsed removing -- still the largest lever, needs per-knob reachability. (2) REAL DEAD CODE in the n512 region the CODE owner should take: the MULTI-CTA m-split SCRATCH (cGbar/cGpart, ~4-5 lines alloc + the s3_numSM/g_cap machinery) is allocated but its kernel is gone (msplit 0-def, g_msplit 0-mentions) -- removable once the n512 owner is off the network-submit brief. (3) the f32_to_bf16_rr_kernel rank-reveal-detect path is live (non-indexed n=512), keep it."
2026-06-20T12:41:22.557746,2,13,N/A,N/A,N/A,brief_start,N/A,"BOLD STRUCTURAL REFACTOR: the Python dispatch (_custom_kernel_generic, _qr_large_n, _qr_bigbatch_two_level, _qr_large_fp16, _qr_large_fp32, _qr_exact_2level, the small-n tail) repeats the same set_X(...) -> _ext.blocked_*(...) -> restore set_X(0) boilerplate per shape, with per-shape config scattered as inline literals. Restructure into ONE config-table-driven driver: a dict mapping each shape-class to its (prec,warps,defer,minv,ob,ib,panel-flags) config, applied by a single parameterized helper that sets/calls/restores generically. Collapse the N near-identical _qr_* wrappers. Byte-identical dispatch trace per shape (golden-trace before/after), hold geomean within 1% of 1934us, all 22 tests + guards pass. Measure diff_lines each iter."
2026-06-20T13:04:24.709781,2,13,0,1920.876,6099,succeeded,5e3887b7ce14a6da5d9cef3a6ae0b3632c2fc62a,"Step 1 (prep): introduced ONE _run_blocked(entry,args,sets,restores) dispatch driver and folded _qr_exact_2level (shared by _qr_large_fp32 + _qr_small_exact) and _qr_large_fp16 (LARGE_LO/HI regimes) through it via ordered (setter,value) knob lists. Golden dispatch trace over all 22 test + 12 benchmark shapes BYTE-IDENTICAL to parent ee18b340 -> codegen unaffected, every shape numerically identical. 22/22 validate + kernelguard + diff-correctness + invariance PASS. geomean 1920.9us (vs 1922.6 parent, pure noise). diff_lines up slightly (driver scaffold); wrapper-collapse line reduction lands next via folding _qr_small_bf16 and the small-n blocked_qr tail through this same driver."
2026-06-20T13:13:41.845866,2,13,1,1921.846,6077,succeeded,8d07c52d2a72a781e54e51667e171f5ec96d7257,"Step 2: folded _qr_small_bf16 (n=352 bf16 single-level path) and the small-n inline blocked_qr tail through the same _run_blocked driver. All four entry-issuing wrappers now share the one driver; the n512 early-return paths keep their shared preamble sets imperative (they intentionally leak by design, no restore). Golden dispatch trace over all 22 test + 12 benchmark shapes BYTE-IDENTICAL to parent ee18b340. 22/22 validate + kernelguard + diff-correctness + invariance PASS. geomean 1921.8us (noise). diff_lines 6099->6077, now below the 6087 parent floor."
2026-06-20T13:21:22.314280,2,13,2,1927.653,6059,succeeded,fc20b4d9bd7414b07871266a19b5e250d439891c,"Step 3: collapsed _qr_large_n's four-branch (n<2048)x(B>=fp16_min_batch) selection into a 3-line table lookup (n-band -> (regime, fp16_min_batch); then pick _qr_large_fp16 vs _qr_large_fp32). Golden dispatch trace over all 22 test + 12 benchmark shapes BYTE-IDENTICAL to parent ee18b340. 22/22 validate + kernelguard + diff-correctness + invariance PASS. geomean 1927.7us (noise). diff_lines 6077->6059."
2026-06-20T13:28:06.735554,2,13,3,1922.071,6052,succeeded,3f3ffe5b1307f6bd44d4004a9f5c589ece8e4b1c,Step 4: eliminated the _qr_large_fp32 and _qr_small_exact thin wrappers by precomputing their exact-FP32 cfgs as module-level data (_exact_cfg derives a regime exact cfg from fp32_* keys -> _LARGE_LO/_LARGE_HI['exact']; _N512_EXACT for the n=512 small-batch path). Both sites now call the shared _qr_exact_2level driver directly. Golden dispatch trace over all 22 test + 12 benchmark shapes BYTE-IDENTICAL to parent ee18b340. 22/22 validate + guards PASS. geomean 1922.1us (noise). diff_lines 6059->6052; two _qr_* wrappers removed.
2026-06-20T13:40:04.641426,2,13,4,1917.578,6046,succeeded,41d338ef81aafa3987d840fefe16471112bdfe8d,"Step 5: merged the two scattered (64<n<=176) config-read blocks in the small-n tail into one (defer/wsp_pad/panel_cm2/minv_blk4 read together; set-call order unchanged) and condensed _qr_exact_2level's stale 12-line docstring (it named the now-deleted _qr_large_fp32/_qr_small_exact wrappers) to 6 lines since the ordered (set_X,v) list-building is self-documenting. Golden dispatch trace over all 22 test + 12 benchmark shapes BYTE-IDENTICAL to parent ee18b340. 22/22 validate + guards PASS. geomean 1917.6us (noise). diff_lines 6052->6046."
2026-06-20T13:46:56.890570,2,13,5,1926.427,6044,succeeded,b9e04832e7ebd36a68b9484ec68af7bc76af84c2,"Step 6 (final): trimmed the _run_blocked driver docstring 9->6 lines (comment-only). Golden dispatch trace over all 22 test + 12 benchmark shapes BYTE-IDENTICAL to parent ee18b340. 22/22 validate + kernelguard + diff-correctness + invariance PASS. geomean 1926.4us (noise, within 1pct of 1934 floor). diff_lines 6046->6044. Profiled (nsys, n=512 B=640 dominant shape): kernel makeup IDENTICAL to parent (qr_panel_apply_fused_kernel<64,64,8> 651 inst, build_Minv_blk4, larft_T_64_batch unchanged) -> confirms pure host-Python orchestration, codegen byte-identical."
2026-06-20T13:47:58.292017,2,13,N/A,N/A,N/A,brief_stop,N/A,"Brief 13 (BOLD dispatch refactor) EXHAUSTED in 6 iterations. Final SHA b9e04832, diff_lines 6087->6044 (-43), geomean steady 1917-1928us (all within 1pct of the 1934 floor; codegen byte-identical so this is pure measurement noise). 22/22 validate + kernelguard + diff-correctness + invariance PASS every iteration.

WHAT I BUILT: ONE config-table-driven driver _run_blocked(entry,args,sets,restores) that applies ordered (setter,value) knob-set lists -> calls _ext.<entry> -> applies ordered restore lists. ALL FOUR entry-issuing dispatch paths now flow through it: _qr_large_fp16 (LARGE_LO/HI), _qr_exact_2level (regime['exact'] + _N512_EXACT), _qr_small_bf16 (n=352), and the small-n blocked_qr tail. The config TABLE is the regime dicts (_SMALL_LO/_HI, _LARGE_LO/_HI with precomputed ['exact'] sub-cfgs, _N512_EXACT) mapping each shape-class to its (prec,warps,defer,minv_*,OB,IB,panel/apply flags). COLLAPSED two near-identical wrapper functions entirely: _qr_large_fp32 and _qr_small_exact are GONE (their exact-FP32 cfgs precomputed as module data via _exact_cfg). _qr_large_n's four-branch band/precision selection collapsed to a 3-line table lookup.

PROOF OF IDENTITY (the brief's mandatory discipline): captured a golden dispatch trace on ee18b340 BEFORE (monkeypatched _ext.set_*/blocked_*/qr_n512_mixed_driver to record the exact per-shape call sequence over all 22 test + 12 benchmark shapes) and confirmed the trace BYTE-IDENTICAL after EVERY one of the 6 steps. Belt-and-suspenders: all four CUDA/C++ source-string SHA256s (_CUDA_SRC/_CPP_SRC/_CUDA_LU_SRC/_CPP_LU_SRC) are BYTE-IDENTICAL to parent -> zero codegen impact -> all 12 benchmark + 22 test shapes are NUMERICALLY identical, not merely within tolerance. Subtle invariants preserved exactly: the n512 early-return paths (qr_n512_mixed_driver / the n512 small-batch exact) keep their shared preamble sets (set_warps(8), set_panel_defer(1)) imperative and intentionally DO NOT restore -- a leak-by-design the trace pins.

WHAT IS LEFT (could not consolidate further without breaking byte-exact trace): the three remaining list-builders (_qr_large_fp16, _qr_exact_2level, _qr_small_bf16) cannot be merged into one because their set/restore ORDERS and knob membership genuinely differ per path (fp16 sets fp16_pure after panel_raw + has inner_wmma/paf; bf16 sets fp16_pure right after prec + uses panel_cm2/cmf; exact is FP32). A single canonical knob order cannot reproduce all three traces byte-for-byte, so merging is net-negative on both lines and risk. The dispatch is now maximally consolidated under the trace-identity constraint.

SUGGESTION for the next brief: the remaining diff_lines levers are NOT in the dispatch structure -- they are (1) the ~50 os.environ.get(QR_*) tuning knobs (each non-default branch is dead config surface; needs per-knob reachability) -- the largest lever; (2) the n512-region MULTI-CTA m-split scratch (cGbar/cGpart alloc + s3_numSM/g_cap machinery) allocated but its kernel is 0-def dead (n512 CODE owner's territory). Both are outside this dispatch-structure brief's scope."
2026-06-20T15:16:34.783267,2,14,N/A,N/A,N/A,brief_start,N/A,"BOLD STRUCTURAL REFACTOR, continue on your branch (parent b9e04832 — your _run_blocked config-table driver). Two structural levers in the Python config layer: (1) The ~20 surviving os.environ.get(QR_*) tuning knobs are dead indirection — the env vars are never set in the eval harness, so each '_X = int(os.environ.get(QR_X, default))' is just a constant with extra ceremony. Collapse each to its literal default (keep a brief inline comment of the value's meaning). (2) The scattered regime config (_SMALL_LO/_HI, _LARGE_LO/_HI, _N512_EXACT + the loose module constants your driver consumes) can unify into ONE config structure keyed by shape-class. Do (1) first (mechanical, high line-count), then (2) if it nets fewer lines. Prove byte-identical dispatch trace + all 4 source SHAs unchanged (your proven method) on all 34 shapes; geomean within 1% of 1934us; guards pass. Commit + log diff_lines each iter; keep iterating until the Python config surface is maximally consolidated, then brief_stop. NO library substitution. Avoid backticks in log text."
2026-06-20T15:22:47.528000,2,14,N/A,N/A,N/A,brief_start,N/A,"BOLD STRUCTURAL REFACTOR, continue on your branch (parent b9e04832 — your _run_blocked config-table driver). Two structural levers in the Python config layer: (1) The ~20 surviving os.environ.get(QR_*) tuning knobs are dead indirection — the env vars are never set in the eval harness, so each '_X = int(os.environ.get(QR_X, default))' is just a constant with extra ceremony. Collapse each to its literal default (keep a brief inline comment of the value's meaning). (2) The scattered regime config (_SMALL_LO/_HI, _LARGE_LO/_HI, _N512_EXACT + the loose module constants your driver consumes) can unify into ONE config structure keyed by shape-class. Do (1) first (mechanical, high line-count), then (2) if it nets fewer lines. Prove byte-identical dispatch trace + all 4 source SHAs unchanged (your proven method) on all 34 shapes; geomean within 1% of 1934us; guards pass. Commit + log diff_lines each iter; keep iterating until the Python config surface is maximally consolidated, then brief_stop. NO library substitution. Avoid backticks in log text."
2026-06-20T15:22:58.294095,2,14,0,1925.856,6043,succeeded,f5d2e744112249ca7390f65fb72090053741364f,"Step 1: collapsed all 18 dead os.environ.get(QR_*) tuning knobs to their literal defaults (env vars never set anywhere in harness/eval/reference/task.yml, verified) + dropped the now-unused import os. Kept a brief inline comment of each value's meaning. None of the constants is string-interpolated into the four CUDA/C++ source strings, so codegen is provably untouched. Verified BYTE-IDENTICAL across all 22 test + 12 bench shapes: the four source-string SHA256s, the per-shape _ext.set/blocked/qr dispatch call sequence, AND the per-shape (H,tau) output SHA256s are all unchanged vs parent b9e04832 (golden-trace harness monkeypatches set/blocked/qr to record then call through). geomean 1925.9us (vs 1926.4 parent, pure noise). 22/22 validate + kernelguard CLEAN + diff-correctness CLEAN + invariance CLEAN. diff_lines 6044->6043 (the knob collapses are line-count-neutral vs the geqrf-stub upstream since both add the same lines; the -1 is import os; the real line reduction comes from step 2's config unification, which step 1 sets up by making every regime value a plain literal)."
2026-06-20T15:27:22.686574,2,14,N/A,N/A,N/A,brief_stop,N/A,"YIELDING DUE TO WORKER-SLOT COLLISION. A SECOND live agent-id=2 worker is concurrently running brief 14 in the SAME worktree (optimize-...-worker-2): the worker-2 log has two brief_start rows for brief 14 (15:16:34 mine, 15:22:47 the other), and PID 1219072 was observed actively running harness/validate.sh in this worktree across a 30s window at 15:26. That other instance re-ran init brief, which git reset my branch from my committed step-1 (f5d2e744) back to the parent b9e04832 and is now carrying its own identical step-1 edit (os.environ.get count 0, import os removed -- byte-for-byte the same change I made). To avoid thrashing the shared worktree and corrupting the live agents in-progress iteration, I am NOT editing, committing, checking out, or resetting -- I stopped cleanly. WHAT I COMPLETED before the collision: step 1 (collapse all 18 dead os.environ.get(QR_*) knobs to literal defaults + drop unused import os) was fully done and PROVEN byte-identical -- the four CUDA/C++ source SHA256s, the per-shape set/blocked/qr dispatch trace, and the per-shape (H,tau) output SHA256s were all unchanged across all 22 test + 12 bench shapes; geomean 1925.9us (within 1pct of 1934); 22/22 validate + kernelguard + diff-correctness + invariance all CLEAN; committed as f5d2e744 (now a dangling object after the others reset) and logged as iteration 0 at diff_lines 6043. KEY FINDING for the manager: diff_lines barely moves on step 1 because every line of submission.py is an ADDITION vs the geqrf-stub upstream, so collapsing a one-line int(os.environ.get(...)) expression to a one-line literal is line-count-neutral (only the deleted import os saves a line). Real diff_lines reduction must come from step 2 (config unification) and from trimming the large comment blocks -- but a naive merge of the 5 disjoint-schema regime dicts (_SMALL_LO/_HI small-n bf16 keys vs _LARGE_LO/_HI large-n ob/ib keys vs _N512_EXACT) into one nested structure ADDS wrapper lines and obfuscates; the only clean line-positive folds I found are (a) fold _LARGELO/_LARGEHI_FP16_MIN_BATCH into their regime dicts as a fp16_min_batch key (-3 lines) and (b) condense the load-bearing comment blocks. MANAGER ACTION NEEDED: de-duplicate the agent-id=2 slot -- only one worker should hold brief 14."
2026-06-20T15:39:36.686659,2,14,N/A,N/A,N/A,brief_stop,N/A,"YIELDING -- WORKER-SLOT COLLISION CONFIRMED (third occurrence on the agent-id=2 slot for brief 14). I was launched to pick up brief 14 (a prior instance reportedly failed at startup). On entry the init-brief CLI reported brief 14 already closed with a matching brief_stop and the per-brief branch already existing at parent b9e04832 with ZERO commits; the worktree was dirty. I cleaned it, deleted the empty stale branch, re-ran init brief, captured a pristine golden trace at b9e04832, and applied the step-1 knob collapse. But while I worked, OTHER live agent-id=2 instances were operating on the SAME worktree/branch: (1) instance A (brief_start 15:16:34) had already committed an identical, byte-identical-proven step-1 as f5d2e744 and logged it as iteration 0 (diff_lines 6043), then logged a brief_stop at 15:27 yielding and asking the manager to de-duplicate the slot; its commit is now the branch HEAD. (2) A live instance is RIGHT NOW carrying an uncommitted working-tree edit I did not make -- it folds _LARGELO/_LARGEHI_FP16_MIN_BATCH into _LARGE_LO/_LARGE_HI as a fp16_min_batch key and simplifies _qr_large_n (exactly instance A's recommended clean fold (a), ~-3 lines). I caught the file mid-write (lines 5547-5548 blank between two of its saves). To avoid corrupting that live instances in-progress iteration, I am NOT editing, committing, checking out, or resetting -- I stopped cleanly, leaving its uncommitted edit untouched. WHAT IS DONE AND SAFE: brief 14 task (1) -- collapse all 18 dead os.environ.get(QR_*) knobs to literal defaults + drop the now-unused import os -- is committed as f5d2e744 (current HEAD) and PROVEN byte-identical to parent b9e04832: all four CUDA/C++ source-string SHA256s identical, the per-shape _ext.set/blocked/qr dispatch trace BYTE-IDENTICAL across all 22 test + 12 bench shapes (I independently re-verified this: 418 ext calls over 34 shapes, before==after); 22/22 validate + kernelguard + diff-correctness + invariance CLEAN; geomean 1932us (within 1pct of the 1934 floor; codegen byte-identical so pure noise). KEY FINDING (independently confirms instance A): diff_lines barely moves on task (1) because the upstream baseline submission.py is a 6-line geqrf stub, so EVERY line of the 6047-line optimized file is an addition -- collapsing a one-line int(os.environ.get(...)) to a one-line literal is line-count-neutral; only the deleted import os saves a line (6044->6043). Task (2) regime-config unification FAILS the briefs net-fewer-lines-without-obfuscation gate: the 5 regime dicts (_SMALL_LO/_HI bf16 keys vs _LARGE_LO/_HI ob/ib keys vs _N512_EXACT) have DISJOINT schemas and are referenced at ~30 code sites; nesting them under one _REGIMES dict adds wrapper+indent lines and lengthens every access site (net-negative + obfuscating). I verified NO dead keys exist in any regime dict (every string key is accessed) and the dispatch structure is already maximally consolidated (the _arms predicate table + _qr_large_n band-lookup from brief 13). The ONLY clean line-positive config folds are the two instance A named: (a) fold the two FP16_MIN_BATCH scalars into the regime dicts (a live instance is applying this now) and (b) condense load-bearing comment blocks (brief-11 territory, flagged exhausted). MANAGER ACTION NEEDED: de-duplicate the agent-id=2 slot -- THREE instances have now contended for brief 14; only one worker should hold it. The deliverable f5d2e744 is safe as HEAD regardless of which instance proceeds."
2026-06-20T15:42:25.247654,2,14,N/A,N/A,N/A,brief_start,N/A,"BOLD STRUCTURAL REFACTOR, continue on your branch (parent b9e04832 — your _run_blocked config-table driver). Two structural levers in the Python config layer: (1) The ~20 surviving os.environ.get(QR_*) tuning knobs are dead indirection — the env vars are never set in the eval harness, so each '_X = int(os.environ.get(QR_X, default))' is just a constant with extra ceremony. Collapse each to its literal default (keep a brief inline comment of the value's meaning). (2) The scattered regime config (_SMALL_LO/_HI, _LARGE_LO/_HI, _N512_EXACT + the loose module constants your driver consumes) can unify into ONE config structure keyed by shape-class. Do (1) first (mechanical, high line-count), then (2) if it nets fewer lines. Prove byte-identical dispatch trace + all 4 source SHAs unchanged (your proven method) on all 34 shapes; geomean within 1% of 1934us; guards pass. Commit + log diff_lines each iter; keep iterating until the Python config surface is maximally consolidated, then brief_stop. NO library substitution. Avoid backticks in log text."
2026-06-20T15:42:35.387698,2,14,1,1925.190,6040,succeeded,6c07c09e228ef8916126a7e9d38aff06ca86f485,"Step 2a: folded _LARGELO_FP16_MIN_BATCH/_LARGEHI_FP16_MIN_BATCH (two loose module constants, each read by exactly one consumer at the _qr_large_n band dispatch) into _LARGE_LO/_LARGE_HI as a fp16_min_batch key. Consumer drops the parallel (regime,const) tuple for regime[fp16_min_batch]; removed the dedicated 3-line comment block + 2 const defs. diff_lines 6043->6040 (-3). Golden dispatch trace byte-identical on all 11 distinct (B,n) shapes; all 4 kernel source SHA256 unchanged; 22 tests + invariance + diff-correctness guards CLEAN; geomean 1925.190us (within 1pct of 1934 floor)."
2026-06-20T15:49:32.554672,2,14,2,1934.646,6033,succeeded,39861958d5654c9bd8644c47a05f15bce475bc2f,"Step 2b: folded three loose top-of-module constants read only by the n=512 small-batch exact path (_BIGBATCH_OB, _BIGBATCH_IB, _BIGBATCH_MINV_NT) into the _N512_EXACT regime dict (ob/ib keys + minv_nt inlined to 224); call site reads _N512_EXACT[ob]/[ib]. Condensed the 9-line n=512 two-level tuning comment to 4 (per-knob values self-document in the dict). Kept _BIGBATCH_WARPS (C++ comment-referenced) and _BIGBATCH_MIN_N (dispatch predicate) loose. diff_lines 6040->6033 (-7). Golden trace byte-identical on all 11 shapes; 4 kernel source SHA256 unchanged; 22 tests + kernelguard + invariance + diff-correctness CLEAN; geomean 1934.646us (run noise vs prior 1925; both within 1pct of 1934)."
2026-06-20T15:55:44.274597,2,14,3,1929.566,6018,succeeded,a140f9f296267831abb272120dff1581bbb41323,Step 2c: condensed the 27-line FP16-storage-axis comment block to 12 (comment-only). It duplicated the n=2048 OB/IB detail (now in the top n=2048 comment + _LARGE_HI inline) and restated per-shape FP16 gates now self-documented in the regime dicts fp16_min_batch keys. Kept every distinct rationale point. diff_lines 6033->6018 (-15). Golden trace byte-identical on all 11 shapes; 4 kernel source SHA256 unchanged; 22 tests + kernelguard + invariance + diff-correctness CLEAN; geomean 1929.566us (within 1pct of 1934).
2026-06-20T16:03:44.957817,2,14,4,1919.671,6010,succeeded,c875a3193de21b81e1f43dad0080ae5f7c3f7758,Step 2c cont: deduped two restated comment blocks in the dispatch body (comment-only). (1) _qr_large_n FP16-storage paragraph 11->8 lines (restated the module FP16-STORAGE block; kept local two-level/panel-bottleneck + batch-gate). (2) small-n precision paragraph in _custom_kernel_generic 9->5 (restated the conditioning-aware block; kept the locally load-bearing n=352/n=176 bf16-route note). diff_lines 6018->6010 (-8). Golden trace byte-identical on all 11 shapes; 4 kernel source SHA256 unchanged; 22 tests + kernelguard + invariance + diff-correctness CLEAN; geomean 1919.671us (within 1pct of 1934).
2026-06-20T16:13:20.316881,2,14,5,1923.740,6002,succeeded,5cccda9d25f3535a0423816705f3049aaf67073c,"Step 2c cont: condensed the _LARGE_LO/_LARGE_HI regime-dict header (12->7, dropped the 4th FP32-V/batch-gate restatement) and the n=1024 profile+exhausted-levers+PAF block (14->11, kept profile breakdown + all 3 NO-GO levers as a do-not-re-try list + full PAF mechanism). Comment-only. diff_lines 6010->6002 (-8). Golden trace byte-identical on all 11 shapes; 4 kernel source SHA256 unchanged; 22 tests + kernelguard + invariance + diff-correctness CLEAN; geomean 1923.740us. nsys profile (n=512 B=640) captured at the commit -- unchanged from parent (comment-only, kernel byte-identical)."
2026-06-20T16:19:33.069921,2,14,6,1921.173,5996,succeeded,da2fd6db412237b02fdd96e2971c6f8ac429ef31,"Step 2c cont: tightened the _custom_kernel_generic dispatch-table Arms enumeration (11->8, kept each arm's load-bearing note) and the _qr_large_n warps/narrow-OB docstring (9->6, kept the 32-warp + b^2 narrow-OB cost argument). Comment-only. diff_lines 6002->5996 (-6, crossed below 6000). Golden trace byte-identical on all 11 shapes; 4 kernel source SHA256 unchanged; 22 tests + kernelguard + invariance + diff-correctness CLEAN; geomean 1921.173us (within 1pct of 1934)."
2026-06-20T16:20:45.441744,2,14,N/A,N/A,N/A,brief_stop,N/A,"Brief 14 step 2 EXHAUSTED, 6 iterations on parent f5d2e744 (step-1). Final SHA da2fd6db, diff_lines 6043->5996 (-47); geomean steady 1919-1934us (every iter within 1pct of the 1934 floor). PROOF every iteration: golden dispatch trace (recording proxy over _ext AND _lu, run once per the 11 distinct (B,n) shapes) byte-identical to the f5d2e744 baseline trace, and all 4 kernel source SHA256 (_CUDA_SRC/_CPP_SRC/_CUDA_LU_SRC/_CPP_LU_SRC) unchanged; 22 tests + kernelguard + invariance + diff-correctness CLEAN. WHAT LANDED: (2a) folded _LARGELO/_LARGEHI_FP16_MIN_BATCH into _LARGE_LO/_LARGE_HI as a fp16_min_batch key (consumer drops the parallel tuple). (2b) folded the three single-consumer n=512-exact constants _BIGBATCH_OB/_IB/_MINV_NT into _N512_EXACT (ob/ib keys + minv_nt literal). (2c) deduped/condensed 6 comment blocks that RESTATED each other (the FP16-storage rationale, the FP32-V/batch-gate sentence, and the prec=1/0 conditioning logic were each stated in 3-4 places) down to one canonical source plus pointers. SKIPPED per the brief: the full 5-dict merge (disjoint schemas, ADDS lines). WHAT IS LEFT (could not consolidate without lossy paraphrase or risk): the remaining loose constants are multi-consumer (_FP32_SMALL_LO/_MINV_NT/_BF16_NT/_FP16_PURE/_TRSM_NB_CPP/_OZ_MAXPQ), a documented semantic pair-half (_FP32_SMALL_HI), C++-comment-referenced (_BIGBATCH_WARPS), or dispatch predicates (_BIGBATCH_MIN_N/_LARGE_N) -- none are clean single-regime folds. The remaining large comment blocks are single-source load-bearing algorithm docs (cholqr FP64-Gram/orhr_col/INTEGER-OZAKI math, the conditioning-aware reference block, the bf16-panel mechanism) -- not dedup targets. SUGGESTION: the next diff_lines lever is NOT in the dispatch layer; it is the embedded CUDA source (_CUDA_SRC is 322858 chars, ~95pct of the file) -- e.g. dead kernel variants whose set_* selectors are never on any live dispatch path (a trace-driven dead-kernel sweep), but that needs kernel-source edits which break the SHA-invariant this brief held, so it belongs in a separate non-byte-identical brief."
2026-06-20T16:23:03.003792,2,15,N/A,N/A,N/A,brief_start,N/A,"BOLD STRUCTURAL/DEAD-KERNEL sweep on your branch (parent da2fd6db, diff 5996 — config layer done). Pivot to _CUDA_SRC (95% of the file): after the fleet's structural unification (loops merged, apply templated, dispatch table-driven, panels helper-ized), some __global__ kernels or static device/host helpers may now be reachable ONLY from code paths that were deleted/rerouted. Use a trace-driven reachability method (instrument every __global__ launch site with a once-per-key host-side counter, build a diagnostic binary, run over ALL 12 bench + 22 test shapes), prove which kernels NEVER launch, then delete the proven-dead ones + their exclusive helpers + extern decls + pybind entries. CRITICAL: the 22 test shapes constrain reachability too (esp B=1 n4096), and off-bench n512-mixed has uninit-memory nondeterminism — trace launches, do not compare output bytes for n512-mixed. FENCE: do not delete the n512 _indexed compute kernels (W4 proved load-bearing) or actively-launched LU kernels (W5). Prove (H,tau) byte-identical on the 12 defined bench shapes; geomean within 1% of 1934us; guards clean. NO library substitution. COMMIT each iter before next. Log diff_lines each iter; keep iterating, then brief_stop. Avoid backticks in log text."
2026-06-20T16:51:24.827777,2,15,0,1922.294,5976,succeeded,05af62ffd44883b2c8c74e44bb6c983ad6ab08c3,"Pruned 3 launch-trace-dead branches in blocked_qr (single-level n=176 B=40 path). A host-side LAUNCHTRACE counter at all 36 _CUDA_SRC kernel launch sites, run over ALL 12 bench + 22 test shapes, proved 3 sites never fire: the standalone global build_V_kernel fallback (Vpanel always smem-folded), the plain build_Minv_blk4_kernel arm (n=176 b=60 always hits the recursive rblk arm), and the build_Minv blk2/nlev=1 arm + use_blk2 var (use_blk4 always true). Collapsed use_blk4/use_blk2 to the single live recursive rblk_gen launch under a TORCH_CHECK guard. The 3 kernels stay live via other host fns. All 12 bench-shape (H,tau) hashes byte-identical to parent da2fd6db (swap-build verified). 22/22 validate, geomean 1922.29us. diff_lines 5996 to 5976 (-20)."
2026-06-20T17:00:31.888808,2,15,N/A,N/A,N/A,brief_stop,N/A,"Brief-15 EXHAUSTED (BOLD DEAD-KERNEL REACHABILITY SWEEP of _CUDA_SRC). METHOD: injected a host-side LAUNCHTRACE counter at ALL 36 _CUDA_SRC kernel launch sites (lines 1131-4242, programmatic brace-wrap injector), built the diagnostic binary, ran it over ALL 12 benchmark shapes (one bench subprocess) + 22 test shapes (per-test subprocesses) = full 34-shape coverage, dumped per-subprocess via an atexit hook. RESULT: the union of fired sites covered every site EXCEPT 3. CONCLUSION: NO whole _CUDA_SRC kernel is dead -- the fleet already harvested those in prior briefs (W2 brief-0 build_Minv static<64>/dyn; brief-1 apply_block_reflector_bf16; brief-2 tiny kernels, all ALREADY absent on da2fd6db). The only dead surface was 3 launch SITES inside blocked_qr (the single-level small-n entry, reached ONLY by n=176 B=40): (1) the standalone global build_V_kernel<float> fallback (Vpanel is always the smem-folded V since need_V holds before the trailing update), (2) the plain build_Minv_blk4_kernel arm (n=176 b=60 always satisfies the recursive-rblk guard g_minv_blk4=2 && b%4==0), (3) the build_Minv blk2/nlev=1 arm + the use_blk2 var (use_blk4 always true). ITER0 (commit 05af62ff): collapsed the use_blk4/use_blk2 dispatch to the single live recursive rblk_gen launch under a loud TORCH_CHECK guard (mirrors the file's build-light-pruned-arm pattern); the 3 kernels stay LIVE via blocked_qr_2level (build_V) and apply_block_reflector_bf16_wf16 (blk4). PROOF: all 12 benchmark-shape (H,tau) SHA256 hashes are BYTE-IDENTICAL to parent da2fd6db (verified by swap-build: extracted parent submission.py, rebuilt, hashed -- exact match on all 12; my build also deterministic run-to-run). 22/22 validate, kernelguard CLEAN, diff-correctness guard (12 shapes x 8 inputs) CLEAN, invariance guard (B=1280 sweep) CLEAN. geomean 1922.29us (within noise of 1934 floor). diff_lines 5996->5976 (-20). EXHAUSTION EVIDENCE: every other launch site fires on >=1 of the 34 shapes; every _CUDA_SRC __device__/static host helper has >=1 call site (checked all 23); every set_* setter is called; every main pybind entry (blocked_qr/2level/2level_bf16/qr_n512_mixed_driver/blocked_qr_tiny) is reached. The remaining conditional knobs in the FP32 apply path (g_prec_w==1 -> mm1_tf32_inplace; g_minv_2lev_nlev>=2 -> nlev branch) are ALL live via set_n512_good_flags (the W4-owned n512 good-subset path, incl the very recent fb5f8321 nlev=2 commit) -- FENCED, not touched. FOLLOW-UPS: (1) The dead-WHOLE-kernel surface is empty; any further _CUDA_SRC dead-code is intra-kernel dead branches gated by knobs toggled ONLY by W4 n512 set_n512_good_flags -- collides with W4, needs coordination. (2) The biggest remaining diff_lines lever stays the ~52 file-wide os.environ.get(QR_*) knobs and the verbose comment blocks (a comment-condense pass on the 4 large panel-kernel headers is a safe N-line win, no codegen change). (3) blocked_qr now serves ONLY n=176 with a single fixed (b=60) config -- a future brief could specialize the whole blocked_qr single-level entry to n=176 constants (drop the for-loop generality, the bfit cap, the smem_path test) for a larger structural simplify, but that needs careful golden-hash re-verification."
2026-06-20T17:36:09.777586,2,15,1,1923.794,5965,succeeded,4254c240ff4525020013eace8dfc9a94e0b38ce6,"Collapsed the dead g_inner_wmma==2 inner test + mode-1 TORCH_CHECK in apply_block_reflector_bf16_wf16. Runtime per-branch trace (BTR hit-counters + per-flag FLAGSNAP value-sets at all candidate read-sites, run over all 12 bench + 22 test shapes) proved g_inner_wmma is globally {0,2} (value 1 never set), so fused_ok (which needs g_inner_wmma!=0) IMPLIES ==2 (BTRACE fused-entry==(==2)-counter, 205==205). Removed the redundant inner if and dead else guard; simplified the S-skip guard to if(!fused_ok). All 12 bench-shape (H,tau) SHA256 BYTE-IDENTICAL to parent 05af62ff (swap-build verified). 22/22 validate, kernelguard/diff-correctness/invariance (B=1280) CLEAN. geomean 1923.79us. diff_lines 5976->5965 (-11)."
2026-06-20T17:36:24.946684,2,16,N/A,N/A,N/A,brief_start,N/A,"BOLD STRUCTURAL/DEAD-BRANCH sweep, continue on your branch (parent 05af62ff, diff 5976 — whole-kernel surface exhausted, but you found launch-SITE-level dead arms). Extend your trace method to dead CONDITIONAL BRANCHES inside LIVE kernels and host dispatch: instrument the runtime g_* flag values + per-branch hit counts (g_prec, g_panel_defer, g_minv_blk4, g_panel_cm, g_inner_wmma, g_paf_*, etc.) at their read sites across all 12 bench + 22 test shapes; find if/else arms or switch cases that NEVER execute on any shape (a flag pinned to one value across all reachable paths). Collapse the dead arms (TORCH_CHECK-guard pattern like you just used). ALSO: the cudaFuncSetAttribute registration loops + kernel-launch arg-setup boilerplate repeated across the launch wrappers may be foldable. CAREFUL: g_prec_w/g_minv_2lev_nlev are W4-managed (n512 good-subset) — fence those. Prove (H,tau) byte-identical 12 shapes vs parent; geomean within 1% of 1934us; guards clean. NO library substitution; fence n512 _indexed (W4), LU (W5). COMMIT each iter before next. Log diff_lines each iter; keep iterating, then brief_stop. Avoid backticks in log text."
2026-06-20T17:46:42.872905,2,16,0,1919.227,5962,succeeded,b171f1acf9a7e23f5662a1dedfaee2635c176e40,"Eliminated the dead g_wsp_help flag (fully redundant with g_wsp_cm_coop). FLAGSNAP trace proved g_wsp_help read at exactly one site (the cm_coop dispatch gate) and its value never reaches a kernel (cm_coop kernel hardcodes MHELP=2); g_wsp_help>1 and g_wsp_cm_coop are set in strict lockstep (both only on n=2048 _LARGE_HI), so g_wsp_help>1 is a redundant AND term. Dropped it from the C++ gate (kept g_wsp_cm_coop) and removed g_wsp_help decl/setter/pybind/functions-entry + all 4 Python set/restore tuples. All 12 bench-shape (H,tau) SHA256 BYTE-IDENTICAL to parent 05af62ff (swap-build verified). 22/22 validate, kernelguard/diff-correctness/invariance (B=1280) CLEAN. geomean 1919.23us. diff_lines 5965->5962 (-3 net)."
2026-06-20T17:52:38.667062,2,16,N/A,N/A,N/A,brief_stop,N/A,"Brief-16 EXHAUSTED (DEAD CONDITIONAL-BRANCH sweep of LIVE kernels + host dispatch). METHOD: injected host-side per-branch BTR hit-counters at all candidate dispatch read-sites PLUS a per-flag FLAGSNAP value-set recorder (the union of distinct values each g_* flag takes), snapshotted at the panel/apply dispatch entries; built the diagnostic binary, ran it over ALL 12 benchmark shapes (one bench subprocess) + 22 test shapes (validate, incl all guards) = full 34-shape coverage via an atexit dump. RESULT: the global per-flag value sets are g_prec{0,1} (value-3 3xTF32 DEAD, but already fully pruned -- no live g_prec>=2 arm), g_inner_wmma{0,2} (value-1 NEVER set), g_wsp_help{1,2}, g_wsp_cm_coop{0,1}, g_panel_defer{0,3,4,5}, g_panel_raw{0,1}, g_prec_w{0,1}, etc. Crucially BTRACE showed every multi-arm dispatch I traced fires on >=1 shape -- so NO whole dispatch arm is dead; the dead surface is at the VALUE/redundant-TERM level. TWO genuine collapses found+committed: (iter0, 4254c240) fused_ok requires g_inner_wmma!=0 and the only nonzero value is 2, so fused_ok IMPLIES g_inner_wmma==2 (BTRACE fused-entry==(==2)-counter exactly, 205==205); removed the redundant inner if + dead mode-1 TORCH_CHECK in apply_block_reflector_bf16_wf16 and simplified the S-skip guard to if(!fused_ok). (iter1, b171f1ac) g_wsp_help is read at ONE site (the cm_coop dispatch gate) as g_wsp_help>1, its value never reaches a kernel (cm_coop kernel hardcodes MHELP=2), and g_wsp_help>1 is set in strict lockstep with g_wsp_cm_coop (both only on n=2048 _LARGE_HI) -- a fully-redundant AND term; removed the term + the entire g_wsp_help flag (decl/setter/pybind/functions-entry + 4 Python set/restore tuples). PROOF for BOTH: all 12 benchmark-shape (H,tau) SHA256 BYTE-IDENTICAL to parent 05af62ff (swap-build: extracted parent submission.py, rebuilt, hashed -- exact match all 12); 22/22 validate, kernelguard CLEAN, diff-correctness CLEAN, invariance guard (B=1280 batch/fraction/position sweeps -- the FP-reproducibility tripwire) CLEAN on both iters. geomean 1923.79 then 1919.23us (within noise of 1934 floor; byte-identical so deltas are run-to-run variance). diff_lines 5976->5962 (-14). FENCE respected: did NOT touch g_prec_w/g_minv_2lev_nlev (W4 n512 good-subset), the n512 mixed-driver/classifier/set_n512_good_bad_flags/_indexed (W4), g_no_splitk (the B=1280 determinism mechanism, W4/W5), or LU (W5). EXHAUSTION: every other g_* flag is LIVE at every read-site (both/all values occur, each gating a DISTINCT kernel -- not redundant); no fully-dead C++ setter remains (cross-checked all setters vs Python callers); the FP32 single-level/two-level run_panel dispatches are already TORCH_CHECK-pruned to their live arms (W2 brief-15). FOLLOW-UPS: (1) The only remaining intra-kernel dead surface is value-3 g_prec (3xTF32) which is ALREADY structurally absent. (2) The biggest remaining diff_lines lever is the brief-15-noted blocked_qr single-level n=176 SPECIALIZATION (drop the for-loop generality + bfit cap + smem_path test, hardcode the n=176 block schedule) -- ~6-10 lines but GOLDEN-HASH SENSITIVE (changing the b computation alters betas/taus), needs a dedicated brief with per-iter hash re-verification. (3) The cudaFuncSetAttribute registration blocks (1403-1438, 1567-1597, 3852-3892) are heterogeneous template-instance registrations with load-bearing error-checking subsets -- folding into a helper carries SASS-change risk for marginal savings, deprioritized."
2026-06-20T18:01:10.460448,2,17,N/A,N/A,N/A,brief_start,N/A,"BOLD STRUCTURAL REFACTOR off your own tip b171f1ac (diff 5962). Your dead-branch surface is EXHAUSTED (you proved every dispatch arm fires). New target in YOUR host-dispatch domain: deepen the _run_blocked config-table driver you authored. It has 9 call sites, each still assembling its own (sets, entry, args, restores) tuple inline with repeated set_/restore patterns. Consolidate further: (1) lift the per-regime (sets/restores) lists into ONE module-level config TABLE keyed by regime so each call site becomes a single table lookup + _run_blocked call (collapsing the repeated inline set-tuple construction); (2) if the restores are mechanically derivable from the sets (restore = set previous value), have _run_blocked snapshot+restore internally so call sites stop passing explicit restore lists. This is a CODE fold favoring whole-line deletions (operator is watching code-vs-comment ratio — deliver code structure). Treat each regime entry (n512/cholqr) as an OPAQUE fenced call: same _ext calls, same order => byte-identity is trivial. GATES: (H,tau) byte-identical all 12 shapes vs b171f1ac (swap-build SHA, your method); B=1280 invariance + 22 tests + diff-correctness + kernelguard each iter. geomean within 1% of 1934us. NO library substitution. FENCE: g_prec_w/g_minv_2lev_nlev + n512 mixed-driver/_indexed/set_n512_* (W4), g_no_splitk (W3 + B=1280 determinism), LU (W5), single-level n=176 specialization (W1 stretch), panel/device-idiom (W0). COMMIT each validated iter. Log --metric linalg/qr_v2 + diff_lines each iter, then brief_stop. Avoid backticks in log text."
2026-06-20T18:31:32.441438,2,17,0,1919.269,5958,succeeded,f4c3a0c756245b6509628c6dbd5b2a25a8b8d2d5,"Derived _run_blocked restores from sets via a module-level _RDEF default-restore table plus per-call skip/override/extra; dropped all 4 wrappers hand-written mirror restore lists. All 12 (H,tau) SHA256 byte-identical to b171f1ac (swap-build verified), codegen SHA identical (Python-only). 22/22 validate, kernelguard/diff-correctness/invariance(B=1280) CLEAN. geomean 1919.27us. diff_lines 5962 to 5958."
2026-06-20T18:37:09.901806,2,17,1,1921.156,5953,succeeded,8ca9ac5b33581cbe6ff6736f22b89f5cdb8d20ac,"Dropped the redundant exact restore_warps/restore_defer/restore_wsp_pad cfg keys: with _RDEF defaults (warps to 32, defer to 0) they were identity, and restore_wsp_pad to 2 was a no-op (exact never sets wsp_pad). _qr_exact_2level now one _run_blocked call; N512 leak is an explicit cfg _leak tuple. All 12 (H,tau) byte-identical (swap-build), codegen SHA identical. 22/22 validate, all guards CLEAN, geomean 1921.16us. diff_lines 5958 to 5953."
2026-06-20T18:46:31.531851,2,17,2,1921.163,5951,succeeded,15e7b81f465d06eb25ecf85f141b6603b4a10846,"Densified the fp16/bf16 sets-builders (two adjacent unconditional appends folded into sets += [...]) and removed the stale set/restore docstrings the iter0 restore-derivation made redundant. Logic-preserving reformat + comment fold. All 12 (H,tau) byte-identical (swap-build), codegen SHA identical. 22/22 validate, all guards CLEAN, geomean 1921.16us. diff_lines 5953 to 5951."
2026-06-20T18:48:19.649629,2,17,N/A,N/A,N/A,brief_stop,N/A,"Brief 17 (_run_blocked config-table deepening) EXHAUSTED across 3 byte-identical iters off b171f1ac. Core win (iter0): replaced all 4 wrappers hand-written mirror restore lists with a single derivation inside _run_blocked -- each set knob restores to override-or-_RDEF (a module-level default-restore table; warps->32), minus a skip set (prec/panel_raw leak, re-set by the next shape) plus restore-ONLY extra knobs. iter1 folded the now-redundant exact restore_warps/restore_defer/restore_wsp_pad cfg keys into _RDEF + an explicit _leak tuple (N512). iter2 densified the fp16/bf16 sets-builders and dropped comments the derivation made redundant. PROOF every iter: 4 source-string SHA256 byte-identical (Python-only), all 12 (H,tau) SHA256 byte-identical to b171f1ac via swap-build vs golden; 22/22 validate, kernelguard/diff-correctness/invariance(B=1280) CLEAN; geomean ~1921us (within 1pct of the 1934us floor). diff_lines 5962->5951 (-11). Tip 15e7b81f, profile saved. REMAINING but NOT pursued (off-brief / fenced / against guidance): the fp16/bf16 sets-builders carry branches that are dead for their sole callers (wf16 always 1, _SMALL_HI single-level path) -- pruning them is dead-branch sweeping the brief explicitly forbade; the sets-construction itself is regime-specific config, not duplicated boilerplate, so a literal table-lookup form would relocate (not delete) builder lines and lose the inline rationale comments. Suggest the next brief target a different domain (the C++ source strings dominate diff_lines; Python host-dispatch is now near-minimal)."
2026-06-20T18:59:15.275116,2,18,N/A,N/A,N/A,brief_start,N/A,"STRUCTURAL REFACTOR off your own tip 15e7b81f (diff 5951), in YOUR Python host-dispatch domain (zero collision — only you touch it). You deferred this in brief-17: the fp16/bf16 sets-builders carry branches DEAD for their sole callers (wf16 always 1; _SMALL_HI only ever single-level). A fresh brief now AUTHORIZES collapsing them: remove the always-false arms and the if that guards them, inlining the always-true arm — this DELETES code (good for the code-vs-comment ratio the operator monitors). THEN escalate structurally: after the collapse, if two regime entries in the _run_blocked config table (or two sets-builders) became byte-identical, MERGE them into one shared config/builder. Prove each always-true/false claim with your launch-trace method before deleting (do not guess reachability). NOTE: the big 3-site driver-prologue consolidation (handle-init + smem opt-in + workspace, ~150 lines across blocked_qr/blocked_qr_2level/_indexed) is RESERVED for the post-combine serialized pass — do NOT attempt it now, it spans W1/W3/W4 fences and would collide. GATES: 12-shape (H,tau) SHA byte-identical vs 15e7b81f (swap-build, your method); 22 tests + invariance(B=1280) + diff-correctness + kernelguard CLEAN; geomean within 1% of 1934us. NO library substitution. FENCE: C++ drivers (W1 single-level/W3 scratch+GEMM/W4 _indexed+n512/W5 LU), init_qr_cublas_handle (W1/W3 hot). COMMIT each validated iter. Log --metric linalg/qr_v2 + diff_lines each iter, then brief_stop. If your domain is truly exhausted after this, say so in brief_stop and I will move you onto the post-combine canonical. Avoid backticks in log text."
2026-06-20T19:10:19.411598,2,18,0,1923.421,5948,succeeded,48dd0b2dbc18031e1fa4f011f5fb068393ed4b2b,"Collapse launch-trace-dead branches in fp16/bf16 sets-builders. Proved via host-side hit-counters over all 22 test + 12 bench shapes: _qr_small_bf16 (sole caller n=352) always single-level (ib<=0), help_>1 never, wf16 always 1, two-level always False; _qr_large_fp16 wf16 always 1 (4/4). Removed the two-level else arm, the help_ pivot-coop arm+elif, the wf16==0 guard, the dead two-level ov-fold; inlined ib=ob and unconditional set_bf16_wf16/ungated iwmma. Dropped 4 now-unread dict keys (bf16_ib, bf16_wf16, bf16_help, wf16 x2). H/tau SHA byte-identical vs 15e7b81f; 22 tests + diff-correctness + invariance B1280 + kernelguard CLEAN; geomean 1923us."
2026-06-20T19:18:55.087479,2,18,1,1921.832,5921,succeeded,480b2ac6827b6467722e15fc1fc062b79118d0d7,"Inline the single-consumer _SMALL_HI dict into _qr_small_bf16. After iter0's dead-branch collapse, _SMALL_HI's 6 surviving keys were each read exactly once into a flat sets list; the dict plus its 6-tuple unpack were pure indirection (sole consumer is _qr_small_bf16, gated n=352). Inlined the values as literals (ob=ib=64, defer=5, warps=32, wsp_pad=2, panel_cm2=1, bf16_wf16=1, minv_blk4=3), deleted the dict, folded two overlapping comment blocks into one. _SMALL_LO retains its own n=176 consumer untouched. H/tau SHA byte-identical vs 15e7b81f; 22 tests + diff-correctness + invariance B1280 + kernelguard CLEAN; geomean 1922us."
2026-06-20T19:22:07.443478,2,18,N/A,N/A,N/A,brief_stop,N/A,"Brief 18 DONE across 2 byte-identical iters off 15e7b81f (tip 480b2ac6, diff 5951->5921, geomean ~1922us within noise of 1921). iter0: collapsed the launch-trace-proven-dead branches in both bf16 sets-builders -- host-side hit-counters over all 22 test + 12 bench shapes proved _qr_small_bf16 (sole caller n=352) always single-level/help_ never>1/wf16 always 1/two-level always False, and _qr_large_fp16 wf16 always 1 (4/4); removed the two-level else arm, the help_ pivot-coop arm+elif, the wf16==0 guard, the dead two-level ov-fold, plus 4 now-unread dict keys. iter1: inlined the single-consumer _SMALL_HI dict (its 6 surviving keys each read once after the collapse) directly into _qr_small_bf16 and deleted the dict + 6-tuple unpack + a redundant comment block. Both iters H/tau SHA byte-identical vs 15e7b81f over all 12 bench shapes; 22 tests + diff-correctness + invariance B1280 + kernelguard CLEAN each iter. ESCALATION precondition NOT met: a static pairwise check proved NO two of the 5 _run_blocked config-table entries (_LARGE_LO/_LARGE_HI/_SMALL_LO/_SMALL_HI(removed)/_N512_EXACT) are byte-identical (closest is LARGE_LO/HI sharing 16 keys but only 7 same values), and the two bf16 sets-builders are structurally distinct (single-level cm2 panel vs two-level WMMA-fused), so a forced merge would re-add the parametric branching just removed and is off-brief. A fresh launch trace confirmed every surviving conditional in _qr_large_fp16 is LIVE across its two regimes (cmcoop T@HI/F@LO, iwmma2 T@LO/F@HI). My host-dispatch domain dead-branch + single-consumer-indirection surface is now EXHAUSTED (brief-15/16 pruned dead kernels+flags, brief-17 generalized _run_blocked, brief-18 collapsed the last dead arms + inlined the orphan dict). I am ready for the post-combine canonical pass. The big 3-site driver-prologue consolidation remains reserved per the brief."
2026-06-20T19:25:57.108813,2,19,N/A,N/A,N/A,brief_start,N/A,"5th-GEN COMBINE. BASE (1st parent) = 4afa2619 (diff 5316, the deepest canonical = your team's 4th-gen combine). It ALREADY contains: W4 small-n, W3 GEMM 11cc29d7, W2 dead-branch b171f1ac, W0 device-idiom 17a1fdf4, W5 LU 0450e26c. Fold the POST-4th-gen per-region work, region-by-region, re-verifying byte-identity to ee18b340 after EACH fold, skipping+noting any conflicting hunk: (1) W1 C++ driver/apply 97567782..28220603 — apply_block_reflector_t 3-site unify (b94c8839), blocked_qr OB=n degenerate-fold out of run_two_level_loop (3bc9a7d9), ov_panel param drop (28220603); (2) W2 Python host-dispatch b171f1ac..480b2ac6 — YOUR OWN restore-table _RDEF (15e7b81f) + bf16 sets-builder dead-arm collapse + _SMALL_HI inline (480b2ac6); you know this best; (3) W0 panel kernels 17a1fdf4..a2e05c10 — col0_factor_warp0 + next_reflector_finalize leaf helpers; (4) W5 LU/n4096 host 0450e26c..97bcaba0 — _scratch_like consolidations + n4096 host-orchestration regime-lookup collapse + dead-arm deletes. (5) W3 SCRATCH d5d7daf2 — alloc_vtswy_fp32 + alloc_vtswy<T> templatization (FP32+bf16 share). CRITICAL re-expression note (W4 hit this in the 4th-gen): W3 and W1 BOTH did a build_Minv-smem-opt-in->init_qr_cublas_handle fold, and the BASE ALREADY HAS IT (via 97567782) — do NOT double-apply; extract only W3's NEW alloc_vtswy work. W3+W1 worked the canonical lineage so their deltas may not cherry-pick cleanly — hand-re-express the genuine simplification in the base idiom if a patch conflicts, and SKIP anti-simplifications (helper inlinings the base already keeps). Regions are disjoint (C++ driver / Python dispatch / panel kernels / LU+n4096 host / scratch-alloc) so additive minus base-overlap. METHOD: cherry-pick or re-express each region; resolve seams union-of-deletions; ZERO conflict markers final; COMMIT after EACH region. GATES: (H,tau) byte-identical to ee18b340 on ALL 12 shapes after full combine; B=1280 invariance + 22 tests + diff-correctness + kernelguard CLEAN; geomean within 1% of 1934us. NO library substitution. Log --metric linalg/qr_v2 + diff_lines after each fold; target well below 5316. brief_stop when all foldable regions in. Avoid backticks in log text."
2026-06-20T19:59:15.984170,2,19,0,1929.002,5304,succeeded,c977a886679bf84b4fb95b297e6d580213c2a15f,"COMBINE region 3/5 (W0 panel kernels a2e05c10): folded col0_factor_warp0 + next_reflector_finalize __forceinline__ leaf helpers onto base. Base already had col0_reflector_finalize (17a1fdf4). col0_factor_warp0 composed at all 5 single-sync panels; next_reflector_finalize at 4 sites (cm_ov_bf16 left inline due to coupled labels/sh_label diagnostic). Codegen-neutral. (H,tau) byte-identical to golden ee18b340 on all 12 shapes. geomean 1929.0us. diff_lines 5316->5304."
2026-06-20T20:10:16.766551,2,19,1,1929.217,5268,succeeded,9bae1cf3d1ebf839ebf1e017f875297d99754e82,"COMBINE region 1/5 (W1 C++ driver 97567782..28220603): folded apply_block_reflector_t single-level unification + degenerate OB=n fold-out + ov_panel param drop. (a) Single-level FP32 apply now routes through unified apply_block_reflector_t<float> (deleted hand-rolled lambda); enabled by extending the template FP32 arm use_blk4 from false to the n=176 predicate (false for all n>=512 callers via n<=400 cap). (b) Degenerate OB=n run_two_level_loop call folded into straight-line k-loop (fold_ov/outer-apply/try_fuse all dead for OB=n). (c) ov_panel param dropped from run_two_level_loop signature + both callers + fold_ov (always-true). register_panels/optin/build_Minv-smem fold from 97567782 was ALREADY in base, untouched. (H,tau) byte-identical to golden ee18b340 on all 12 shapes. geomean 1929.2us. diff_lines 5304->5268."
2026-06-20T20:22:16.926501,2,19,N/A,N/A,N/A,brief_start,N/A,"5th-GEN COMBINE. BASE (1st parent) = 4afa2619 (diff 5316, the deepest canonical = your team's 4th-gen combine). It ALREADY contains: W4 small-n, W3 GEMM 11cc29d7, W2 dead-branch b171f1ac, W0 device-idiom 17a1fdf4, W5 LU 0450e26c. Fold the POST-4th-gen per-region work, region-by-region, re-verifying byte-identity to ee18b340 after EACH fold, skipping+noting any conflicting hunk: (1) W1 C++ driver/apply 97567782..28220603 — apply_block_reflector_t 3-site unify (b94c8839), blocked_qr OB=n degenerate-fold out of run_two_level_loop (3bc9a7d9), ov_panel param drop (28220603); (2) W2 Python host-dispatch b171f1ac..480b2ac6 — YOUR OWN restore-table _RDEF (15e7b81f) + bf16 sets-builder dead-arm collapse + _SMALL_HI inline (480b2ac6); you know this best; (3) W0 panel kernels 17a1fdf4..a2e05c10 — col0_factor_warp0 + next_reflector_finalize leaf helpers; (4) W5 LU/n4096 host 0450e26c..97bcaba0 — _scratch_like consolidations + n4096 host-orchestration regime-lookup collapse + dead-arm deletes. (5) W3 SCRATCH d5d7daf2 — alloc_vtswy_fp32 + alloc_vtswy<T> templatization (FP32+bf16 share). CRITICAL re-expression note (W4 hit this in the 4th-gen): W3 and W1 BOTH did a build_Minv-smem-opt-in->init_qr_cublas_handle fold, and the BASE ALREADY HAS IT (via 97567782) — do NOT double-apply; extract only W3's NEW alloc_vtswy work. W3+W1 worked the canonical lineage so their deltas may not cherry-pick cleanly — hand-re-express the genuine simplification in the base idiom if a patch conflicts, and SKIP anti-simplifications (helper inlinings the base already keeps). Regions are disjoint (C++ driver / Python dispatch / panel kernels / LU+n4096 host / scratch-alloc) so additive minus base-overlap. METHOD: cherry-pick or re-express each region; resolve seams union-of-deletions; ZERO conflict markers final; COMMIT after EACH region. GATES: (H,tau) byte-identical to ee18b340 on ALL 12 shapes after full combine; B=1280 invariance + 22 tests + diff-correctness + kernelguard CLEAN; geomean within 1% of 1934us. NO library substitution. Log --metric linalg/qr_v2 + diff_lines after each fold; target well below 5316. brief_stop when all foldable regions in. Avoid backticks in log text."
2026-06-20T20:31:33.715148,2,19,2,1933.610,5269,succeeded,c90a1a9fe8803987976ffa4953c3e41432794940,"5th-gen COMBINE region 1/5 (W1 C++ driver 97567782..2ce5c1ab) onto deeper base ecd3b2b9 (diff 5310, = 4afa2619 + fill_R fold). Hand-re-expressed (cherry-pick conflicted on the base-overlap mm1g->mm3g seam) the W1 single-level-apply unification: (a) blocked_qr single-level FP32 now emits a straight-line k-loop calling the unified apply_block_reflector_t<float>, deleting the run_two_level_loop OB=n call + its two big inline lambdas; enabled by the apply driver use_blk4 predicate (g_minv_blk4 && w%4==0 && w>=minw && n<=400), true n=176 / false n>=512. (b) run_two_level_loop signature drops ov_panel + BuildVFn build_outer_V, adds const T* H + int B; outer-V materialized in-loop via build_V_kernel<T>, outer_rest_pre/outer_rest folded to one var. (c) both callers (blocked_qr_2level float / bf16_indexed) updated, build_outer_V lambda deleted. Kept base mm3g name in the prologue comment (mm1g already merged into mm3g in base -- W1 mm1g ref would be stale; union-of-deletions). register_panels/optin/build_Minv-smem fold from 97567782 ALREADY in base, untouched. (H,tau) SHA byte-identical to golden ee18b340 on ALL 12 bench shapes (swap-build via byteoracle). 22 tests + kernelguard + diff-correctness + invariance(incl B=1280) CLEAN via validate.sh. geomean 1933.61us (within noise of 1934 floor). diff_lines 5310->5269 (-41)."
2026-06-20T20:40:57.053373,2,19,3,1928.504,5271,succeeded,594a99a58b9aee35062b1ae16497bb231b8339f6,"5th-gen COMBINE region 2/5 (W2 Python host-dispatch 15e7b81f..480b2ac6). Folded ONLY the genuinely-new W2 work; the _SMALL_HI dict + small-n comment collapse AND the _custom_kernel_generic literal-n176 collapse were ALREADY in the base (W4 small-n fold) -- NOT double-applied (base-overlap per the brief CRITICAL note). NEW work folded: (1) _RDEF default-restore table + _run_blocked(entry,args,sets,*,skip,override,extra) deriving restores from sets (drops per-caller mirror lists) -- byte-identical to target 480b2ac6; (2) _qr_large_fp16 wf16 dead-branch collapse (_LARGE_LO/_LARGE_HI drop always-1 wf16 key; iwmma ungated; set_bf16_wf16(1) unconditional) + derived restores skip=(prec,panel_raw) -- identical to target; (3) _qr_exact_2level derived restores skip=cfg _leak override prec; _exact_cfg drops restore_* keys; _N512_EXACT gains _leak tuple -- identical; (4) _qr_small_bf16 sets already W4-collapsed in base, swapped explicit restore mirror to derived skip=(set_prec,) (byte-identical restore set, kept base comment); (5) _custom_kernel_generic already W4-collapsed to literal n=176, converted preamble restores to restore-only extra= with skip=(set_prec,), did NOT revert to W2 parametric form. All 4 _run_blocked callers on new kw-arg signature, zero leftover restores vars / wf16 reads. (H,tau) SHA byte-identical to golden ee18b340 on ALL 12 bench shapes (swap-build). 22 tests + kernelguard + diff-correctness + invariance(incl B=1280) CLEAN. geomean 1928.50us. diff_lines 5269->5271 (+2: the centralized _RDEF table is a small net-add over base's already-W4-collapsed mirror lists, but removes per-caller restore duplication -- a genuine consolidation)."
2026-06-20T20:44:41.177578,2,19,4,1929.014,5259,succeeded,1bbb442a98158c5e3dc4c3416e28082e64d817cd,"5th-gen COMBINE region 3/5 (W0 panel kernels 17a1fdf4..a2e05c10). Re-applied my own prior clean fold c977a886 (git apply --check passed -- region disjoint from R1 driver/R2 Python/fill_R). Base already has col0_reflector_finalize (17a1fdf4 in base lineage); this adds two NEW __forceinline__ device leaves: col0_factor_warp0 (warp-0 column-0 prologue, composed at all 5 single-sync panels) and next_reflector_finalize (one-step-ahead next-pivot reflector tail, at 4 sites; cm_ov_bf16 left inline due to coupled labels/sh_label diagnostic). col0_factor_warp0 def byte-identical to target a2e05c10. Codegen-neutral. (H,tau) SHA byte-identical to golden ee18b340 on ALL 12 bench shapes (swap-build). 22 tests + kernelguard + diff-correctness + invariance(incl B=1280) CLEAN. geomean 1929.01us. diff_lines 5271->5259 (-12)."
2026-06-20T20:52:26.460083,2,19,5,1928.715,5230,succeeded,d16d8a4c953b2d70492bdcf579ba9b24c6266d59,"5th-gen COMBINE region 4/5 (W5 LU/n4096 host 0450e26c..a243a471). Base already had _qr_large_n regime-lookup collapse (87191c96 effect via W4 in base) + dead geqrf dispatch arm removed -- NOT re-applied (base-overlap; skipped 87191c96). Folded genuinely-new W5 host work (cherry-pick 0450e26c..e4a7bdd6 clean; post-87191c96 hand-applied): 36400045 dead diag_lu guard delete + cholqr R-factor dedup; b37ec3eb tri_solve_right_inv header condense; e1a7e188 _scratch_like consolidated onto _scratch_like_dtype3 (only dtype3 remains); 7e0c2837 _set_tf32 inlined (0 refs); e4a7bdd6 _choleskyqr_1pass Rfp32 cache onto _scratch_like_dtype3; 64bff4e4 comment-only (dead geqrf arm already gone in base, resolved diff3 conflict to base condensed style); 97bcaba0 dropped _qr_large_n dead-store set_prec(1)/set_warps(32) (each leaf sets both to 1/32 before its launch); 06a2c778 collapsed two n>=4096 cholqr arms into one B-param arm dense_noinfo=(B==2) gate=(B!=2) -- behaviorally identical; 4a70a46b _choleskyqr_1pass b2 arm direct return; a243a471 _reconstruct_householder ob=64 inline + build_H_inplace direct return. (H,tau) SHA byte-identical to golden ee18b340 on ALL 12 bench shapes incl shape6 n=4096 B=2 cholqr path (swap-build). 22 tests + kernelguard + diff-correctness + invariance(incl B=1280) CLEAN. geomean 1928.71us. diff_lines 5259->5230 (-29)."
2026-06-20T20:59:22.293864,2,19,6,1926.840,5233,succeeded,c2c7b8f7716e1dab3799ca1f51966993b060019f,"5th-gen COMBINE region 5/5 (W3 scratch alloc_vtswy<T> d5d7daf2). Base had NEITHER alloc_vtswy_fp32 NOR alloc_vtswy (used inline torch::empty at all 3 scratch sites), so introduced the templated quintet allocator + routed all 3 launchers through it: blocked_qr FP32 block-wide (5 torch::empty -> alloc_vtswy<float>), blocked_qr_2level FP32 OB-wide (5 -> alloc_vtswy<float>, cVo2 left inline), blocked_qr_2level_bf16_indexed bf16 quartet (cVb/cMb/cWb/cYb -> alloc_vtswy<bf16> with throwaway cSbf S-slot, Gram S stays FP32 cS3; FENCED n512 COMPUTE untouched). Helper byte-matches d5d7daf2 target. SKIPPED per the brief CRITICAL base-overlap note: (1) 9e648f97 init_qr_cublas_handle build_Minv-smem-optin re-expression -- base has a DIFFERENT init_qr_cublas_handle signature (no want_blk4 param, unconditional blk4+rblk_gen opt-in via canonical 97567782 the base already has), NOT double-applied; (2) b0b7e809 optin_panel_smem variadic helper -- base already has the optin() helper (97567782) doing the same panel-opt-in dedup, a parallel variadic would duplicate the helper the base deliberately keeps. (H,tau) SHA byte-identical to golden ee18b340 on ALL 12 bench shapes incl n512 bf16-quartet shapes (swap-build). 22 tests + kernelguard + diff-correctness + invariance(incl B=1280) CLEAN. geomean 1926.84us. diff_lines 5230->5233 (+3: the new shared alloc_vtswy<T> helper def is net-add over base's inline torch::empty, but dedups 3 identical 5-line scratch patterns into 1 helper + 3 calls -- genuine cross-driver consolidation)."
2026-06-20T21:05:50.885417,2,19,N/A,N/A,N/A,brief_stop,N/A,"FINAL COMBINE COMPLETE -- SHIPPABLE DELIVERABLE. FINAL COMMIT SHA = c2c7b8f7716e1dab3799ca1f51966993b060019f. diff_lines vs main (6e619b05) = 5233 (well below base 5310 and brief target 5316). Rebased onto the DEEPER base ecd3b2b9 (diff 5310 = 4afa2619 4th-gen combine + fill_R fold) per the redirect, then folded all 5 post-4th-gen per-region deltas, byte-verifying (H,tau) SHA vs golden ee18b340 on ALL 12 bench shapes after EACH fold, committing each: R1 W1 C++ driver 97567782..2ce5c1ab (c90a1a9f, diff 5269) -- apply_block_reflector_t single-level routing + degenerate OB=n fold-out + ov_panel drop + build_outer_V inlined into run_two_level_loop (hand-re-expressed; cherry-pick conflicted on the base-overlap mm1g->mm3g seam, kept base mm3g). R2 W2 Python 15e7b81f..480b2ac6 (594a99a5, diff 5271) -- _RDEF default-restore table + _run_blocked derived restores + _qr_large_fp16 wf16 dead-branch collapse + _qr_exact_2level/_qr_small_bf16/_custom_kernel_generic derived restores; SKIPPED the _SMALL_HI-dict + small-n + n176-tail collapses already in base via W4. R3 W0 panels 17a1fdf4..a2e05c10 (1bbb442a, diff 5259) -- col0_factor_warp0 + next_reflector_finalize leaves (re-applied my clean c977a886). R4 W5 LU/n4096 0450e26c..a243a471 (d16d8a4c, diff 5230) -- _scratch_like onto _scratch_like_dtype3 + _set_tf32 inline + cholqr dispatch B-param collapse + dead-store/dead-arm deletes + _reconstruct_householder inline; SKIPPED 87191c96 _qr_large_n regime collapse already in base. R5 W3 scratch d5d7daf2 (c2c7b8f7, diff 5233) -- introduced alloc_vtswy<T> templated quintet allocator routing all 3 launchers (base had inline torch::empty); SKIPPED per the CRITICAL note 9e648f97 init_qr_cublas_handle build_Minv-optin re-expression (base has a different no-want_blk4 signature with the canonical 97567782 fold already) AND b0b7e809 optin_panel_smem variadic (base already has the optin() helper -- a parallel helper would duplicate it). FINAL GATES ALL GREEN: (H,tau) byte-identical to ee18b340 on ALL 12 bench shapes at HEAD (swap-build via byteoracle); B=1280 invariance guard run 3x -- ALL 3 CLEAN, no split-K flake hit; 22 tests + kernelguard + diff-correctness CLEAN via validate.sh; geomean 1926.84us (-0.4pct vs 1934us floor, within 1pct). ZERO conflict markers in final file. NO library substitution. Profile saved at profiles/2026-06-20-04-33-52-qr_v2_simplify/worker-2-brief-19-iteration-6-c2c7b8f7....nsys-rep. The 5th-gen combine HEAD c2c7b8f7 is byte-identical to the optimized lineage on all shapes and is ready to ship."
