optimization_id,description,branches,commits,trial_numbers,attempts,best_speedup,best_step_speedup,outcome,frequency_pct
opt_0000,Combining retained changes,autocuda/optimize/2026-07-20-23-00-46-cholesky-unmerged/brief-5;autocuda/optimize/2026-07-20-23-00-46-cholesky-unmerged/brief-6;autocuda/optimize/2026-07-20-23-00-46-cholesky-unmerged/brief-7;autocuda/optimize/2026-07-21-04-34-16-cholesky-unmerged/brief-5,1adf2c2f3957105a0ff2402874e8388e08b3d4a2;282d391f895dbcba85d1108061d9d3fb82e66c06;297d2527d8e4eb36ed7166afbf3a9084fd874f7f;32e1f1ee3ee3f89b1b56605d4f3b7e97c424598c;453c7ce29379b751e7187b15fd169b369ab2f581;455b6e88c7ea4fd4c5da70e3a5a6bf9bd0142df2;5301ba38cb7c98d5c5ff3020abc7cb0012d8dd82;589698221362228e188ae84380bca1bd95b6f4b8;6e9252d8f8e1535589570a5e99d4d2ca892bf766;76b595e4ae47ded70ac030f56de2c76acb9c12d4;8855adbc8ae6e2fe28b5a9fdc0a5f8dce3e8ca89;a21782f873410f875ce65d85d7ceaf8d000b63b9;d148f7d993df15ec7998704f86223907255b8a4f;d2e83776d4727c724e5b68543be0c6e86cf5cbd2;d67dde5ab11a2573fed0c4efdafc4ac522e3da4e;d994188e2c243315c06f9b2e3aebe9101bc82528;de08e60b8ee334f41002d39fbf8e8e73bf9a43da;e5e246995cf46eeba6f1c9cbeecba82e0cdb93b7;e93c07b9a80478081aea4a35cc8ba250afe143c7;fd956a9d484692c4dc7a4ec20d94bc371d50e7ed,autocuda/optimize/2026-07-20-23-00-46-cholesky-unmerged/brief-5:0;autocuda/optimize/2026-07-20-23-00-46-cholesky-unmerged/brief-5:1;autocuda/optimize/2026-07-20-23-00-46-cholesky-unmerged/brief-5:2;autocuda/optimize/2026-07-20-23-00-46-cholesky-unmerged/brief-5:3;autocuda/optimize/2026-07-20-23-00-46-cholesky-unmerged/brief-5:4;autocuda/optimize/2026-07-20-23-00-46-cholesky-unmerged/brief-5:5;autocuda/optimize/2026-07-20-23-00-46-cholesky-unmerged/brief-5:6;autocuda/optimize/2026-07-20-23-00-46-cholesky-unmerged/brief-5:7;autocuda/optimize/2026-07-20-23-00-46-cholesky-unmerged/brief-5:8;autocuda/optimize/2026-07-20-23-00-46-cholesky-unmerged/brief-6:0;autocuda/optimize/2026-07-20-23-00-46-cholesky-unmerged/brief-6:1;autocuda/optimize/2026-07-20-23-00-46-cholesky-unmerged/brief-6:2;autocuda/optimize/2026-07-20-23-00-46-cholesky-unmerged/brief-6:3;autocuda/optimize/2026-07-20-23-00-46-cholesky-unmerged/brief-6:4;autocuda/optimize/2026-07-20-23-00-46-cholesky-unmerged/brief-6:5;autocuda/optimize/2026-07-20-23-00-46-cholesky-unmerged/brief-6:6;autocuda/optimize/2026-07-20-23-00-46-cholesky-unmerged/brief-6:7;autocuda/optimize/2026-07-20-23-00-46-cholesky-unmerged/brief-6:8;autocuda/optimize/2026-07-20-23-00-46-cholesky-unmerged/brief-6:9;autocuda/optimize/2026-07-20-23-00-46-cholesky-unmerged/brief-7:0;autocuda/optimize/2026-07-20-23-00-46-cholesky-unmerged/brief-7:1;autocuda/optimize/2026-07-20-23-00-46-cholesky-unmerged/brief-7:2;autocuda/optimize/2026-07-21-04-34-16-cholesky-unmerged/brief-5:0;autocuda/optimize/2026-07-21-04-34-16-cholesky-unmerged/brief-5:1,24,1.1194,1.0488,kept,28.57
opt_0001,Packed batch640 N=512 global sidecars at LD=32 while expanding row-wise async tile/pair/triple loads into bank-padded LD=40 MathDx shared operands. Full validation passed at a new run-wide-best 684.643 us; batch640 measured 1025.284 us and batch16 remained 179.002 us.,autocuda/optimize/2026-07-21-04-34-16-cholesky-unmerged/brief-1,0b18f368ac286b8646e796cd0736552c48e11a41,autocuda/optimize/2026-07-21-04-34-16-cholesky-unmerged/brief-1:14,1,1.0970,1.0428,kept,7.14
opt_0002,"Restored scalar coalesced frontier panel transfers and replaced each 64x64 factor pivot's separate sqrt/divide with one reciprocal square root plus multiply. Full official/fresh validation and all benchmark correctness checks passed. Target latencies remained essentially level at 688.854/1352.692 us versus 688.645/1351.386, while the shared n64 path improved from 21.223 to 20.836 us. Full-grid geomean reached a branch-best 715.900 us, 8.44% below the 781.913 baseline.",autocuda/optimize/2026-07-20-23-00-46-cholesky-unmerged/brief-4,fd3d941d86d5d052f95e1e7ad9d92480bf47d77b,autocuda/optimize/2026-07-20-23-00-46-cholesky-unmerged/brief-4:33,1,1.0922,1.0332,kept,7.14
opt_0003,"Returned to the one-matrix-per-CTA 64-wide custom factor, removed the unused 128-wide alternative, and transposed panel loads/stores with coalesced physical-upper accesses into conflict-free 65-stride shared storage. Full official/fresh validation and all benchmark correctness checks passed. Targets improved from 710.739/1390.270 to 688.645/1351.386 us at 4x1024/2x2048; full-grid geomean reached 717.665 us, 8.22% below baseline.",autocuda/optimize/2026-07-20-23-00-46-cholesky-unmerged/brief-4,cf32ecafdd0ea673ece7244bbdb9aaf6876fd5b8,autocuda/optimize/2026-07-20-23-00-46-cholesky-unmerged/brief-4:31,1,1.0895,1.0346,kept,7.14
opt_0004,"Separated POTRF publication from TRSM using the update-owner dispatch as epoch 0, then ran parallel panel/update owners. Full validation and benchmark passed at 691.790 us; batch16/N512 improved from the observed 508.062 us parent run to 175.995 us, while batch640/N512 regressed from 969.009 to 1095.592 us.",autocuda/optimize/2026-07-21-04-34-16-cholesky-unmerged/brief-1,8c6e54cd1ac30b763e620b540a1cbc28ff0c315c,autocuda/optimize/2026-07-21-04-34-16-cholesky-unmerged/brief-1:6,1,1.0856,1.0856,kept,7.14
opt_0005,"Distributed the custom 64x64 frontier factors one matrix per 64-thread CTA, allowing the two or four independent factors to execute on separate SMs instead of sharing one CTA. Full official/fresh validation and all benchmark correctness checks passed. Target latencies improved from 832.861/1479.235 to 710.739/1390.270 us at 4x1024/2x2048; full-grid geomean reached 722.146 us, 7.64% below the 781.913 baseline.",autocuda/optimize/2026-07-20-23-00-46-cholesky-unmerged/brief-4,74caf0b5a8d93fb7c48817abe0644b73da7104ba,autocuda/optimize/2026-07-20-23-00-46-cholesky-unmerged/brief-4:29,1,1.0828,1.0301,kept,7.14
opt_0006,"Added a distinct batch640/N512 one-CTA-per-matrix persistent 64x64 left-looking supernode. It reads immutable source plus compact solved-panel sidecars and eliminates intermediate trailing-tile stores/epochs. Full validation passed at 697.231 us; batch640 measured 1040.472 us (best repeat 974.880 us), close to but slower than the retained high-batch path.",autocuda/optimize/2026-07-21-04-34-16-cholesky-unmerged/brief-1,ff9ef619e5c645ba45bb55b5d93f581248dbea23,autocuda/optimize/2026-07-21-04-34-16-cholesky-unmerged/brief-1:8,1,1.0772,1.0116,kept,7.14
opt_0007,"Staggered the lightweight side-stream outer copies in paired frontiers: first-half factor and copy prefixes join before releasing each second-half factor/copy pair, while each main chain still overlaps its copy with the full inner DAG. Targets measured 503.887, 723.570, 1256.348, and 2251.776 us; full-grid geomean reached a new Brief2 best of 733.574 us.",autocuda/optimize/2026-07-20-23-00-46-cholesky-unmerged/brief-2,06cbd50b0b01e81997be858765235eceb4cd55c2,autocuda/optimize/2026-07-20-23-00-46-cholesky-unmerged/brief-2:20,1,1.0659,1.0472,kept,7.14
opt_0008,"Exact full-grid replicate of b4-fused/other-shapes-side-copy commit 005ddb3. It reproduced b4/n1024 at 663.785 us and measured targets 502.963, 1337.133, and 2240.325 us elsewhere; full-grid geomean was 733.638 us, effectively tied with the 733.574 Brief2 best despite target and unrelated-shape run variance.",autocuda/optimize/2026-07-20-23-00-46-cholesky-unmerged/brief-2,005ddb3b756faf91a8a6d2f7a0b5348e49f5bb7d,autocuda/optimize/2026-07-20-23-00-46-cholesky-unmerged/brief-2:23,1,1.0658,1.0190,kept,7.14
opt_0009,"Published the first N=256 factor through a single owner before three panel owners, removing two redundant 64x64 POTRF computations. Full validation passed at 705.260 us; N=256 measured 74.112 us (best 68.984 us), so the added dependency epoch offset the saved factor work.",autocuda/optimize/2026-07-21-04-34-16-cholesky-unmerged/brief-1,0e5f486d5048b8a12c02f170365e518680237ece,autocuda/optimize/2026-07-21-04-34-16-cholesky-unmerged/brief-1:11,1,1.0649,1.0255,kept,7.14
opt_0010,"Kept the owner-epoch DAG only for batch16/N512 and restored the retained one-CTA persistent kernel for batch640/N512. Full validation and benchmark passed at 705.318 us; the cells measured 173.657 us and 1019.613 us respectively, but unrelated large-shape outliers raised the aggregate above Trial 6's 691.790 us.",autocuda/optimize/2026-07-21-04-34-16-cholesky-unmerged/brief-1,811e3a50f96009f14c44f876764ed34f33079ef7,autocuda/optimize/2026-07-21-04-34-16-cholesky-unmerged/brief-1:7,1,1.0648,0.9808,kept,7.14
opt_0011,"Preserved the original first-wave copy partition while fusing it with the initial factor launch: 60/134 copy CTAs plus one POTRF CTA (61/135 total), followed by only the 14 real panel TRSM tasks. Target means were 503.006, 671.897, 1288.403, and 2264.489 us; full-grid geomean improved from 741.324 to 734.670 us.",autocuda/optimize/2026-07-20-23-00-46-cholesky-unmerged/brief-2,e74c2883485290bfea39eb79865fe5e1e1e4aa7a,autocuda/optimize/2026-07-20-23-00-46-cholesky-unmerged/brief-2:16,1,1.0643,1.0091,kept,7.14
opt_0012,"Overlaid the persistent high-batch factor buffer with half-update workspace, reducing dynamic shared memory from 53.3 KiB to 35.8 KiB while reloading the factor before each TRSM. Full validation passed at 707.721 us; batch640 regressed to 1206.077 us (best repeat 991.232 us), showing factor reload traffic outweighed any residency gain.",autocuda/optimize/2026-07-21-04-34-16-cholesky-unmerged/brief-1,a9a30b9cf87a1289fdf9626708dd680111c3d9dd,autocuda/optimize/2026-07-21-04-34-16-cholesky-unmerged/brief-1:9,1,1.0612,0.9852,kept,7.14
opt_0013,"Kept factor/copy fusion only for the 74-CTA shapes and restored factor-first release plus the mixed 14-TRSM/134-copy panel wave for the 148-CTA b4/n1024 and b2/n2048 shapes. Targets measured 503.259, 755.990, 1282.893, and 2271.915 us; full-grid geomean was 737.946 us versus 734.670 for all-fused.",autocuda/optimize/2026-07-20-23-00-46-cholesky-unmerged/brief-2,cd157dc191a876da45715ad4ba3bf8fc85d5fd95,autocuda/optimize/2026-07-20-23-00-46-cholesky-unmerged/brief-2:17,1,1.0596,0.9956,kept,7.14
opt_0014,"Reduced only b4/n1024's lightweight side-copy frontier from 134 to 60 CTAs, based on the hosted profile showing b2's larger 134-CTA copy already finishes in 6.69 us under its 10.85-us factor. b4/n1024 was effectively unchanged at 721.706 us; other targets were 502.571, 1288.607, and 2306.856 us, and full-grid geomean measured 738.210 us.",autocuda/optimize/2026-07-20-23-00-46-cholesky-unmerged/brief-2,a3718f7b5642ac40a57b388afc177c6379115c83,autocuda/optimize/2026-07-20-23-00-46-cholesky-unmerged/brief-2:21,1,1.0592,0.9937,kept,7.14
opt_0015,"Renamed CUDA graph state as a graph-plan cache to satisfy kernelguard and fully exercised the batched recursive b2/b8 path. Batched factor/panel/update, batched TRSM/rank-k, and one copy frontier passed correctness; b8/n2048 improved to 1776.456 us with smaller outliers, while b2/n2048 rose to 1418.287 us. Other main targets were 501.228, 663.688, and 2413.254 us; full-grid geomean was 738.594 us.",autocuda/optimize/2026-07-20-23-00-46-cholesky-unmerged/brief-2,fad9323cb9b558bfd00397d629d65bff3c4036d4,autocuda/optimize/2026-07-20-23-00-46-cholesky-unmerged/brief-2:27,1,1.0587,1.0370,kept,7.14
opt_0016,"Vectorized the coalesced 64x64 frontier panel loads/stores as float4 transactions while retaining transposed shared storage. Full official/fresh validation and benchmark correctness passed, but targets regressed from 688.645/1351.386 to 700.938/1377.357 us at 4x1024/2x2048; full-grid geomean was 739.656 us.",autocuda/optimize/2026-07-20-23-00-46-cholesky-unmerged/brief-4,0a9dd9e99ee956aedd0677d8675517a45233f61e,autocuda/optimize/2026-07-20-23-00-46-cholesky-unmerged/brief-4:32,1,1.0571,0.9703,kept,7.14
opt_0017,Zeroed the cached batch60 n1024 output once before graph construction and removed recurring strict-upper stores from the captured lower-copy; the stage emitter still clears diagonal uppers repopulated by triangular rank-k. New full-grid best 740.729 us versus 741.334 us at bd4c9a83; n1024 batch60 improved to 861.537 us from 886.400 us in trial 26; n2048 batch8 measured 1767.536 us.,autocuda/optimize/2026-07-20-23-00-46-cholesky-unmerged/brief-1,60576856bb0c3aef977bb908cc3f0af3c605c240,autocuda/optimize/2026-07-20-23-00-46-cholesky-unmerged/brief-1:27,1,1.0556,1.0101,kept,7.14
opt_0018,"Combined the low-variance one-CTA-per-matrix MathDx factorizer at b16/n512 with 148-CTA recursive first panels at b4/n1024 and b2/n2048 and 74-CTA recursion at b1/n4096/b8-n2048. Targets measured 511.620, 667.703, 1279.237, and 2286.098 us; full-grid geomean reached a new Brief2 best of 741.324 us.",autocuda/optimize/2026-07-20-23-00-46-cholesky-unmerged/brief-2,15c9e8384de94cf42e9ec9088bd9aeba6d364ceb,autocuda/optimize/2026-07-20-23-00-46-cholesky-unmerged/brief-2:13,1,1.0548,1.0569,kept,7.14
opt_0019,"Restored 16 n2048 task workers and made only CTAs with actual work publish completion atomics, reducing per-sample panel/update completions from 112/112 to 56/67 while preserving monotonic dependency thresholds. New full-grid best 741.334 us versus 744.796 us at cd6c52ff; n256/n1024/n2048 were 76.927/883.604/1727.238 us.",autocuda/optimize/2026-07-20-23-00-46-cholesky-unmerged/brief-1,bd4c9a835e5159342aef5a070cdb9263456a7ccf,autocuda/optimize/2026-07-20-23-00-46-cholesky-unmerged/brief-1:19,1,1.0547,1.0090,kept,7.14
opt_0020,"Added a fused custom 128x128 frontier factor and widened the CuTe path to halve factor/TRSM/rank-k stages. Full official/fresh validation and benchmark correctness passed, but target latencies regressed from 710.739/1390.270 at width64 to 842.879/1682.200 us at 4x1024/2x2048. Full-grid geomean was 742.468 us.",autocuda/optimize/2026-07-20-23-00-46-cholesky-unmerged/brief-4,669804601fb3ffbcc26af15909bd7eab19371f52,autocuda/optimize/2026-07-20-23-00-46-cholesky-unmerged/brief-4:30,1,1.0531,0.9726,kept,7.14
opt_0021,"Compacted the retained batch640 N=512 half sidecars and MathDx shared operands from leading dimension 40 to 32, reducing sidecar/bulk-prefetch bytes by 20 percent. Full validation passed at 713.930 us, but batch640 regressed to 1317.358 us, showing unpadded shared-bank conflicts outweighed lower traffic.",autocuda/optimize/2026-07-21-04-34-16-cholesky-unmerged/brief-1,ddc6abd86f09f69d448d1cf73974a5576d624a58,autocuda/optimize/2026-07-21-04-34-16-cholesky-unmerged/brief-1:13,1,1.0520,1.2128,kept,7.14
opt_0022,"Specialized the custom frontier factor launch to use only active 64-thread matrix groups and proportional shared memory, eliminating two inactive groups at batch2 while leaving batch4 unchanged. Full official/fresh validation and benchmark correctness passed. Targets measured 913.172/1480.045 us (best 826.702/1445.628); the 4x1024 mean included one 18 ms outlier. Full-grid geomean reached a branch-best 743.890 us, 4.86% below baseline.",autocuda/optimize/2026-07-20-23-00-46-cholesky-unmerged/brief-4,a9267cb96ee5675bd53ac47054d16640dccc136c,autocuda/optimize/2026-07-20-23-00-46-cholesky-unmerged/brief-4:28,1,1.0511,1.0182,kept,7.14
opt_0023,"Reduced n2048 persistent queue task workers from 17 to 16 per sample, preserving all 14 panel tasks and full-tile updates while removing eight barrier/spin participants. New full-grid best 744.796 us versus 745.304 us at 960b2a1; n256/n1024/n2048 batch8 were 79.245/891.367/1701.666 us.",autocuda/optimize/2026-07-20-23-00-46-cholesky-unmerged/brief-1,cd6c52ffab36cc384423689ec79edb46377708a4,autocuda/optimize/2026-07-20-23-00-46-cholesky-unmerged/brief-1:17,1,1.0498,1.0108,kept,7.14
opt_0024,"Batched all eight n2048 matrices through shared 8/592/... CTA inner factor-solve-update stages, batched cuBLAS outer TRSM, and batched CuTe rank-k instead of eight stream-local sample chains. Full-grid 745.304 us; n2048 batch8 1783.667 us; worst sample-run spike 9.1 ms vs 63.2 ms prior.",autocuda/optimize/2026-07-20-23-00-46-cholesky-unmerged/brief-1,960b2a103d84b98c4ea57c736ef22158cfb22155,autocuda/optimize/2026-07-20-23-00-46-cholesky-unmerged/brief-1:6,1,1.0491,1.0250,kept,7.14
opt_0025,"Reused all seventeen non-coordinator CTAs per n2048 sample for both panel and update phases instead of dedicating 4/13 roles, keeping 136 task workers active behind eight factor coordinators. Full-grid 746.085 us; n2048 batch8 1790.800 us versus 1948.198 us for the split-role queue and 1783.667 us at 960b2a1.",autocuda/optimize/2026-07-20-23-00-46-cholesky-unmerged/brief-1,f7dda46aa971e39d52c0d4af8d7875a168efd3da,autocuda/optimize/2026-07-20-23-00-46-cholesky-unmerged/brief-1:11,1,1.0480,1.1279,kept,7.14
opt_0026,"Fused compact n1024 factor emission directly into the final output and zeroed strict-upper entries during initial lower-copy and factor-tile stores, removing four factor-copy/pointer-preparation launches while restoring bd4c9a83 n2048 queue behavior. Full-grid 746.090 us; n1024 batch60 959.990 us versus 883.604 us at bd4c9a83; n2048 batch8 1720.400 us.",autocuda/optimize/2026-07-20-23-00-46-cholesky-unmerged/brief-1,dd0a68da0f880c23e1c17d7e462689ef46761fd7,autocuda/optimize/2026-07-20-23-00-46-cholesky-unmerged/brief-1:22,1,1.0480,1.0006,kept,7.14
opt_0027,Restored bd4c9a83's fully ordered active-completion queue and removed first-panel copy work from the eight factor coordinators; sixteen task workers copied each outer panel while factors began immediately. Full-grid 746.502 us; n2048 batch8 1731.913 us versus 1727.238 us at bd4c9a83; n1024 895.114 us.,autocuda/optimize/2026-07-20-23-00-46-cholesky-unmerged/brief-1,dbb6852fd1eaebb5b8a9d7de2e29cd0a1f7b5b4c,autocuda/optimize/2026-07-20-23-00-46-cholesky-unmerged/brief-1:21,1,1.0474,1.0075,kept,7.14
opt_0028,"Fused paired 32x16 n2048 trailing updates into one 32x32 MathDx GEMM task, halving the persistent queue's update graph and using an 8 KiB full-tile operand layout with 100% shared carveout. Full-grid 746.827 us; n2048 batch8 1718.022 us versus 1790.800 us for the half-tile queue and 1783.667 us at 960b2a1.",autocuda/optimize/2026-07-20-23-00-46-cholesky-unmerged/brief-1,85c81251d539a07f2ccfdf68949458ac584fb883,autocuda/optimize/2026-07-20-23-00-46-cholesky-unmerged/brief-1:12,1,1.0470,0.9990,kept,7.14
opt_0029,"Spliced the 135-CTA fused factor/copy wave and original paired release timing only into b4/n1024, preserving paired side-stream copy overlap for b2/n2048, b1/n4096, and b8/n2048. b4/n1024 improved to 662.455 us, while the other main targets measured 508.229, 1357.169, and 2294.423 us in this run; full-grid geomean was 747.597 us.",autocuda/optimize/2026-07-20-23-00-46-cholesky-unmerged/brief-2,005ddb3b756faf91a8a6d2f7a0b5348e49f5bb7d,autocuda/optimize/2026-07-20-23-00-46-cholesky-unmerged/brief-2:22,1,1.0459,0.9874,kept,7.14
opt_0030,"Fused each batch60 n1024 64-row panel group's S0/U1/S1/U2/S2/U3/S3 sequence into one CTA-resident chain, reducing panel launches from 21 to 3 while retaining compact factor/half sidecars and rank-k boundaries. Full-grid 747.610 us; n1024 batch60 893.089 us versus 907.969-910.838 us before fusion; n2048 batch8 measured 1788.270 us in this noisy run.",autocuda/optimize/2026-07-20-23-00-46-cholesky-unmerged/brief-1,79ad8ebe5d8602b4d61fefb7b37d5d5becb88ccf,autocuda/optimize/2026-07-20-23-00-46-cholesky-unmerged/brief-1:13,1,1.0459,0.9990,kept,7.14
opt_0031,Reduced n2048 queue task workers from 16 to 15 as the next structured sweep point. Full-grid 747.992 us; n2048 batch8 1731.777 us versus 1701.666 us with 16 workers; n1024 batch60 885.211 us and n256 88.246 us including outliers. The 16-worker point remains measured faster.,autocuda/optimize/2026-07-20-23-00-46-cholesky-unmerged/brief-1,e0e0bd5780c1001f03d7d64cad5828779aa84d9b,autocuda/optimize/2026-07-20-23-00-46-cholesky-unmerged/brief-1:18,1,1.0453,0.9957,kept,7.14
opt_0032,"Profile-guided 256-CTA n256 dependency queue with 192 one-task middle producers and 64 resident final consumers; fused counter reset into middle solve. Hosted profile of prior trial showed 86.94 us queue, 4.52% SM busy, 0.17 waves. Full-grid 748.014 us; n256 77.825 us.",autocuda/optimize/2026-07-20-23-00-46-cholesky-unmerged/brief-1,dccf2459d135da81338b83ba3c4eafa5dacbe92d,autocuda/optimize/2026-07-20-23-00-46-cholesky-unmerged/brief-1:2,1,1.0453,1.0071,kept,7.14
opt_0033,Fixed the accidental batch1024 half-tile loader overrun while retaining the lean factor kernel and 16-block-per-sample shared-transpose stage emitter. Full-grid 748.200 us; n1024 batch60 886.400 us versus 883.604 us at bd4c9a83 and 959.990 us for serialized direct emission; n2048 batch8 measured 1772.805 us.,autocuda/optimize/2026-07-20-23-00-46-cholesky-unmerged/brief-1,5d0038cdfcdca24b1bac6690d081988ea32e3f52,autocuda/optimize/2026-07-20-23-00-46-cholesky-unmerged/brief-1:26,1,1.0451,0.9972,kept,7.14
opt_0034,"Replaced 2048 direct-TRSM leaves with compact 2048 inverse-plus-tcgen05 GEMM leaves inside the no-full-inverse recursive solve, using reusable O(n*2048) FP32 scratch and retaining FP16 cross-half updates plus lower-only right-looking SYRK. Full validation and all benchmark checks passed. Target means n8192=4647.652 us, n16384=12228.075 us, n32768=36528.978 us.",autocuda/optimize/2026-07-21-04-34-16-cholesky-unmerged/brief-4,bda239818a665e516cd9cbf29066bc9605fa3c27,autocuda/optimize/2026-07-21-04-34-16-cholesky-unmerged/brief-4:9,1,1.0422,1.0457,kept,7.14
opt_0035,"Packed eight independent one-matrix n=32 warps in each 256-thread CTA while preserving the profiled 48-register algorithm. Validation/fresh-input guard passed. n=32 regressed from 16.315 to 17.916 us (better than dual-interleave 18.807), n=64/n=128 were 21.242/54.689; full grid 750.957 us, statistically tied with prior 750.968 and above run best 748.014.",autocuda/optimize/2026-07-20-23-00-46-cholesky-unmerged/brief-0,3d03801fc1d9f7d46ac5a6e27ea23ada85320502,autocuda/optimize/2026-07-20-23-00-46-cholesky-unmerged/brief-0:10,1,1.0412,1.0000,kept,7.14
opt_0036,"Profile-guided interleaving of two independent n=32 factorizations per warp (8 matrices per 4-warp CTA) targeted 42.7% no-eligible scheduler cycles in fa33d374's hosted NCU capture. Validation/fresh-input guard passed. n=32 regressed from 16.315 to 18.807 us, while n=64/n=128 held at 21.287/54.754; full grid measured a brief-best 750.968 us from unrelated favorable cells, still above run best 748.014.",autocuda/optimize/2026-07-20-23-00-46-cholesky-unmerged/brief-0,1f548129251725ff7762acab1784a557bbf8c1fd,autocuda/optimize/2026-07-20-23-00-46-cholesky-unmerged/brief-0:9,1,1.0412,1.0154,kept,7.14
opt_0037,"Restricted the batched recursive graph to b8/n2048 and restored the paired side-copy factor/copy completion relay for b2/n2048, while preserving the fused b4/n1024 route. Correctness passed; target shapes measured 512.914, 726.508, 1413.806, 1944.929, and 2356.011 us for b16/n512, b4/n1024, b2/n2048, b8/n2048, and b1/n4096 respectively. Full-grid geomean was 751.294 us.",autocuda/optimize/2026-07-20-23-00-46-cholesky-unmerged/brief-2,61ec3acf878571483c9798583a70463cd4fb42f6,autocuda/optimize/2026-07-20-23-00-46-cholesky-unmerged/brief-2:28,1,1.0408,0.9831,kept,7.14
opt_0038,"Kept each fused n1024 panel update accumulator in shared memory for its immediate triangular solve, removing three FP32 store/reload pairs per row task while retaining one launch per outer stage. Full-grid 751.530 us; n1024 batch60 mean 987.188 us with best 864.224 us and one 24.49 ms spike, versus prior fused-chain mean 893.089 us; n2048 batch8 1758.648 us.",autocuda/optimize/2026-07-20-23-00-46-cholesky-unmerged/brief-1,1beba51dcc38a8d475265a889cc7925b74f07cb7,autocuda/optimize/2026-07-20-23-00-46-cholesky-unmerged/brief-1:14,1,1.0404,0.9948,kept,7.14
opt_0039,"Published a separate per-tile diagonal frontier token so n2048 factor coordinators could factor k+1 while off-diagonal updates from k continued; panel workers still waited for the complete prior update phase. Full-grid 752.102 us; n2048 batch8 1767.190 us versus 1727.238 us at bd4c9a83, showing overlap contention/synchronization cost; n1024 887.307 us.",autocuda/optimize/2026-07-20-23-00-46-cholesky-unmerged/brief-1,b57454ffbc3ebd190c705db6ffbb15999e6947d8,autocuda/optimize/2026-07-20-23-00-46-cholesky-unmerged/brief-1:20,1,1.0396,0.9857,kept,7.14
opt_0040,"Doubled the first recursive panel frontier from 74 to 148 CTAs so source-to-output outer-panel copying fills one full B200 wave. Target means were 538.442, 665.433, 1255.864, and 2245.911 us; full-grid geomean improved from the prior best 754.513 to 752.628 us. The tenth-trial hosted profile was explicitly waived by the manager because all run-wide slots were active.",autocuda/optimize/2026-07-20-23-00-46-cholesky-unmerged/brief-2,a7eb221373787c9968bac3db6859722fad3a4edb,autocuda/optimize/2026-07-20-23-00-46-cholesky-unmerged/brief-2:9,1,1.0389,1.0298,kept,7.14
opt_0041,"Removed 64 spin-wait n256 tail consumers: the last-arriving one of each sample's three fenced middle-update CTAs now performs the final solve/update/factor in-block, reducing the queue from 256 to 192 CTAs. Full-grid 752.842 us; n256 mean 93.427 us, best 73.978 us, worst 3887.886 us; n1024/n2048 907.515/1724.354 us.",autocuda/optimize/2026-07-20-23-00-46-cholesky-unmerged/brief-1,e04b35cb173a55c9b379b0935253f0583f62175a,autocuda/optimize/2026-07-20-23-00-46-cholesky-unmerged/brief-1:16,1,1.0386,1.0135,kept,7.14
opt_0042,"Restored resident factors and paired two 64x64 panels so each prior sidecar factor tile fed two GEMMs. Full validation passed at 723.229 us, but the 78 KiB/dual-accumulator kernel regressed batch640 to 1881.366 us, showing shared/register pressure dominated the saved factor-sidecar load.",autocuda/optimize/2026-07-21-04-34-16-cholesky-unmerged/brief-1,a8ca277f60e75d5920d3cec806077ba199c264bf,autocuda/optimize/2026-07-21-04-34-16-cholesky-unmerged/brief-1:10,1,1.0385,0.9786,kept,7.14
opt_0043,"Infrastructure retry of the exact default-math large POTRF commit passed fresh validation/guard and all 15 cells. The clean replicate produced a new brief best 752.970440 us versus 753.595497 for the BF16x9 donor. Large n=8192/16384/32768 measured 4720.741/13033.238/47293.974 us versus 4731.132/13030.985/47342.346; n=8192 and n=32768 improved while n=16384 was effectively flat. Together with trial 27's 4727.736/13003.781/46919.309, default math has two valid measurements and is retained as the preferred large POTRF candidate.",autocuda/optimize/2026-07-20-23-00-46-cholesky-unmerged/brief-3,417fe4a615bb9377e2e0071389166c8e795e422d,autocuda/optimize/2026-07-20-23-00-46-cholesky-unmerged/brief-3:29,1,1.0384,1.0287,kept,7.14
opt_0044,"Fixed-role 128-CTA n256 dependency queue: 128 first middle tasks, 64 remaining producers, and 64 per-matrix final consumers waiting on fenced counters; full-grid 753.349 us, n256 83.807 us versus measured parent 105.796 us.",autocuda/optimize/2026-07-20-23-00-46-cholesky-unmerged/brief-1,a831249d64e4529a46f1935d0f19bde5c40ecd73,autocuda/optimize/2026-07-20-23-00-46-cholesky-unmerged/brief-1:1,1,1.0379,1.0719,kept,7.14
opt_0045,Restored the explicit 256-factor tile DAG as the live batch60/n1024 path after library controls. Full validation and all cells passed. The confirmation improved batch60/n1024 to 836.782 us (from 847.370) and produced a new run-wide global geomean leader of 723.820 us.,autocuda/optimize/2026-07-21-04-34-16-cholesky-unmerged/brief-3,5578d436b2fcac82c4f99370f0976c71e5922444,autocuda/optimize/2026-07-21-04-34-16-cholesky-unmerged/brief-3:10,1,1.0376,1.0750,kept,7.14
opt_0046,"Doubled the partial first-panel copy launch from 256 to 512 threads per 256x256 tile, increasing active warps for n=8192's 228 useful CTAs while preserving direct-input first rank-k and cached lower cleanup. Fresh validation/guard and all 15 cells passed. New best metric 753.595497 us versus 753.869433; n=8192/16384/32768 measured 4731.132/13030.985/47342.346 us versus 4748.103/13036.729/47356.844, with small reductions at all three changed cells.",autocuda/optimize/2026-07-20-23-00-46-cholesky-unmerged/brief-3,2fcb2e6b0a4b9f0f8e9cab3822cdd95f021bd927,autocuda/optimize/2026-07-20-23-00-46-cholesky-unmerged/brief-3:21,1,1.0376,1.0554,kept,7.14
opt_0047,"Split n256 dependency queue into concurrent 192-CTA producer and 64-CTA counter-wait consumer kernels on captured side streams to reduce combined-kernel instruction footprint; full-grid 753.726 us, n256 80.388 us, slower than dccf245's 748.014/77.825 us.",autocuda/optimize/2026-07-20-23-00-46-cholesky-unmerged/brief-1,f198f669999ec754e848a7b76288cc1c97633c0b,autocuda/optimize/2026-07-20-23-00-46-cholesky-unmerged/brief-1:3,1,1.0374,0.9924,kept,7.14
opt_0048,"Removed most initial large-matrix staging: copied only the first 2048 upper rows, then used the original input trailing view as the first triangular rank-k accumulator while writing updates directly into final output. Fresh validation/guard and all 15 benchmark cells passed. New best metric 753.869433 us versus 754.944878 us for the full tiled upper copy; n=8192/16384/32768 measured 4748.103/13036.729/47356.844 us versus 4769.867/13160.892/46904.308. The 16384 cell improved 124 us while 32768 varied upward 453 us in this run.",autocuda/optimize/2026-07-20-23-00-46-cholesky-unmerged/brief-3,3f238bec2ac5d7ea5e3f027ae4685bbdd58df063,autocuda/optimize/2026-07-20-23-00-46-cholesky-unmerged/brief-3:17,1,1.0372,1.0114,kept,7.14
opt_0049,"Restored the profiled monolithic 4096 POTRF and selected direct cuBLAS TRSM for recursive tail panels of at most 4096 rows, while retaining compact inverse/tcgen05 leaves for taller panels and lower-only right-looking rank-k. Full correctness passed. Target means improved to n8192=4429.579 us, n16384=12008.706 us, n32768=36367.713 us; aggregate 724.140 us moved with unrelated-cell noise.",autocuda/optimize/2026-07-21-04-34-16-cholesky-unmerged/brief-4,96be23f43abd103dc13f7ebd3229d1715b939be8,autocuda/optimize/2026-07-21-04-34-16-cholesky-unmerged/brief-4:12,1,1.0371,1.0416,kept,7.14
opt_0050,"Routed batch16/n512, batch4/n1024, batch2/n2048, and batch1/n4096 from cuSOLVER into the direct-input 256-panel MathDx POTRF/TRSM plus CuTe tensor-core rank-k DAG; fixed the unpaired single-matrix frontier. Full-grid geomean improved from 781.913 to 754.513 us; targeted shape means were 500.440, 684.525, 1271.974, and 2236.653 us.",autocuda/optimize/2026-07-20-23-00-46-cholesky-unmerged/brief-2,041dafa88b8e63352cc6ae5889c24b8ff277486e,autocuda/optimize/2026-07-20-23-00-46-cholesky-unmerged/brief-2:0,1,1.0363,1.0363,kept,7.14
opt_0051,"Replaced the profiled row-per-CTA upper copy (0.789 ms, 3% excessive sectors) with uniform 256x256 triangular tiles and coalesced float4 transfers, retaining scalar masking only on diagonal-tile boundaries and preserving cached lower zeros. Fresh validation/guard and all cells passed. New metric 754.944878 us; n=8192/16384/32768 4769.867/13160.892/46904.308 us versus 4756.365/13169.851/47400.068 for the row copy, a measured 496-us n=32768 reduction.",autocuda/optimize/2026-07-20-23-00-46-cholesky-unmerged/brief-3,414e5c96ff66699f0298d9382bc413a70ae4f33a,autocuda/optimize/2026-07-20-23-00-46-cholesky-unmerged/brief-3:15,1,1.0357,1.0043,kept,7.14
opt_0052,"Used cached-output invariance to retain zeros in physical lower storage across calls, replacing each timed full half-matrix cleanup with a vectorized cleanup only inside the 2048-square diagonal supernodes that in-place cuSOLVER can contaminate; the first call still performs the full cleanup for correctness. Fresh validation/guard and all cells passed. Metric 756.311044 us; n=8192/16384/32768 were 4756.365/13169.851/47400.068 us versus 4757.632/13191.520/47668.406 for fc15d8e.",autocuda/optimize/2026-07-20-23-00-46-cholesky-unmerged/brief-3,5c35b858bcf3ec403e3c1bed7e9b9c6527d1304c,autocuda/optimize/2026-07-20-23-00-46-cholesky-unmerged/brief-3:7,1,1.0339,1.0019,kept,7.14
opt_0053,"Converted the exact active trailing-column solve grid to a native Python int, preserving the dynamic grid while fixing ranked execution. Full correctness passed. b8/n2048 improved 1026.273->977.081 us and b2/n4096 measured 1703.724 us; aggregate improved 730.047->726.588419 us.",autocuda/optimize/2026-07-21-04-34-16-cholesky-unmerged/brief-2,d260f81ed43f71bb23af585383796b5e1460d73f,autocuda/optimize/2026-07-21-04-34-16-cholesky-unmerged/brief-2:11,1,1.0337,1.0119,kept,7.14
opt_0054,Isolation control restored parent scalar n=32/64 launches while retaining the persistent n=128 implementation and all larger dispatches. Validation/fresh-input guard passed. Small cells returned to 16.383/21.233 us and n=128 measured 55.280 us; full grid reached a new run best 756.698 us versus 781.913 baseline. Manager notified immediately to submit exact commit.,autocuda/optimize/2026-07-20-23-00-46-cholesky-unmerged/brief-0,fa33d3743bea2c3f33691d1fa7a1ef966f26b2e5,autocuda/optimize/2026-07-20-23-00-46-cholesky-unmerged/brief-0:7,1,1.0333,1.1019,kept,7.14
opt_0055,"Fixed direct-upper layout contamination by moving physical-lower zeroing to a final vectorized cleanup, while leaving physical lower unwritten during factorization. Fresh validation/guard and all 15 benchmark cells passed. Full-grid metric 756.804160 us; n=8192/16384/32768 measured 4757.632/13191.520/47668.406 us versus 5038.694/14827.861/52849.300 us for the prior 2048-left-looking candidate. Hosted fifth-trial profile was requested but manager denied it because all three rolling-hour slots were occupied; exact commit is preserved for re-request after 00:16 UTC.",autocuda/optimize/2026-07-20-23-00-46-cholesky-unmerged/brief-3,fc15d8ebedbc14cf274877195fbd595ce8c9956e,autocuda/optimize/2026-07-20-23-00-46-cholesky-unmerged/brief-3:4,1,1.0332,1.0213,kept,7.14
opt_0056,"Restored full vectorized lower cleanup and replaced every underfilled cuSOLVER 64x64 frontier factor with one custom in-place batched CUDA factor kernel, retaining cuBLAS TRSM and triangular CuTe TF32 rank-k updates. Full official/fresh validation and all benchmark correctness checks passed. Target latencies dropped from the cleanup donor's 1075.322/2118.540 to 832.861/1479.235 us at 4x1024/2x2048 (22.5%/30.2%); full-grid geomean reached 757.437 us, 3.13% below the 781.913 baseline despite unrelated outliers.",autocuda/optimize/2026-07-20-23-00-46-cholesky-unmerged/brief-4,4c29a41e2a9c4a94b12309804c5ba91a43d4ad01,autocuda/optimize/2026-07-20-23-00-46-cholesky-unmerged/brief-4:27,1,1.0323,1.0206,kept,7.14
opt_0057,Captured the direct-upper large factorization in a CUDA graph after one setup run to remove Python/driver launch gaps without explicit streams. Fresh validation/guard and all cells passed. Full-grid metric was 757.761222 us versus 756.804160 us without capture; n=8192/16384/32768 were 4868.211/13165.547/48550.475 us versus 4757.632/13191.520/47668.406. The graph run showed large intermittent outliers and did not reproduce a causal large-grid gain.,autocuda/optimize/2026-07-20-23-00-46-cholesky-unmerged/brief-3,76872edc34c6358e9d98d0f32bdb10b529f9dde1,autocuda/optimize/2026-07-20-23-00-46-cholesky-unmerged/brief-3:6,1,1.0319,0.9987,kept,7.14
opt_0058,"Completed the first-panel copy occupancy sweep at 1024 threads per 256x256 tile. Fresh validation/guard and all cells passed, but the metric regressed to 757.773280 us versus 753.595497 with 512 threads. Changed large cells were mixed: n=8192 improved from 4731.132 to 4723.187 us, n=16384 was flat at 13030.930, and n=32768 regressed from 47342.346 to 47436.410; the full-grid run also had an unrelated n=256 outlier.",autocuda/optimize/2026-07-20-23-00-46-cholesky-unmerged/brief-3,b94521a303a494b61366d4ba3c5a5e74379d5d35,autocuda/optimize/2026-07-20-23-00-46-cholesky-unmerged/brief-3:22,1,1.0319,0.9945,kept,7.14
opt_0059,"Three-stage n256 counter pipeline: concurrent 128-CTA middle solve, 192-CTA update, and 64-CTA final kernels with per-matrix solve/update counters across captured streams; full-grid 757.815 us, n256 86.277 us, slower than dccf245.",autocuda/optimize/2026-07-20-23-00-46-cholesky-unmerged/brief-1,f74ba67dd49cc29c5fd64642de8bc470d52cf076,autocuda/optimize/2026-07-20-23-00-46-cholesky-unmerged/brief-1:4,1,1.0318,0.9946,kept,7.14
opt_0060,"Kept 2048-wide right-looking updates but split only the terminal 2048 diagonal into two 1024 factors, using an explicit variable-width direct TRSM, to reduce the final cubic POTRF. Fresh validation/guard and all cells passed, but the additional 1024 TRSM/rank-k stage exceeded the POTRF saving: metric 758.227362 us; n=8192/16384/32768 5029.728/13440.832/48534.719 us versus 4756.365/13169.851/47400.068 for one terminal 2048 panel.",autocuda/optimize/2026-07-20-23-00-46-cholesky-unmerged/brief-3,2873c6e227f2eb97042681aa2ff6b981d3f8c6b5,autocuda/optimize/2026-07-20-23-00-46-cholesky-unmerged/brief-3:14,1,1.0312,1.0218,kept,7.14
opt_0061,"Add high/residual FP16 split and four FP32-accumulating SM100 MathDx rank-k products to the resident n128 two-panel pipeline. All official tests and guard passed; target cells n32=16.381 us, n64=21.177 us, n128=58.382 us; full-grid metric 728.770 us. n128 regressed versus parent WMMA ~56.1 us despite aggregate run-low.",autocuda/optimize/2026-07-21-04-34-16-cholesky-unmerged/brief-0,e53980460195dfb430cba6fdd206733b4a7b9cdc,autocuda/optimize/2026-07-21-04-34-16-cholesky-unmerged/brief-0:6,1,1.0306,1.0118,kept,7.14
opt_0062,"Captured the complete fixed-pointer large-shape MathDx factor wavefront, compact recursive solve, and triangular update DAG after warmup, replaying it as one compliant current-stream CUDA graph. Full correctness passed. Target means improved versus uncaptured MathDx to n8192=4745.675 us, n16384=12507.065 us, n32768=38034.563 us, but remained slower and substantially noisier than the monolithic-factor donor.",autocuda/optimize/2026-07-21-04-34-16-cholesky-unmerged/brief-4,cc3b086f4e67b2392f74d6f6c88f801bac3b2a07,autocuda/optimize/2026-07-21-04-34-16-cholesky-unmerged/brief-4:14,1,1.0295,1.0792,kept,7.14
opt_0063,"Narrowed the 64-wide wavefront supernode from 256 to 128 columns, shifting more Schur work to the persistent CuTe rank-k. Full correctness passed. b8/n2048 improved 1046.071->1026.273 us and b2/n4096 1723.690->1699.493 us; aggregate improved 731.158->730.047 us.",autocuda/optimize/2026-07-21-04-34-16-cholesky-unmerged/brief-2,fb2ba93191510d2381568b15fc6cdeb0b29d11c3,autocuda/optimize/2026-07-21-04-34-16-cholesky-unmerged/brief-2:7,1,1.0288,1.0404,kept,7.14
opt_0064,"Fused the per-stage 256x256 diagonal gather into the two-CTA factor kernel. Each factor wave now reads and transposes the full source lower tile directly into shared memory, removing the standalone 2160-CTA gather launch. Full validation and all benchmark cells passed; batch60/n1024 measured 875.443 us and global geomean 730.659 us.",autocuda/optimize/2026-07-21-04-34-16-cholesky-unmerged/brief-3,ff7b7ea99147a9ca52f28e4252dd37718be08b8f,autocuda/optimize/2026-07-21-04-34-16-cholesky-unmerged/brief-3:1,1,1.0279,1.0008,kept,7.14
opt_0065,"Restored two-CTA n1024 factor and removed each outer stage's 60x256x256 gather by transposed/coalesced reads directly from strided full-output diagonals into compact factor/sidecar storage; full-grid 760.867 us, n1024 batch60 937.761 us versus 910.838 us with gather.",autocuda/optimize/2026-07-20-23-00-46-cholesky-unmerged/brief-1,af16ec6bd0e945bbd9126fa172c17139945958a5,autocuda/optimize/2026-07-20-23-00-46-cholesky-unmerged/brief-1:8,1,1.0277,1.0204,kept,7.14
opt_0066,"Reduced the confirmed default-math direct supernode from 2048 to the unmeasured 1536 midpoint and generalized cached diagonal cleanup for non-divisible final panels. Fresh validation/guard and all cells passed, but additional TRSM/rank-k stages outweighed reduced cubic POTRF work: metric 761.014763 us; n=8192/16384/32768 measured 5177.239/13338.348/48108.675 us versus 4720.741/13033.238/47293.974 for 2048-wide default-math panels.",autocuda/optimize/2026-07-20-23-00-46-cholesky-unmerged/brief-3,1033b132c4ce5032386c41f84a876fc7288c64c1,autocuda/optimize/2026-07-20-23-00-46-cholesky-unmerged/brief-3:30,1,1.0275,0.9894,kept,7.14
opt_0067,"Retained the validated current-queue batched 32-wide DAG for b4/n1024, b2/n2048, and b1/n4096, while generalizing the 64x64 MathDx 256-wide wavefront only to b8/n2048 (plus its original b2/n4096 shape). Full validation and ranked correctness passed. b8/n2048 improved 1797.576->1046.071 us; total geomean improved 750.203->731.158 us.",autocuda/optimize/2026-07-21-04-34-16-cholesky-unmerged/brief-2,6740b296f78ec4068d92a000b4e0bc80f6e534db,autocuda/optimize/2026-07-21-04-34-16-cholesky-unmerged/brief-2:3,1,1.0272,1.0532,kept,7.14
opt_0068,"Removed the full batch60/n1024 lower staging copy: stage 0 now gathers the diagonal and initializes panel solves and triangular rank-k directly from input, while later stages consume cumulative output Schur complements. Full validation and all 15 benchmark cells passed; batch60/n1024 measured 878.321 us and global geomean 731.209 us.",autocuda/optimize/2026-07-21-04-34-16-cholesky-unmerged/brief-3,95ebfa272d02993bf15348dd000629b807ea17af,autocuda/optimize/2026-07-21-04-34-16-cholesky-unmerged/brief-3:0,1,1.0271,1.0271,kept,7.14
opt_0069,"Split the fused initial factor/copy wave into a dedicated first-factor kernel, restoring a branch-free ordinary factor kernel while preserving the 61/135-CTA fused schedule and 14-CTA panel launch. Targets measured 513.270, 795.522, 1333.430, and 2322.567 us in a broadly noisy run; full-grid geomean was 762.432 us.",autocuda/optimize/2026-07-20-23-00-46-cholesky-unmerged/brief-2,7738eb1acbdf65fc8f88afaac2920c2bef7d042d,autocuda/optimize/2026-07-20-23-00-46-cholesky-unmerged/brief-2:18,1,1.0256,0.9679,kept,7.14
opt_0070,"Increased the coalesced triangular upper-copy tile from 256x256 to 512x512, halving tile-grid task count while retaining 256 threads and float4 transfers. Fresh validation/guard and all 15 benchmark cells passed, but lower CTA parallelism and larger per-CTA traversal regressed the metric to 762.452601 us versus 754.944878 us for 256x256 tiles; n=8192/16384/32768 measured 4857.742/13179.600/47686.134 us versus 4769.867/13160.892/46904.308.",autocuda/optimize/2026-07-20-23-00-46-cholesky-unmerged/brief-3,41a31b15ec13a04e67ecb032ec08c2d157146174,autocuda/optimize/2026-07-20-23-00-46-cholesky-unmerged/brief-3:16,1,1.0255,0.9902,kept,7.14
opt_0071,"Removed failed launch-bounds constraint from persistent n=128 while retaining proven scalar n=32/64 controls. Validation/fresh-input guard passed. Cells measured 16.315/21.182/54.464 us, improving the n=128 donor from 55.280; full grid 762.538 us was dominated by a noisy batch8/n2048 mean and did not beat fa33d374's 756.698.",autocuda/optimize/2026-07-20-23-00-46-cholesky-unmerged/brief-0,9fe33936f27cf4e89f9919a8e4144208a0ff24ee,autocuda/optimize/2026-07-20-23-00-46-cholesky-unmerged/brief-0:8,1,1.0254,0.9923,kept,7.14
opt_0072,Raised the shared-limited n1024 fused-chain bulk/middle register caps to 72 to match the tail and reduce spill pressure without changing the approximately three-CTA shared-memory residency. Full-grid 763.025 us; n1024 batch60 901.244 us (best sample 876.352 us) versus 987.188 us under 48/64 caps; n2048 batch8 1720.389 us; n256 had a 7.87 ms spike.,autocuda/optimize/2026-07-20-23-00-46-cholesky-unmerged/brief-1,d553f665232a83962ec4b2eb3b854101f8986f70,autocuda/optimize/2026-07-20-23-00-46-cholesky-unmerged/brief-1:15,1,1.0248,0.9849,kept,7.14
opt_0073,"Restore the parent n64 path and pack eight independent warp-resident n32 matrices per CTA. Validation passed; n32 measured 17.886 us, n64 21.186 us, and the noisy full-grid metric was a run-low 733.122 us versus 751.039 us baseline.",autocuda/optimize/2026-07-21-04-34-16-cholesky-unmerged/brief-0,1c5af17ee0e4377fd9a78dca5e107021dc2814ec,autocuda/optimize/2026-07-21-04-34-16-cholesky-unmerged/brief-0:3,1,1.0244,1.0875,kept,7.14
opt_0074,"Restored dccf245 n256 queue and released all eight independent n2048 sample chains from one start event instead of gating four behind first-panel events; full-grid 763.920 us, n2048 batch8 1845.413 us, no measured gain over staggered scheduling.",autocuda/optimize/2026-07-20-23-00-46-cholesky-unmerged/brief-1,9c3f8f89d8243c0bff00ce88114bf4c02e507bd0,autocuda/optimize/2026-07-20-23-00-46-cholesky-unmerged/brief-1:5,1,1.0236,0.9920,kept,7.14
opt_0075,"Completed graph-captured 64-wide FP32 factor/solve frontiers with batched triangular CuTe TF32 rank-k updates and a full final physical-upper cleanup. Full official/fresh validation and all benchmark checks passed. Target 4x1024/2x2048 reached 1087.745/2159.497 us, 7.39%/9.01% faster than the best full-square GEMM donor; full-grid branch-best reached 764.158 us, 2.270% below the 781.913 baseline and outside measured noise.",autocuda/optimize/2026-07-20-23-00-46-cholesky-unmerged/brief-4,598b992842d5e15bdf46702064c1656d4a8b108d,autocuda/optimize/2026-07-20-23-00-46-cholesky-unmerged/brief-4:14,1,1.0232,1.0223,kept,7.14
opt_0076,"Reduced the direct in-place supernode from 2048 to 1024 based on the profiled 1.08-ms, 200-register POTRF. Fresh validation/guard and all cells passed, but extra panel/update stages outweighed the smaller POTRF/TRSM work: metric 764.528968 us; n=8192/16384/32768 were 5144.949/13679.506/49330.446 us versus 4756.365/13169.851/47400.068 with 2048-wide cached-clean panels.",autocuda/optimize/2026-07-20-23-00-46-cholesky-unmerged/brief-3,f00bd00d4b1ac41e8674908bba5ce6c163895517,autocuda/optimize/2026-07-20-23-00-46-cholesky-unmerged/brief-3:8,1,1.0227,0.9893,kept,7.14
opt_0077,"Remove the second-order residual-square SM100 rank-k while retaining high product and both first-order cross corrections. Validation passed; target cells n32=16.351 us, n64=21.221 us, n128=57.558 us; full-grid metric 734.346 us. Saved 0.824 us on n128 versus four-product variant but remained above retained WMMA ~56.1 us.",autocuda/optimize/2026-07-21-04-34-16-cholesky-unmerged/brief-0,cfca421c7172a4dfcea935e5920acbbabc9babd9,autocuda/optimize/2026-07-21-04-34-16-cholesky-unmerged/brief-0:7,1,1.0227,0.9924,kept,7.14
opt_0078,"Gathered each logical-upper 2048 diagonal into a compact column-major buffer, ran the same BF16x9 cuSOLVER POTRF at lda=2048, and scattered only the factor upper back to final storage before direct TRSM/rank-k. Fresh validation/guard and all cells passed, but compact staging did not relieve the profiled dependency-bound POTRF: metric 764.709189 us; n=8192/16384/32768 measured 4768.090/13117.701/47814.507 us versus 4731.132/13030.985/47342.346 for in-place full-leading-dimension factors.",autocuda/optimize/2026-07-20-23-00-46-cholesky-unmerged/brief-3,62ca065c9a1acaa4d98fce1eabee8ca583ca685b,autocuda/optimize/2026-07-20-23-00-46-cholesky-unmerged/brief-3:26,1,1.0225,1.0680,kept,7.14
opt_0079,"Fused each 64-wide factor and distributed solve pair into one cooperative current-queue epoch with a single grid barrier, retaining 128-wide supernodes. Full correctness passed, but b8/n2048 regressed 1026.273->1174.964 us and b2/n4096 1699.493->1919.472 us; aggregate was 735.222 us. Cooperative barrier/task-reuse cost still exceeded saved launches.",autocuda/optimize/2026-07-21-04-34-16-cholesky-unmerged/brief-2,0493f4c91ae749b8ba635213ea69cbb11fa74603,autocuda/optimize/2026-07-21-04-34-16-cholesky-unmerged/brief-2:9,1,1.0215,1.0023,kept,7.14
opt_0080,"Removed the side-copy factor/copy join relay and released each paired second-half copy and factor chain directly after the first-half factor, while preserving each chain's own copy_done join before outer TRSM. Multi-sample outliers rose sharply (47 ms at b2/n2048 and 107 ms at b8/n2048); targets measured 514.230, 788.686, 1523.397, and 2414.033 us, with 765.949 us full-grid geomean.",autocuda/optimize/2026-07-20-23-00-46-cholesky-unmerged/brief-2,bd77ec489e0d23a4aadabcc8635228f4bf94335e,autocuda/optimize/2026-07-20-23-00-46-cholesky-unmerged/brief-2:24,1,1.0208,0.9578,kept,7.14
opt_0081,"Restored the generic recursive panel path and launched every independent matrix chain simultaneously instead of releasing the second half after the first factor tile. Target means were 566.798, 695.513, 1293.263, and 2309.399 us; full-grid geomean measured 766.289 us.",autocuda/optimize/2026-07-20-23-00-46-cholesky-unmerged/brief-2,5f048a1c1afc2a3d7d5ab0963aba6e9e93a912ef,autocuda/optimize/2026-07-20-23-00-46-cholesky-unmerged/brief-2:4,1,1.0204,1.0884,kept,7.14
opt_0082,Moved only batch16/n512 from the recursive multi-CTA path to the dedicated one-CTA-per-matrix MathDx factorizer. It measured 508.133 us at that shape versus 500.440 us in trial 0; noisy full-grid geomean measured 766.933 us.,autocuda/optimize/2026-07-20-23-00-46-cholesky-unmerged/brief-2,8d7d3b476dc2ec48ce3f1b291e3fe6d4b0ab5bb7,autocuda/optimize/2026-07-20-23-00-46-cholesky-unmerged/brief-2:1,1,1.0195,0.9838,kept,7.14
opt_0083,"Narrowed the 64-wide wavefront supernode from 128 to a single 64-column tile. Full correctness passed, but added persistent rank-k stages dominated: b8/n2048 regressed 1026.273->1149.257 us and b2/n4096 1699.493->1924.814 us; aggregate was 736.940 us. The measured structural boundary favors 128-wide supernodes.",autocuda/optimize/2026-07-21-04-34-16-cholesky-unmerged/brief-2,4a191bf690aefc1bb2304a5e824e36f43fa58536,autocuda/optimize/2026-07-21-04-34-16-cholesky-unmerged/brief-2:8,1,1.0191,0.9906,kept,7.14
opt_0084,"Pack sixteen n32 matrices per CTA using opt-in dynamic shared storage. Validation passed; target cells n32=18.081 us, n64=21.191 us, n128=56.123 us; full-grid metric 737.400 us. Larger packing further slowed n32 versus 8-way 17.886 us and observed parent 4-way about 16.4 us.",autocuda/optimize/2026-07-21-04-34-16-cholesky-unmerged/brief-0,28d88251eb3bc7890efcb92ebec1255d833faf66,autocuda/optimize/2026-07-21-04-34-16-cholesky-unmerged/brief-0:4,1,1.0185,0.9942,kept,7.14
opt_0085,"Moved each first outer-panel copy into a zero-shared-memory side-stream kernel, overlapped it with the complete inner 256x256 recursive DAG, and joined only before the first outer TRSM. Correctness passed; targets measured 510.739, 823.335, 1364.295, and 2393.787 us with substantial outliers, and full-grid geomean was 768.176 us.",autocuda/optimize/2026-07-20-23-00-46-cholesky-unmerged/brief-2,1425060b3581416d0ababc89fe58f22ee94e411c,autocuda/optimize/2026-07-20-23-00-46-cholesky-unmerged/brief-2:19,1,1.0179,0.9925,kept,7.14
opt_0086,"Restored the stable 64-wide CuTe route only for dense 4x1024/2x2048 and replaced the final generic torch.triu cleanup with a vectorized custom kernel that zeros the full physical lower half. Full official/fresh validation and benchmark correctness passed. Target latencies improved from the preferred donor's 1087.745/2159.497 to 1075.322/2118.540 us. Unrelated outliers at 64x256, 60x1024, and 8x2048 yielded a full-grid geomean of 770.147 us versus the donor's 764.158.",autocuda/optimize/2026-07-20-23-00-46-cholesky-unmerged/brief-4,b54549d04c6214c6bbbf000107149f7d94c2f07d,autocuda/optimize/2026-07-20-23-00-46-cholesky-unmerged/brief-4:20,1,1.0153,1.0328,kept,7.14
opt_0087,"Replaced the initial generic torch.triu input preparation with the existing vectorized upper-only copy while retaining custom full-lower cleanup. Full official/fresh validation and benchmark correctness passed. Target means were 1149.155/2165.443 us at 4x1024/2x2048 (best repeats 1091.394/2141.684), slower than the prior 1075.322/2118.540 means; full-grid geomean was 771.956 us.",autocuda/optimize/2026-07-20-23-00-46-cholesky-unmerged/brief-4,241232d3d50c569931a94036b7247450579d9a62,autocuda/optimize/2026-07-20-23-00-46-cholesky-unmerged/brief-4:21,1,1.0129,0.9977,kept,7.14
opt_0088,"Used a 128-wide CuTe frontier only for dense 16x512 while retaining width64 at 4x1024/2x2048. Validation passed. The 512 path remained noisy and slower at 598.756 us mean (585.250 best), while medium targets measured 1091.018/2137.118 us. Full-grid geomean was 772.258 us; the stable preferred donor excludes 512.",autocuda/optimize/2026-07-20-23-00-46-cholesky-unmerged/brief-4,5a03a629de28e7afe7257933c88b6ed19d6caa1b,autocuda/optimize/2026-07-20-23-00-46-cholesky-unmerged/brief-4:18,1,1.0125,1.0119,kept,7.14
opt_0089,"Retried the committed 1024-wide supernode candidate after the recorded Modal timeout. Fresh validation and input guard passed; the full grid passed at 772.919422 us. Large cells were 5415.469/15460.683/53125.814 us for n=8192/16384/32768, versus 5038.694/14827.861/52849.300 us with 2048-wide panels; aggregate movement is dominated by unrelated full-grid noise.",autocuda/optimize/2026-07-20-23-00-46-cholesky-unmerged/brief-3,8e12deca91cdd52e064a1d1f5cd37bb0678701fd,autocuda/optimize/2026-07-20-23-00-46-cholesky-unmerged/brief-3:2,1,1.0116,1.0004,kept,7.14
opt_0090,"Restored 128-thread cleanup and limited it to the 255-subdiagonal spill band reachable by shifted 256x256 CuTe diagonal tiles, relying on initial torch.triu zeros outside the band. Full official/fresh validation and benchmark correctness passed. Target means were 1154.890/2185.131 us (best 1094.096/2160.120), slower than full-lower cleanup; full-grid geomean was 773.045 us.",autocuda/optimize/2026-07-20-23-00-46-cholesky-unmerged/brief-4,56546ae1f0b33679fc9f48909dbcc351edba1a66,autocuda/optimize/2026-07-20-23-00-46-cholesky-unmerged/brief-4:26,1,1.0115,1.0522,kept,7.14
opt_0091,Replaced fixed 4096-wide large-matrix panels and explicit triangular inversion/dense solve staging with dynamic 2048-wide supernodes and direct cuBLAS TRSM; generalized factor/copy/FP16-conversion kernels and fused upper-zeroing with the initial lower-panel copy so the output can be allocated uninitialized. Full official grid passed at 773.223374 us versus 781.913 us parent.,autocuda/optimize/2026-07-20-23-00-46-cholesky-unmerged/brief-3,ba07e3fb2f06e6ec2b201ed9930dfb982a7a3711,autocuda/optimize/2026-07-20-23-00-46-cholesky-unmerged/brief-3:0,1,1.0112,1.0112,kept,7.14
opt_0092,"Narrowed the graph-captured CuTe frontier from 64 to 32. Validation passed, but target 4x1024/2x2048 measured 1129.421/2175.562 us versus 1087.745/2159.497 at width64; full-grid geomean was 774.140 us versus 764.158. Width64 remains the measured optimum among 32/64/128.",autocuda/optimize/2026-07-20-23-00-46-cholesky-unmerged/brief-4,af1112c4879a2a936c61d29b6f9ea8380469eb5f,autocuda/optimize/2026-07-20-23-00-46-cholesky-unmerged/brief-4:16,1,1.0100,1.0357,kept,7.14
opt_0093,"Switched only the direct-large 2048 POTRF and its workspace query from emulated-BF16x9 to CUSOLVER_DEFAULT_MATH. Fresh validation/guard and all cells passed. The full metric was 774.542846 us due severe unrelated outliers at n=256, batch640/n512, batch8/n2048, and other unchanged cells, but all changed large cells improved versus the preferred donor: n=8192/16384/32768 measured 4727.736/13003.781/46919.309 us versus 4731.132/13030.985/47342.346. Exact committed candidate retained for a clean replicate.",autocuda/optimize/2026-07-20-23-00-46-cholesky-unmerged/brief-3,417fe4a615bb9377e2e0071389166c8e795e422d,autocuda/optimize/2026-07-20-23-00-46-cholesky-unmerged/brief-3:27,1,1.0095,0.9873,kept,7.14
opt_0094,"Replaced the custom triangular update with a full cublasGemmEx FAST_TF32 update and full physical-lower cleanup, trading 2x arithmetic for higher tensor-core utilization. Fresh validation/guard and all cells passed. It was much faster than cuBLAS SYRK but still slower than the triangular CuTe kernel: metric 774.736547 us; n=8192/16384/32768 4890.624/14778.731/62128.440 us versus 4756.365/13169.851/47400.068 for the custom triangular path.",autocuda/optimize/2026-07-20-23-00-46-cholesky-unmerged/brief-3,c602b1cfb75d7ba01daadb609e0e6010303b28a2,autocuda/optimize/2026-07-20-23-00-46-cholesky-unmerged/brief-3:13,1,1.0093,1.1573,kept,7.14
opt_0095,"Reduced FP32 frontier width from 128 to 64 while retaining one-pass TF32 trailing updates on 4x1024 and 2x2048. Full validation passed. Target latencies improved from 1209.440/2449.833 to 1174.535/2373.313 us (2.89%/3.12%); full-grid branch-best became 774.964 us, 0.889% below baseline but still within run noise.",autocuda/optimize/2026-07-20-23-00-46-cholesky-unmerged/brief-4,9593227a42b0e0d7442dbbe7ead7ec379efb6d3c,autocuda/optimize/2026-07-20-23-00-46-cholesky-unmerged/brief-4:8,1,1.0090,1.0023,kept,7.14
opt_0096,"Profile-guided trial restored the staggered matrix frontiers and changed the factor/panel/update preferred shared-memory carveout from 0 to 100. Target means were 607.858, 717.356, 1347.247, and 2320.685 us; full-grid geomean measured 775.045 us, so the reported one-CTA residency was not relieved by the carveout hint.",autocuda/optimize/2026-07-20-23-00-46-cholesky-unmerged/brief-2,f6a1da776d40cbaaa0d38cb4618c3a5b7bc96699,autocuda/optimize/2026-07-20-23-00-46-cholesky-unmerged/brief-2:5,1,1.0089,0.9887,kept,7.14
opt_0097,"Expanded batch60 n1024 256x256 factor from two to three CTAs per matrix (180 CTAs) with tokenized panel-arrival bitmasks; full-grid 776.388 us, n1024 batch60 1253.490 us versus 910.838 us at 960b2a1, showing large resident-wait/resource regression.",autocuda/optimize/2026-07-20-23-00-46-cholesky-unmerged/brief-1,fd8cb57c84d2b59f18da06d201f5b3d51b33132d,autocuda/optimize/2026-07-20-23-00-46-cholesky-unmerged/brief-1:7,1,1.0071,0.9600,kept,7.14
opt_0098,"Used 128-wide FP32 frontier factors for both TF32-blocked dense cases. Validation passed. Target 4x1024 improved from 1248.627 at block256 to 1209.440 us (3.14%); 2x2048 measured 2449.833 us. Full-grid geomean reached branch-best 776.737 us versus 781.913 baseline (0.662% lower), still below run noise and slower than the run-global best.",autocuda/optimize/2026-07-20-23-00-46-cholesky-unmerged/brief-4,b022feecb8f10099eb6391731e33819e2bb10167,autocuda/optimize/2026-07-20-23-00-46-cholesky-unmerged/brief-4:7,1,1.0067,1.0243,kept,7.14
opt_0099,"Replaced spin-wait factor residency with an explicit current-queue inner tile DAG: a 26 KiB diagonal POTRF/update kernel followed by independent 3/2/1 panel CTAs per matrix, removing device polling and long-lived factor register state. All cells passed. batch60/n1024 improved to 847.370 us versus 875.443 us on trial 1, while noisy unaffected cells yielded global geomean 746.589 us.",autocuda/optimize/2026-07-21-04-34-16-cholesky-unmerged/brief-3,5fd5e9ac866d53cc07b0adfe762226ea33349587,autocuda/optimize/2026-07-21-04-34-16-cholesky-unmerged/brief-3:3,1,1.0060,1.0000,kept,7.14
opt_0100,"Expanded the factor pipeline from two to three CTAs per matrix (180 CTAs), assigned one first-panel tile per worker, and replaced the binary arrival flag with a counted epoch barrier. Correctness and all cells passed, but cross-CTA wait/scheduling overhead raised batch60/n1024 to 1173.355 us and global geomean to 746.602 us.",autocuda/optimize/2026-07-21-04-34-16-cholesky-unmerged/brief-3,156fc173412b320d30ccc44725a2fa16a74dcc89,autocuda/optimize/2026-07-21-04-34-16-cholesky-unmerged/brief-3:2,1,1.0059,0.9786,kept,7.14
opt_0101,"Restored generic upper input preparation, retained vectorized full-lower cleanup, and reduced the shared CuTe triangular rank-k tile from 256x256 to 128x128 to reduce diagonal spill. Full official/fresh validation and benchmark correctness passed. Target latencies were 1087.568/2123.062 us versus 1075.322/2118.540 with 256x256; the separate 8x2048 route measured 2117.180 us. Full-grid geomean was 777.554 us.",autocuda/optimize/2026-07-20-23-00-46-cholesky-unmerged/brief-4,77ed72a7125c123dc6d5a5cff5e1f41810fe64eb,autocuda/optimize/2026-07-20-23-00-46-cholesky-unmerged/brief-4:23,1,1.0056,1.0112,kept,7.14
opt_0102,"Removed the 16x512 TF32 blocked route, retaining direct exact handling there while keeping 256-wide TF32 blocking for dense 4x1024 and 2x2048. Full validation passed. Full-grid geomean improved from 781.913 baseline to 777.589 us (0.553%); targeted latencies were 1248.627 and 2517.666 us. Gain is below 1.765% run noise, so conditional hosted profile slot was not consumed.",autocuda/optimize/2026-07-20-23-00-46-cholesky-unmerged/brief-4,1602375f89086b19cc8ff9e6bc19c8a4cba5f471,autocuda/optimize/2026-07-20-23-00-46-cholesky-unmerged/brief-4:4,1,1.0056,1.0058,kept,7.14
opt_0103,"Removed n>=16384 explicit 4096x4096 inverse formation and solve GEMM; use direct cuBLAS TRSM for every tall panel and allocate no inverse, identity, or solved-panel workspaces. Full validation passed; large-shape means n8192=4453.624 us, n16384=14234.329 us, n32768=52329.746 us.",autocuda/optimize/2026-07-21-04-34-16-cholesky-unmerged/brief-4,046a90dc88dee4f809d50bd8e41847adefbed9cc,autocuda/optimize/2026-07-21-04-34-16-cholesky-unmerged/brief-4:0,1,1.0021,1.0021,kept,7.14
opt_0104,"Batch all low-batch 1024-4096 grouped 256-wide factor/panel/update stages on the current queue; replace per-matrix hidden queues and event release chains with one batched CUDAGraph, batched TRSM pointer tables, and batched persistent triangular rank-k. Validation and fresh-input guards passed.",autocuda/optimize/2026-07-21-04-34-16-cholesky-unmerged/brief-2,44ee0a782f0b114bebb6622e2f768d1db0c7b669,autocuda/optimize/2026-07-21-04-34-16-cholesky-unmerged/brief-2:0,1,1.0011,1.0011,kept,7.14
opt_0105,"Replaced full-square batched TF32 GEMMs with per-sample triangular cuBLAS SYRK and removed the final triangular cleanup, keeping 64-wide exact frontiers on 4x1024/2x2048. Validation passed, but target latencies regressed from 1174.535/2373.313 to 1305.955/2456.994 us; full-grid geomean was 781.236 us. Library SYRK saved arithmetic but lost batched GEMM efficiency.",autocuda/optimize/2026-07-20-23-00-46-cholesky-unmerged/brief-4,a5c750c2902c265d4e29e3b3ed414e25206d1e02,autocuda/optimize/2026-07-20-23-00-46-cholesky-unmerged/brief-4:11,1,1.0009,1.0010,kept,7.14
opt_0106,"Extended the 64-wide graph-captured CuTe path to dense 16x512. Validation and benchmark correctness passed. Its best runtime was 555.070 us versus the direct path's roughly 575 us, but one 9.44 ms outlier among 200 repeats raised its mean to 599.869 us; targets 4x1024/2x2048 were 1100.342/2148.306 us. Full-grid geomean was 781.421 us, so the stable donor still excludes 512.",autocuda/optimize/2026-07-20-23-00-46-cholesky-unmerged/brief-4,20c9723177c5405f943f1c429ad13ced5524d210,autocuda/optimize/2026-07-20-23-00-46-cholesky-unmerged/brief-4:17,1,1.0006,0.9907,kept,7.14
opt_0107,"Widened the TF32 blocked panels for 4x1024 and 2x2048 from 256 to 512, halving frontier count and one-pass update launches. Validation passed, but target latencies rose from 1248.627/2517.666 to 1271.664/2666.945 us and full-grid geomean rose from 777.589 to 781.800 us.",autocuda/optimize/2026-07-20-23-00-46-cholesky-unmerged/brief-4,cfb2f19c10e8e2d784b098d002afd5eb9dc0474c,autocuda/optimize/2026-07-20-23-00-46-cholesky-unmerged/brief-4:5,1,1.0001,0.9946,kept,7.14
opt_0108,"Restored the favored 64-wide frontier and extended it to dense 16x512. Validation passed, but 16x512 measured 598.332 us versus about 576-585 us on the exact direct path; targeted 4x1024/2x2048 remained 1187.688/2376.850 us. Full-grid geomean was 782.056 us, so 512 stays on exact handling.",autocuda/optimize/2026-07-20-23-00-46-cholesky-unmerged/brief-4,742bc4adcc8c95b14053e1e05d903d17a7c60688,autocuda/optimize/2026-07-20-23-00-46-cholesky-unmerged/brief-4:10,1,0.9998,1.0270,kept,7.14
opt_0109,"Kept the direct-input first rank-k and partial staging, but isolated large matrices onto a 128x128 one-CTA SM100 rank-k kernel while retaining the proven 256x256 two-CTA kernel for batched n=2048. Fresh validation/guard and all cells passed, but reduced per-tile resources did not offset lost two-CTA MMA and increased tile work: metric 782.067261 us; n=8192/16384/32768 measured 4893.837/16720.780/60603.482 us versus 4748.103/13036.729/47356.844 for the two-CTA donor.",autocuda/optimize/2026-07-20-23-00-46-cholesky-unmerged/brief-3,6026ad82bc694e0a372fa4f4d2f25e301fdbc943,autocuda/optimize/2026-07-20-23-00-46-cholesky-unmerged/brief-3:18,1,0.9998,0.9639,kept,7.14
opt_0110,"Replaced Python FP16 medium updates with a single C++ blocked Cholesky: 256-wide FP32 diagonal potrf/TRSM plus one-pass cuBLAS TF32 trailing GEMMs on the three dense frontiers. Full validation and benchmark correctness passed. Shape latencies were 615.968/1249.094/2517.881 us for batch-n 16x512/4x1024/2x2048; full-grid geomean 782.106 us versus 781.913 baseline (0.025% slower, within noise).",autocuda/optimize/2026-07-20-23-00-46-cholesky-unmerged/brief-4,01f7b62d1c5918cd238c8426e0d595c202f76681,autocuda/optimize/2026-07-20-23-00-46-cholesky-unmerged/brief-4:3,1,0.9998,1.0309,kept,7.14
opt_0111,"Second full validation/benchmark replicate of shape-specific commit 2500c0f measured 783.530 us full-grid, with targets 630.451, 721.368, 1346.408, and 2303.525 us. This confirms the candidate remains behind the stronger donors; no hosted request was made.",autocuda/optimize/2026-07-20-23-00-46-cholesky-unmerged/brief-2,2500c0f8e7f76879b539f23acf662b74c5c9864a,autocuda/optimize/2026-07-20-23-00-46-cholesky-unmerged/brief-2:12,1,0.9979,1.0055,kept,7.14
opt_0112,"Used single-CTA 128x128 CuTe triangular rank-k tiles to remove two-CTA coordination while retaining vectorized cleanup. Full official/fresh validation and benchmark correctness passed. Target latencies regressed to 1104.127/2202.511 us at 4x1024/2x2048; full-grid geomean was 784.306 us, including unrelated outliers at 60x1024.",autocuda/optimize/2026-07-20-23-00-46-cholesky-unmerged/brief-4,f95873b3dc4b4d7cd6725259625ffb10864956e0,autocuda/optimize/2026-07-20-23-00-46-cholesky-unmerged/brief-4:24,1,0.9969,0.9914,kept,7.14
opt_0113,"Replaced narrow left-looking/packed updates with lower-only right-looking recursion: copy the lower input once, recursively solve each panel without a full inverse, convert into reusable O(n*4096) half scratch, and launch one large triangular SM100 tcgen05 SYRK per stage. Full correctness passed. Target means n8192=4436.850 us, n16384=14079.373 us, n32768=51739.952 us, recovering 4.44 ms at n32768 versus the compact recursive left-looking path.",autocuda/optimize/2026-07-21-04-34-16-cholesky-unmerged/brief-4,862355e47a1704108551cb6f3d18826959e5c566,autocuda/optimize/2026-07-21-04-34-16-cholesky-unmerged/brief-4:8,1,0.9966,1.2600,kept,7.14
opt_0114,"Replaced the n-squared FP16 factor workspace with in-place FP32 factors and a separately compiled SM100 CuTe/tcgen05 TF32 left-looking update; eliminated panel conversion. Full validation and all benchmark checks passed. Target means n8192=4509.282 us, n16384=14887.884 us, n32768=58733.891 us; TF32 traffic/update cost regressed the direct-TRSM predecessor.",autocuda/optimize/2026-07-21-04-34-16-cholesky-unmerged/brief-4,11452117494e8e75c8063c3241762e478a683294,autocuda/optimize/2026-07-21-04-34-16-cholesky-unmerged/brief-4:1,1,0.9966,0.9945,kept,7.14
opt_0115,"Moved both recursive 2048 POTRF leaves into compact column-major lda=2048 buffers and assembled only the three lower quadrants into the 4096 factor. Full correctness passed. Target means n8192=6110.634 us, n16384=15159.876 us, n32768=42372.679 us; compact leading dimensions did not recover the recursive factor overhead.",autocuda/optimize/2026-07-21-04-34-16-cholesky-unmerged/brief-4,3a073de94c9f76d09ced4c10848991239ee21173,autocuda/optimize/2026-07-21-04-34-16-cholesky-unmerged/brief-4:11,1,0.9958,1.0307,kept,7.14
opt_0116,"Replaced upper-only input preparation with a full contiguous output.copy_(data), relying on final cleanup to clear the unused half. Full official/fresh validation and benchmark correctness passed. Target means were 1131.214/2177.736 us at 4x1024/2x2048 (best repeats 1085.426/2143.864), slower than the custom-cleanup donor; severe unrelated outliers yielded 786.281 us full-grid.",autocuda/optimize/2026-07-20-23-00-46-cholesky-unmerged/brief-4,e55d65f4d5f76d951534014a214e3b4e2a49a725,autocuda/optimize/2026-07-20-23-00-46-cholesky-unmerged/brief-4:22,1,0.9944,0.9818,kept,7.14
opt_0117,"Kept direct factor/panel emission for all 64-wide tiles, removed the first three intermediate prepare launches, and restored only the final factor copy/upper-zeroing pass. Full validation and all cells passed. The added per-tile transposed stores outweighed three removed prepares: batch60/n1024 measured 871.525 us and noisy global geomean 755.822 us.",autocuda/optimize/2026-07-21-04-34-16-cholesky-unmerged/brief-3,8f449f50656a71334547afac7978f14c86a95b19,autocuda/optimize/2026-07-21-04-34-16-cholesky-unmerged/brief-3:12,1,0.9937,0.9577,kept,7.14
opt_0118,"Combined the measured copy sweep by launching 1024 threads only for n=8192 and retaining 512 for n=16384/32768 on the preferred default-math path. Fresh validation/guard and all cells passed, but broad unrelated outliers raised the metric to 787.313324 us. The only causally changed cell, n=8192, measured 4743.204 us versus 4720.741 for uniform 512 threads; n=16384/32768 were unchanged in code and measured 13028.649/46483.280, illustrating run variance rather than a copy specialization gain.",autocuda/optimize/2026-07-20-23-00-46-cholesky-unmerged/brief-3,b86f529ab1d3da1a362d7ae594606619c58fbb08,autocuda/optimize/2026-07-20-23-00-46-cholesky-unmerged/brief-3:31,1,0.9931,0.9666,kept,7.14
opt_0119,"Replaced recursive solve GEMMs with FP16-input/FP32-accumulate tcgen05 updates, using one 4096x4096 transposed factor cache and O(n*2048) solved-panel scratch; no inverse and no n-squared half workspace. Full correctness passed. Target means n8192=4535.345 us, n16384=15005.613 us, n32768=60248.541 us; FP16 updates recovered 291 us at n32768 versus recursive TF32 but factor conversion/base TRSM launches remain costly.",autocuda/optimize/2026-07-21-04-34-16-cholesky-unmerged/brief-4,f52bce6ce26c26d942f1bf56c868bc9885c284c3,autocuda/optimize/2026-07-21-04-34-16-cholesky-unmerged/brief-4:4,1,0.9926,1.1586,kept,7.14
opt_0120,"Infrastructure retry of the shape-specific first-panel frontier passed validation, fresh-input guard, and full-grid benchmark. It measured 672.961, 748.062, 1359.277, and 2345.986 us on the four targets, with 787.847 us full-grid geomean; the conditionally approved index6 profile was not consumed because the candidate was unpromising.",autocuda/optimize/2026-07-20-23-00-46-cholesky-unmerged/brief-2,2500c0f8e7f76879b539f23acf662b74c5c9864a,autocuda/optimize/2026-07-20-23-00-46-cholesky-unmerged/brief-2:11,1,0.9925,0.9553,kept,7.14
opt_0121,"Compacted the no-inverse recursive solve to two 2048 TRSM leaves and one FP16/tcgen05 update, converting only the needed 2048x2048 off-diagonal factor quadrant rather than the full 4096 square. Full correctness passed. Target means n8192=4646.871 us, n16384=15053.649 us, n32768=56183.805 us; targeted movement was within noise but reduced factor traffic and launches.",autocuda/optimize/2026-07-21-04-34-16-cholesky-unmerged/brief-4,bafefd0f911867eb422b481f3d8e4795419376d8,autocuda/optimize/2026-07-21-04-34-16-cholesky-unmerged/brief-4:6,1,0.9903,1.0012,kept,7.14
opt_0122,"Stored transposed FP16 solved panels in unused physical upper-triangle bytes of the FP32 output, added coalesced transpose-convert packing, and performed blockwise SM100 tcgen05 outer updates before clearing upper storage at return. No n-squared auxiliary half cache; recursive half TRSM retained. Full correctness passed. Target means n8192=4637.851 us, n16384=15085.798 us, n32768=56289.138 us, recovering 3.96 ms at n32768 versus separate-scratch recursive path.",autocuda/optimize/2026-07-21-04-34-16-cholesky-unmerged/brief-4,d5eb6fbb020da13bdd8d0cbd178194b1acd76bad,autocuda/optimize/2026-07-21-04-34-16-cholesky-unmerged/brief-4:5,1,0.9891,0.9965,kept,7.14
opt_0123,"Widened the validated 64-wide wavefront supernode from 256 to 512 columns, halving outer triangular rank-k stages while applying more intra-supernode MathDx updates. Full correctness passed, but b8/n2048 regressed 1046.071->1233.737 us and b2/n4096 1723.690->2002.370 us; aggregate was 759.563 us.",autocuda/optimize/2026-07-21-04-34-16-cholesky-unmerged/brief-2,377b41b66a4f4db09d69f6022fb875a2aa3c59ce,autocuda/optimize/2026-07-21-04-34-16-cholesky-unmerged/brief-2:6,1,0.9888,1.0024,kept,7.14
opt_0124,"Fused four 64-wide factor epochs and their distributed solves into one cooperative resident grid per 256-wide panel for the correct b8/n2048 and b2/n4096 paths. Full correctness passed, but grid barriers/serial task reuse regressed b8/n2048 1046.071->1229.274 us and b2/n4096 1723.690->1979.530 us; aggregate moved 731.158->761.397 us.",autocuda/optimize/2026-07-21-04-34-16-cholesky-unmerged/brief-2,b556b1f98e116a79a92d58de12cd13bd1a60fb14,autocuda/optimize/2026-07-21-04-34-16-cholesky-unmerged/brief-2:5,1,0.9864,0.9603,kept,7.14
opt_0125,"Added conservative full physical-lower cleanup to the 2x2 four-SM clustered rank-k candidate. This restored correctness for all large shapes, confirming trial 19's failure was epilogue contamination, but cluster topology and cleanup cost regressed the metric to 795.375973 us; n=8192/16384/32768 measured 5085.251/16587.872/78138.557 us versus 4748.103/13036.729/47356.844 for the 2x1 cached-clean donor.",autocuda/optimize/2026-07-20-23-00-46-cholesky-unmerged/brief-3,52e3e7e1bb15f81ae7f5ab211a6bb008d3faac2a,autocuda/optimize/2026-07-20-23-00-46-cholesky-unmerged/brief-3:20,1,0.9831,0.9833,kept,7.14
opt_0126,"Used a 32-wide CuTe frontier only for dense 16x512 while retaining width64 at 4x1024/2x2048. Full official and fresh-input validation passed. The 512 path remained unstable at 600.918 us mean despite a 558.210 us best; medium targets measured 1132.146/2192.069 us. Full-grid geomean was 795.392 us, so all tested 512 CuTe frontier widths showed unstable/slower means.",autocuda/optimize/2026-07-20-23-00-46-cholesky-unmerged/brief-4,55a5a71dd4874eb793bb80434599f64140306519,autocuda/optimize/2026-07-20-23-00-46-cholesky-unmerged/brief-4:19,1,0.9831,0.9709,kept,7.14
opt_0127,"Used 256-wide TF32 panels for 4x1024 and 128-wide panels for 2x2048. Validation passed; 2x2048 improved from 2517.666 to 2446.368 us while 4x1024 was 1253.058 us. Severe unrelated outliers on other shapes raised the reported full-grid geomean to 795.590 us, including 79.703 us at 64x256 and 1017.231 us at 640x512.",autocuda/optimize/2026-07-20-23-00-46-cholesky-unmerged/brief-4,3c614d2d9011050204add73c4ec198d27d4c78eb,autocuda/optimize/2026-07-20-23-00-46-cholesky-unmerged/brief-4:6,1,0.9828,0.9827,kept,7.14
opt_0128,"Replace explicit n128 cross products with two direct symmetric SM100 updates: weighted H^T H and scaled S^T S correction (scale 8). Validation passed with cond5 residual 0.934; target cells n32=16.536 us, n64=21.365 us, n128=61.448 us; full-grid metric 767.912 us. This two-MMA formulation measured slower than three direct products in a high-noise run.",autocuda/optimize/2026-07-21-04-34-16-cholesky-unmerged/brief-0,4bf3042f7b0a889571bee8281e9277b7b5c5d835,autocuda/optimize/2026-07-21-04-34-16-cholesky-unmerged/brief-0:9,1,0.9780,1.0351,kept,7.14
opt_0129,"Separated matrix-group density from CTA size: 256-thread CTAs for n=32/64, warp sync for 32-thread groups, occupancy-aware persistent grid, restored one 512-thread n=128 group. Validation/fresh-input guard passed. Small shapes 29.424/36.273/54.816 us; full grid 800.061 us versus 781.913 baseline.",autocuda/optimize/2026-07-20-23-00-46-cholesky-unmerged/brief-0,f175f7cb895d743010fe8b6e1d523af0d7c07f18,autocuda/optimize/2026-07-20-23-00-46-cholesky-unmerged/brief-0:3,1,0.9773,1.0054,kept,7.14
opt_0130,"Bounded retry of validated direct resident SM100 n64 commit after the prior infrastructure timeout. Target cells n32=16.414 us, n64=33.770 us, n128=56.128 us; full-grid metric 769.017 us. Direct one-CTA MathDx n64 regressed 12.5 us versus retained packed n64 ~21.2 us.",autocuda/optimize/2026-07-21-04-34-16-cholesky-unmerged/brief-0,f41eb6b63e7dbc456130035f4a64fb4992eb71b1,autocuda/optimize/2026-07-21-04-34-16-cholesky-unmerged/brief-0:11,1,0.9766,0.9986,kept,7.14
opt_0131,"Implemented a single-stream recursive 4096-wide TRSM: 1024 base solves plus SM100 CuTe/tcgen05 TF32 remainder GEMMs against the compact column-major factor, with no explicit inverse. Full benchmark correctness passed. Target means n8192=4512.601 us, n16384=15029.309 us, n32768=60539.500 us; the three TF32 solve updates cost more than direct TRSM on this path.",autocuda/optimize/2026-07-21-04-34-16-cholesky-unmerged/brief-4,04eb03e2fc385ad9cf790fa9eb99ded795f3a80e,autocuda/optimize/2026-07-21-04-34-16-cholesky-unmerged/brief-4:2,1,0.9763,0.9796,kept,7.14
opt_0132,"Fused each 256-wide micro-DAG into one cooperative current-queue resident grid with grid-wide factor/solve/update dependency barriers and distributed initial-panel copy. Validation and fresh-input guards passed; targeted means moved b4/n1024 704.386->785.457 us, b2/n2048 1436.807->1601.729 us, b8/n2048 1797.576->1952.732 us, b1/n4096 2921.717->3233.432 us. Profile provenance driving this trial: request 2026-07-21T05:36:25Z, job e8e80355692c4c14b8982f9af21728de, producer 44ee0a782f0b114bebb6622e2f768d1db0c7b669, benchmark index 8; archived under autocuda/profiles/2026-07-21-04-34-16-cholesky-unmerged.",autocuda/optimize/2026-07-21-04-34-16-cholesky-unmerged/brief-2,85c6b271b2c31737e9985548772f4ce619cd2ffb,autocuda/optimize/2026-07-21-04-34-16-cholesky-unmerged/brief-2:1,1,0.9753,0.9742,kept,7.14
opt_0133,"Widened the graph-captured CuTe frontier from 64 to 128. Validation passed, but target 4x1024/2x2048 regressed from 1087.745/2159.497 to 1190.454/2371.551 us (9.44%/9.82%); unrelated outliers raised the full-grid geomean to 801.748 us. Retain the 64-wide donor.",autocuda/optimize/2026-07-20-23-00-46-cholesky-unmerged/brief-4,3484c087ae8e22669117d5292c35e06a270c8b31,autocuda/optimize/2026-07-20-23-00-46-cholesky-unmerged/brief-4:15,1,0.9753,0.9531,kept,7.14
opt_0134,"Reduced frontier width from 64 to 32. Validation passed. Target 4x1024 was flat at 1174.049 us, while 2x2048 regressed from 2373.313 to 2404.114 us; unrelated outliers raised full-grid geomean to 803.177 us. The measured panel-width sweep therefore favored 64 over 32/128/256/512 for the paired target.",autocuda/optimize/2026-07-20-23-00-46-cholesky-unmerged/brief-4,25dde877ab8558719ebb60b3d35cd382906a5fcf,autocuda/optimize/2026-07-20-23-00-46-cholesky-unmerged/brief-4:9,1,0.9735,0.9649,kept,7.14
opt_0135,"Packed 16 n=32 warp groups, 8 n=64 two-warp groups, and 2 n=128 eight-warp groups per 512-thread CTA using all named barriers. Validation/fresh-input guard passed. Small shapes measured 29.397/36.593/58.006 us (baseline 16.346/21.211/56.234); full grid 804.380 us, improving 807.724 but remaining above 781.913.",autocuda/optimize/2026-07-20-23-00-46-cholesky-unmerged/brief-0,dd5ada847d56725339fe83db68f0e5c718878e36,autocuda/optimize/2026-07-20-23-00-46-cholesky-unmerged/brief-0:2,1,0.9721,1.0042,kept,7.14
opt_0136,"Routed only dense benchmark frontiers (batch,n)=(16,512),(4,1024),(2,2048) through blocked FP16 one-pass updates while retaining exact direct factorization elsewhere. All official and fresh-family validation passed. Full-grid geomean regressed from 781.913 to 806.237 us; affected shape latencies were 654.262, 1492.118, and 2414.850 us.",autocuda/optimize/2026-07-20-23-00-46-cholesky-unmerged/brief-4,c6dd4c0a23f0eb938bdc6e81050850bb6e878e93,autocuda/optimize/2026-07-20-23-00-46-cholesky-unmerged/brief-4:2,1,0.9698,0.9698,kept,7.14
opt_0137,"Persistent 148-CTA n256 tail queue interleaving three middle updates with per-matrix final solve/update/factor via global completion counters; full-grid 807.503 us, n256 193.995 us versus measured parent 105.796 us.",autocuda/optimize/2026-07-20-23-00-46-cholesky-unmerged/brief-1,968ed54e71ac1e2283736cce73b659294553418c,autocuda/optimize/2026-07-20-23-00-46-cholesky-unmerged/brief-1:0,1,0.9683,0.9683,kept,7.14
opt_0138,"Packed 8 n=32 matrices with 64-thread groups and 4 n=64 matrices with 128-thread groups per CTA; solve teams stride across rows. Validation/fresh-input guard passed. Small shapes improved from 40.886/47.454/58.658 to 30.489/37.088/55.173 us; full-grid improved from 854.755 to 807.724 us, versus 781.913 baseline.",autocuda/optimize/2026-07-20-23-00-46-cholesky-unmerged/brief-0,66020b31ec274b30a7c34dc6ec045185c31663a3,autocuda/optimize/2026-07-20-23-00-46-cholesky-unmerged/brief-0:1,1,0.9680,1.0582,kept,7.14
opt_0139,"Profile-driven recursive 4096 POTRF: two 2048 cuSOLVER factors, compact inverse/tcgen05 solve of the off-diagonal quadrant, FP16 lower-only tcgen05 rank-k, and strided factor assembly. Full correctness passed. Target means n8192=6063.712 us, n16384=15055.252 us, n32768=42202.082 us; the strided 2048 factors plus assembly/update overhead exceeded the monolithic 4096 POTRF despite its low occupancy.",autocuda/optimize/2026-07-21-04-34-16-cholesky-unmerged/brief-4,45b3f1a462c1e62cd4cd2ada3685fc992b4fb1e8,autocuda/optimize/2026-07-21-04-34-16-cholesky-unmerged/brief-4:10,1,0.9661,0.9270,kept,7.14
opt_0140,"Run the corrected four-way shared-resident n64 subgroup kernel. Validation and fresh-input guard passed; full-grid metric 777.520 us, with n64 at 60.281 us (overall regression versus 751.039 us parent).",autocuda/optimize/2026-07-21-04-34-16-cholesky-unmerged/brief-0,09dc0281c1e585aa1477ddd2c6f56de7d790ac7c,autocuda/optimize/2026-07-21-04-34-16-cholesky-unmerged/brief-0:1,1,0.9659,0.9659,kept,7.14
opt_0141,"Measured the cached 256-wide library pipeline: cusolverDnSpotrfBatched panels, cublasStrsmBatched solves, and strided tensor-core trailing GEMMs. Full validation and all cells passed. batch60/n1024 measured 2299.733 us and global geomean 778.116 us, faster than whole-matrix cuSOLVER but 2.63x slower than ff7b7ea.",autocuda/optimize/2026-07-21-04-34-16-cholesky-unmerged/brief-3,edd9c982fca49accd83ffca6130480ddba2bfd48,autocuda/optimize/2026-07-21-04-34-16-cholesky-unmerged/brief-3:9,1,0.9652,1.0252,kept,7.14
opt_0142,"Replaced the live batch60/n1024 path with a full 16x16 left-looking 64-tile DAG. Each diagonal/panel task accumulates all prior FP16-factor/FP32-accumulate updates from the original input and emits lower factors directly, eliminating live 256-wide rank-k/copy staging. All cells passed, but repeated sidecar reloads and 31 DAG nodes measured batch60/n1024 at 1305.203 us and global geomean 779.294 us.",autocuda/optimize/2026-07-21-04-34-16-cholesky-unmerged/brief-3,128b7d63b60de67d7665ca5d1a36445184f81f88,autocuda/optimize/2026-07-21-04-34-16-cholesky-unmerged/brief-3:4,1,0.9637,0.9580,kept,7.14
opt_0143,"Restored 256x256 two-CTA CuTe rank-k and swept higher cleanup occupancy in one trial: 256 threads at n=1024 and 512 at n=2048 versus the prior 128-thread kernel. Full official/fresh validation and benchmark correctness passed, but targets regressed to 1096.985/2179.499 us (best 1068.776/2121.204); a 14.9 ms outlier at 64x256 raised the full-grid geomean to 813.425 us.",autocuda/optimize/2026-07-20-23-00-46-cholesky-unmerged/brief-4,4a60b651a7b7e4ee12b81dd028a460055ac15ca5,autocuda/optimize/2026-07-20-23-00-46-cholesky-unmerged/brief-4:25,1,0.9613,0.9642,kept,7.14
opt_0144,"Retried the graph-captured MathDx large-panel factor DAG with the zero-initialized cached-output contract used by its proven batched caller. Fresh validation/guard and all 15 cells passed, confirming direct factor correctness, but 64 sequential 32-wide inner stages per supernode outweighed cuSOLVER's low occupancy: metric 816.708701 us; n=8192/16384/32768 measured 5385.713/19717.586/70698.101 us versus 4731.132/13030.985/47342.346 for the 2048 cuSOLVER donor.",autocuda/optimize/2026-07-20-23-00-46-cholesky-unmerged/brief-3,8d56b96ef13568a27fa9c42402c51cb7f5908b2f,autocuda/optimize/2026-07-20-23-00-46-cholesky-unmerged/brief-3:24,1,0.9574,0.9278,kept,7.14
opt_0145,"Replaced cuSOLVER 4096 POTRF with the validated 64x64 MathDx wavefront: four micro-panels per 256 supernode, device triangular solves, and triangular tcgen05 rank-k directly in each compact factor buffer. Full correctness passed. Target means n8192=6761.644 us, n16384=14642.305 us, n32768=38857.417 us; hundreds of uncaptured current-stream launches dominate and create high variance despite faster device work.",autocuda/optimize/2026-07-21-04-34-16-cholesky-unmerged/brief-4,db4cf32dbac0c23ddb02b1b61f8ee62af43d5713,autocuda/optimize/2026-07-21-04-34-16-cholesky-unmerged/brief-4:13,1,0.9539,0.9197,kept,7.14
opt_0146,"Measured the whole-operation optimized-library control by dispatching batch60/n1024 directly to torch.linalg.cholesky_ex/cuSOLVER. Full validation and all cells passed. cuSOLVER measured 2896.591 us on batch60/n1024 and 791.516 us global, confirming that the custom ff7b7ea pipeline is 3.31x faster on this target.",autocuda/optimize/2026-07-21-04-34-16-cholesky-unmerged/brief-3,5eb103630d0d5df10c565dd858d1bdf6a42eeebc,autocuda/optimize/2026-07-21-04-34-16-cholesky-unmerged/brief-3:7,1,0.9489,1.0235,kept,7.14
opt_0147,"Compute one H^T R SM100 rank-k into the dead FP32 panel buffer and fold it symmetrically in shared memory instead of launching both cross products. Validation passed; target cells n32=16.427 us, n64=21.235 us, n128=63.385 us; full-grid metric 794.835 us. The beta-zero output plus transposed shared fold cost 5.827 us versus direct two-cross accumulation.",autocuda/optimize/2026-07-21-04-34-16-cholesky-unmerged/brief-0,1e279bc98e2a919eb3b737d8d21fffff1d216194,autocuda/optimize/2026-07-21-04-34-16-cholesky-unmerged/brief-0:8,1,0.9449,0.9239,kept,7.14
opt_0148,Collapse each resident n64 matrix to one warp with two rows per lane and warp-local shared synchronization. Validation passed; n64 measured 73.497 us and full-grid metric 797.285 us.,autocuda/optimize/2026-07-21-04-34-16-cholesky-unmerged/brief-0,2ad33f73922f1ee0858ea7c0ddf923bbdad35955,autocuda/optimize/2026-07-21-04-34-16-cholesky-unmerged/brief-0:2,1,0.9420,0.9752,kept,7.14
opt_0149,"Measured the extension's direct cusolverDnSpotrfBatched path with a cached output, pointer table, info tensor, and BF16x9 FP32-emulation math mode. Full validation and all cells passed. It improved over generic torch.linalg but still measured batch60/n1024 at 2592.938 us and global geomean 797.699 us.",autocuda/optimize/2026-07-21-04-34-16-cholesky-unmerged/brief-3,bbd8daf4dcaac5cce10d967e2a43ac643cc9f8c8,autocuda/optimize/2026-07-21-04-34-16-cholesky-unmerged/brief-3:8,1,0.9415,0.9922,kept,7.14
opt_0150,"Restored compensated TF32 WMMA for all small shapes and applied templated launch bounds targeting 3 resident 256-thread CTAs for n=32/64 and 2 resident 512-thread CTAs for n=128. Validation/fresh-input guard passed. Register constraint worsened n=32 to 32.748 us, n=64 was 36.879, n=128 55.707; noisy full grid 833.807 us.",autocuda/optimize/2026-07-20-23-00-46-cholesky-unmerged/brief-0,4ed8dea6d73c7231989cf28791ec9c7fe71f2b63,autocuda/optimize/2026-07-20-23-00-46-cholesky-unmerged/brief-0:6,1,0.9378,1.0091,kept,7.14
opt_0151,"Compiled batch-4-specific CuTe rank-k stages, keyed the 1024 factor launcher by batch, resized its workspaces across b4/b60, and routed b4/n1024 through the specialized 256-panel DAG. The b4/n1024 mean rose from 684.525 to 3372.539 us; full-grid geomean was 834.002 us.",autocuda/optimize/2026-07-20-23-00-46-cholesky-unmerged/brief-2,7446f0fb454b13e27a935ae1c5059396c44038bd,autocuda/optimize/2026-07-20-23-00-46-cholesky-unmerged/brief-2:3,1,0.9375,0.9196,kept,7.14
opt_0152,"Restored gathered n1024 factor and routed batch640 n512 through the generic cuSOLVER batched library dispatch instead of one-CTA MathDx matrices; full-grid 836.976 us, n512 batch640 3011.866 us versus approximately 970-1044 us custom.",autocuda/optimize/2026-07-20-23-00-46-cholesky-unmerged/brief-1,4f2ebeb0142099b7c70996ffe177a52a7bf1d1a5,autocuda/optimize/2026-07-20-23-00-46-cholesky-unmerged/brief-1:9,1,0.9342,0.9091,kept,7.14
opt_0153,"Removed TF32 high-product and residual pass for n=32/64, using a single exact FP32 blocked rank-k update; n=128 retained compensated WMMA. Validation/fresh-input guard passed. Small shapes measured 36.613/60.741/54.756 us; full grid 841.389 us. A second hosted index-0 request was denied due run-wide slot allocation; no hosted request sent.",autocuda/optimize/2026-07-20-23-00-46-cholesky-unmerged/brief-0,ddf8a3f8f6e2a8bb6846a040e35a1d5ed4a95d81,autocuda/optimize/2026-07-20-23-00-46-cholesky-unmerged/brief-0:5,1,0.9293,1.0894,kept,7.14
opt_0154,"One 144-CTA persistent DAG per n2048 outer panel: eight factor coordinators, four panel workers and thirteen update workers per sample, fenced monotonic dependency counters, and fused first outer-panel copy. Restored n512/n1024 to 960b2a1 state. Full-grid 841.479 us; n2048 batch8 1948.198 us versus 1783.667 us at 960b2a1; n256 also had one 68.98 ms spike.",autocuda/optimize/2026-07-20-23-00-46-cholesky-unmerged/brief-1,33c0d6a3b6133f8980bdcef994835e1f888f3e16,autocuda/optimize/2026-07-20-23-00-46-cholesky-unmerged/brief-1:10,1,0.9292,0.9946,kept,7.14
opt_0155,"Retried unchanged right-looking 64-tile factor/panel/update epochs after the Modal infrastructure timeout. Full validation and all benchmark cells passed. Materializing every triangular 64x64 Schur tile exposed 40,800 update CTAs per replay and measured batch60/n1024 at 3012.212 us, global geomean 810.135 us.",autocuda/optimize/2026-07-21-04-34-16-cholesky-unmerged/brief-3,25c56e8fd023bfe2bd6f5e5e7b2201d5d9fdc675,autocuda/optimize/2026-07-21-04-34-16-cholesky-unmerged/brief-3:6,1,0.9271,0.9619,kept,7.14
opt_0156,"Unified persistent 16x16 blocked POTRF superkernel for n=32/64/128; packed 4/2/1 matrices per 512-thread CTA, compensated TF32 WMMA rank-k updates, vectorized triangular I/O, static persistent matrix queue. Validation and fresh-input guard passed; small-shape times 40.886/47.454/58.658 us; full-grid geomean regressed from 781.913 to 854.755 us.",autocuda/optimize/2026-07-20-23-00-46-cholesky-unmerged/brief-0,09da8aede99f8dd194381c20f81976e9429698de,autocuda/optimize/2026-07-20-23-00-46-cholesky-unmerged/brief-0:0,1,0.9148,0.9148,kept,7.14
opt_0157,"Replaced only the direct large path's custom triangular CuTe rank-k update with cublasSsyrk under TF32 tensor-op math, leaving the grouped path untouched. Fresh validation/guard and all cells passed, but cuBLAS SYRK did not dispatch an efficient tensor-core triangular kernel: metric 896.597400 us and n=8192/16384/32768 6591.492/30132.181/191182.643 us versus 4756.365/13169.851/47400.068 for the custom triangular update.",autocuda/optimize/2026-07-20-23-00-46-cholesky-unmerged/brief-3,53d0d07c9806406614d6d1a9199cae159a27f561,autocuda/optimize/2026-07-20-23-00-46-cholesky-unmerged/brief-3:12,1,0.8721,0.8527,kept,7.14
opt_0158,"Replaced N=256 with two native 128x128 SM100 MathDx supernodes across factor, panel, and rank-k/factor epochs. Full validation passed at 865.835 us, but the N=256 cell regressed from about 74 us to 1093.079 us because 64 very large-collective CTAs underutilized the device.",autocuda/optimize/2026-07-21-04-34-16-cholesky-unmerged/brief-1,f6ba2cf45dd1562b08276e8f6231235c0f0a51a8,autocuda/optimize/2026-07-21-04-34-16-cholesky-unmerged/brief-1:12,1,0.8674,0.8145,kept,7.14
opt_0159,"Collapsed the recursive root into one cuSOLVER POTRF base using FP32-emulated-BF16x9 math, eliminating all panel/inverse/half/update workspaces and launches. Full correctness passed, but target means were n8192=6069.876 us, n16384=32922.137 us, n32768=136117.783 us, confirming a large full POTRF is far slower than panelized tcgen05 updates.",autocuda/optimize/2026-07-21-04-34-16-cholesky-unmerged/brief-4,75be8e37d56dbb94379efa455e859766e3f9d5bc,autocuda/optimize/2026-07-21-04-34-16-cholesky-unmerged/brief-4:3,1,0.8567,0.8775,kept,7.14
opt_0160,"For n=32/64, kept one TF32 WMMA high-product update and replaced the second compensated MMA with per-element FP32 quantization-residual repair; n=128 unchanged. Validation/fresh-input guard passed with scaled residuals 0.025/0.016, but small-shape latency regressed to 40.301/73.082/54.796 us and full grid to 916.598 us. Hosted profile at fifth-trial cadence was requested and denied because all three rolling-hour slots were allocated; no hosted request was sent.",autocuda/optimize/2026-07-20-23-00-46-cholesky-unmerged/brief-0,64670edd78103a3d2fbe42b534d50159a3f889f8,autocuda/optimize/2026-07-20-23-00-46-cholesky-unmerged/brief-0:4,1,0.8531,0.8729,kept,7.14
opt_0161,"Replaced library TRSM leaves with one persistent CTA per 64 panel rows: each CTA traverses all 64 factor tiles, uses MathDx FP16/FP32 block updates and device triangular solves, and stores directly to the lower panel on the current stream. Full correctness passed. Target means n8192=11812.015 us, n16384=39679.104 us, n32768=139960.620 us; 2016 small MathDx updates and repeated factor traffic per CTA overwhelm the added parallelism.",autocuda/optimize/2026-07-21-04-34-16-cholesky-unmerged/brief-4,d3f3cb4f43f5eb3edf37b3d272ab16278194a8bb,autocuda/optimize/2026-07-21-04-34-16-cholesky-unmerged/brief-4:7,1,0.7910,0.7987,kept,7.14
opt_0162,Remove zero-beta solve input,autocuda/optimize/2026-07-20-23-00-46-cholesky-unmerged/brief-0,6d5995fe722665c88016535042942d72664144db,,1,,,kept,7.14
opt_0163,Retain direct solves for 4096-row tails,autocuda/optimize/2026-07-20-23-00-46-cholesky-unmerged/brief-0,01366b200a486990c6990a223f26d91357bb8758,,1,,,kept,7.14
opt_0164,Use direct TRSM for narrow tail panels,autocuda/optimize/2026-07-20-23-00-46-cholesky-unmerged/brief-0,3b1c528bbc30d9068e0bae0714246e97b1091048,,1,,,kept,7.14
opt_0165,Select inverse WGMMA for larger panels,autocuda/optimize/2026-07-20-23-00-46-cholesky-unmerged/brief-0,c651e5807dedd7a294e547ff695542c3b740e1dc,,1,,,kept,7.14
opt_0166,Solve large panels with inverse WGMMA,autocuda/optimize/2026-07-20-23-00-46-cholesky-unmerged/brief-0,1727c3b6a333c48c9e7600e7330e776a17446cf7,,1,,,kept,7.14
opt_0167,Restore wide left-looking WGMMA tiles,autocuda/optimize/2026-07-20-23-00-46-cholesky-unmerged/brief-0,d2c6c6497434721f241d087d2c35dcea8ee06bd3,,1,,,kept,7.14
opt_0168,Test narrow left-looking WGMMA tiles,autocuda/optimize/2026-07-20-23-00-46-cholesky-unmerged/brief-0,2c567ee72bce95ee8c8353777f9a8bd3f640f6d6,,1,,,kept,7.14
opt_0169,Seed only the first left-looking panel,autocuda/optimize/2026-07-20-23-00-46-cholesky-unmerged/brief-0,240c5863df918d9b8d7e1379fb2fa012a7283580,,1,,,kept,7.14
opt_0170,Run left-looking panels with cluster WGMMA,autocuda/optimize/2026-07-20-23-00-46-cholesky-unmerged/brief-0,313f8b2ddcf830529a5740cf20c7418172503849,,1,,,kept,7.14
opt_0171,Use left-looking Cholesky supernodes,autocuda/optimize/2026-07-20-23-00-46-cholesky-unmerged/brief-0,3592b80cf1a6371c0b2ba7dea72c78e98561a9fb,,1,,,kept,7.14
opt_0172,Group four padded n64 factors per CTA,autocuda/optimize/2026-07-20-23-00-46-cholesky-unmerged/brief-0,9eb5fd3c38b05df81e2b2c7ba151b13c4ab339f8,,1,,,kept,7.14
opt_0173,Vectorize triangular n64 staging,autocuda/optimize/2026-07-20-23-00-46-cholesky-unmerged/brief-0,39aa773e49722e4cc6900f034f9c493d59f51489,,1,,,kept,7.14
opt_0174,Pack four n64 factors per CTA,autocuda/optimize/2026-07-20-23-00-46-cholesky-unmerged/brief-0,995442b0047631f8a5d1466464c811f7ea57b290,,1,,,kept,7.14
opt_0175,Vectorize triangular n32 staging,autocuda/optimize/2026-07-20-23-00-46-cholesky-unmerged/brief-0,26d95f1f7a926530980dcf44cf0f40fddd512554,,1,,,kept,7.14
opt_0176,Retain n32 occupancy in persistent grid,autocuda/optimize/2026-07-20-23-00-46-cholesky-unmerged/brief-0,1e7d0555130f057ac460fc0fbfec442c40ae5a5a,,1,,,kept,7.14
opt_0177,Vectorize persistent n32 Cholesky grid,autocuda/optimize/2026-07-20-23-00-46-cholesky-unmerged/brief-0,a0a836312b4689e3133d015b7b8211a8292fa86d,,1,,,kept,7.14
opt_0178,Fix vector panel conversion ABI,autocuda/optimize/2026-07-20-23-00-46-cholesky-unmerged/brief-0,99366726a12118bec4fc637d7892c22ab71e4562,,1,,,kept,7.14
opt_0179,Vectorize batch1024 panel conversion,autocuda/optimize/2026-07-20-23-00-46-cholesky-unmerged/brief-0,a5f508b55d7798d7c16dd08351a23e94421a409d,,1,,,kept,7.14
opt_0180,Restore scalar batch1024 factor loads,autocuda/optimize/2026-07-20-23-00-46-cholesky-unmerged/brief-0,30848ac1d04b6fb935afcfc0620b84da9ae11aa1,,1,,,kept,7.14
opt_0181,Fuse batch1024 factor sidecar stores,autocuda/optimize/2026-07-20-23-00-46-cholesky-unmerged/brief-0,39b7133d54158f6ba82d7664ffa525e33f4f16ce,,1,,,kept,7.14
opt_0182,Vectorize batch1024 factor packing,autocuda/optimize/2026-07-20-23-00-46-cholesky-unmerged/brief-0,41c6a33313ec2dc29d4402ef9d4158a4f4bdd033,,1,,,kept,7.14
opt_0183,Pack only batch1024 update factors,autocuda/optimize/2026-07-20-23-00-46-cholesky-unmerged/brief-0,99d970314b97dfac70bbc784e675357bf4078c14,,1,,,kept,7.14
opt_0184,Preconvert batch1024 factors for async updates,autocuda/optimize/2026-07-20-23-00-46-cholesky-unmerged/brief-0,1467d1776ff17f31809094a36e3790586298dddc,,1,,,kept,7.14
opt_0185,Pair n2048 update halves per CTA,autocuda/optimize/2026-07-20-23-00-46-cholesky-unmerged/brief-0,16908dc0619d270b9c086d44d2a486f19384b6f4,,1,,,kept,7.14
opt_0186,Fuse n2048 panel stores and cleanup,autocuda/optimize/2026-07-20-23-00-46-cholesky-unmerged/brief-0,222401224c0fb82617e28ac7d005119896a5a804,,1,,,kept,7.14
opt_0187,Vectorize batch1024 solve factor loads,autocuda/optimize/2026-07-20-23-00-46-cholesky-unmerged/brief-0,8c69b5528e517d82e739b6690442ec9aad221731,,1,,,kept,7.14
opt_0188,Restore batch1024 async load ABI,autocuda/optimize/2026-07-20-23-00-46-cholesky-unmerged/brief-0,ca6a2cc638a01911f458dcb4f7717506ca614408,,1,,,kept,7.14
opt_0189,Combine split n1024 and vector n2048 paths,autocuda/optimize/2026-07-20-23-00-46-cholesky-unmerged/brief-0,e2a1c21f6f2c8d3cc164ed8a4d0793c448ea99ba,,1,,,kept,7.14
opt_0190,Vectorize n2048 diagonal loads,autocuda/optimize/2026-07-20-23-00-46-cholesky-unmerged/brief-0,94f636a16ec93fe54031ef953ef9df35bb6b95cb,,1,,,kept,7.14
opt_0191,Vectorize n2048 panel drains,autocuda/optimize/2026-07-20-23-00-46-cholesky-unmerged/brief-0,f15c413ee24c53172c15ee927006c563f7ee58ae,,1,,,kept,7.14
opt_0192,Fix vector n2048 factor drain ABI,autocuda/optimize/2026-07-20-23-00-46-cholesky-unmerged/brief-0,c0f4ac391b9c3e7ff2f07ce824d2106f0ef50811,,1,,,kept,7.14
opt_0193,Vectorize n2048 factor drains,autocuda/optimize/2026-07-20-23-00-46-cholesky-unmerged/brief-0,3c73a8d49037904d89c96ad04ba92ad936ab609e,,1,,,kept,7.14
opt_0194,Vectorize fused n2048 cleanup stores,autocuda/optimize/2026-07-20-23-00-46-cholesky-unmerged/brief-0,bbe1a427eacfcd8902bbdf65e4190335265ccd13,,1,,,kept,7.14
opt_0195,Fuse n2048 lower cleanup into graph stages,autocuda/optimize/2026-07-20-23-00-46-cholesky-unmerged/brief-0,0dd085282a267ad623c331ee8a80b9e0c7dadd33,,1,,,kept,7.14
opt_0196,Specialize batch1024 graph update depths,autocuda/optimize/2026-07-20-23-00-46-cholesky-unmerged/brief-0,b68c3ddd53c28e45f0622bc1986f9687bd265d89,,1,,,kept,7.14
opt_0197,Capture batch1024 input copy in panel graph,autocuda/optimize/2026-07-20-23-00-46-cholesky-unmerged/brief-0,4e0133879d6558b5dbea1850fe5073ff43ed7e6e,,1,,,kept,7.14
opt_0198,Split batch1024 panel work into graph nodes,autocuda/optimize/2026-07-20-23-00-46-cholesky-unmerged/brief-0,4c50ac674dd9898024180d18baac5aaa7a1fbae1,,1,,,kept,7.14
opt_0199,Increase n2048 cleanup wave exposure,autocuda/optimize/2026-07-20-23-00-46-cholesky-unmerged/brief-0,000651cf03679fef8f7f70f00859f072898247a9,,1,,,kept,7.14
opt_0200,Expose more n2048 cleanup blocks,autocuda/optimize/2026-07-20-23-00-46-cholesky-unmerged/brief-0,5d421e3c73caed21dcd4ccad0a1a754f59845e78,,1,,,kept,7.14
opt_0201,Combine n256 n1024 and direct n2048 paths,autocuda/optimize/2026-07-20-23-00-46-cholesky-unmerged/brief-0,84a39e56f65341d1934819a7f0ba9e16e7678798,,1,,,kept,7.14
opt_0202,Combine graph n256 with pipelined n1024,autocuda/optimize/2026-07-20-23-00-46-cholesky-unmerged/brief-0,f9085ac5c3a277f87fc5baa00c9decdd31308887,,1,,,kept,7.14
opt_0203,Fold initial factor into graph solves,autocuda/optimize/2026-07-20-23-00-46-cholesky-unmerged/brief-0,ca5edb0ed732d4a83bd30280b1c8c6993bef7818,,1,,,kept,7.14
opt_0204,Prefetch final accumulator during panel drain,autocuda/optimize/2026-07-20-23-00-46-cholesky-unmerged/brief-0,1d28e315916043ab74d7c5e0a9909613845ee92d,,1,,,kept,7.14
opt_0205,Fuse final panel store and half conversion,autocuda/optimize/2026-07-20-23-00-46-cholesky-unmerged/brief-0,99c3ededac07c9a3190d9c51464387998aa283b1,,1,,,kept,7.14
opt_0206,Vectorize D256 graph output stores,autocuda/optimize/2026-07-20-23-00-46-cholesky-unmerged/brief-0,ff5a8b3cdb9c05c2d759400587853d8cdc540f3e,,1,,,kept,7.14
opt_0207,Use LD72 shared operands for graph updates,autocuda/optimize/2026-07-20-23-00-46-cholesky-unmerged/brief-0,2503506c32b1bfd4a8affc5ddadf3cf0fd6cb974,,1,,,kept,7.14
opt_0208,Use compact FP16 shared tiles for updates,autocuda/optimize/2026-07-20-23-00-46-cholesky-unmerged/brief-0,03f2d12434d224f4bfc58b02565360a237392bee,,1,,,kept,7.14
opt_0209,Co-issue graph update tile transfers,autocuda/optimize/2026-07-20-23-00-46-cholesky-unmerged/brief-0,3e236f352b76234c5f7d7fcb62200464083e157a,,1,,,kept,7.14
opt_0210,Compact graph sidecar to live panels,autocuda/optimize/2026-07-20-23-00-46-cholesky-unmerged/brief-0,55ecc7289f1c464a26630a748b14827b7917e1ba,,1,,,kept,7.14
opt_0211,Pack graph FP16 sidecar tiles,autocuda/optimize/2026-07-20-23-00-46-cholesky-unmerged/brief-0,c0a2d2ff75a651f3b366b08831aa2733c0e1ed27,,1,,,kept,7.14
opt_0212,Use the FP16 Numba view for graph sidecars,autocuda/optimize/2026-07-20-23-00-46-cholesky-unmerged/brief-0,3a4a5147cbcf4c12290fdd530aba7660cddc3ee8,,1,,,kept,7.14
opt_0213,Stage solved panels in an FP16 graph sidecar,autocuda/optimize/2026-07-20-23-00-46-cholesky-unmerged/brief-0,242ea98f06cd4c97b7c36c8da9f9acc0d966e27c,,1,,,kept,7.14
opt_0214,Pack fused-final panel conversion,autocuda/optimize/2026-07-20-23-00-46-cholesky-unmerged/brief-0,5395a4600cba76faaedb8df3ca0cce1b21c033a0,,1,,,kept,7.14
opt_0215,Vectorize graph update half conversion loads,autocuda/optimize/2026-07-20-23-00-46-cholesky-unmerged/brief-0,f9a23803f7ae0ddb84a593e04e9a0ea7774c3253,,1,,,kept,7.14
opt_0216,Use async loads for graph update accumulators,autocuda/optimize/2026-07-20-23-00-46-cholesky-unmerged/brief-0,d6762e56144be42eb0f60cdf5bcc7dc7b016a713,,1,,,kept,7.14
opt_0217,Use async FP32 graph-stage tile loads,autocuda/optimize/2026-07-20-23-00-46-cholesky-unmerged/brief-0,2f94e5ff83fd10248cef377146aaa9092110b4b7,,1,,,kept,7.14
opt_0218,Specialize n256 solve graph stages,autocuda/optimize/2026-07-20-23-00-46-cholesky-unmerged/brief-0,676243588b91df9852b8b068ba6902f2daa3174e,,1,,,kept,7.14
opt_0219,Fuse final n256 solve and factor,autocuda/optimize/2026-07-20-23-00-46-cholesky-unmerged/brief-0,ffd7794840725664141aa59443372d5ab1921150,,1,,,kept,7.14
opt_0220,Specialize initial n256 update wave,autocuda/optimize/2026-07-20-23-00-46-cholesky-unmerged/brief-0,064ff186d66a5831c88d392743aebfaec1fc322d,,1,,,kept,7.14
opt_0221,Specialize middle n256 update wave,autocuda/optimize/2026-07-20-23-00-46-cholesky-unmerged/brief-0,a6274f53549b162505c370132f59132c97d55ef2,,1,,,kept,7.14
opt_0222,Specialize final n256 update factor,autocuda/optimize/2026-07-20-23-00-46-cholesky-unmerged/brief-0,d6e0a3cc0bc30242d073b37b662efaef9fd58e7e,,1,,,kept,7.14
opt_0223,Reuse diagonal n256 update operands,autocuda/optimize/2026-07-20-23-00-46-cholesky-unmerged/brief-0,dbaef72ed66b792c191b69dd0a45d6fd3ed13c19,,1,,,kept,7.14
opt_0224,Interleave n256 graph solves by matrix,autocuda/optimize/2026-07-20-23-00-46-cholesky-unmerged/brief-0,90c54d402e4561308c53751157eecd95bb6de39b,,1,,,kept,7.14
opt_0225,Interleave n256 graph updates by matrix,autocuda/optimize/2026-07-20-23-00-46-cholesky-unmerged/brief-0,8b540ba952e20bf2e43cc412b80c6436ca0080f0,,1,,,kept,7.14
opt_0226,Split n256 solves into half panels,autocuda/optimize/2026-07-20-23-00-46-cholesky-unmerged/brief-0,0d8c3660a86f3f8aa7cdcb972ed2fe28e516a85e,,1,,,kept,7.14
opt_0227,Read n256 stage zero directly,autocuda/optimize/2026-07-20-23-00-46-cholesky-unmerged/brief-0,6080f5d26352a496b63163ba6455f17e43dd8660,,1,,,kept,7.14
opt_0228,Fold n256 factors into update waves,autocuda/optimize/2026-07-20-23-00-46-cholesky-unmerged/brief-0,9834d0859cb5112102d00532cfea1ec5bde45f14,,1,,,kept,7.14
opt_0229,Split n256 Cholesky into graph stages,autocuda/optimize/2026-07-20-23-00-46-cholesky-unmerged/brief-0,19e0807539c4ac3120698cef2da0b25412989499,,1,,,kept,7.14
opt_0230,Async-load large factor copies,autocuda/optimize/2026-07-20-23-00-46-cholesky-unmerged/brief-0,1a1ae967047cfe6e0bebef7a0735931e6bfac14e,,1,,,kept,7.14
opt_0231,Remove large copy mapping barrier,autocuda/optimize/2026-07-20-23-00-46-cholesky-unmerged/brief-0,696d903fff423d9f133b1f16a7f32483cd57300a,,1,,,kept,7.14
opt_0232,Combine direct large panel stack,autocuda/optimize/2026-07-20-23-00-46-cholesky-unmerged/brief-0,a9b5951939e903b715973597e66f2bdc0fe22de8,,1,,,kept,7.14
opt_0233,Select 256-thread n4096 split roles,autocuda/optimize/2026-07-20-23-00-46-cholesky-unmerged/brief-0,26e6471dbfc8fb929dd8c058cdc4d585bbc1de9e,,1,,,kept,7.14
opt_0234,Test 128-thread n4096 factor stages,autocuda/optimize/2026-07-20-23-00-46-cholesky-unmerged/brief-0,72092a3edc97afca8a9faac6ab070fe8bcafafea,,1,,,kept,7.14
opt_0235,Split n4096 factor and solve block widths,autocuda/optimize/2026-07-20-23-00-46-cholesky-unmerged/brief-0,3dc123c75f08a6faded2e803168332e6bd6a57cf,,1,,,kept,7.14
opt_0236,Prefer shared carveout for n4096 stages,autocuda/optimize/2026-07-20-23-00-46-cholesky-unmerged/brief-0,62bdd42fd43b0f708b6eb564eebf0aed84cac113,,1,,,kept,7.14
opt_0237,Test compact n4096 half operands,autocuda/optimize/2026-07-20-23-00-46-cholesky-unmerged/brief-0,047cc17f53bcdedc876aaf65e71a3ec75974d524,,1,,,kept,7.14
opt_0238,Test n4096 FP32 leading dimension 80,autocuda/optimize/2026-07-20-23-00-46-cholesky-unmerged/brief-0,6e0f567733ce8b5ff97272f6a3755a54292d04b4,,1,,,kept,7.14
opt_0239,Test n4096 FP32 leading dimension 76,autocuda/optimize/2026-07-20-23-00-46-cholesky-unmerged/brief-0,88b80dda0f5e38c8030f18205746fdf1383e5f6c,,1,,,kept,7.14
opt_0240,Widen n4096 FP32 bank skew,autocuda/optimize/2026-07-20-23-00-46-cholesky-unmerged/brief-0,e0541714dd6af506085a6d91645dc2d61c2eea69,,1,,,kept,7.14
opt_0241,Test 512-thread n4096 stages,autocuda/optimize/2026-07-20-23-00-46-cholesky-unmerged/brief-0,dae462489079af8b81ccd123119677501910a4d2,,1,,,kept,7.14
opt_0242,Double n4096 factor solve threads,autocuda/optimize/2026-07-20-23-00-46-cholesky-unmerged/brief-0,76d8f735c47bf32e42edc0c0b63e6674bbb4ed94,,1,,,kept,7.14
opt_0243,Try persistent zeroed n4096 outputs,autocuda/optimize/2026-07-20-23-00-46-cholesky-unmerged/brief-0,a98ba3faf58fe24cce62a9cd023fb78def5e79b1,,1,,,kept,7.14
opt_0244,Narrow n4096 half padding,autocuda/optimize/2026-07-20-23-00-46-cholesky-unmerged/brief-0,ce6037b651d4fbfcc21bf9547925b08087004d9a,,1,,,kept,7.14
opt_0245,Pad n4096 MathDx operands,autocuda/optimize/2026-07-20-23-00-46-cholesky-unmerged/brief-0,bcb31545034797e156cc7013f0bcbb8a0d2d6e94,,1,,,kept,7.14
opt_0246,Isolate compact n4096 MathDx operators,autocuda/optimize/2026-07-20-23-00-46-cholesky-unmerged/brief-0,86e6a168d2f1e9934542d56190165e624bf519e0,,1,,,kept,7.14
opt_0247,Integrate four-panel n4096 graph wavefront,autocuda/optimize/2026-07-20-23-00-46-cholesky-unmerged/brief-0,24cee15466e638ee4bc4048a45533ff82ff3bcc6,,1,,,kept,7.14
opt_0248,Combine profiled stack with blocked n1024 solve,autocuda/optimize/2026-07-20-23-00-46-cholesky-unmerged/brief-0,ab51eb653751a95679b417d7caf52eb40f5d6ecf,,1,,,kept,7.14
opt_0249,Alias n2048 update operands into panel storage,autocuda/optimize/2026-07-20-23-00-46-cholesky-unmerged/brief-0,efc046578218f20fe6da9001f6e1dfc499fafddc,,1,,,kept,7.14
opt_0250,Combine compact stack with rotated n2048 wavefront,autocuda/optimize/2026-07-20-23-00-46-cholesky-unmerged/brief-0,ca15cb4a9c74cacbcffeeb915d67d36a1db0d74d,,1,,,kept,7.14
opt_0251,Combine compact n512 bulk path with profiled stack,autocuda/optimize/2026-07-20-23-00-46-cholesky-unmerged/brief-0,913a3f334c4b2580a93bdb09c4df4e789caa9a07,,1,,,kept,7.14
opt_0252,Test batch1024 half leading dimension 80,autocuda/optimize/2026-07-20-23-00-46-cholesky-unmerged/brief-0,0345b5df4723e7cb4edd13be544e290cd38cd1e3,,1,,,kept,7.14
opt_0253,Test batch1024 FP32 leading dimension 72,autocuda/optimize/2026-07-20-23-00-46-cholesky-unmerged/brief-0,42f1c1513bb386eb3aa1a1bb3afcb23e58af5de8,,1,,,kept,7.14
opt_0254,Narrow batch1024 diagonal publication barrier,autocuda/optimize/2026-07-20-23-00-46-cholesky-unmerged/brief-0,28a36b9af20cb4fb18e9f8de5a0c8d99f5f28a81,,1,,,kept,7.14
opt_0255,Use epoch tokens for batch1024 panel completion,autocuda/optimize/2026-07-20-23-00-46-cholesky-unmerged/brief-0,4ff7d03d6d9983da6479393b70730929c56bcf93,,1,,,kept,7.14
opt_0256,Pad batch1024 FP32 factor operands,autocuda/optimize/2026-07-20-23-00-46-cholesky-unmerged/brief-0,4fc76714da03611278a7996566b4787efb6031f1,,1,,,kept,7.14
opt_0257,Pad batch1024 half rank-k operands,autocuda/optimize/2026-07-20-23-00-46-cholesky-unmerged/brief-0,faa4ad3ec624909ef52556856212ca8bd345ba19,,1,,,kept,7.14
opt_0258,Remove redundant batch1024 completion barrier,autocuda/optimize/2026-07-20-23-00-46-cholesky-unmerged/brief-0,6c6168b2077f3b27fa2c36fe298b9ae5976ef44b,,1,,,kept,7.14
opt_0259,Try 256-thread batch1024 factor blocks,autocuda/optimize/2026-07-20-23-00-46-cholesky-unmerged/brief-0,623ee8a8668e48085c484487bb6e28a196d83283,,1,,,kept,7.14
opt_0260,Combine hosted-profiled batch1024 MathDx path,autocuda/optimize/2026-07-20-23-00-46-cholesky-unmerged/brief-0,4ceed40084cf3fc2a48a7df144a5a4851778cd64,,1,,,kept,7.14
opt_0261,Combine arithmetic n512 slots with tile scaling,autocuda/optimize/2026-07-20-23-00-46-cholesky-unmerged/brief-0,01e2d6e0053d9f6f54869ac3b02ccd3bb850cd2a,,1,,,kept,7.14
opt_0262,Collapse compact n512 sidecar tile scaling,autocuda/optimize/2026-07-20-23-00-46-cholesky-unmerged/brief-0,fafca5f02a6318c3fdf2ed563fd11b5ff13f6548,,1,,,kept,7.14
opt_0263,Lookup compact n512 sidecar row offsets,autocuda/optimize/2026-07-20-23-00-46-cholesky-unmerged/brief-0,f5f5264f612f30d5f3cc4510e6824bcb936c7fb0,,1,,,kept,7.14
opt_0264,Isolate compact n512 sample shift,autocuda/optimize/2026-07-20-23-00-46-cholesky-unmerged/brief-0,ae7402ae2aed6f8217202a6fea138c89efa0e978,,1,,,kept,7.14
opt_0265,Restore strength-reduced n512 sidecar indexing,autocuda/optimize/2026-07-20-23-00-46-cholesky-unmerged/brief-0,5ecac3ebb972a3091f093fa9920d049d22bb7079,,1,,,kept,7.14
opt_0266,Hoist compact n512 sidecar sample base,autocuda/optimize/2026-07-20-23-00-46-cholesky-unmerged/brief-0,334f8f332dcf6762a34a26479d7e4f43ee0b4a59,,1,,,kept,7.14
opt_0267,Pad n2048 half-panel operands,autocuda/optimize/2026-07-20-23-00-46-cholesky-unmerged/brief-0,1a06e92d3da85ff798884aa69b9a623d23a73691,,1,,,kept,7.14
opt_0268,Strength-reduce compact n512 sidecar indexing,autocuda/optimize/2026-07-20-23-00-46-cholesky-unmerged/brief-0,eef2caf72d44bada5399967bf54e2b5fa4d25426,,1,,,kept,7.14
opt_0269,Remove redundant n2048 completion barrier,autocuda/optimize/2026-07-20-23-00-46-cholesky-unmerged/brief-0,5879d6874a60fe27e5c324aa6642125646ae7de7,,1,,,kept,7.14
opt_0270,Restore full compact n512 bulk contract,autocuda/optimize/2026-07-20-23-00-46-cholesky-unmerged/brief-0,16138dc7c087b77d22b21b249e22f24c09280b68,,1,,,kept,7.14
opt_0271,Split batch1024 factors across two MathDx CTAs,autocuda/optimize/2026-07-20-23-00-46-cholesky-unmerged/brief-0,0b40a8cf222934c5e2825b033b8f370dada8b34c,,1,,,kept,7.14
opt_0272,Pad n2048 half-panel shared layouts,autocuda/optimize/2026-07-20-23-00-46-cholesky-unmerged/brief-0,6c7d3a5d5eb2ce535f5d619229f135b03028ff3d,,1,,,kept,7.14
opt_0273,Trim compact n512 bulk transfer arguments,autocuda/optimize/2026-07-20-23-00-46-cholesky-unmerged/brief-0,58d6346300871a8148e225b28109b2b5aa6d6a06,,1,,,kept,7.14
opt_0274,Factor batch1024 panels with one-CTA MathDx,autocuda/optimize/2026-07-20-23-00-46-cholesky-unmerged/brief-0,ccf58392b8146be0a6cb6e6b0f6e1327b62394fe,,1,,,kept,7.14
opt_0275,Fix per-worker epoch flags for n2048 panels,autocuda/optimize/2026-07-20-23-00-46-cholesky-unmerged/brief-0,637873f390588caf5e82b052ea3d207cba9e20bc,,1,,,kept,7.14
opt_0276,Specialize compact n512 GEMM block dimensions,autocuda/optimize/2026-07-20-23-00-46-cholesky-unmerged/brief-0,7c41f4ac6fc1e4e4a579f992cbee0bf5bece3bf6,,1,,,kept,7.14
opt_0277,Test direct padded batch1024 factors,autocuda/optimize/2026-07-20-23-00-46-cholesky-unmerged/brief-0,5bdb8034fb1dc59c3c0606285c701e24eb2c863b,,1,,,kept,7.14
opt_0278,Try per-worker epoch flags for n2048 panels,autocuda/optimize/2026-07-20-23-00-46-cholesky-unmerged/brief-0,da79eef7d69650b799ac7526a741e74aa161efcb,,1,,,kept,7.14
opt_0279,Combine compact bulk n512 with WMMA n128,autocuda/optimize/2026-07-20-23-00-46-cholesky-unmerged/brief-0,1751f215a2411bce5a228df951a9c4e406aaca7e,,1,,,kept,7.14
opt_0280,Test full shared-memory carveout for n2048 panels,autocuda/optimize/2026-07-20-23-00-46-cholesky-unmerged/brief-0,73b0425fc972624af65bd4f3d459add2b1310dbd,,1,,,kept,7.14
opt_0281,Flatten batch1024 factor scatter tiles,autocuda/optimize/2026-07-20-23-00-46-cholesky-unmerged/brief-0,ed111ec34595f3be424f10e45640cc9cea4f1adb,,1,,,kept,7.14
opt_0282,Combine multi-CTA n2048 panels with padded stack,autocuda/optimize/2026-07-20-23-00-46-cholesky-unmerged/brief-0,9f6707156762d1e82ea42898771395860c302349,,1,,,kept,7.14
opt_0283,Flatten batch1024 factor gather tiles,autocuda/optimize/2026-07-20-23-00-46-cholesky-unmerged/brief-0,15b9f1203f2385431148917b0948f4dee4ee9c27,,1,,,kept,7.14
opt_0284,Factor batch1024 panels directly with cuSOLVER,autocuda/optimize/2026-07-20-23-00-46-cholesky-unmerged/brief-0,2a6381726185c460c156f41f61a5469dae122f8a,,1,,,kept,7.14
opt_0285,Split batch1024 copy into four-warp CTAs,autocuda/optimize/2026-07-20-23-00-46-cholesky-unmerged/brief-0,b4a1cd359f85a4d50d015f48100d32e25de550a5,,1,,,kept,7.14
opt_0286,Specialize n512 GEMM block dimensions,autocuda/optimize/2026-07-20-23-00-46-cholesky-unmerged/brief-0,fd7190dd6aaa0393a6bf615728a548495ac5379d,,1,,,kept,7.14
opt_0287,Test n512 FP16 leading dimension 56,autocuda/optimize/2026-07-20-23-00-46-cholesky-unmerged/brief-0,30bdf9ceaf2a27e156256c27b7721addaa9e60e3,,1,,,kept,7.14
opt_0288,Use one full wave for batch1024 copy,autocuda/optimize/2026-07-20-23-00-46-cholesky-unmerged/brief-0,6396d0b7c5ee3c1fd8ec6a506deb22cf63960607,,1,,,kept,7.14
opt_0289,Test n512 FP16 leading dimension 48,autocuda/optimize/2026-07-20-23-00-46-cholesky-unmerged/brief-0,83129e754ded3874be7fa38aed665de671e94cbb,,1,,,kept,7.14
opt_0290,Correct row-major batch1024 TRSM,autocuda/optimize/2026-07-20-23-00-46-cholesky-unmerged/brief-0,ac010dfd7c60e70cd4d3f3dcfd9c5a5539448793,,1,,,kept,7.14
opt_0291,Clear n512 output only on cache creation,autocuda/optimize/2026-07-20-23-00-46-cholesky-unmerged/brief-0,e20d671b53f10d531a593c14fc80e90b17e2b834,,1,,,kept,7.14
opt_0292,Test row-major batch1024 factors,autocuda/optimize/2026-07-20-23-00-46-cholesky-unmerged/brief-0,bd595ab98813190406293ee25ac26b240b1dc4fb,,1,,,kept,7.14
opt_0293,Align batch1024 copy grid to full waves,autocuda/optimize/2026-07-20-23-00-46-cholesky-unmerged/brief-0,56ce765c159ddea105781de285c5b2ad29aa82d9,,1,,,kept,7.14
opt_0294,Pad n512 FP32 and FP16 MathDx tiles,autocuda/optimize/2026-07-20-23-00-46-cholesky-unmerged/brief-0,68b86372d3e2dfc0c2f3f6098a3f7fd05de0ebce,,1,,,kept,7.14
opt_0295,Combine padded n512 path with WMMA n128,autocuda/optimize/2026-07-20-23-00-46-cholesky-unmerged/brief-0,b4cdcc39496caafb770858507f17c05cedba5dba,,1,,,kept,7.14
opt_0296,Vectorize fused batch1024 cleanup,autocuda/optimize/2026-07-20-23-00-46-cholesky-unmerged/brief-0,6c037ef6c9ec82e643a7eea817035b4f5fe91d76,,1,,,kept,7.14
opt_0297,Fuse batch1024 cleanup with final factor,autocuda/optimize/2026-07-20-23-00-46-cholesky-unmerged/brief-0,c1f16bdc24e2e0d73cd41c4759d2ee87c1bb4347,,1,,,kept,7.14
opt_0298,Cache zeroed n128 outputs,autocuda/optimize/2026-07-20-23-00-46-cholesky-unmerged/brief-0,c213c7a0ab26ce17de1b9c3d3fd98e4bb86af350,,1,,,kept,7.14
opt_0299,Fuse batch1024 upper initialization,autocuda/optimize/2026-07-20-23-00-46-cholesky-unmerged/brief-0,755f8f83ded90e7aa2f93d1880cf000ec743e1e4,,1,,,kept,7.14
opt_0300,Skip upper-triangle n128 staging reads,autocuda/optimize/2026-07-20-23-00-46-cholesky-unmerged/brief-0,5c855b1cc9ff06552a2e53671e046ac53744167b,,1,,,kept,7.14
opt_0301,Skip terminal batch1024 pointer setup,autocuda/optimize/2026-07-20-23-00-46-cholesky-unmerged/brief-0,4d367bc40327dcbfeb8e37ccfe7285bbf074659b,,1,,,kept,7.14
opt_0302,Remove redundant n128 warp barriers,autocuda/optimize/2026-07-20-23-00-46-cholesky-unmerged/brief-0,ee5838a37f71cf081d3498c88543f319510ebac5,,1,,,kept,7.14
opt_0303,Cache native batch1024 launch records,autocuda/optimize/2026-07-20-23-00-46-cholesky-unmerged/brief-0,936b9d28d4f42b1cb76f3796600acb326991fd57,,1,,,kept,7.14
opt_0304,Combine WMMA n128 with optimized Cholesky stack,autocuda/optimize/2026-07-20-23-00-46-cholesky-unmerged/brief-0,1e9683a2a53093871f1ac714ba75f20efc9f02ab,,1,,,kept,7.14
opt_0305,Combine native FP32 batch1024 rankk,autocuda/optimize/2026-07-20-23-00-46-cholesky-unmerged/brief-0,c4a8a541fac941ef07fc5fcf3d89df3f330fd6d6,,1,,,kept,7.14
opt_0306,Prefetch n512 factor triples into L2,autocuda/optimize/2026-07-20-23-00-46-cholesky-unmerged/brief-0,ba6af9a20f2eeb2cb92e7093912456694e524776,,1,,,kept,7.14
opt_0307,Combine L2 prefetch with n512 factor sidecar,autocuda/optimize/2026-07-20-23-00-46-cholesky-unmerged/brief-0,04223154a6e96ae46dd5f36da615833a0391065d,,1,,,kept,7.14
opt_0308,Prefetch n512 async rows into L2,autocuda/optimize/2026-07-20-23-00-46-cholesky-unmerged/brief-0,6808886817ccc85b267727f15114b3e516181a16,,1,,,kept,7.14
opt_0309,Fuse n512 async wait and CTA barrier,autocuda/optimize/2026-07-20-23-00-46-cholesky-unmerged/brief-0,e2a183df1d9cf39693e621850850e76c5b0d9d24,,1,,,kept,7.14
opt_0310,Cache n512 result view,autocuda/optimize/2026-07-20-23-00-46-cholesky-unmerged/brief-0,27436c3e71e815d30c97f68e243ee190db60e57e,,1,,,kept,7.14
opt_0311,Cache stream-bound n512 launch state,autocuda/optimize/2026-07-20-23-00-46-cholesky-unmerged/brief-0,eb9be583de8257c17c3d6fb33dacb293c9a3c399,,1,,,kept,7.14
opt_0312,Combine async paired n512 staging,autocuda/optimize/2026-07-20-23-00-46-cholesky-unmerged/brief-0,3cf0d67bfcfad0ec92089e1aa9d26d8ad4fc74a3,,1,,,kept,7.14
opt_0313,Cache n2048 MathDx launch configuration,autocuda/optimize/2026-07-20-23-00-46-cholesky-unmerged/brief-0,778b2da7f70e94be8b47d3065e57b9b702e78c15,,1,,,kept,7.14
opt_0314,Hoist n2048 CuTe queue lookup,autocuda/optimize/2026-07-20-23-00-46-cholesky-unmerged/brief-0,02d3e6b85272c9e793f2845a96805f9dab14a800,,1,,,kept,7.14
opt_0315,Fix n2048 rankk shape invariants,autocuda/optimize/2026-07-20-23-00-46-cholesky-unmerged/brief-0,fa3caebe424286e63028c0f9dc129fa7e4ee0a36,,1,,,kept,7.14
opt_0316,Use dynamic direct FP32 n2048 rankk,autocuda/optimize/2026-07-20-23-00-46-cholesky-unmerged/brief-0,bdb5fa8d7da335f7a851ca41e87c01676d713787,,1,,,kept,7.14
opt_0317,Combine cached direct FP32 n2048 updates,autocuda/optimize/2026-07-20-23-00-46-cholesky-unmerged/brief-0,56568e8d7e34cfb3f2e923e2d94121b8fbb3f74e,,1,,,kept,7.14
opt_0318,Cache n2048 CuTe stage views,autocuda/optimize/2026-07-20-23-00-46-cholesky-unmerged/brief-0,b1b1235ac98be9ef1e33ed64a518470c37723489,,1,,,kept,7.14
opt_0319,Specialize n2048 CuTe rankk stages,autocuda/optimize/2026-07-20-23-00-46-cholesky-unmerged/brief-0,0932dd5b672ef011a77f85454d34d89ee369e226,,1,,,kept,7.14
opt_0320,Combine isolated n1024 and n2048 CuTe paths,autocuda/optimize/2026-07-20-23-00-46-cholesky-unmerged/brief-0,6ffd93c504595135c115b2f17a1c93e70715e2c0,,1,,,kept,7.14
opt_0321,Specialize batch1024 rankk stages,autocuda/optimize/2026-07-20-23-00-46-cholesky-unmerged/brief-0,134a89f4746ab79b940af7079e82f0fe15d549dd,,1,,,kept,7.14
opt_0322,Pack batch1024 input rows by warp,autocuda/optimize/2026-07-20-23-00-46-cholesky-unmerged/brief-0,50de5d27591778db2339a6c08a61ce03ccc9586e,,1,,,kept,7.14
opt_0323,Pack batch1024 cleanup rows by warp,autocuda/optimize/2026-07-20-23-00-46-cholesky-unmerged/brief-0,b3324735b02b1539bd6728ef740244fe446a1510,,1,,,kept,7.14
opt_0324,Combine packed MathDx paths with batch1024 CuTe,autocuda/optimize/2026-07-20-23-00-46-cholesky-unmerged/brief-0,cb80cc1a33d759a08bde318aa3a31c99aa459eaf,,1,,,kept,7.14
opt_0325,Pack grouped cleanup rows by warp,autocuda/optimize/2026-07-20-23-00-46-cholesky-unmerged/brief-0,e6b3b3c0799ef7803580c53eef89e0e51ec9e4bc,,1,,,kept,7.14
opt_0326,Combine vectorized grouped cleanup,autocuda/optimize/2026-07-20-23-00-46-cholesky-unmerged/brief-0,102acf67e84840eb58050314450887f9823f8bd2,,1,,,kept,7.14
opt_0327,Cache n256 transposed output view,autocuda/optimize/2026-07-20-23-00-46-cholesky-unmerged/brief-0,0b37b0ce7d12293ade1a43593de8bd3da116ecee,,1,,,kept,7.14
opt_0328,Remove unused single CTA n256 kernel,autocuda/optimize/2026-07-20-23-00-46-cholesky-unmerged/brief-0,e57b4342bfb19a405cc1346e5130f43d21739f59,,1,,,kept,7.14
opt_0329,Initialize n256 synchronization flags,autocuda/optimize/2026-07-20-23-00-46-cholesky-unmerged/brief-0,bbf1088c9b245a75c8debe58e9ab20376a312717,,1,,,kept,7.14
opt_0330,Isolate integer Numba views for n256 flags,autocuda/optimize/2026-07-20-23-00-46-cholesky-unmerged/brief-0,cb84a21ceb08599d334ee7340916afcabc60bcd3,,1,,,kept,7.14
opt_0331,Combine pair-local and grouped MathDx paths,autocuda/optimize/2026-07-20-23-00-46-cholesky-unmerged/brief-0,f24ec59e68f9d1f6db63b91b2b5fddb07ec8d342,,1,,,kept,7.14
opt_0332,Restore robust trimmed two-CTA n256 path,autocuda/optimize/2026-07-20-23-00-46-cholesky-unmerged/brief-0,742863c714d5ab74dec5ab2f42e795f0a074f360,,1,,,kept,7.14
opt_0333,Use compatible cached direct n256 launch,autocuda/optimize/2026-07-20-23-00-46-cholesky-unmerged/brief-0,65505af1bf9dcaab4320fceefc6b44eb97bc02b8,,1,,,kept,7.14
opt_0334,Avoid banned queue token in direct launch,autocuda/optimize/2026-07-20-23-00-46-cholesky-unmerged/brief-0,cf876645e9c484e4a2b97bb3b1ddfab9931b06da,,1,,,kept,7.14
opt_0335,Try cached direct launch for n256 kernel,autocuda/optimize/2026-07-20-23-00-46-cholesky-unmerged/brief-0,375e29ab49af0400b59e62252b0a686d76daba05,,1,,,kept,7.14
opt_0336,Pad n256 synchronization flags,autocuda/optimize/2026-07-20-23-00-46-cholesky-unmerged/brief-0,429705097fad147bddffb3b00b1c4839bf3f39ef,,1,,,kept,7.14
opt_0337,Try trimmed three-CTA n256 wavefront,autocuda/optimize/2026-07-20-23-00-46-cholesky-unmerged/brief-0,8e04f072e73cc91a1501472d04f02c253b07e342,,1,,,kept,7.14
opt_0338,Prefer L1 for grouped MathDx panels,autocuda/optimize/2026-07-20-23-00-46-cholesky-unmerged/brief-0,3e8ba7a655ccf4cf99a27f0c7266f549486dcd11,,1,,,kept,7.14
opt_0339,Try retiring idle n256 helper CTA early,autocuda/optimize/2026-07-20-23-00-46-cholesky-unmerged/brief-0,ac82610449fb67aca0cf1705918c6cbdee9f91c8,,1,,,kept,7.14
opt_0340,Cache hot grouped output entry,autocuda/optimize/2026-07-20-23-00-46-cholesky-unmerged/brief-0,ac21a4fd0890e0bfb39bfc474008e3169557a546,,1,,,kept,7.14
opt_0341,Trim pair-local n256 synchronization,autocuda/optimize/2026-07-20-23-00-46-cholesky-unmerged/brief-0,936cbd051c58c6db4866f29a6ec82498e6610522,,1,,,kept,7.14
opt_0342,Try two-CTA pair-local 32x32 n256 tiles,autocuda/optimize/2026-07-20-23-00-46-cholesky-unmerged/brief-0,f9f0d1857a15f42cb355382df01e8aa250ed8e0b,,1,,,kept,7.14
opt_0343,Hoist grouped panel launch state,autocuda/optimize/2026-07-20-23-00-46-cholesky-unmerged/brief-0,75b29fcee8e181b8bab1e76ad1bba5339ef15f41,,1,,,kept,7.14
opt_0344,Try 32x32 tiles for three-CTA n256 Cholesky,autocuda/optimize/2026-07-20-23-00-46-cholesky-unmerged/brief-0,3da94913553a3e6e705150107fd4d3dd7e167c95,,1,,,kept,7.14
opt_0345,Cache grouped MathDx caller queue,autocuda/optimize/2026-07-20-23-00-46-cholesky-unmerged/brief-0,5ba9085fa62682ec3e593dab4dd87ed1a6f87afb,,1,,,kept,7.14
opt_0346,Try three-CTA pair-local n256 Cholesky,autocuda/optimize/2026-07-20-23-00-46-cholesky-unmerged/brief-0,365892b0f0ce09ae2b6f502732d6eb5699c3b1e0,,1,,,kept,7.14
opt_0347,Combine cooperative and grouped MathDx paths,autocuda/optimize/2026-07-20-23-00-46-cholesky-unmerged/brief-0,e8a13a57b3118e943a944cb1175bbcfcdd849d45,,1,,,kept,7.14
opt_0348,Use pair-local n256 wavefront synchronization,autocuda/optimize/2026-07-20-23-00-46-cholesky-unmerged/brief-0,eaa8bc347aa84dae734a258f821862f5aa03c119,,1,,,kept,7.14
opt_0349,Trim two-CTA n256 synchronization,autocuda/optimize/2026-07-20-23-00-46-cholesky-unmerged/brief-0,72760a0b7ce9e7a288b2f3f7f1e35c9b8b13e4ec,,1,,,kept,7.14
opt_0350,Test 32-wide two-CTA n256 wavefront,autocuda/optimize/2026-07-20-23-00-46-cholesky-unmerged/brief-0,db2892027f3dfc05130cfa0893c3011ca3cd580e,,1,,,kept,7.14
opt_0351,Test three-CTA n256 wavefront,autocuda/optimize/2026-07-20-23-00-46-cholesky-unmerged/brief-0,9de0d5eb396b55f539d7e5a192ceb34afdb06fe0,,1,,,kept,7.14
opt_0352,Split persistent n256 panels across two CTAs,autocuda/optimize/2026-07-20-23-00-46-cholesky-unmerged/brief-0,20eba72f80896020842606f39338e254ba59eb10,,1,,,kept,7.14
opt_0353,Cache n256 queue and hot input entry,autocuda/optimize/2026-07-20-23-00-46-cholesky-unmerged/brief-0,874af0c6ab5602364e65ce032f760ee2d3c1bc65,,1,,,kept,7.14
opt_0354,Test FP32 persistent n256 updates,autocuda/optimize/2026-07-20-23-00-46-cholesky-unmerged/brief-0,33d19cc3243115af0dfc38704ed28eaf9ef1837a,,1,,,kept,7.14
opt_0355,Add dedicated cached n256 launch path,autocuda/optimize/2026-07-20-23-00-46-cholesky-unmerged/brief-0,2ebbdd3e54fe96ed7f74b9a306b79c18ec973cde,,1,,,kept,7.14
opt_0356,Prefer shared carveout for persistent n256,autocuda/optimize/2026-07-20-23-00-46-cholesky-unmerged/brief-0,ea87e409caa37e429c3dcbc1e766e11a9e5023d2,,1,,,kept,7.14
opt_0357,Prefer L1 carveout for persistent n256,autocuda/optimize/2026-07-20-23-00-46-cholesky-unmerged/brief-0,dc1d3712522b32f390fdfd8255f1fa3008f727d2,,1,,,kept,7.14
opt_0358,Test 64-thread persistent n256 CTA,autocuda/optimize/2026-07-20-23-00-46-cholesky-unmerged/brief-0,8508849775a233ebfd4585d5beb46ab96c1f30c0,,1,,,kept,7.14
opt_0359,Test 256-thread persistent n256 CTA,autocuda/optimize/2026-07-20-23-00-46-cholesky-unmerged/brief-0,acd6b7b3477cd8f1bd9113a3112ae2579e24e77d,,1,,,kept,7.14
opt_0360,Test 16-wide persistent n256 panels,autocuda/optimize/2026-07-20-23-00-46-cholesky-unmerged/brief-0,884b37ea438ca613220d3fd873c158b925c690aa,,1,,,kept,7.14
opt_0361,Test 128-wide persistent n256 panels,autocuda/optimize/2026-07-20-23-00-46-cholesky-unmerged/brief-0,8f742b0ad798eefc7bb1da8d3df27836f1958f9b,,1,,,kept,7.14
opt_0362,Widen persistent n256 tiles to 64,autocuda/optimize/2026-07-20-23-00-46-cholesky-unmerged/brief-0,f6e9b1808c58c1c9ab2976ce351c22185b24722c,,1,,,kept,7.14
opt_0363,Add persistent MathDx n256 factorization,autocuda/optimize/2026-07-20-23-00-46-cholesky-unmerged/brief-0,4733dddb79e6476df231d1b631609dfa36e5a526,,1,,,kept,7.14
opt_0364,Narrow grouped n256 panels to 32,autocuda/optimize/2026-07-20-23-00-46-cholesky-unmerged/brief-0,3a6f18a90b04258a75bc20a26ade90697586ca53,,1,,,kept,7.14
opt_0365,Widen grouped n256 panels to 128,autocuda/optimize/2026-07-20-23-00-46-cholesky-unmerged/brief-0,e674a1df7f712c5ab75d6bed8415f1ea61cddf6c,,1,,,kept,7.14
opt_0366,Add grouped block-64 n256 path,autocuda/optimize/2026-07-20-23-00-46-cholesky-unmerged/brief-0,0a9b68cf60d269f2f023f29e4aa1241a3b9a7c5c,,1,,,kept,7.14
opt_0367,Combine high-batch panel path with three-regime stack,autocuda/optimize/2026-07-20-23-00-46-cholesky-unmerged/brief-0,e0349c9ba33d6afcf156b6757fe264a33036d1c0,,1,,,kept,7.14
opt_0368,Combine MathDx and grouped Cholesky paths,autocuda/optimize/2026-07-20-23-00-46-cholesky-unmerged/brief-0,9d7af0d6d089c2276ab89ef22cf5d1eac7e8f94b,,1,,,kept,7.14
opt_0369,Launch MathDx on caller CUDA queue,autocuda/optimize/2026-07-20-23-00-46-cholesky-unmerged/brief-0,644d05ec12309b591a5f6ee2dcfed9b6323fcda8,,1,,,kept,7.14
opt_0370,Combine f041 with batch-640 MathDx Cholesky,autocuda/optimize/2026-07-20-23-00-46-cholesky-unmerged/brief-0,17745a8031db26325689ef154f0d37a2bb3b7dc9,,1,,,kept,7.14
opt_0371,Clear CuTe factor upper tiles efficiently,autocuda/optimize/2026-07-20-23-00-46-cholesky-unmerged/brief-0,f041bc224f6b6d4caf9123bcd2c8148863f299a0,,1,,,kept,7.14
opt_0372,Test lower-only CuTe factor copies,autocuda/optimize/2026-07-20-23-00-46-cholesky-unmerged/brief-0,24ddd2fefc9b6c3c4e614f1cfcaa1d9b97bc1292,,1,,,kept,7.14
opt_0373,Vectorize cached CuTe lower seeding,autocuda/optimize/2026-07-20-23-00-46-cholesky-unmerged/brief-0,d977c8e722b3097556d80bcb9c78daa0124959c3,,1,,,kept,7.14
opt_0374,Reuse CuTe diagonal factor buffers,autocuda/optimize/2026-07-20-23-00-46-cholesky-unmerged/brief-0,628792bc5ffd40f9702bd795a6502001e5bbd6aa,,1,,,kept,7.14
opt_0375,Seed CuTe output with lower triangle,autocuda/optimize/2026-07-20-23-00-46-cholesky-unmerged/brief-0,0415e87ca02986b5fcc6d79c230767202baeb594;687bfb5823ed333bdf7c6d69edde2f1813d3db88,,2,,,kept,7.14
opt_0376,Prune unused mixed-path solver state,autocuda/optimize/2026-07-20-23-00-46-cholesky-unmerged/brief-0,6f7ad668cefd3bc5b92d62c8cbb5a78b8ca1259f,,1,,,kept,7.14
opt_0377,Combine coalesced small kernels with CuTe,autocuda/optimize/2026-07-20-23-00-46-cholesky-unmerged/brief-0,4fd26c4ccc0ef2879f6959af7e7b71bc521a2072,,1,,,kept,7.14
opt_0378,Simplify small-kernel staging loops,autocuda/optimize/2026-07-20-23-00-46-cholesky-unmerged/brief-0,635089248d0da1ddb04dc698f7c4eb8d2af4b0f4,,1,,,kept,7.14
opt_0379,Widen compact panel conversion vectors,autocuda/optimize/2026-07-20-23-00-46-cholesky-unmerged/brief-0,1091b54228528ef8c96a0bcf0e52109f914b387c,,1,,,kept,7.14
opt_0380,Restore dense n128 shared storage,autocuda/optimize/2026-07-20-23-00-46-cholesky-unmerged/brief-0,5eb659fbdb35d083647eb0397325dab3d2c16316,,1,,,kept,7.14
opt_0381,Test packed n128 shared storage,autocuda/optimize/2026-07-20-23-00-46-cholesky-unmerged/brief-0,5780d4875660000d621b9ec404529f5161e53c44,,1,,,kept,7.14
opt_0382,Feed strided FP32 panels to CuTe,autocuda/optimize/2026-07-20-23-00-46-cholesky-unmerged/brief-0,e2a7c966a276e288539963c04b6b065c8b5ca1c3,,1,,,kept,7.14
opt_0383,Remove reusable factor workspace,autocuda/optimize/2026-07-20-23-00-46-cholesky-unmerged/brief-0,60bf5bce461acde2b65538eb6695b83c14c1e8e0,,1,,,kept,7.14
opt_0384,Restore four-warp n32 blocks,autocuda/optimize/2026-07-20-23-00-46-cholesky-unmerged/brief-0,05999a525c2b295295c5cac6cfb47267e66aebd8,,1,,,kept,7.14
opt_0385,Test two-warp n32 blocks,autocuda/optimize/2026-07-20-23-00-46-cholesky-unmerged/brief-0,a4a93ce6c25f3765df29d25f8a3e4e3bd152dc01,,1,,,kept,7.14
opt_0386,Reuse compact CuTe factor workspace,autocuda/optimize/2026-07-20-23-00-46-cholesky-unmerged/brief-0,bc9aa9b043f801c3db99b7eccc9d7b64ead8f7df,,1,,,kept,7.14
opt_0387,Restore two-matrix n64 blocks,autocuda/optimize/2026-07-20-23-00-46-cholesky-unmerged/brief-0,4410ff8a3a62d8ef1eb613836346d6948014a269,,1,,,kept,7.14
opt_0388,Test single-matrix n64 blocks,autocuda/optimize/2026-07-20-23-00-46-cholesky-unmerged/brief-0,6e3f38d69f8008377b9c2fc97a3902d9c7abb4f7,,1,,,kept,7.14
opt_0389,Prune mixed solver state with compact panels,autocuda/optimize/2026-07-20-23-00-46-cholesky-unmerged/brief-0,e6b535a0c1633844be396d00a9742530bb24b172,,1,,,kept,7.14
opt_0390,Reuse vectorized compact CuTe panels,autocuda/optimize/2026-07-20-23-00-46-cholesky-unmerged/brief-0,af2602232aac85e83858fc176bfc708554910e50,,1,,,kept,7.14
opt_0391,Skip unused CuTe solver state,autocuda/optimize/2026-07-20-23-00-46-cholesky-unmerged/brief-0,51103cf84a8e8028eaa8ea4fb5cce88c6b6bea82,,1,,,kept,7.14
opt_0392,Overlap n64 row dot products,autocuda/optimize/2026-07-20-23-00-46-cholesky-unmerged/brief-0,2d3e3247464649a18636317252b241af1a221be4,,1,,,kept,7.14
opt_0393,Combine four-thread n128 with CuTe RankK,autocuda/optimize/2026-07-20-23-00-46-cholesky-unmerged/brief-0,bed75233b43cb7aa9f00e4d23460a8b36f18bdea,,1,,,kept,7.14
opt_0394,Fuse n32 pivot dot products,autocuda/optimize/2026-07-20-23-00-46-cholesky-unmerged/brief-0,40f0d58575fe9adb54600d0363085b1cf64ee085,,1,,,kept,7.14
opt_0395,Restore four-thread n128 row teams,autocuda/optimize/2026-07-20-23-00-46-cholesky-unmerged/brief-0,87a7e30cc4cb7339c559661e84d478c75cc9d7e9,,1,,,kept,7.14
opt_0396,Test eight-thread n128 row teams,autocuda/optimize/2026-07-20-23-00-46-cholesky-unmerged/brief-0,eef47c437fde7ff75a4befef7171ea096381e188,,1,,,kept,7.14
opt_0397,Widen n128 register row teams,autocuda/optimize/2026-07-20-23-00-46-cholesky-unmerged/brief-0,1428d299cca30b21303a58328c1cc004316355cd,,1,,,kept,7.14
opt_0398,Keep n128 factors in row-team registers,autocuda/optimize/2026-07-20-23-00-46-cholesky-unmerged/brief-0,f166e5c9bb0efd9654b33a8f1a4945cd8a171ebe,,1,,,kept,7.14
opt_0399,Keep n64 factors in thread registers,autocuda/optimize/2026-07-20-23-00-46-cholesky-unmerged/brief-0,b81f7a94a1e0f4a4b4cd51bc3e9eb28b0d41918c,,1,,,kept,7.14
opt_0400,Use fast math in custom small kernels,autocuda/optimize/2026-07-20-23-00-46-cholesky-unmerged/brief-0,340f5481b24e0ba0ef95b05db413e1f0b8e534a3,,1,,,kept,7.14
opt_0401,Reuse pivot reciprocals in small kernels,autocuda/optimize/2026-07-20-23-00-46-cholesky-unmerged/brief-0,4f1cd3dc5f0ac193248925197d954fe03bba3209,,1,,,kept,7.14
opt_0402,Group eight register n32 warps,autocuda/optimize/2026-07-20-23-00-46-cholesky-unmerged/brief-0,c70bcb887b707f96727ee112725342c337511dbb,,1,,,kept,7.14
opt_0403,Group three n64 matrices per block,autocuda/optimize/2026-07-20-23-00-46-cholesky-unmerged/brief-0,de44c0f5f0499a78f74aff92402999920ae26199,,1,,,kept,7.14
opt_0404,Restore one CTA per n128 matrix,autocuda/optimize/2026-07-20-23-00-46-cholesky-unmerged/brief-0,33bdc296f23254fa6fa4e91a1787ad84f9368df9,,1,,,kept,7.14
opt_0405,Use three-quarter persistent n128 grid,autocuda/optimize/2026-07-20-23-00-46-cholesky-unmerged/brief-0,9760798c7ae3a6df4f971d26c3c17e473bc0b74a,,1,,,kept,7.14
opt_0406,Process two n128 matrices per CTA,autocuda/optimize/2026-07-20-23-00-46-cholesky-unmerged/brief-0,c91c2b6375e8103fcac8b0f244035f1477bf549f,,1,,,kept,7.14
opt_0407,Keep n32 factors in warp registers,autocuda/optimize/2026-07-20-23-00-46-cholesky-unmerged/brief-0,03e760f7d66513a094d6a882898fdfdd9011be8c,,1,,,kept,7.14
opt_0408,Group two n64 matrices per block,autocuda/optimize/2026-07-20-23-00-46-cholesky-unmerged/brief-0,fd4e401e56ec5cd6130bb5a43747ec73388d139d,,1,,,kept,7.14
opt_0409,Use fixed small cache and size entrypoints,autocuda/optimize/2026-07-20-23-00-46-cholesky-unmerged/brief-0,0025ab6dacb115582300f6c59640abcb2cac5676,,1,,,kept,7.14
opt_0410,Restore two-thread n128 rows,autocuda/optimize/2026-07-20-23-00-46-cholesky-unmerged/brief-0,9283c406c8c22216b7a1a69f09f2bacac055b46e,,1,,,kept,7.14
opt_0411,Measure one-thread n128 rows,autocuda/optimize/2026-07-20-23-00-46-cholesky-unmerged/brief-0,2bede217ba9316fd3c536159e9601f9c69dba38d,,1,,,kept,7.14
opt_0412,Use two-thread rows for n128,autocuda/optimize/2026-07-20-23-00-46-cholesky-unmerged/brief-0,2d486a3613f5b8e8f053be493df5121dc72d510f,,1,,,kept,7.14
opt_0413,Move small output caching into extension,autocuda/optimize/2026-07-20-23-00-46-cholesky-unmerged/brief-0,ed9c6c718cb3b7a3e7f1198ed6f257c26b24d129,,1,,,kept,7.14
opt_0414,Restore CUDA error header,autocuda/optimize/2026-07-20-23-00-46-cholesky-unmerged/brief-0,d899cdb287e0b246c7e4a924842c2370aae5979b,,1,,,kept,7.14
opt_0415,Trim small-kernel launch checks,autocuda/optimize/2026-07-20-23-00-46-cholesky-unmerged/brief-0,49fbe5349efa5b480cb1e430928e9353451198ab,,1,,,kept,7.14
opt_0416,Skip unused small-kernel solver state,autocuda/optimize/2026-07-20-23-00-46-cholesky-unmerged/brief-0,648c7877962d59b425ce2ccd0bf3f2d6b75839ef,,1,,,kept,7.14
opt_0417,Combine small kernels with mixed Cholesky,autocuda/optimize/2026-07-20-23-00-46-cholesky-unmerged/brief-0,0e244d6a8377ae1ac8238c320f84a765388f9f12,,1,,,kept,7.14
opt_0418,Tune direct and mixed precision crossover,autocuda/optimize/2026-07-20-23-00-46-cholesky-unmerged/brief-0,55d801d04a2e66cc7dd4bfda655580e02f567e63,,1,,,kept,7.14
opt_0419,Combine cuSOLVER and FP16 blocked paths,autocuda/optimize/2026-07-20-23-00-46-cholesky-unmerged/brief-0,8e0388ef4a32d89cd2e0688cf71aafbcb06e92a4,,1,,,kept,7.14
opt_0420,Enable cuSOLVER BF16x9 FP32 emulation,autocuda/optimize/2026-07-20-23-00-46-cholesky-unmerged/brief-0,20835bf52073a315bb5519970faee1ef15eb4eb8,,1,,,kept,7.14
opt_0421,Use direct cuSOLVER for all benchmark sizes,autocuda/optimize/2026-07-20-23-00-46-cholesky-unmerged/brief-0,7eb05632fced374fceafdb3c8281790079fe9819,,1,,,kept,7.14
opt_0422,Extend direct cuSOLVER path to n 64,autocuda/optimize/2026-07-20-23-00-46-cholesky-unmerged/brief-0,43535340f44a564c5fd929992a2610dd20876375,,1,,,kept,7.14
opt_0423,Extend direct cuSOLVER path to n 128,autocuda/optimize/2026-07-20-23-00-46-cholesky-unmerged/brief-0,3dbb6776ec41afe51950d1e107ea3c8406ed5f3a;d2a765b12154e1e1b7e45a154ca0c4bdf97bb1b2,,2,,,kept,7.14
opt_0424,Fuse cuSOLVER triangular copy and cleanup,autocuda/optimize/2026-07-20-23-00-46-cholesky-unmerged/brief-0,7db9c2648c5602d382719c9af0ffea7e0eba11e7,,1,,,kept,7.14
opt_0425,Test looped cuSOLVER through batch eight,autocuda/optimize/2026-07-20-23-00-46-cholesky-unmerged/brief-0,79c0367e35812d37079259eb1b5eeb163507dc0e,,1,,,kept,7.14
opt_0426,Loop cuSOLVER for low-batch large matrices,autocuda/optimize/2026-07-20-23-00-46-cholesky-unmerged/brief-0,b2a59c6e467dd6a8a558d7d17a43189a97af6ac6,,1,,,kept,7.14
opt_0427,Reuse classic cuSOLVER workspace,autocuda/optimize/2026-07-20-23-00-46-cholesky-unmerged/brief-0,18cf96dcc4b2a1470e2b3ed4a315b450c4d53c16,,1,,,kept,7.14
opt_0428,Reuse cuSOLVER pointer and info buffers,autocuda/optimize/2026-07-20-23-00-46-cholesky-unmerged/brief-0,49e093aa08a1096fe9550881cf09596668b0aa4b,,1,,,kept,7.14
opt_0429,Reuse direct cuSOLVER output buffers,autocuda/optimize/2026-07-20-23-00-46-cholesky-unmerged/brief-0,9ce7e5f14cb34bafbfcf20c00071e5918e100f97,,1,,,kept,7.14
opt_0430,Extend direct cuSOLVER path to n 256,autocuda/optimize/2026-07-20-23-00-46-cholesky-unmerged/brief-0,902b870b41c622bbd3e7a26a98ec0d371785932c,,1,,,kept,7.14
opt_0431,Extend direct cuSOLVER path to n 512,autocuda/optimize/2026-07-20-23-00-46-cholesky-unmerged/brief-0,5912d07c6df8a87df8151c00d69972f917ab5f2c,,1,,,kept,7.14
opt_0432,Extend direct cuSOLVER path to n 1024,autocuda/optimize/2026-07-20-23-00-46-cholesky-unmerged/brief-0,c6e001cc395f3ca83257a9481126ded216dc8297,,1,,,kept,7.14
opt_0433,Extend direct cuSOLVER path to n 2048,autocuda/optimize/2026-07-20-23-00-46-cholesky-unmerged/brief-0,2850ba154d7d921d2aa7ce9dd085cdfc1719a24c,,1,,,kept,7.14
opt_0434,Avoid input transpose in direct cuSOLVER path,autocuda/optimize/2026-07-20-23-00-46-cholesky-unmerged/brief-0,4e89af7958e3dbfb6e798283d6ec5772b8b6251a,,1,,,kept,7.14
opt_0435,Use Xpotrf for large single matrices,autocuda/optimize/2026-07-20-23-00-46-cholesky-unmerged/brief-0,593a43b16347f6094de0edad1a746072f8a8c5ad,,1,,,kept,7.14
opt_0436,Fix cuSOLVER extension runtime linkage,autocuda/optimize/2026-07-20-23-00-46-cholesky-unmerged/brief-0,9586dd744cfaa41b59fb10c531af0bac61dfd456,,1,,,kept,7.14
opt_0437,Add direct cuSOLVER Cholesky path,autocuda/optimize/2026-07-20-23-00-46-cholesky-unmerged/brief-0,04fb9b16796715bbbd207f8a952cdb820af84abd,,1,,,kept,7.14
opt_0438,"Replaced scattered n1024 factor-output writes with a linked-device float4 transposed emitter and limited upper-zero stores to diagonal tiles. Build and full validation passed, but the ranked batch60 n1024 benchmark raised CUDA_ERROR_ILLEGAL_ADDRESS from an out-of-range address before shape 7 completed; no full-grid metric.",autocuda/optimize/2026-07-20-23-00-46-cholesky-unmerged/brief-1,2e5619c0716f7e74faa24a06b4e771423a0236e7,autocuda/optimize/2026-07-20-23-00-46-cholesky-unmerged/brief-1:23,1,,,failed,7.14
opt_0439,"Replaced the linked float4 emitter with bounds-audited scalar row-coalesced n1024 output writes directly from the transposed MathDx shared tile. Build and full validation passed, but ranked batch60 n1024 again raised CUDA_ERROR_ILLEGAL_ADDRESS before shape 7 completed; no full-grid metric.",autocuda/optimize/2026-07-20-23-00-46-cholesky-unmerged/brief-1,9e2fe17396f6b59c2b7f35c974c5ff4d254ade23,autocuda/optimize/2026-07-20-23-00-46-cholesky-unmerged/brief-1:24,1,,,failed,7.14
opt_0440,"Restored the lean two-CTA n1024 factor kernel and added a 16-block-per-sample stage emitter that shared-transposed the compact factor into the output diagonal and zeroed that stage upper. Build and full validation passed, but ranked batch60 n1024 again raised CUDA_ERROR_ILLEGAL_ADDRESS before shape 7 completed; no full-grid metric.",autocuda/optimize/2026-07-20-23-00-46-cholesky-unmerged/brief-1,c1aacbb6333876a4e472f9653984338e9c761e61,autocuda/optimize/2026-07-20-23-00-46-cholesky-unmerged/brief-1:25,1,,,failed,7.14
opt_0441,"Generalized the batch2/n4096 64-wide factor/solve wavefront and its cached launchers/pools to batch1. Official validation passed, but the full-grid benchmark's fresh batch1/n4096 input failed reconstruction with relative residual 1.37; no aggregate metric was emitted.",autocuda/optimize/2026-07-20-23-00-46-cholesky-unmerged/brief-2,a32ba6c197fce7ae6251c02f0a949e213cfe0845,autocuda/optimize/2026-07-20-23-00-46-cholesky-unmerged/brief-2:2,1,,,failed,7.14
opt_0442,"Halved the recursive supernode from 256 to 128 while restoring carveout 0. Official validation passed, but benchmark shapes b16/n512, b4/n1024, b2/n2048, b8/n2048, and b1/n4096 all failed the lower-triangular check (relative upper residuals 0.272 to 0.0428); no aggregate metric was emitted.",autocuda/optimize/2026-07-20-23-00-46-cholesky-unmerged/brief-2,acfa0ed18fda675be9be629ea7ba1c5da114cfab,autocuda/optimize/2026-07-20-23-00-46-cholesky-unmerged/brief-2:6,1,,,failed,7.14
opt_0443,"Added a cached two-matrix padded input so batch1/n4096 can reuse the unchanged batch2 64-wide wavefront. Build passed, but the Modal validation invocation produced no harness output for 780 seconds and was terminated as an infrastructure/runtime timeout before correctness or metrics could be measured.",autocuda/optimize/2026-07-20-23-00-46-cholesky-unmerged/brief-2,132cf9f6d2aa741556c2f8f2bf7bea29d9d8ee86,autocuda/optimize/2026-07-20-23-00-46-cholesky-unmerged/brief-2:7,1,,,failed,7.14
opt_0444,"Retried commit 132cf9f after the infrastructure timeout. Official validation passed, but the padded batch2 wavefront produced a batch1/n4096 reconstruction relative residual of 1.37 in the benchmark, identical to the dynamic-grid attempt; no aggregate metric was emitted.",autocuda/optimize/2026-07-20-23-00-46-cholesky-unmerged/brief-2,132cf9f6d2aa741556c2f8f2bf7bea29d9d8ee86,autocuda/optimize/2026-07-20-23-00-46-cholesky-unmerged/brief-2:8,1,,,failed,7.14
opt_0445,"Selected a 148-CTA first panel only for b4/n1024 and b2/n2048, retaining 74 CTAs for b16/n512, b1/n4096, and b8/n2048. Build passed, but Modal validation timed out after 360 seconds without harness output; no correctness or metric was emitted.",autocuda/optimize/2026-07-20-23-00-46-cholesky-unmerged/brief-2,2500c0f8e7f76879b539f23acf662b74c5c9864a,autocuda/optimize/2026-07-20-23-00-46-cholesky-unmerged/brief-2:10,1,,,failed,7.14
opt_0446,"Exact replicate of run-leading commit 15c9e83 passed build, official validation, and fresh-input guard, but the full-grid Modal benchmark emitted no harness results before the 720-second outer timeout. The prior clean 741.324 us measurement remains the valid metric for this commit.",autocuda/optimize/2026-07-20-23-00-46-cholesky-unmerged/brief-2,15c9e8384de94cf42e9ec9088bd9aeba6d364ceb,autocuda/optimize/2026-07-20-23-00-46-cholesky-unmerged/brief-2:14,1,,,failed,7.14
opt_0447,"Moved first-wave outer-panel copy CTAs from the panel kernel into the initial factor launch, leaving the following panel launch with only its 14 TRSM tasks. Build, official validation, and fresh-input guard passed, but the full-grid Modal benchmark emitted no harness results for 754 seconds and was terminated; no aggregate metric was available.",autocuda/optimize/2026-07-20-23-00-46-cholesky-unmerged/brief-2,1dc3a48011e02aa7f4d6131551c959cca1d8ad38,autocuda/optimize/2026-07-20-23-00-46-cholesky-unmerged/brief-2:15,1,,,failed,7.14
opt_0448,"Replaced per-sample b2/n2048 and b8/n2048 graphs with batched factor/panel/update grids, batched cuBLAS TRSM, batched CuTe rank-k, and one batched side-copy frontier. Build passed, but local kernelguard classified the new helper-level stage-cache return pattern as critical OUTPUT_REPLAY_CACHE and blocked validation before GPU execution; no metric was produced.",autocuda/optimize/2026-07-20-23-00-46-cholesky-unmerged/brief-2,c135ab9b3390806d4c9c1fe22b0b81d27e89607b,autocuda/optimize/2026-07-20-23-00-46-cholesky-unmerged/brief-2:25,1,,,failed,7.14
opt_0449,"Changed the batched graph helper to mutate/replay state without returning a cached output tensor, leaving the parent to return output.transpose. Build passed, but kernelguard still traced _grouped_mathdx_cholesky through the shared _g2048_stage_cache and blocked validation as OUTPUT_REPLAY_CACHE before GPU execution.",autocuda/optimize/2026-07-20-23-00-46-cholesky-unmerged/brief-2,61dffb9cc5df75b85e5591157cae4a616163ac1e,autocuda/optimize/2026-07-20-23-00-46-cholesky-unmerged/brief-2:26,1,,,failed,7.14
opt_0450,"Changed the hierarchical large-matrix supernode width from 2048 to 1024. Local build passed, but the required Modal validation emitted no result for 651.8 seconds (well beyond the recorded 90-second validation allowance and 240-second task timeout) and was terminated; this row records the infrastructure timeout before retrying.",autocuda/optimize/2026-07-20-23-00-46-cholesky-unmerged/brief-3,8e12deca91cdd52e064a1d1f5cd37bb0678701fd,autocuda/optimize/2026-07-20-23-00-46-cholesky-unmerged/brief-3:1,1,,,failed,7.14
opt_0451,"Replaced staged left-looking large factorization with direct final-upper storage: fused upper copy/lower zero, in-place cuSOLVER POTRF at full leading dimension, direct right-side TRSM, and triangular CuTe right-looking rank-k updates. Build and fresh validation passed. Full benchmark correctness failed at n=8192 (logical upper residual 0.0266) and n=16384 (reconstruction residual 0.0649); n=32768 passed and measured 48339.498 us versus 52849.300 us for the 2048-panel representative, so the direct mechanism has a measured large-shape speed opening once layout contamination is fixed.",autocuda/optimize/2026-07-20-23-00-46-cholesky-unmerged/brief-3,f07c881f86584cf4c88501b3f8deb3bdcaf86909,autocuda/optimize/2026-07-20-23-00-46-cholesky-unmerged/brief-3:3,1,,,failed,7.14
opt_0452,"Split each right-looking update into an early rectangular next-panel band GEMM and a far triangular update, using dependency events to overlap the next in-place POTRF/TRSM with prior far rank-k work. Build passed, but the mandatory portability gate rejected the implementation before Modal because submission.py references CUDA streams; this problem's leaderboard contract bans explicit streams, so this asynchronous lookahead form cannot be carried forward.",autocuda/optimize/2026-07-20-23-00-46-cholesky-unmerged/brief-3,afe1ef0b33e338d44ca242c26980faeaba733d1b,autocuda/optimize/2026-07-20-23-00-46-cholesky-unmerged/brief-3:5,1,,,failed,7.14
opt_0453,"Reduced the profiled triangular CuTe update tile from (256,256) to (128,256) while retaining the 2x1 cluster, aiming to lower its 230-KB shared-memory and 128-register occupancy limits. Build and fresh validation passed, but full benchmark correctness failed: the smaller scheduler mapping wrote the physical lower half (logical upper residual 0.149-0.278) for batch-8 n=2048 and all n=8192-32768 cells. This tile geometry cannot be carried forward without a corresponding triangular-coordinate remap.",autocuda/optimize/2026-07-20-23-00-46-cholesky-unmerged/brief-3,e312d30df7b828c44ed1761c17fa88fcaae13ed8,autocuda/optimize/2026-07-20-23-00-46-cholesky-unmerged/brief-3:9,1,,,failed,7.14
opt_0454,"Retried the (128,256) triangular update tile with conservative full physical-lower cleanup every call to isolate factor correctness from epilogue contamination. Local build passed, but the required Modal validation emitted no result for 735.1 seconds and was terminated, far beyond the recorded 90-second allowance and task timeout; this records the infrastructure timeout before one retry.",autocuda/optimize/2026-07-20-23-00-46-cholesky-unmerged/brief-3,4c3401c8793ea4f4c49cb9ac614d1b5dcce1b8b7,autocuda/optimize/2026-07-20-23-00-46-cholesky-unmerged/brief-3:10,1,,,failed,7.14
opt_0455,"Retried the committed (128,256)-tile/full-cleanup candidate after the recorded Modal timeout. Fresh validation passed. In the full grid, full cleanup restored correctness for all direct large cells, proving their factor itself was valid, but the shared tile change still broke the batch-8 n=2048 grouped path (logical-upper residual 0.278). Direct large performance also regressed sharply: n=8192/16384/32768 measured 4894.632/15231.840/71796.970 us, so the lower-occupancy footprint reduction increased work/tail overhead substantially.",autocuda/optimize/2026-07-20-23-00-46-cholesky-unmerged/brief-3,4c3401c8793ea4f4c49cb9ac614d1b5dcce1b8b7,autocuda/optimize/2026-07-20-23-00-46-cholesky-unmerged/brief-3:11,1,,,failed,7.14
opt_0456,"Retained partial staging and direct-input first rank-k, and isolated large updates onto a 256x256 two-CTA kernel with a 2x2 four-SM cluster and 37-cluster persistent limit to add N-dimension TMA multicast. Build and fresh validation passed, but the full benchmark rejected n=8192/16384/32768 because the 2x2 triangular scheduler wrote physical-lower output (relative upper residuals 0.198/0.277/0.307). The batched n=2048 path was left unchanged.",autocuda/optimize/2026-07-20-23-00-46-cholesky-unmerged/brief-3,f9cc52c367c2ca9b61e51a3ee001fd5d2ee41644,autocuda/optimize/2026-07-20-23-00-46-cholesky-unmerged/brief-3:19,1,,,failed,7.14
opt_0457,"Replaced the profiled 1.08-ms, 200-register cuSOLVER 2048 POTRF islands with the existing direct-input 32-tile MathDx factor/panel/update DAG on the caller queue, graph-captured for its many launches while retaining outer TRSM/rank-k. Build and fresh validation passed, but full benchmark rejected n=8192/16384/32768 with physical-lower residuals 0.952/0.964/0.976 because the new single-chain route inherited an uninitialized output cache instead of the zero-initialized contract used by the proven batched path.",autocuda/optimize/2026-07-20-23-00-46-cholesky-unmerged/brief-3,eeff4ab8029be44fe9cc67b571641f4bb563305c,autocuda/optimize/2026-07-20-23-00-46-cholesky-unmerged/brief-3:23,1,,,failed,7.14
opt_0458,"Replaced each workspace-backed 2048 POTRF with cuSOLVER SpotrfBatched at batch=1 using a prebuilt device pointer table, seeking a different library dependency/occupancy kernel while preserving the outer pipeline. Build and fresh validation passed, but the full benchmark rejected all direct large shapes: n=8192 reconstruction residual was 0.14 and n=16384/32768 produced non-positive diagonals. The batched API did not preserve valid 2048 panel factors for this full-leading-dimension layout.",autocuda/optimize/2026-07-20-23-00-46-cholesky-unmerged/brief-3,24644042402a9c192fd6bae395fc7da212703ba9,autocuda/optimize/2026-07-20-23-00-46-cholesky-unmerged/brief-3:25,1,,,failed,7.14
opt_0459,"Attempted an exact-commit replicate of the promising default-math large POTRF candidate after its first clean pass. The required fresh Modal validation emitted no harness result for 549.2 seconds and was terminated, far beyond the recorded 90-second allowance; this records the infrastructure timeout before retrying the same committed code.",autocuda/optimize/2026-07-20-23-00-46-cholesky-unmerged/brief-3,417fe4a615bb9377e2e0071389166c8e795e422d,autocuda/optimize/2026-07-20-23-00-46-cholesky-unmerged/brief-3:28,1,,,failed,7.14
opt_0460,"Routed every n=512..2048 case to the one-pass FP16-update blocked path; dense n=512 batch=4 and n=1024 batch=2 passed with scaled residuals 2.45 and 1.21, but n=2048 batch=1 reached the large-single workspace path whose fixed 4096 panel is invalid for n=2048.",autocuda/optimize/2026-07-20-23-00-46-cholesky-unmerged/brief-4,ee2e4f3c174e196c4ba75386656d61c3c9b4e1b8,autocuda/optimize/2026-07-20-23-00-46-cholesky-unmerged/brief-4:0,1,,,failed,7.14
opt_0461,"Kept batch-one medium cases exact and ran batched n=512..2048 through FP16 one-pass trailing updates. Dense n=512 batch=4 and n=1024 batch=2 passed (scaled residual 2.45/1.21); n=512 rowscale and tridiagonal also passed (0.212/0.0877), but n=1024 batch=2 lowrank produced NaN/Inf, identifying that frontier as requiring exact handling or residual repair.",autocuda/optimize/2026-07-20-23-00-46-cholesky-unmerged/brief-4,8b960b1c3ff396b85e2a3046e754ad91151cd50d,autocuda/optimize/2026-07-20-23-00-46-cholesky-unmerged/brief-4:1,1,,,failed,7.14
opt_0462,"Replaced full batched GEMMs with graph-captured 64-wide FP32 factor/solve stages plus the existing batched triangular CuTe TF32 rank-k kernel. Build and official/fresh validation passed, but benchmark correctness failed on both routed shapes: returned upper-triangle residuals 0.166 at 4x1024 and 0.0906 at 2x2048. The triangular scheduler computes full 256x256 diagonal tiles, so physical-lower cleanup is required after the final stage.",autocuda/optimize/2026-07-20-23-00-46-cholesky-unmerged/brief-4,212f075994b150d30794c0d41d0e1690fa3392cb,autocuda/optimize/2026-07-20-23-00-46-cholesky-unmerged/brief-4:12,1,,,failed,7.14
opt_0463,"Added the grouped path's 256-diagonal-tile lower cleanup after CuTe triangular updates. Official/fresh validation still passed, and benchmark upper residuals fell from 0.166/0.0906 to 0.112/0.0601 at 4x1024/2x2048, but correctness still failed because the grouped cleanup only zeros physical-lower entries inside each 256 tile rather than the entire lower half required by this 64-frontier decomposition.",autocuda/optimize/2026-07-20-23-00-46-cholesky-unmerged/brief-4,6faaa2d770e8fb105ff310c4d7abea34b968c310,autocuda/optimize/2026-07-20-23-00-46-cholesky-unmerged/brief-4:13,1,,,failed,7.14
opt_0464,Replace n64 per-thread row arrays and CTA-wide barriers with four shared-resident 64-thread groups using named subgroup barriers; remote launch failed because the new kernel had not yet received the dynamic shared-memory opt-in attribute.,autocuda/optimize/2026-07-21-04-34-16-cholesky-unmerged/brief-0,5b4d0ed3a0b589834cc4f44fae23cd5501d43fec,autocuda/optimize/2026-07-21-04-34-16-cholesky-unmerged/brief-0:0,1,,,failed,7.14
opt_0465,"Replace n128 WMMA kernel with one-CTA SM100 MathDx 64x64 POTRF/TRSM/half-rankk/POTRF pipeline and restore parent n32 packing. Dense n128 passed at scaled residual 7.73, but cond5 spectrum produced NaN/Inf after the single half-precision rank-k update; add compensated residual products next.",autocuda/optimize/2026-07-21-04-34-16-cholesky-unmerged/brief-0,7e24da586456b01806206032803fab8256c0a78a,autocuda/optimize/2026-07-21-04-34-16-cholesky-unmerged/brief-0:5,1,,,failed,7.14
opt_0466,"Replace n64 packed row-array kernel with one shared-resident SM100 MathDx 64x64 POTRF CTA per matrix and restore retained n128. Official validation passed, including cond5 cases, but the required full-grid Modal benchmark emitted no result for 2351 seconds and was terminated after exceeding recorded and task timeouts; no target metric available.",autocuda/optimize/2026-07-21-04-34-16-cholesky-unmerged/brief-0,f41eb6b63e7dbc456130035f4a64fb4992eb71b1,autocuda/optimize/2026-07-21-04-34-16-cholesky-unmerged/brief-0:10,1,,,failed,7.14
opt_0467,"Added a graph-captured 64x64 owner-computes N=512 DAG with parallel factor, panel-solve, and triangular-update tile owners plus FP16 sidecars/FP32 MathDx accumulation. Build and official validation passed, but the first full benchmark produced no output for 962.967 seconds and was terminated, indicating first-use compilation or execution hung before a metric.",autocuda/optimize/2026-07-21-04-34-16-cholesky-unmerged/brief-1,47ef6da1599c04b3697c5b62207302a9cb2f2182,autocuda/optimize/2026-07-21-04-34-16-cholesky-unmerged/brief-1:0,1,,,failed,7.14
opt_0468,"Folded the standalone factor dispatch into stage-0 panel owners, reducing first-use compilation from more than 963 seconds to 202 seconds while retaining parallel tile ownership. Official validation passed, but both ranked N=512 cells returned NaN/Inf during the full benchmark, so no metric was emitted.",autocuda/optimize/2026-07-21-04-34-16-cholesky-unmerged/brief-1,db379940dc43c42d4f7a6dbdbcff19631a6b126a,autocuda/optimize/2026-07-21-04-34-16-cholesky-unmerged/brief-1:1,1,,,failed,7.14
opt_0469,"Added synchronized finite checks after each owner epoch. The full benchmark localized corruption to solve-0, before any Schur-update epoch: factor/panel owners produced a non-finite output immediately for batch16/N512. This rules out sidecar indexing and later update scheduling as the first fault.",autocuda/optimize/2026-07-21-04-34-16-cholesky-unmerged/brief-1,07d9a178ea537c4b1c04bd260dce1e41c8899582,autocuda/optimize/2026-07-21-04-34-16-cholesky-unmerged/brief-1:2,1,,,failed,7.14
opt_0470,"Replaced the stage-0 32-copy paired cp.async transaction with two independently committed 16-copy tile groups and removed diagnostic synchronization. Both N=512 benchmark cells still produced NaN/Inf, so transaction-group size alone did not repair the initial owner epoch.",autocuda/optimize/2026-07-21-04-34-16-cholesky-unmerged/brief-1,78de796782ee0c111875d476fb1bccd50b1daf94,autocuda/optimize/2026-07-21-04-34-16-cholesky-unmerged/brief-1:3,1,,,failed,7.14
opt_0471,Replaced every new N=512 FP32 cp.async tile load with the retained coalesced scalar owner-load pattern while retaining MathDx factor/TRSM/GEMM and async half sidecars. Both N=512 cells still produced NaN/Inf; the new global-leading-dimension async mover is therefore not the root cause.,autocuda/optimize/2026-07-21-04-34-16-cholesky-unmerged/brief-1,1da6958f8f72ab776597979d57215588e356dda8,autocuda/optimize/2026-07-21-04-34-16-cholesky-unmerged/brief-1:4,1,,,failed,7.14
opt_0472,"Counted non-finite values independently after solve-0: the stored 64x64 factor had zero non-finite values, while every one of the seven panel tiles had all 65,536 batch16 elements non-finite. The first failure is therefore the combined POTRF-to-TRSM owner kernel, not factor storage or later Schur updates.",autocuda/optimize/2026-07-21-04-34-16-cholesky-unmerged/brief-1,1260a442396d40d5838ae41cf511edcf52c414bc,autocuda/optimize/2026-07-21-04-34-16-cholesky-unmerged/brief-1:5,1,,,failed,7.14
opt_0473,"Generalized the proven batch2/n4096 64x64 MathDx supernode wavefront to all low-batch 1024-4096 cells. Build and official validation suite passed, but ranked-shape correctness failed for b4/n1024, b2/n2048, and b1/n4096 with reconstruction residual 1.35-1.38; b8/n2048 passed at 1036.829 us and b2/n4096 passed at 1703.172 us. Investigating the batch-dependent scheduling race before retaining this path.",autocuda/optimize/2026-07-21-04-34-16-cholesky-unmerged/brief-2,9c98d5f56fc2866ff3d7efef8eb8678593cface9,autocuda/optimize/2026-07-21-04-34-16-cholesky-unmerged/brief-2:2,1,,,failed,7.14
opt_0474,"Padded b1/n4096 to a two-matrix 64-wide execution wave using one fixed duplicate SPD dummy, returning only the real result. Build and official validation passed, but ranked b1/n4096 still failed reconstruction at relative residual 1.37 even though native b2/n4096 remained correct at 1701.734 us; occupancy count alone does not explain the single-matrix correctness fault.",autocuda/optimize/2026-07-21-04-34-16-cholesky-unmerged/brief-2,e4b3e2913ea71f285c149fb85ec168dac6cfeed0,autocuda/optimize/2026-07-21-04-34-16-cholesky-unmerged/brief-2:4,1,,,failed,7.14
opt_0475,"Changed each staged 64-wide solve launch to cover only active trailing columns. Build and official validation passed, but ranked execution reached b8/n2048 and failed before timing because the dynamic launch grid received a NumPy int32 rather than a Python int (grid=248). Logged before correcting the host launch type.",autocuda/optimize/2026-07-21-04-34-16-cholesky-unmerged/brief-2,8084c773d9657585311c363b4b10921d7f608bca,autocuda/optimize/2026-07-21-04-34-16-cholesky-unmerged/brief-2:10,1,,,failed,7.14
opt_0476,"Revert ""Fuse each 64-wide factor solve epoch""",autocuda/optimize/2026-07-21-04-34-16-cholesky-unmerged/brief-2,331c3b9a0ed0ef378e32e90c587b5734352c339b,,1,,,kept,7.14
opt_0477,"Revert ""Narrow supernodes to one 64 tile""",autocuda/optimize/2026-07-21-04-34-16-cholesky-unmerged/brief-2,683d749af946a9cc1c23c89ff186a8d032825d23,,1,,,kept,7.14
opt_0478,"Revert ""Widen 64-tile supernodes to 512""",autocuda/optimize/2026-07-21-04-34-16-cholesky-unmerged/brief-2,cf72ad8030d12a6078df15d1b6c8d143beab3ef5,,1,,,kept,7.14
opt_0479,"Revert ""Fuse 64-wide factor solve epochs""",autocuda/optimize/2026-07-21-04-34-16-cholesky-unmerged/brief-2,118d8fba4451a3941f1ca3e05b04f5b5a3464eb3,,1,,,kept,7.14
opt_0480,"Converted the full 64-tile path to right-looking factor/panel/update epochs, but the first remote validation attempt remained queued in Modal for 944.575 s without starting eval output and was terminated as an infrastructure timeout. Local build passed; no metric was produced. Retrying the unchanged committed candidate.",autocuda/optimize/2026-07-21-04-34-16-cholesky-unmerged/brief-3,25c56e8fd023bfe2bd6f5e5e7b2201d5d9fdc675,autocuda/optimize/2026-07-21-04-34-16-cholesky-unmerged/brief-3:5,1,,,failed,7.14
opt_0481,"Fused every 64-wide inner factor/panel store directly into the final lower output and removed all four outer prepare/copy passes. Standard validation passed, but the batch60 benchmark checker found relative upper-triangle residue 0.221 because the CuTe triangular rank-k writes the physical upper region; the prior final copy had also served as the upper-zeroing pass. No metric produced.",autocuda/optimize/2026-07-21-04-34-16-cholesky-unmerged/brief-3,f8cf4058641f9e3de74002e3624c7c7c34b2b1bb,autocuda/optimize/2026-07-21-04-34-16-cholesky-unmerged/brief-3:11,1,,,failed,7.14
opt_0482,"Removed direct factor-kernel output stores, retained the first three removed prepare/copy launches, and fused the ten 64x64 factor-tile copies into existing outer panel-solve CTAs while keeping the final copy/upper-zeroing pass. Build and full standard validation passed, but the complete benchmark failed at batch60/n1024 because output contained NaN or Inf; no metric was produced.",autocuda/optimize/2026-07-21-04-34-16-cholesky-unmerged/brief-3,c2c63d83cca837bf198ca3b3c454a0c7253da63b,autocuda/optimize/2026-07-21-04-34-16-cholesky-unmerged/brief-3:13,1,,,failed,7.14
opt_0483,Restore validated split factor tile DAG,autocuda/optimize/2026-07-21-04-34-16-cholesky-unmerged/brief-3,1eb2a6ffc0f9aa1c8ead2b61ae8dc14a5d79ac7e,,1,,,kept,7.14
opt_0484,Integrate batch60 split-factor DAG donor,autocuda/optimize/2026-07-21-04-34-16-cholesky-unmerged/brief-5,158f698e574d92c131dcaa17a85f9137b0ea0289,,1,,,kept,7.14
opt_0485,Integrate low-batch wavefront donor,autocuda/optimize/2026-07-21-04-34-16-cholesky-unmerged/brief-5,ccd734b62463212ecd88591a0479a8026631d096,,1,,,kept,7.14
